Open;High;Low;Close;Volume;Time
10.75;10.979999542236328;10.733400344848633;10.890000343322754;0;2019-07-23 09:30:00-04:00
10.899999618530272;10.920000076293944;10.739999771118164;10.81999969482422;41233;2019-07-23 10:30:00-04:00
10.8100004196167;10.829999923706056;10.739999771118164;10.760000228881836;54163;2019-07-23 11:30:00-04:00
10.765000343322754;10.8100004196167;10.720000267028809;10.75;16395;2019-07-23 12:30:00-04:00
10.765000343322754;10.850000381469728;10.729999542236328;10.84000015258789;44847;2019-07-23 13:30:00-04:00
10.835000038146973;10.920000076293944;10.8100004196167;10.885000228881836;87710;2019-07-23 14:30:00-04:00
10.890000343322754;11.010000228881836;10.854999542236328;10.9399995803833;227467;2019-07-23 15:30:00-04:00
10.9399995803833;11.130000114440918;10.920000076293944;11.095000267028809;34946;2019-07-24 09:30:00-04:00
11.109999656677246;11.1899995803833;11.079999923706056;11.130000114440918;25034;2019-07-24 10:30:00-04:00
11.130000114440918;11.260000228881836;11.109999656677246;11.220000267028809;107208;2019-07-24 11:30:00-04:00
11.234999656677246;11.255000114440918;11.199999809265137;11.244999885559082;23237;2019-07-24 12:30:00-04:00
11.244999885559082;11.300000190734863;11.220000267028809;11.289999961853027;29585;2019-07-24 13:30:00-04:00
11.289999961853027;11.359999656677246;11.289999961853027;11.300000190734863;24447;2019-07-24 14:30:00-04:00
11.300000190734863;11.357500076293944;11.300000190734863;11.34000015258789;63488;2019-07-24 15:30:00-04:00
11.329999923706056;11.329999923706056;11.0600004196167;11.104999542236328;39040;2019-07-25 09:30:00-04:00
11.109999656677246;11.203700065612791;11.095000267028809;11.095000267028809;37588;2019-07-25 10:30:00-04:00
11.09000015258789;11.09000015258789;10.93000030517578;10.9399995803833;25762;2019-07-25 11:30:00-04:00
10.9399995803833;10.9399995803833;10.850000381469728;10.880000114440918;14412;2019-07-25 12:30:00-04:00
10.890000343322754;10.979999542236328;10.890000343322754;10.949999809265137;15748;2019-07-25 13:30:00-04:00
10.949999809265137;10.970000267028809;10.90999984741211;10.9399995803833;90886;2019-07-25 14:30:00-04:00
10.9399995803833;10.960000038146973;10.93000030517578;10.949999809265137;51078;2019-07-25 15:30:00-04:00
10.960000038146973;10.96500015258789;10.68000030517578;10.789999961853027;27748;2019-07-26 09:30:00-04:00
10.770000457763672;10.8100004196167;10.710000038146973;10.80500030517578;52998;2019-07-26 10:30:00-04:00
10.8100004196167;10.8100004196167;10.75;10.789999961853027;17999;2019-07-26 11:30:00-04:00
10.789999961853027;10.829999923706056;10.759499549865724;10.765000343322754;12738;2019-07-26 12:30:00-04:00
10.760000228881836;10.779999732971191;10.739999771118164;10.770000457763672;10650;2019-07-26 13:30:00-04:00
10.774999618530272;10.8100004196167;10.75;10.755000114440918;17301;2019-07-26 14:30:00-04:00
10.755000114440918;10.789999961853027;10.75;10.779999732971191;55630;2019-07-26 15:30:00-04:00
10.75;10.795000076293944;10.68000030517578;10.699999809265137;11771;2019-07-29 09:30:00-04:00
10.68000030517578;10.720000267028809;10.649999618530272;10.68000030517578;13480;2019-07-29 10:30:00-04:00
10.68000030517578;10.81999969482422;10.68000030517578;10.789999961853027;58232;2019-07-29 11:30:00-04:00
10.8100004196167;10.8100004196167;10.760000228881836;10.770000457763672;13685;2019-07-29 12:30:00-04:00
10.779999732971191;10.779999732971191;10.720000267028809;10.720000267028809;18320;2019-07-29 13:30:00-04:00
10.710000038146973;10.734999656677246;10.670000076293944;10.670000076293944;36954;2019-07-29 14:30:00-04:00
10.670000076293944;10.699999809265137;10.670000076293944;10.6899995803833;54545;2019-07-29 15:30:00-04:00
10.619999885559082;10.630000114440918;10.510000228881836;10.630000114440918;18585;2019-07-30 09:30:00-04:00
10.609999656677246;10.71500015258789;10.609999656677246;10.6899995803833;24135;2019-07-30 10:30:00-04:00
10.699999809265137;10.789999961853027;10.699999809265137;10.789999961853027;21382;2019-07-30 11:30:00-04:00
10.800000190734863;10.829999923706056;10.789999961853027;10.829999923706056;12999;2019-07-30 12:30:00-04:00
10.81999969482422;10.989999771118164;10.81999969482422;10.989999771118164;47700;2019-07-30 13:30:00-04:00
10.994999885559082;11.109999656677246;10.970000267028809;11.100000381469728;67521;2019-07-30 14:30:00-04:00
11.100000381469728;11.114999771118164;10.93000030517578;11.015000343322754;63160;2019-07-30 15:30:00-04:00
11.09000015258789;11.100000381469728;10.829999923706056;10.84000015258789;18528;2019-07-31 09:30:00-04:00
10.8100004196167;10.949999809265137;10.8100004196167;10.829999923706056;23844;2019-07-31 10:30:00-04:00
10.84000015258789;11.06999969482422;10.84000015258789;10.989999771118164;22940;2019-07-31 11:30:00-04:00
11.010000228881836;11.079999923706056;11.0;11.079999923706056;17721;2019-07-31 12:30:00-04:00
11.100000381469728;11.15999984741211;11.0600004196167;11.079999923706056;60502;2019-07-31 13:30:00-04:00
11.09000015258789;11.100000381469728;10.829999923706056;11.0600004196167;96274;2019-07-31 14:30:00-04:00
11.056599617004396;11.0600004196167;10.979999542236328;10.979999542236328;82723;2019-07-31 15:30:00-04:00
10.979999542236328;10.994999885559082;10.8100004196167;10.84000015258789;27846;2019-08-01 09:30:00-04:00
10.850000381469728;10.850000381469728;10.68000030517578;10.739999771118164;35615;2019-08-01 10:30:00-04:00
10.729999542236328;10.859999656677246;10.710000038146973;10.800000190734863;56048;2019-08-01 11:30:00-04:00
10.81999969482422;10.81999969482422;10.640000343322754;10.640000343322754;28787;2019-08-01 12:30:00-04:00
10.649999618530272;10.649999618530272;10.329999923706056;10.34000015258789;68622;2019-08-01 13:30:00-04:00
10.34000015258789;10.420000076293944;10.279999732971191;10.40999984741211;61626;2019-08-01 14:30:00-04:00
10.40999984741211;10.420000076293944;10.329999923706056;10.329999923706056;116793;2019-08-01 15:30:00-04:00
10.25;10.31999969482422;10.149999618530272;10.18000030517578;39890;2019-08-02 09:30:00-04:00
10.15999984741211;10.234999656677246;10.119999885559082;10.18000030517578;74549;2019-08-02 10:30:00-04:00
10.18000030517578;10.265000343322754;10.130000114440918;10.25;41602;2019-08-02 11:30:00-04:00
10.229999542236328;10.25;10.170000076293944;10.18000030517578;26112;2019-08-02 12:30:00-04:00
10.18000030517578;10.229999542236328;10.170000076293944;10.199999809265137;35150;2019-08-02 13:30:00-04:00
10.210000038146973;10.270000457763672;10.18000030517578;10.239999771118164;32751;2019-08-02 14:30:00-04:00
10.25;10.289999961853027;10.220000267028809;10.260000228881836;43662;2019-08-02 15:30:00-04:00
10.010000228881836;10.149999618530272;9.90999984741211;10.114999771118164;81763;2019-08-05 09:30:00-04:00
10.114999771118164;10.125;9.779999732971191;9.795000076293944;87198;2019-08-05 10:30:00-04:00
9.795000076293944;9.850000381469728;9.729999542236328;9.800000190734863;34657;2019-08-05 11:30:00-04:00
9.800000190734863;9.869999885559082;9.779999732971191;9.859999656677246;47325;2019-08-05 12:30:00-04:00
9.850000381469728;9.859999656677246;9.779999732971191;9.800000190734863;54845;2019-08-05 13:30:00-04:00
9.800000190734863;9.859999656677246;9.720000267028809;9.739999771118164;99942;2019-08-05 14:30:00-04:00
9.739999771118164;9.829999923706056;9.729999542236328;9.779999732971191;189193;2019-08-05 15:30:00-04:00
9.800000190734863;10.020000457763672;9.800000190734863;9.989999771118164;103648;2019-08-06 09:30:00-04:00
9.979999542236328;10.0;9.875;9.880000114440918;71598;2019-08-06 10:30:00-04:00
9.885000228881836;9.970000267028809;9.880000114440918;9.93000030517578;50831;2019-08-06 11:30:00-04:00
9.93000030517578;9.93000030517578;9.829999923706056;9.84000015258789;37326;2019-08-06 12:30:00-04:00
9.850000381469728;9.920000076293944;9.84000015258789;9.920000076293944;29827;2019-08-06 13:30:00-04:00
9.921899795532228;10.06999969482422;9.899999618530272;10.029999732971191;61155;2019-08-06 14:30:00-04:00
10.029999732971191;10.029999732971191;9.949999809265137;10.0;65739;2019-08-06 15:30:00-04:00
9.109999656677246;9.239999771118164;6.760000228881836;7.099999904632568;549218;2019-08-07 09:30:00-04:00
7.059999942779541;8.0600004196167;6.980000019073486;7.579999923706055;458795;2019-08-07 10:30:00-04:00
7.579999923706055;7.849999904632568;7.550000190734863;7.644999980926514;234748;2019-08-07 11:30:00-04:00
7.644999980926514;7.699999809265137;7.505000114440918;7.59499979019165;267213;2019-08-07 12:30:00-04:00
7.59499979019165;7.849899768829346;7.590000152587891;7.760000228881836;174222;2019-08-07 13:30:00-04:00
7.769999980926514;7.860000133514404;7.650000095367432;7.849999904632568;269139;2019-08-07 14:30:00-04:00
7.855000019073486;8.0;7.855000019073486;7.889999866485596;304545;2019-08-07 15:30:00-04:00
7.960000038146973;8.140000343322754;7.900000095367432;7.929999828338623;98845;2019-08-08 09:30:00-04:00
7.90500020980835;8.100000381469727;7.849999904632568;8.045000076293945;106335;2019-08-08 10:30:00-04:00
8.039999961853027;8.09000015258789;7.940000057220459;7.954999923706055;143709;2019-08-08 11:30:00-04:00
7.949999809265137;7.985000133514404;7.889999866485596;7.929999828338623;115707;2019-08-08 12:30:00-04:00
7.940000057220459;7.96999979019165;7.900000095367432;7.909999847412109;81006;2019-08-08 13:30:00-04:00
7.909999847412109;8.020000457763672;7.849999904632568;7.889999866485596;280210;2019-08-08 14:30:00-04:00
7.880000114440918;7.889999866485596;7.71999979019165;7.829999923706055;203697;2019-08-08 15:30:00-04:00
7.800000190734863;7.800000190734863;7.559999942779541;7.590000152587891;118058;2019-08-09 09:30:00-04:00
7.590000152587891;7.809999942779541;7.550000190734863;7.809999942779541;59829;2019-08-09 10:30:00-04:00
7.809999942779541;7.949999809265137;7.795000076293945;7.909999847412109;68594;2019-08-09 11:30:00-04:00
7.900000095367432;7.945000171661377;7.869999885559082;7.900000095367432;48778;2019-08-09 12:30:00-04:00
7.900000095367432;7.96999979019165;7.880000114440918;7.940000057220459;40770;2019-08-09 13:30:00-04:00
7.929999828338623;7.954999923706055;7.860000133514404;7.909999847412109;238581;2019-08-09 14:30:00-04:00
7.900000095367432;7.96999979019165;7.889999866485596;7.909999847412109;88422;2019-08-09 15:30:00-04:00
7.789999961853027;8.050000190734863;7.650000095367432;8.0;433302;2019-08-12 09:30:00-04:00
8.0;8.0;7.900000095367432;7.96999979019165;132844;2019-08-12 10:30:00-04:00
7.96999979019165;8.0;7.869999885559082;7.869999885559082;49941;2019-08-12 11:30:00-04:00
7.869999885559082;7.869999885559082;7.769999980926514;7.855000019073486;38737;2019-08-12 12:30:00-04:00
7.849999904632568;7.880000114440918;7.829999923706055;7.849999904632568;33639;2019-08-12 13:30:00-04:00
7.849999904632568;7.889999866485596;7.800000190734863;7.809999942779541;112290;2019-08-12 14:30:00-04:00
7.909999847412109;8.0600004196167;7.744999885559082;8.005000114440918;0;2019-08-13 09:30:00-04:00
8.005000114440918;8.010000228881836;7.96999979019165;8.0;112528;2019-08-13 10:30:00-04:00
8.0;8.055000305175781;7.960000038146973;8.0;78439;2019-08-13 11:30:00-04:00
8.0;8.055000305175781;7.980000019073486;8.039999961853027;182593;2019-08-13 12:30:00-04:00
8.029999732971191;8.09000015258789;7.961100101470947;7.989999771118164;179729;2019-08-13 13:30:00-04:00
7.989999771118164;8.005000114440918;7.945000171661377;8.0;213295;2019-08-13 14:30:00-04:00
7.989999771118164;8.029999732971191;7.980000019073486;8.029999732971191;360049;2019-08-13 15:30:00-04:00
7.960000038146973;8.07979965209961;7.820000171661377;7.860000133514404;441590;2019-08-14 09:30:00-04:00
7.849999904632568;7.989999771118164;7.809999942779541;7.894999980926514;145030;2019-08-14 10:30:00-04:00
7.894999980926514;7.925000190734863;7.760000228881836;7.880000114440918;145561;2019-08-14 11:30:00-04:00
7.880000114440918;7.940000057220459;7.789999961853027;7.829999923706055;107480;2019-08-14 12:30:00-04:00
7.820000171661377;7.860000133514404;7.735000133514404;7.800000190734863;89856;2019-08-14 13:30:00-04:00
7.800000190734863;7.829999923706055;7.789999961853027;7.804999828338623;119783;2019-08-14 14:30:00-04:00
7.795000076293945;7.820000171661377;7.773900032043457;7.789999961853027;143517;2019-08-14 15:30:00-04:00
7.760000228881836;7.835000038146973;7.619999885559082;7.789999961853027;61419;2019-08-15 09:30:00-04:00
7.789999961853027;7.869999885559082;7.769999980926514;7.869999885559082;217320;2019-08-15 10:30:00-04:00
7.869999885559082;7.940000057220459;7.849999904632568;7.90500020980835;39527;2019-08-15 11:30:00-04:00
7.909999847412109;7.960000038146973;7.909999847412109;7.929999828338623;460822;2019-08-15 12:30:00-04:00
7.929999828338623;8.010000228881836;7.920000076293945;8.0;224908;2019-08-15 13:30:00-04:00
8.0;8.010000228881836;7.880000114440918;7.900000095367432;90535;2019-08-15 14:30:00-04:00
7.900000095367432;7.960000038146973;7.889999866485596;7.929999828338623;102311;2019-08-15 15:30:00-04:00
7.980000019073486;8.029999732971191;7.929999828338623;7.945000171661377;57355;2019-08-16 09:30:00-04:00
7.949999809265137;7.989999771118164;7.909999847412109;7.989999771118164;37027;2019-08-16 10:30:00-04:00
7.989999771118164;8.0;7.980000019073486;7.985000133514404;36490;2019-08-16 11:30:00-04:00
7.989999771118164;7.989999771118164;7.960000038146973;7.96999979019165;33218;2019-08-16 12:30:00-04:00
7.974999904632568;7.980000019073486;7.960000038146973;7.980000019073486;23933;2019-08-16 13:30:00-04:00
7.980000019073486;8.015000343322754;7.96999979019165;7.989999771118164;51391;2019-08-16 14:30:00-04:00
7.989999771118164;8.005000114440918;7.980000019073486;8.0;122387;2019-08-16 15:30:00-04:00
8.09000015258789;8.154999732971191;7.940000057220459;7.960000038146973;92302;2019-08-19 09:30:00-04:00
7.96999979019165;8.3100004196167;7.960000038146973;8.239999771118164;250111;2019-08-19 10:30:00-04:00
8.25;8.279999732971191;8.229999542236328;8.229999542236328;33584;2019-08-19 11:30:00-04:00
8.239999771118164;8.239999771118164;8.130000114440918;8.130000114440918;64230;2019-08-19 12:30:00-04:00
8.130000114440918;8.15999984741211;8.074999809265137;8.09000015258789;54537;2019-08-19 13:30:00-04:00
8.095000267028809;8.175000190734863;8.09000015258789;8.170000076293945;75756;2019-08-19 14:30:00-04:00
8.164999961853027;8.229999542236328;8.15999984741211;8.199999809265137;139288;2019-08-19 15:30:00-04:00
8.119999885559082;8.119999885559082;7.980000019073486;8.050000190734863;271808;2019-08-20 09:30:00-04:00
8.0600004196167;8.229999542236328;8.0600004196167;8.100000381469727;61959;2019-08-20 10:30:00-04:00
8.100000381469727;8.130000114440918;8.069999694824219;8.109999656677246;34957;2019-08-20 11:30:00-04:00
8.100000381469727;8.109999656677246;8.069999694824219;8.09000015258789;23591;2019-08-20 12:30:00-04:00
8.100000381469727;8.210000038146973;8.079999923706055;8.199999809265137;64445;2019-08-20 13:30:00-04:00
8.204999923706055;8.239999771118164;8.109999656677246;8.21500015258789;216723;2019-08-20 14:30:00-04:00
8.210000038146973;8.229999542236328;8.130000114440918;8.149999618530273;121358;2019-08-20 15:30:00-04:00
8.210000038146973;8.449999809265137;8.170000076293945;8.399999618530273;557471;2019-08-21 09:30:00-04:00
8.399999618530273;8.399999618530273;8.170000076293945;8.274999618530273;143558;2019-08-21 10:30:00-04:00
8.270000457763672;8.350000381469727;8.270000457763672;8.350000381469727;46809;2019-08-21 11:30:00-04:00
8.350000381469727;8.418999671936035;8.350000381469727;8.399999618530273;68723;2019-08-21 12:30:00-04:00
8.399999618530273;8.470000267028809;8.390000343322754;8.460000038146973;164333;2019-08-21 13:30:00-04:00
8.46500015258789;8.489999771118164;8.399999618530273;8.444999694824219;59553;2019-08-21 14:30:00-04:00
8.444999694824219;8.460000038146973;8.369999885559082;8.399999618530273;138134;2019-08-21 15:30:00-04:00
8.470000267028809;8.65999984741211;8.399999618530273;8.600000381469727;3554104;2019-08-22 09:30:00-04:00
8.609999656677246;8.67039966583252;8.600000381469727;8.654999732971191;83156;2019-08-22 10:30:00-04:00
8.654999732971191;8.755000114440918;8.630000114440918;8.649999618530273;66489;2019-08-22 11:30:00-04:00
8.65999984741211;8.760000228881836;8.649999618530273;8.739999771118164;68455;2019-08-22 12:30:00-04:00
8.729999542236328;8.739999771118164;8.680000305175781;8.710000038146973;86813;2019-08-22 13:30:00-04:00
8.680000305175781;8.720000267028809;8.619999885559082;8.630000114440918;80355;2019-08-22 14:30:00-04:00
8.630000114440918;8.649999618530273;8.579999923706055;8.600000381469727;180839;2019-08-22 15:30:00-04:00
8.479999542236328;8.59000015258789;8.329999923706055;8.529999732971191;42242;2019-08-23 09:30:00-04:00
8.529999732971191;8.619999885559082;8.40999984741211;8.40999984741211;55342;2019-08-23 10:30:00-04:00
8.414999961853027;8.430000305175781;8.359999656677246;8.40999984741211;88298;2019-08-23 11:30:00-04:00
8.414999961853027;8.4399995803833;8.34000015258789;8.359999656677246;65757;2019-08-23 12:30:00-04:00
8.350000381469727;8.380000114440918;8.34000015258789;8.350000381469727;58445;2019-08-23 13:30:00-04:00
8.359999656677246;8.369999885559082;8.329999923706055;8.359999656677246;54701;2019-08-23 14:30:00-04:00
8.364999771118164;8.390000343322754;8.289999961853027;8.3100004196167;145190;2019-08-23 15:30:00-04:00
8.34000015258789;8.430000305175781;8.199999809265137;8.210000038146973;40658;2019-08-26 09:30:00-04:00
8.210000038146973;8.220000267028809;8.100000381469727;8.109999656677246;33329;2019-08-26 10:30:00-04:00
8.100000381469727;8.109999656677246;8.03499984741211;8.074999809265137;25751;2019-08-26 11:30:00-04:00
8.079999923706055;8.149999618530273;8.079999923706055;8.079999923706055;54797;2019-08-26 12:30:00-04:00
8.079999923706055;8.100000381469727;8.029999732971191;8.050000190734863;30789;2019-08-26 13:30:00-04:00
8.029999732971191;8.050000190734863;8.0;8.029999732971191;68692;2019-08-26 14:30:00-04:00
8.039999961853027;8.15999984741211;8.020000457763672;8.130000114440918;185906;2019-08-26 15:30:00-04:00
8.270000457763672;8.529999732971191;8.260000228881836;8.460000038146973;76322;2019-08-27 09:30:00-04:00
8.473699569702148;8.489999771118164;8.329999923706055;8.34000015258789;21639;2019-08-27 10:30:00-04:00
8.350000381469727;8.350000381469727;8.229999542236328;8.239999771118164;28090;2019-08-27 11:30:00-04:00
8.25;8.270000457763672;8.199999809265137;8.270000457763672;27553;2019-08-27 12:30:00-04:00
8.270000457763672;8.329999923706055;8.260000228881836;8.300000190734863;22487;2019-08-27 13:30:00-04:00
8.295000076293945;8.300000190734863;8.239999771118164;8.25;20932;2019-08-27 14:30:00-04:00
8.25;8.289999961853027;8.229999542236328;8.239999771118164;52665;2019-08-27 15:30:00-04:00
8.1899995803833;8.329999923706055;8.150099754333496;8.220000267028809;36841;2019-08-28 09:30:00-04:00
8.220000267028809;8.369999885559082;8.220000267028809;8.350000381469727;27888;2019-08-28 10:30:00-04:00
8.350000381469727;8.369999885559082;8.289999961853027;8.289999961853027;19950;2019-08-28 11:30:00-04:00
8.279999732971191;8.350000381469727;8.274999618530273;8.34000015258789;25964;2019-08-28 12:30:00-04:00
8.329999923706055;8.34000015258789;8.329999923706055;8.329999923706055;7230;2019-08-28 13:30:00-04:00
8.329999923706055;8.34000015258789;8.3100004196167;8.329999923706055;32961;2019-08-28 14:30:00-04:00
8.329999923706055;8.350000381469727;8.300000190734863;8.350000381469727;57439;2019-08-28 15:30:00-04:00
8.4399995803833;8.600000381469727;8.40999984741211;8.550000190734863;31499;2019-08-29 09:30:00-04:00
8.5649995803833;8.579999923706055;8.510000228881836;8.569999694824219;30012;2019-08-29 10:30:00-04:00
8.5600004196167;8.560099601745605;8.5;8.5;46188;2019-08-29 11:30:00-04:00
8.5;8.510000228881836;8.5;8.5;21706;2019-08-29 12:30:00-04:00
8.5;8.550000190734863;8.5;8.545000076293945;56708;2019-08-29 13:30:00-04:00
8.539999961853027;8.609999656677246;8.529999732971191;8.604999542236328;85365;2019-08-29 14:30:00-04:00
8.609999656677246;8.640000343322754;8.569999694824219;8.579999923706055;114656;2019-08-29 15:30:00-04:00
8.640000343322754;8.8149995803833;8.635000228881836;8.765000343322754;36771;2019-08-30 09:30:00-04:00
8.765000343322754;8.8100004196167;8.609999656677246;8.670000076293945;85538;2019-08-30 10:30:00-04:00
8.680000305175781;8.75;8.675000190734863;8.734999656677246;28554;2019-08-30 11:30:00-04:00
8.739999771118164;8.78499984741211;8.725000381469727;8.779999732971191;38142;2019-08-30 12:30:00-04:00
8.774999618530273;8.789999961853027;8.729999542236328;8.739999771118164;24756;2019-08-30 13:30:00-04:00
8.739999771118164;8.829999923706055;8.734999656677246;8.789999961853027;60836;2019-08-30 14:30:00-04:00
8.78499984741211;8.789999961853027;8.6899995803833;8.6899995803833;86754;2019-08-30 15:30:00-04:00
8.539999961853027;8.640000343322754;8.489999771118164;8.515000343322754;129357;2019-09-03 09:30:00-04:00
8.515000343322754;8.579999923706055;8.449999809265137;8.505000114440918;138300;2019-09-03 10:30:00-04:00
8.505000114440918;8.529999732971191;8.414999961853027;8.430000305175781;47308;2019-09-03 11:30:00-04:00
8.430000305175781;8.430000305175781;8.390000343322754;8.40999984741211;30411;2019-09-03 12:30:00-04:00
8.420000076293945;8.4399995803833;8.359999656677246;8.430000305175781;53655;2019-09-03 13:30:00-04:00
8.425000190734863;8.529999732971191;8.399999618530273;8.529999732971191;49953;2019-09-03 14:30:00-04:00
8.529999732971191;8.585000038146973;8.529999732971191;8.550000190734863;90070;2019-09-03 15:30:00-04:00
8.609999656677246;8.805000305175781;8.609999656677246;8.789999961853027;33140;2019-09-04 09:30:00-04:00
8.789999961853027;8.904999732971191;8.789999961853027;8.890000343322754;52633;2019-09-04 10:30:00-04:00
8.890000343322754;8.899999618530273;8.819999694824219;8.84000015258789;44108;2019-09-04 11:30:00-04:00
8.84000015258789;9.0;8.829999923706055;8.975000381469727;75987;2019-09-04 12:30:00-04:00
8.970000267028809;8.970000267028809;8.9399995803833;8.960000038146973;24657;2019-09-04 13:30:00-04:00
8.949999809265137;9.020000457763672;8.949999809265137;9.005000114440918;55255;2019-09-04 14:30:00-04:00
9.005000114440918;9.010000228881836;8.9399995803833;8.960000038146973;37815;2019-09-04 15:30:00-04:00
9.140000343322754;9.479999542236328;9.140000343322754;9.390000343322754;60596;2019-09-05 09:30:00-04:00
9.390000343322754;9.4399995803833;9.31999969482422;9.399999618530272;32010;2019-09-05 10:30:00-04:00
9.390000343322754;9.40999984741211;9.329999923706056;9.359999656677246;15394;2019-09-05 11:30:00-04:00
9.350000381469728;9.40999984741211;9.324999809265137;9.40999984741211;21860;2019-09-05 12:30:00-04:00
9.40999984741211;9.449999809265137;9.380000114440918;9.43000030517578;19823;2019-09-05 13:30:00-04:00
9.4399995803833;9.510000228881836;9.43000030517578;9.470000267028809;42210;2019-09-05 14:30:00-04:00
9.475000381469728;9.510000228881836;9.46500015258789;9.510000228881836;75253;2019-09-05 15:30:00-04:00
9.520000457763672;9.640000343322754;9.399999618530272;9.510000228881836;305534;2019-09-06 09:30:00-04:00
9.5;9.55500030517578;9.470000267028809;9.479999542236328;152148;2019-09-06 10:30:00-04:00
9.475000381469728;9.59000015258789;9.470000267028809;9.579999923706056;52267;2019-09-06 11:30:00-04:00
9.574999809265137;9.59000015258789;9.529999732971191;9.539999961853027;39379;2019-09-06 12:30:00-04:00
9.539999961853027;9.55500030517578;9.510000228881836;9.520000457763672;50764;2019-09-06 13:30:00-04:00
9.520000457763672;9.56999969482422;9.479999542236328;9.5;90451;2019-09-06 14:30:00-04:00
9.5;9.56999969482422;9.5;9.550000190734863;115486;2019-09-06 15:30:00-04:00
9.550000190734863;9.875;9.550000190734863;9.8100004196167;61698;2019-09-09 09:30:00-04:00
9.80500030517578;9.899999618530272;9.770000457763672;9.81999969482422;40919;2019-09-09 10:30:00-04:00
9.810099601745604;9.850000381469728;9.760000228881836;9.789999961853027;30850;2019-09-09 11:30:00-04:00
9.800000190734863;9.800000190734863;9.75;9.779999732971191;27687;2019-09-09 12:30:00-04:00
9.779999732971191;9.829999923706056;9.770000457763672;9.824999809265137;31867;2019-09-09 13:30:00-04:00
9.81999969482422;9.824999809265137;9.760000228881836;9.795000076293944;39714;2019-09-09 14:30:00-04:00
9.795000076293944;9.90999984741211;9.75;9.84000015258789;167767;2019-09-09 15:30:00-04:00
9.779999732971191;10.149999618530272;9.779999732971191;10.029999732971191;72672;2019-09-10 09:30:00-04:00
10.0600004196167;10.149999618530272;9.979999542236328;10.100000381469728;142689;2019-09-10 10:30:00-04:00
10.100000381469728;10.210000038146973;10.020000457763672;10.130000114440918;131544;2019-09-10 11:30:00-04:00
10.119999885559082;10.199999809265137;10.079999923706056;10.199999809265137;34583;2019-09-10 12:30:00-04:00
10.199999809265137;10.3100004196167;10.199999809265137;10.279999732971191;38038;2019-09-10 13:30:00-04:00
10.270000457763672;10.279999732971191;10.220000267028809;10.260000228881836;30024;2019-09-10 14:30:00-04:00
10.260000228881836;10.345000267028809;10.25;10.270000457763672;124379;2019-09-10 15:30:00-04:00
10.239999771118164;10.390000343322754;9.920100212097168;10.350000381469728;54806;2019-09-11 09:30:00-04:00
10.350000381469728;10.449999809265137;10.18000030517578;10.220000267028809;46378;2019-09-11 10:30:00-04:00
10.220000267028809;10.300000190734863;10.18000030517578;10.260000228881836;48264;2019-09-11 11:30:00-04:00
10.25;10.300000190734863;10.229999542236328;10.300000190734863;23689;2019-09-11 12:30:00-04:00
10.279999732971191;10.3100004196167;10.270000457763672;10.3100004196167;55309;2019-09-11 13:30:00-04:00
10.3100004196167;10.385000228881836;10.3100004196167;10.375;33255;2019-09-11 14:30:00-04:00
10.380000114440918;10.420000076293944;10.380000114440918;10.390000343322754;61304;2019-09-11 15:30:00-04:00
10.390000343322754;10.43000030517578;10.180500030517578;10.380000114440918;39886;2019-09-12 09:30:00-04:00
10.380000114440918;10.390000343322754;10.199999809265137;10.270000457763672;56965;2019-09-12 10:30:00-04:00
10.270000457763672;10.4399995803833;10.260000228881836;10.369999885559082;25376;2019-09-12 11:30:00-04:00
10.380000114440918;10.470000267028809;10.369999885559082;10.40999984741211;33867;2019-09-12 12:30:00-04:00
10.43000030517578;10.4399995803833;10.380000114440918;10.399999618530272;36320;2019-09-12 13:30:00-04:00
10.399999618530272;10.425000190734863;10.380000114440918;10.399999618530272;17231;2019-09-12 14:30:00-04:00
10.399999618530272;10.40999984741211;10.350000381469728;10.359999656677246;50709;2019-09-12 15:30:00-04:00
10.43000030517578;10.649999618530272;10.34000015258789;10.44499969482422;25115;2019-09-13 09:30:00-04:00
10.460000038146973;10.5600004196167;10.460000038146973;10.520000457763672;59570;2019-09-13 10:30:00-04:00
10.510000228881836;10.520000457763672;10.420000076293944;10.460000038146973;27161;2019-09-13 11:30:00-04:00
10.454999923706056;10.520000457763672;10.4399995803833;10.489999771118164;32312;2019-09-13 12:30:00-04:00
10.489999771118164;10.494999885559082;10.354999542236328;10.414999961853027;46226;2019-09-13 13:30:00-04:00
10.40999984741211;10.4399995803833;10.364999771118164;10.414999961853027;40680;2019-09-13 14:30:00-04:00
10.414999961853027;10.420000076293944;10.359999656677246;10.369999885559082;52295;2019-09-13 15:30:00-04:00
10.380000114440918;10.479999542236328;10.289999961853027;10.4399995803833;19968;2019-09-16 09:30:00-04:00
10.460000038146973;10.460000038146973;10.399999618530272;10.40999984741211;15467;2019-09-16 10:30:00-04:00
10.40999984741211;10.40999984741211;10.329999923706056;10.380000114440918;35987;2019-09-16 11:30:00-04:00
10.380000114440918;10.419899940490724;10.359999656677246;10.399999618530272;22257;2019-09-16 12:30:00-04:00
10.404999732971191;10.449999809265137;10.380000114440918;10.44499969482422;42933;2019-09-16 13:30:00-04:00
10.44499969482422;10.44499969482422;10.380000114440918;10.420000076293944;80861;2019-09-16 14:30:00-04:00
10.420000076293944;10.420000076293944;10.380000114440918;10.380000114440918;97634;2019-09-16 15:30:00-04:00
10.359999656677246;10.380000114440918;10.06999969482422;10.114999771118164;44875;2019-09-17 09:30:00-04:00
10.109999656677246;10.300000190734863;10.100000381469728;10.260000228881836;122650;2019-09-17 10:30:00-04:00
10.270000457763672;10.317700386047363;10.270000457763672;10.270000457763672;11045;2019-09-17 11:30:00-04:00
10.265000343322754;10.300000190734863;10.229999542236328;10.239999771118164;22008;2019-09-17 12:30:00-04:00
10.239999771118164;10.265000343322754;10.199999809265137;10.210000038146973;37766;2019-09-17 13:30:00-04:00
10.210000038146973;10.3149995803833;10.18000030517578;10.300000190734863;30584;2019-09-17 14:30:00-04:00
10.289999961853027;10.300000190734863;10.239999771118164;10.279999732971191;57639;2019-09-17 15:30:00-04:00
10.18000030517578;10.31999969482422;10.18000030517578;10.25;107925;2019-09-18 09:30:00-04:00
10.229999542236328;10.234999656677246;10.140000343322754;10.154999732971191;18816;2019-09-18 10:30:00-04:00
10.154999732971191;10.154999732971191;10.0600004196167;10.100000381469728;16291;2019-09-18 11:30:00-04:00
10.09000015258789;10.154999732971191;10.06999969482422;10.149999618530272;83136;2019-09-18 12:30:00-04:00
10.154999732971191;10.199999809265137;10.039999961853027;10.130000114440918;40874;2019-09-18 13:30:00-04:00
10.119999885559082;10.239999771118164;10.09000015258789;10.229999542236328;39543;2019-09-18 14:30:00-04:00
10.229999542236328;10.289999961853027;10.220000267028809;10.289999961853027;108420;2019-09-18 15:30:00-04:00
10.380000114440918;10.529999732971191;10.279999732971191;10.399999618530272;250585;2019-09-19 09:30:00-04:00
10.399999618530272;10.449999809265137;10.380000114440918;10.40999984741211;189932;2019-09-19 10:30:00-04:00
10.420000076293944;10.489999771118164;10.390000343322754;10.420000076293944;160491;2019-09-19 11:30:00-04:00
10.420000076293944;10.579999923706056;10.40999984741211;10.579999923706056;32671;2019-09-19 12:30:00-04:00
10.579999923706056;10.59000015258789;10.520000457763672;10.55500030517578;30876;2019-09-19 13:30:00-04:00
10.550000190734863;10.550000190734863;10.470000267028809;10.470000267028809;32753;2019-09-19 14:30:00-04:00
10.475000381469728;10.475000381469728;10.420000076293944;10.449999809265137;73104;2019-09-19 15:30:00-04:00
10.460000038146973;10.5600004196167;10.399999618530272;10.40999984741211;174256;2019-09-20 09:30:00-04:00
10.40999984741211;10.40999984741211;10.289999961853027;10.350000381469728;26579;2019-09-20 10:30:00-04:00
10.350000381469728;10.399999618530272;10.279999732971191;10.335000038146973;27450;2019-09-20 11:30:00-04:00
10.34000015258789;10.359999656677246;10.210000038146973;10.25;76168;2019-09-20 12:30:00-04:00
10.260000228881836;10.260000228881836;10.15999984741211;10.18000030517578;56016;2019-09-20 13:30:00-04:00
10.170000076293944;10.239999771118164;10.149999618530272;10.170000076293944;35712;2019-09-20 14:30:00-04:00
10.175000190734863;10.199999809265137;10.130000114440918;10.1899995803833;104839;2019-09-20 15:30:00-04:00
10.0600004196167;10.210000038146973;10.0600004196167;10.100000381469728;36108;2019-09-23 09:30:00-04:00
10.130000114440918;10.239999771118164;10.09000015258789;10.225000381469728;18233;2019-09-23 10:30:00-04:00
10.234999656677246;10.234999656677246;10.1899995803833;10.220000267028809;25670;2019-09-23 11:30:00-04:00
10.220000267028809;10.25;10.199999809265137;10.220000267028809;55847;2019-09-23 12:30:00-04:00
10.220000267028809;10.260000228881836;10.210000038146973;10.244999885559082;55877;2019-09-23 13:30:00-04:00
10.25;10.270000457763672;10.210000038146973;10.220000267028809;62640;2019-09-23 14:30:00-04:00
10.220000267028809;10.260000228881836;10.210000038146973;10.229999542236328;77231;2019-09-23 15:30:00-04:00
10.359999656677246;10.359999656677246;10.100000381469728;10.220000267028809;39480;2019-09-24 09:30:00-04:00
10.229999542236328;10.270000457763672;10.130000114440918;10.149999618530272;155698;2019-09-24 10:30:00-04:00
10.130000114440918;10.130000114440918;10.0;10.010000228881836;38996;2019-09-24 11:30:00-04:00
9.989999771118164;10.010000228881836;9.920000076293944;9.920000076293944;42199;2019-09-24 12:30:00-04:00
9.93000030517578;9.960000038146973;9.869999885559082;9.949999809265137;17320;2019-09-24 13:30:00-04:00
9.949999809265137;10.020000457763672;9.890000343322754;9.93000030517578;30708;2019-09-24 14:30:00-04:00
9.93019962310791;9.93019962310791;9.890000343322754;9.890000343322754;44230;2019-09-24 15:30:00-04:00
9.920000076293944;10.119999885559082;9.779999732971191;9.890000343322754;63569;2019-09-25 09:30:00-04:00
9.890000343322754;10.109999656677246;9.890000343322754;10.109999656677246;26146;2019-09-25 10:30:00-04:00
10.095000267028809;10.140000343322754;10.020000457763672;10.109999656677246;36243;2019-09-25 11:30:00-04:00
10.119999885559082;10.34000015258789;10.104999542236328;10.34000015258789;217407;2019-09-25 12:30:00-04:00
10.345000267028809;10.359999656677246;10.3100004196167;10.329999923706056;53685;2019-09-25 13:30:00-04:00
10.329999923706056;10.359999656677246;10.270000457763672;10.289999961853027;44092;2019-09-25 14:30:00-04:00
10.300000190734863;10.40999984741211;10.289999961853027;10.289999961853027;102200;2019-09-25 15:30:00-04:00
10.279999732971191;10.350000381469728;10.085000038146973;10.119999885559082;75359;2019-09-26 09:30:00-04:00
10.130000114440918;10.145000457763672;10.0;10.010000228881836;40710;2019-09-26 10:30:00-04:00
10.020000457763672;10.09000015258789;9.960000038146973;10.050000190734863;28777;2019-09-26 11:30:00-04:00
10.03499984741211;10.0600004196167;9.970000267028809;9.970000267028809;11240;2019-09-26 12:30:00-04:00
9.949999809265137;10.050000190734863;9.9399995803833;10.010000228881836;18607;2019-09-26 13:30:00-04:00
10.010000228881836;10.039999961853027;10.010000228881836;10.017499923706056;10661;2019-09-26 14:30:00-04:00
10.020000457763672;10.079999923706056;9.979999542236328;9.989999771118164;35309;2019-09-26 15:30:00-04:00
10.039999961853027;10.25;10.010000228881836;10.130000114440918;37249;2019-09-27 09:30:00-04:00
10.140000343322754;10.170000076293944;10.079999923706056;10.140000343322754;20790;2019-09-27 10:30:00-04:00
10.15999984741211;10.15999984741211;10.029999732971191;10.029999732971191;19395;2019-09-27 11:30:00-04:00
10.039999961853027;10.050000190734863;9.979999542236328;9.989999771118164;12103;2019-09-27 12:30:00-04:00
9.979999542236328;10.010000228881836;9.960000038146973;10.010000228881836;24112;2019-09-27 13:30:00-04:00
10.0;10.010000228881836;9.949999809265137;9.989999771118164;19630;2019-09-27 14:30:00-04:00
9.989999771118164;10.015000343322754;9.979999542236328;9.979999542236328;33677;2019-09-27 15:30:00-04:00
10.020000457763672;10.109999656677246;9.850000381469728;9.93000030517578;28527;2019-09-30 09:30:00-04:00
9.920000076293944;9.979999542236328;9.899999618530272;9.9350004196167;12162;2019-09-30 10:30:00-04:00
9.93000030517578;10.0;9.920000076293944;9.989999771118164;21609;2019-09-30 11:30:00-04:00
9.970000267028809;10.039999961853027;9.970000267028809;10.010000228881836;35450;2019-09-30 12:30:00-04:00
10.020000457763672;10.109999656677246;10.0;10.074999809265137;25713;2019-09-30 13:30:00-04:00
10.079999923706056;10.130000114440918;10.079999923706056;10.119999885559082;31075;2019-09-30 14:30:00-04:00
10.119999885559082;10.130000114440918;10.0600004196167;10.0600004196167;75655;2019-09-30 15:30:00-04:00
10.149999618530272;10.31999969482422;9.979999542236328;9.989999771118164;38112;2019-10-01 09:30:00-04:00
9.989999771118164;10.020000457763672;9.93000030517578;9.970000267028809;24127;2019-10-01 10:30:00-04:00
10.0;10.0;9.869999885559082;9.885000228881836;9490;2019-10-01 11:30:00-04:00
9.885000228881836;9.9399995803833;9.760000228881836;9.770000457763672;41106;2019-10-01 12:30:00-04:00
9.760000228881836;9.760000228881836;9.625;9.670000076293944;54284;2019-10-01 13:30:00-04:00
9.670000076293944;9.81999969482422;9.65999984741211;9.800000190734863;40157;2019-10-01 14:30:00-04:00
9.8100004196167;9.84000015258789;9.729999542236328;9.739999771118164;56924;2019-10-01 15:30:00-04:00
9.59000015258789;9.779999732971191;9.5;9.68000030517578;38808;2019-10-02 09:30:00-04:00
9.65999984741211;9.699999809265137;9.579999923706056;9.65999984741211;18876;2019-10-02 10:30:00-04:00
9.645000457763672;9.645000457763672;9.539999961853027;9.539999961853027;5792;2019-10-02 11:30:00-04:00
9.529999732971191;9.619999885559082;9.510000228881836;9.59000015258789;18583;2019-10-02 12:30:00-04:00
9.579999923706056;9.619999885559082;9.539999961853027;9.600000381469728;15487;2019-10-02 13:30:00-04:00
9.619999885559082;9.640000343322754;9.600000381469728;9.609999656677246;10517;2019-10-02 14:30:00-04:00
9.625;9.65999984741211;9.609999656677246;9.630000114440918;68361;2019-10-02 15:30:00-04:00
9.68000030517578;9.729999542236328;9.5;9.579999923706056;45542;2019-10-03 09:30:00-04:00
9.5600004196167;9.654999732971191;9.510000228881836;9.630000114440918;13444;2019-10-03 10:30:00-04:00
9.609999656677246;9.640000343322754;9.5600004196167;9.609999656677246;12990;2019-10-03 11:30:00-04:00
9.600000381469728;9.720000267028809;9.600000381469728;9.720000267028809;22810;2019-10-03 12:30:00-04:00
9.720000267028809;9.760000228881836;9.699999809265137;9.729999542236328;11992;2019-10-03 13:30:00-04:00
9.739999771118164;9.770000457763672;9.6899995803833;9.6899995803833;52479;2019-10-03 14:30:00-04:00
9.699999809265137;9.729999542236328;9.630000114440918;9.6899995803833;72377;2019-10-03 15:30:00-04:00
9.739999771118164;9.779999732971191;9.640000343322754;9.640000343322754;95802;2019-10-04 09:30:00-04:00
9.619999885559082;9.630000114440918;9.56999969482422;9.579999923706056;45411;2019-10-04 10:30:00-04:00
9.579999923706056;9.649999618530272;9.5600004196167;9.640000343322754;12354;2019-10-04 11:30:00-04:00
9.65999984741211;9.68000030517578;9.630000114440918;9.640000343322754;19049;2019-10-04 12:30:00-04:00
9.640000343322754;9.68000030517578;9.640000343322754;9.670000076293944;25889;2019-10-04 13:30:00-04:00
9.670000076293944;9.720000267028809;9.65999984741211;9.68000030517578;17939;2019-10-04 14:30:00-04:00
9.68000030517578;9.710000038146973;9.65999984741211;9.699999809265137;44213;2019-10-04 15:30:00-04:00
9.635000228881836;9.779999732971191;9.529999732971191;9.725000381469728;30070;2019-10-07 09:30:00-04:00
9.720000267028809;9.765000343322754;9.670000076293944;9.710000038146973;17637;2019-10-07 10:30:00-04:00
9.720000267028809;9.770000457763672;9.699999809265137;9.770000457763672;16377;2019-10-07 11:30:00-04:00
9.770000457763672;9.770000457763672;9.670000076293944;9.68000030517578;29510;2019-10-07 12:30:00-04:00
9.699999809265137;9.75;9.68000030517578;9.6899995803833;14756;2019-10-07 13:30:00-04:00
9.6899995803833;9.6899995803833;9.600000381469728;9.640000343322754;13712;2019-10-07 14:30:00-04:00
9.649999618530272;9.649999618530272;9.579999923706056;9.59000015258789;37458;2019-10-07 15:30:00-04:00
9.56999969482422;9.640000343322754;9.40999984741211;9.5600004196167;61076;2019-10-08 09:30:00-04:00
9.550000190734863;9.640000343322754;9.539999961853027;9.585000038146973;39227;2019-10-08 10:30:00-04:00
9.579999923706056;9.6899995803833;9.579999923706056;9.670000076293944;34169;2019-10-08 11:30:00-04:00
9.65999984741211;9.68000030517578;9.619999885559082;9.630000114440918;20110;2019-10-08 12:30:00-04:00
9.640000343322754;9.649999618530272;9.600000381469728;9.619999885559082;21597;2019-10-08 13:30:00-04:00
9.630000114440918;9.670000076293944;9.4399995803833;9.515000343322754;182647;2019-10-08 14:30:00-04:00
9.515000343322754;9.539999961853027;9.479999542236328;9.479999542236328;60394;2019-10-08 15:30:00-04:00
9.25;9.300000190734863;8.859999656677246;8.9350004196167;127402;2019-10-09 09:30:00-04:00
8.930000305175781;8.979999542236328;8.734999656677246;8.779999732971191;90472;2019-10-09 10:30:00-04:00
8.779999732971191;8.949999809265137;8.739999771118164;8.880000114440918;35317;2019-10-09 11:30:00-04:00
8.880000114440918;8.880000114440918;8.817999839782715;8.869999885559082;33573;2019-10-09 12:30:00-04:00
8.859999656677246;8.869999885559082;8.800000190734863;8.8149995803833;25850;2019-10-09 13:30:00-04:00
8.800000190734863;8.850000381469727;8.710000038146973;8.84000015258789;47082;2019-10-09 14:30:00-04:00
8.84000015258789;8.859999656677246;8.770000457763672;8.770000457763672;62651;2019-10-09 15:30:00-04:00
8.5;8.880000114440918;8.5;8.760000228881836;38509;2019-10-10 09:30:00-04:00
8.75;8.859999656677246;8.694999694824219;8.770000457763672;21621;2019-10-10 10:30:00-04:00
8.760000228881836;8.819999694824219;8.649999618530273;8.65999984741211;33331;2019-10-10 11:30:00-04:00
8.649999618530273;8.649999618530273;8.600000381469727;8.609999656677246;21865;2019-10-10 12:30:00-04:00
8.609999656677246;8.654999732971191;8.59000015258789;8.635000228881836;20448;2019-10-10 13:30:00-04:00
8.630000114440918;8.630000114440918;8.529999732971191;8.579999923706055;50530;2019-10-10 14:30:00-04:00
8.569999694824219;8.569999694824219;8.510000228881836;8.520000457763672;70572;2019-10-10 15:30:00-04:00
8.529999732971191;9.119999885559082;8.529999732971191;9.06999969482422;256415;2019-10-11 09:30:00-04:00
9.06999969482422;9.255000114440918;9.06999969482422;9.244999885559082;71955;2019-10-11 10:30:00-04:00
9.25;9.270000457763672;9.109999656677246;9.210000038146973;53134;2019-10-11 11:30:00-04:00
9.210000038146973;9.239999771118164;9.079999923706056;9.239999771118164;141775;2019-10-11 12:30:00-04:00
9.25;9.34000015258789;9.239999771118164;9.279999732971191;76302;2019-10-11 13:30:00-04:00
9.279999732971191;9.34000015258789;9.199999809265137;9.34000015258789;84502;2019-10-11 14:30:00-04:00
9.34000015258789;9.380000114440918;9.229999542236328;9.25;413178;2019-10-11 15:30:00-04:00
9.140000343322754;9.59000015258789;9.140000343322754;9.574999809265137;56266;2019-10-14 09:30:00-04:00
9.5649995803833;9.65999984741211;9.539999961853027;9.640000343322754;35043;2019-10-14 10:30:00-04:00
9.65999984741211;9.710000038146973;9.65999984741211;9.6899995803833;27902;2019-10-14 11:30:00-04:00
9.68000030517578;9.699999809265137;9.579999923706056;9.600000381469728;19968;2019-10-14 12:30:00-04:00
9.579999923706056;9.699999809265137;9.520000457763672;9.670000076293944;25859;2019-10-14 13:30:00-04:00
9.68000030517578;9.699999809265137;9.630000114440918;9.670000076293944;32355;2019-10-14 14:30:00-04:00
9.68000030517578;9.710000038146973;9.65999984741211;9.68000030517578;51077;2019-10-14 15:30:00-04:00
9.6899995803833;9.720000267028809;9.579999923706056;9.670000076293944;33919;2019-10-15 09:30:00-04:00
9.670000076293944;9.8149995803833;9.670000076293944;9.795000076293944;32456;2019-10-15 10:30:00-04:00
9.800000190734863;9.8100004196167;9.710000038146973;9.720000267028809;37731;2019-10-15 11:30:00-04:00
9.720000267028809;9.75;9.720000267028809;9.729999542236328;18444;2019-10-15 12:30:00-04:00
9.739999771118164;9.779999732971191;9.6899995803833;9.699999809265137;19346;2019-10-15 13:30:00-04:00
9.704999923706056;9.729999542236328;9.65999984741211;9.699999809265137;23616;2019-10-15 14:30:00-04:00
9.699999809265137;9.75;9.65999984741211;9.720000267028809;62186;2019-10-15 15:30:00-04:00
9.710000038146973;10.06999969482422;9.710000038146973;9.869999885559082;61471;2019-10-16 09:30:00-04:00
9.859999656677246;10.0;9.845000267028809;9.9350004196167;31413;2019-10-16 10:30:00-04:00
9.9350004196167;10.0600004196167;9.920000076293944;10.05500030517578;38222;2019-10-16 11:30:00-04:00
10.0600004196167;10.09000015258789;10.0;10.0;20902;2019-10-16 12:30:00-04:00
10.0;10.09000015258789;10.0;10.079999923706056;31382;2019-10-16 13:30:00-04:00
10.079999923706056;10.109999656677246;9.960000038146973;9.960000038146973;49445;2019-10-16 14:30:00-04:00
9.970000267028809;10.020000457763672;9.920000076293944;9.93000030517578;92233;2019-10-16 15:30:00-04:00
10.029999732971191;10.06999969482422;9.920000076293944;9.954999923706056;32573;2019-10-17 09:30:00-04:00
9.949999809265137;9.949999809265137;9.829999923706056;9.895000457763672;21693;2019-10-17 10:30:00-04:00
9.890000343322754;9.920000076293944;9.845000267028809;9.864999771118164;14178;2019-10-17 11:30:00-04:00
9.869999885559082;9.869999885559082;9.789999961853027;9.795000076293944;11497;2019-10-17 12:30:00-04:00
9.800000190734863;9.850000381469728;9.800000190734863;9.800000190734863;19247;2019-10-17 13:30:00-04:00
9.795000076293944;9.84000015258789;9.779999732971191;9.8100004196167;18177;2019-10-17 14:30:00-04:00
9.800000190734863;9.859999656677246;9.800000190734863;9.859999656677246;93525;2019-10-17 15:30:00-04:00
9.890000343322754;9.9399995803833;9.739999771118164;9.779999732971191;18968;2019-10-18 09:30:00-04:00
9.80500030517578;9.93000030517578;9.770000457763672;9.920000076293944;12747;2019-10-18 10:30:00-04:00
9.920000076293944;9.920000076293944;9.800000190734863;9.800000190734863;18915;2019-10-18 11:30:00-04:00
9.8100004196167;9.90999984741211;9.8100004196167;9.869999885559082;12648;2019-10-18 12:30:00-04:00
9.875;9.880000114440918;9.829999923706056;9.84000015258789;18874;2019-10-18 13:30:00-04:00
9.845000267028809;9.859999656677246;9.789999961853027;9.789999961853027;32419;2019-10-18 14:30:00-04:00
9.789999961853027;9.800000190734863;9.75;9.760000228881836;82889;2019-10-18 15:30:00-04:00
9.890000343322754;10.15999984741211;9.859999656677246;9.890000343322754;69394;2019-10-21 09:30:00-04:00
9.899999618530272;9.904999732971191;9.755000114440918;9.770000457763672;163230;2019-10-21 10:30:00-04:00
9.770000457763672;9.90999984741211;9.739999771118164;9.90999984741211;265757;2019-10-21 11:30:00-04:00
9.920000076293944;9.970000267028809;9.90999984741211;9.960000038146973;14705;2019-10-21 12:30:00-04:00
9.9399995803833;9.960000038146973;9.869999885559082;9.895000457763672;40949;2019-10-21 13:30:00-04:00
9.890000343322754;9.9399995803833;9.880000114440918;9.9350004196167;19597;2019-10-21 14:30:00-04:00
9.94499969482422;9.960000038146973;9.890000343322754;9.93000030517578;62816;2019-10-21 15:30:00-04:00
10.010000228881836;10.010000228881836;9.858200073242188;9.93000030517578;12742;2019-10-22 09:30:00-04:00
9.90999984741211;9.975000381469728;9.859999656677246;9.975000381469728;17026;2019-10-22 10:30:00-04:00
9.970000267028809;10.079999923706056;9.949999809265137;10.06999969482422;22697;2019-10-22 11:30:00-04:00
10.06999969482422;10.100000381469728;9.989999771118164;10.039999961853027;69551;2019-10-22 12:30:00-04:00
10.045000076293944;10.399999618530272;10.045000076293944;10.350000381469728;78065;2019-10-22 13:30:00-04:00
10.359999656677246;10.359999656677246;10.239999771118164;10.270000457763672;35646;2019-10-22 14:30:00-04:00
10.270000457763672;10.31999969482422;10.18000030517578;10.25;79643;2019-10-22 15:30:00-04:00
10.170000076293944;10.3100004196167;10.079999923706056;10.109999656677246;39744;2019-10-23 09:30:00-04:00
10.140000343322754;10.21500015258789;10.130000114440918;10.170000076293944;26194;2019-10-23 10:30:00-04:00
10.170000076293944;10.28159999847412;10.164999961853027;10.260000228881836;32778;2019-10-23 11:30:00-04:00
10.260000228881836;10.31999969482422;10.25;10.260000228881836;30921;2019-10-23 12:30:00-04:00
10.260000228881836;10.270000457763672;10.18000030517578;10.1850004196167;33470;2019-10-23 13:30:00-04:00
10.1850004196167;10.199999809265137;10.149999618530272;10.18000030517578;51247;2019-10-23 14:30:00-04:00
10.18000030517578;10.210000038146973;10.170000076293944;10.1899995803833;72187;2019-10-23 15:30:00-04:00
10.289999961853027;10.289999961853027;9.949999809265137;9.960000038146973;13186;2019-10-24 09:30:00-04:00
9.960000038146973;10.050000190734863;9.9399995803833;10.039999961853027;15983;2019-10-24 10:30:00-04:00
10.039999961853027;10.06999969482422;9.949999809265137;9.949999809265137;15159;2019-10-24 11:30:00-04:00
9.970000267028809;10.0;9.9399995803833;10.0;9083;2019-10-24 12:30:00-04:00
9.989999771118164;10.109999656677246;9.989999771118164;10.0600004196167;22249;2019-10-24 13:30:00-04:00
10.079999923706056;10.119999885559082;10.06999969482422;10.100000381469728;11696;2019-10-24 14:30:00-04:00
10.109999656677246;10.109999656677246;10.085000038146973;10.100000381469728;36456;2019-10-24 15:30:00-04:00
10.109999656677246;10.229999542236328;9.979999542236328;10.149999618530272;21699;2019-10-25 09:30:00-04:00
10.149999618530272;10.21500015258789;10.109999656677246;10.210000038146973;26586;2019-10-25 10:30:00-04:00
10.199999809265137;10.234999656677246;10.140000343322754;10.170000076293944;17369;2019-10-25 11:30:00-04:00
10.175000190734863;10.210000038146973;10.140000343322754;10.170000076293944;17586;2019-10-25 12:30:00-04:00
10.18000030517578;10.220000267028809;10.140000343322754;10.149999618530272;55595;2019-10-25 13:30:00-04:00
10.149999618530272;10.164999961853027;10.079999923706056;10.130000114440918;36081;2019-10-25 14:30:00-04:00
10.125;10.140000343322754;10.079999923706056;10.079999923706056;56324;2019-10-25 15:30:00-04:00
10.100000381469728;10.279999732971191;10.029999732971191;10.199999809265137;59335;2019-10-28 09:30:00-04:00
10.199999809265137;10.260000228881836;10.119999885559082;10.15999984741211;29370;2019-10-28 10:30:00-04:00
10.15999984741211;10.199999809265137;10.119999885559082;10.149999618530272;28121;2019-10-28 11:30:00-04:00
10.15999984741211;10.170000076293944;10.130000114440918;10.15999984741211;17861;2019-10-28 12:30:00-04:00
10.170000076293944;10.239999771118164;10.130000114440918;10.220000267028809;31079;2019-10-28 13:30:00-04:00
10.220000267028809;10.239999771118164;10.1899995803833;10.210000038146973;42336;2019-10-28 14:30:00-04:00
10.21500015258789;10.239999771118164;10.15999984741211;10.170000076293944;71010;2019-10-28 15:30:00-04:00
10.170000076293944;10.300000190734863;10.135000228881836;10.164999961853027;24178;2019-10-29 09:30:00-04:00
10.170000076293944;10.289999961853027;10.149999618530272;10.260000228881836;28128;2019-10-29 10:30:00-04:00
10.25;10.300000190734863;10.210000038146973;10.265000343322754;38669;2019-10-29 11:30:00-04:00
10.265000343322754;10.270000457763672;10.220000267028809;10.229999542236328;37992;2019-10-29 12:30:00-04:00
10.239999771118164;10.289999961853027;10.234999656677246;10.279999732971191;26615;2019-10-29 13:30:00-04:00
10.28499984741211;10.350000381469728;10.260000228881836;10.274999618530272;76481;2019-10-29 14:30:00-04:00
10.279999732971191;10.329999923706056;10.239999771118164;10.25;101341;2019-10-29 15:30:00-04:00
10.3100004196167;10.3100004196167;10.109999656677246;10.109999656677246;37117;2019-10-30 09:30:00-04:00
10.130000114440918;10.15999984741211;10.005000114440918;10.005000114440918;30891;2019-10-30 10:30:00-04:00
10.020000457763672;10.050000190734863;9.979999542236328;10.03499984741211;24349;2019-10-30 11:30:00-04:00
10.039999961853027;10.06999969482422;10.024999618530272;10.03499984741211;19428;2019-10-30 12:30:00-04:00
10.03499984741211;10.119999885559082;9.989999771118164;10.09000015258789;87312;2019-10-30 13:30:00-04:00
10.09000015258789;10.18000030517578;10.06999969482422;10.09000015258789;88244;2019-10-30 14:30:00-04:00
10.09000015258789;10.135000228881836;10.079999923706056;10.119999885559082;96837;2019-10-30 15:30:00-04:00
10.130000114440918;10.15999984741211;9.744999885559082;9.869999885559082;32808;2019-10-31 09:30:00-04:00
9.890000343322754;9.960000038146973;9.859999656677246;9.90999984741211;24495;2019-10-31 10:30:00-04:00
9.899999618530272;10.010000228881836;9.899999618530272;9.920000076293944;16577;2019-10-31 11:30:00-04:00
9.93000030517578;9.93000030517578;9.890000343322754;9.920000076293944;19062;2019-10-31 12:30:00-04:00
9.90999984741211;9.920000076293944;9.880000114440918;9.895000457763672;36459;2019-10-31 13:30:00-04:00
9.895000457763672;9.979999542236328;9.890000343322754;9.96500015258789;33254;2019-10-31 14:30:00-04:00
9.970000267028809;10.020000457763672;9.9399995803833;10.010000228881836;62654;2019-10-31 15:30:00-04:00
10.140000343322754;10.31999969482422;10.114999771118164;10.270000457763672;50150;2019-11-01 09:30:00-04:00
10.270000457763672;10.46500015258789;10.260000228881836;10.460000038146973;77786;2019-11-01 10:30:00-04:00
10.460000038146973;10.609999656677246;10.449999809265137;10.5600004196167;39928;2019-11-01 11:30:00-04:00
10.56999969482422;10.670000076293944;10.5600004196167;10.670000076293944;19148;2019-11-01 12:30:00-04:00
10.670000076293944;10.75;10.670000076293944;10.739999771118164;25505;2019-11-01 13:30:00-04:00
10.739999771118164;10.859999656677246;10.729999542236328;10.800000190734863;47056;2019-11-01 14:30:00-04:00
10.800000190734863;10.800000190734863;10.68000030517578;10.729999542236328;65903;2019-11-01 15:30:00-04:00
11.0;11.100000381469728;10.789999961853027;10.8100004196167;58980;2019-11-04 09:30:00-05:00
10.81999969482422;11.05500030517578;10.81999969482422;11.029999732971191;27619;2019-11-04 10:30:00-05:00
11.029999732971191;11.130000114440918;11.010000228881836;11.06999969482422;28385;2019-11-04 11:30:00-05:00
11.050000190734863;11.118900299072266;11.0;11.109999656677246;16674;2019-11-04 12:30:00-05:00
11.119999885559082;11.140000343322754;11.079999923706056;11.079999923706056;16359;2019-11-04 13:30:00-05:00
11.0871000289917;11.220000267028809;11.0871000289917;11.210000038146973;25216;2019-11-04 14:30:00-05:00
11.210000038146973;11.225000381469728;11.109999656677246;11.170000076293944;56778;2019-11-04 15:30:00-05:00
11.15999984741211;11.420000076293944;11.15999984741211;11.1850004196167;26157;2019-11-05 09:30:00-05:00
11.210000038146973;11.260000228881836;11.119999885559082;11.119999885559082;14639;2019-11-05 10:30:00-05:00
11.15999984741211;11.199999809265137;11.109999656677246;11.149999618530272;26481;2019-11-05 11:30:00-05:00
11.149700164794922;11.170000076293944;11.0600004196167;11.130000114440918;10729;2019-11-05 12:30:00-05:00
11.15999984741211;11.1899995803833;11.130000114440918;11.170000076293944;12098;2019-11-05 13:30:00-05:00
11.18000030517578;11.1899995803833;11.140000343322754;11.18000030517578;22731;2019-11-05 14:30:00-05:00
11.199999809265137;11.260000228881836;11.109999656677246;11.149999618530272;106303;2019-11-05 15:30:00-05:00
12.800000190734863;12.800000190734863;11.760000228881836;12.220000267028809;238910;2019-11-06 09:30:00-05:00
12.184000015258787;12.5649995803833;12.15999984741211;12.399999618530272;87636;2019-11-06 10:30:00-05:00
12.43000030517578;12.5;11.9399995803833;12.039999961853027;66636;2019-11-06 11:30:00-05:00
12.039999961853027;12.40999984741211;12.039999961853027;12.210000038146973;46699;2019-11-06 12:30:00-05:00
12.190099716186523;12.220000267028809;12.079999923706056;12.09000015258789;16446;2019-11-06 13:30:00-05:00
12.109999656677246;12.220000267028809;12.039999961853027;12.050000190734863;55172;2019-11-06 14:30:00-05:00
12.045000076293944;12.170000076293944;12.029999732971191;12.039999961853027;117821;2019-11-06 15:30:00-05:00
12.31999969482422;12.359999656677246;12.079999923706056;12.25;58732;2019-11-07 09:30:00-05:00
12.239999771118164;12.279999732971191;12.050000190734863;12.050000190734863;36433;2019-11-07 10:30:00-05:00
12.050000190734863;12.130000114440918;12.010000228881836;12.100000381469728;22055;2019-11-07 11:30:00-05:00
12.100000381469728;12.210000038146973;12.09000015258789;12.149999618530272;25108;2019-11-07 12:30:00-05:00
12.145000457763672;12.170000076293944;12.100000381469728;12.130000114440918;21390;2019-11-07 13:30:00-05:00
12.140000343322754;12.140000343322754;11.904999732971191;11.904999732971191;38378;2019-11-07 14:30:00-05:00
11.90999984741211;11.979999542236328;11.84000015258789;11.970000267028809;107392;2019-11-07 15:30:00-05:00
11.960000038146973;12.119999885559082;11.729999542236328;12.029999732971191;19037;2019-11-08 09:30:00-05:00
12.029999732971191;12.149999618530272;11.850000381469728;11.859999656677246;32690;2019-11-08 10:30:00-05:00
11.869999885559082;12.09000015258789;11.859999656677246;12.029999732971191;22918;2019-11-08 11:30:00-05:00
12.029999732971191;12.0600004196167;11.979999542236328;12.0600004196167;25479;2019-11-08 12:30:00-05:00
12.045000076293944;12.050000190734863;11.93000030517578;11.979999542236328;36838;2019-11-08 13:30:00-05:00
11.989999771118164;12.06999969482422;11.979999542236328;12.050000190734863;25290;2019-11-08 14:30:00-05:00
12.050000190734863;12.140000343322754;12.039999961853027;12.0600004196167;88156;2019-11-08 15:30:00-05:00
11.970000267028809;12.270000457763672;11.970000267028809;12.210000038146973;38348;2019-11-11 09:30:00-05:00
12.210000038146973;12.210000038146973;11.960000038146973;11.989999771118164;14238;2019-11-11 10:30:00-05:00
11.979999542236328;12.140000343322754;11.979999542236328;12.130000114440918;20014;2019-11-11 11:30:00-05:00
12.140000343322754;12.210000038146973;12.09000015258789;12.199999809265137;28842;2019-11-11 12:30:00-05:00
12.210000038146973;12.210000038146973;12.09000015258789;12.09000015258789;17265;2019-11-11 13:30:00-05:00
12.100000381469728;12.109999656677246;12.020000457763672;12.06999969482422;27027;2019-11-11 14:30:00-05:00
12.0649995803833;12.06999969482422;12.010000228881836;12.020000457763672;70843;2019-11-11 15:30:00-05:00
12.06999969482422;12.1899995803833;11.949999809265137;12.0600004196167;28156;2019-11-12 09:30:00-05:00
12.0649995803833;12.109999656677246;11.93000030517578;11.93000030517578;16278;2019-11-12 10:30:00-05:00
11.90999984741211;12.109999656677246;11.899999618530272;12.109999656677246;37298;2019-11-12 11:30:00-05:00
12.119999885559082;12.119999885559082;12.020000457763672;12.039999961853027;35188;2019-11-12 12:30:00-05:00
12.050000190734863;12.15999984741211;12.050000190734863;12.119999885559082;25967;2019-11-12 13:30:00-05:00
12.109999656677246;12.149999618530272;12.079999923706056;12.09000015258789;33475;2019-11-12 14:30:00-05:00
12.09000015258789;12.109999656677246;12.0;12.0600004196167;65525;2019-11-12 15:30:00-05:00
11.880000114440918;11.949999809265137;11.779999732971191;11.81999969482422;14622;2019-11-13 09:30:00-05:00
11.81999969482422;11.93000030517578;11.770000457763672;11.93000030517578;17143;2019-11-13 10:30:00-05:00
11.9350004196167;11.989999771118164;11.859999656677246;11.93000030517578;24865;2019-11-13 11:30:00-05:00
11.960000038146973;11.989999771118164;11.90999984741211;11.914999961853027;10232;2019-11-13 12:30:00-05:00
11.920000076293944;11.960000038146973;11.890000343322754;11.890000343322754;21886;2019-11-13 13:30:00-05:00
11.899999618530272;11.920000076293944;11.880000114440918;11.920000076293944;22850;2019-11-13 14:30:00-05:00
11.90999984741211;11.920000076293944;11.800000190734863;11.800000190734863;46524;2019-11-13 15:30:00-05:00
11.75;11.93000030517578;11.744999885559082;11.864999771118164;34848;2019-11-14 09:30:00-05:00
11.869999885559082;11.90999984741211;11.84000015258789;11.84000015258789;21760;2019-11-14 10:30:00-05:00
11.84000015258789;11.850000381469728;11.720000267028809;11.727299690246582;14203;2019-11-14 11:30:00-05:00
11.720000267028809;11.835000038146973;11.720000267028809;11.80500030517578;20555;2019-11-14 12:30:00-05:00
11.800000190734863;11.81999969482422;11.670000076293944;11.710000038146973;36833;2019-11-14 13:30:00-05:00
11.699999809265137;11.739999771118164;11.65999984741211;11.65999984741211;33248;2019-11-14 14:30:00-05:00
11.664999961853027;11.729999542236328;11.645000457763672;11.710000038146973;86617;2019-11-14 15:30:00-05:00
11.84000015258789;12.050000190734863;11.84000015258789;11.970000267028809;20816;2019-11-15 09:30:00-05:00
12.0;12.0;11.899999618530272;11.979999542236328;32963;2019-11-15 10:30:00-05:00
11.984999656677246;12.029999732971191;11.949999809265137;11.970000267028809;22855;2019-11-15 11:30:00-05:00
11.970100402832031;12.020000457763672;11.960000038146973;11.989999771118164;21440;2019-11-15 12:30:00-05:00
11.979999542236328;12.0;11.9399995803833;11.960000038146973;28304;2019-11-15 13:30:00-05:00
11.949999809265137;12.0;11.949999809265137;11.970000267028809;41631;2019-11-15 14:30:00-05:00
11.970000267028809;11.989999771118164;11.899999618530272;11.920000076293944;50769;2019-11-15 15:30:00-05:00
11.90999984741211;11.90999984741211;11.600000381469728;11.619999885559082;26336;2019-11-18 09:30:00-05:00
11.619999885559082;11.720000267028809;11.600000381469728;11.614999771118164;9494;2019-11-18 10:30:00-05:00
11.609999656677246;11.630000114440918;11.529999732971191;11.550000190734863;7910;2019-11-18 11:30:00-05:00
11.529999732971191;11.640000343322754;11.5;11.600000381469728;28675;2019-11-18 12:30:00-05:00
11.609999656677246;11.710000038146973;11.600000381469728;11.710000038146973;50173;2019-11-18 13:30:00-05:00
11.699999809265137;11.75;11.630000114440918;11.704999923706056;25623;2019-11-18 14:30:00-05:00
11.6899995803833;11.720000267028809;11.649999618530272;11.68000030517578;53652;2019-11-18 15:30:00-05:00
11.68000030517578;11.84000015258789;11.654999732971191;11.654999732971191;23097;2019-11-19 09:30:00-05:00
11.64780044555664;11.710000038146973;11.600000381469728;11.670000076293944;24852;2019-11-19 10:30:00-05:00
11.65999984741211;11.755000114440918;11.640000343322754;11.68000030517578;43857;2019-11-19 11:30:00-05:00
11.68000030517578;11.81999969482422;11.649999618530272;11.770000457763672;26030;2019-11-19 12:30:00-05:00
11.770000457763672;11.835000038146973;11.760000228881836;11.800000190734863;22093;2019-11-19 13:30:00-05:00
11.779999732971191;11.81999969482422;11.710000038146973;11.710000038146973;27103;2019-11-19 14:30:00-05:00
11.720000267028809;11.829999923706056;11.720000267028809;11.779999732971191;63628;2019-11-19 15:30:00-05:00
11.729999542236328;11.850000381469728;11.600000381469728;11.635000228881836;16793;2019-11-20 09:30:00-05:00
11.649999618530272;11.729999542236328;11.5649995803833;11.699999809265137;41849;2019-11-20 10:30:00-05:00
11.6899995803833;11.710000038146973;11.65999984741211;11.6899995803833;16809;2019-11-20 11:30:00-05:00
11.68000030517578;11.710000038146973;11.510000228881836;11.539999961853027;15525;2019-11-20 12:30:00-05:00
11.545000076293944;11.619999885559082;11.529999732971191;11.550000190734863;18270;2019-11-20 13:30:00-05:00
11.5600004196167;11.579999923706056;11.5;11.579999923706056;29805;2019-11-20 14:30:00-05:00
11.56999969482422;11.56999969482422;11.390000343322754;11.399999618530272;73606;2019-11-20 15:30:00-05:00
11.5;11.56999969482422;11.300000190734863;11.350000381469728;19700;2019-11-21 09:30:00-05:00
11.369999885559082;11.460000038146973;11.350000381469728;11.399999618530272;12164;2019-11-21 10:30:00-05:00
11.399999618530272;11.470000267028809;11.380000114440918;11.449999809265137;22829;2019-11-21 11:30:00-05:00
11.449999809265137;11.489999771118164;11.43000030517578;11.43000030517578;17733;2019-11-21 12:30:00-05:00
11.420000076293944;11.43000030517578;11.380000114440918;11.380000114440918;14799;2019-11-21 13:30:00-05:00
11.385000228881836;11.420000076293944;11.369999885559082;11.369999885559082;15335;2019-11-21 14:30:00-05:00
11.380000114440918;11.390000343322754;11.31999969482422;11.380000114440918;49067;2019-11-21 15:30:00-05:00
11.399999618530272;11.520000457763672;11.329999923706056;11.399999618530272;19453;2019-11-22 09:30:00-05:00
11.390000343322754;11.390000343322754;11.300000190734863;11.380000114440918;14614;2019-11-22 10:30:00-05:00
11.369999885559082;11.449999809265137;11.354999542236328;11.420000076293944;6137;2019-11-22 11:30:00-05:00
11.4350004196167;11.489999771118164;11.425000190734863;11.425000190734863;11175;2019-11-22 12:30:00-05:00
11.425000190734863;11.460000038146973;11.399999618530272;11.4399995803833;11129;2019-11-22 13:30:00-05:00
11.449999809265137;11.454999923706056;11.420000076293944;11.420000076293944;16326;2019-11-22 14:30:00-05:00
11.40999984741211;11.4399995803833;11.380000114440918;11.43000030517578;56324;2019-11-22 15:30:00-05:00
11.449999809265137;11.800000190734863;11.3858003616333;11.760000228881836;194333;2019-11-25 09:30:00-05:00
11.78499984741211;11.859999656677246;11.75;11.800000190734863;49737;2019-11-25 10:30:00-05:00
11.800000190734863;11.890000343322754;11.755000114440918;11.880000114440918;16617;2019-11-25 11:30:00-05:00
11.885000228881836;11.949999809265137;11.885000228881836;11.949999809265137;12832;2019-11-25 12:30:00-05:00
11.949999809265137;11.970000267028809;11.84000015258789;11.850000381469728;12684;2019-11-25 13:30:00-05:00
11.84000015258789;11.850000381469728;11.770000457763672;11.81999969482422;14503;2019-11-25 14:30:00-05:00
11.81999969482422;11.890000343322754;11.289999961853027;11.890000343322754;138317;2019-11-25 15:30:00-05:00
11.90999984741211;11.90999984741211;11.710000038146973;11.859999656677246;64560;2019-11-26 09:30:00-05:00
11.829999923706056;11.845000267028809;11.739999771118164;11.75;10383;2019-11-26 10:30:00-05:00
11.75;11.75;11.68000030517578;11.739999771118164;10496;2019-11-26 11:30:00-05:00
11.729999542236328;11.774999618530272;11.6899995803833;11.729999542236328;26243;2019-11-26 12:30:00-05:00
11.720000267028809;11.765000343322754;11.699999809265137;11.75;18098;2019-11-26 13:30:00-05:00
11.760000228881836;11.789999961853027;11.739999771118164;11.770000457763672;16284;2019-11-26 14:30:00-05:00
11.770000457763672;11.850000381469728;11.760000228881836;11.829999923706056;54648;2019-11-26 15:30:00-05:00
11.84000015258789;11.9350004196167;11.809800148010254;11.829999923706056;8856;2019-11-27 09:30:00-05:00
11.829999923706056;11.850000381469728;11.75;11.789999961853027;12100;2019-11-27 10:30:00-05:00
11.789999961853027;11.81999969482422;11.744999885559082;11.81999969482422;12516;2019-11-27 11:30:00-05:00
11.8149995803833;11.93000030517578;11.80500030517578;11.899999618530272;12724;2019-11-27 12:30:00-05:00
11.90839958190918;11.920000076293944;11.789999961853027;11.829999923706056;18963;2019-11-27 13:30:00-05:00
11.829999923706056;11.880000114440918;11.829999923706056;11.829999923706056;10550;2019-11-27 14:30:00-05:00
11.835000038146973;11.859999656677246;11.800000190734863;11.800000190734863;29237;2019-11-27 15:30:00-05:00
11.760000228881836;11.800000190734863;11.699999809265137;11.789999961853027;6530;2019-11-29 09:30:00-05:00
11.800000190734863;11.93000030517578;11.800000190734863;11.880000114440918;16378;2019-11-29 10:30:00-05:00
11.880000114440918;12.06999969482422;11.880000114440918;12.015000343322754;40674;2019-11-29 11:30:00-05:00
12.015000343322754;12.029999732971191;11.890000343322754;11.890000343322754;50376;2019-11-29 13:00:00-05:00
11.899999618530272;12.105199813842772;11.84000015258789;11.84000015258789;0;2019-12-02 09:30:00-05:00
11.850000381469728;12.050000190734863;11.850000381469728;12.045000076293944;45209;2019-12-02 10:30:00-05:00
12.029999732971191;12.0600004196167;12.005000114440918;12.010000228881836;26710;2019-12-02 11:30:00-05:00
12.020000457763672;12.029999732971191;11.93000030517578;11.9399995803833;17242;2019-12-02 12:30:00-05:00
11.920000076293944;11.960000038146973;11.854999542236328;11.904999732971191;20529;2019-12-02 13:30:00-05:00
11.904999732971191;11.9399995803833;11.800000190734863;11.8100004196167;16549;2019-12-02 14:30:00-05:00
11.829999923706056;11.850000381469728;11.760000228881836;11.800000190734863;31534;2019-12-02 15:30:00-05:00
11.800000190734863;11.800000190734863;11.390000343322754;11.470000267028809;25294;2019-12-03 09:30:00-05:00
11.468999862670898;11.670000076293944;11.468999862670898;11.65999984741211;25915;2019-12-03 10:30:00-05:00
11.65999984741211;11.710000038146973;11.630000114440918;11.670000076293944;12643;2019-12-03 11:30:00-05:00
11.6899995803833;11.739999771118164;11.649999618530272;11.720000267028809;17517;2019-12-03 12:30:00-05:00
11.720000267028809;11.760000228881836;11.70009994506836;11.755000114440918;25798;2019-12-03 13:30:00-05:00
11.75;11.770000457763672;11.68000030517578;11.725000381469728;12934;2019-12-03 14:30:00-05:00
11.729999542236328;11.729999542236328;11.630000114440918;11.630000114440918;30887;2019-12-03 15:30:00-05:00
11.850000381469728;12.0600004196167;11.84000015258789;11.9399995803833;33317;2019-12-04 09:30:00-05:00
11.949999809265137;11.96500015258789;11.8149995803833;11.8149995803833;0;2019-12-04 10:30:00-05:00
11.798100471496582;11.890000343322754;11.798100471496582;11.850000381469728;67551;2019-12-04 11:30:00-05:00
11.859999656677246;11.93000030517578;11.84000015258789;11.904999732971191;9234;2019-12-04 12:30:00-05:00
11.890000343322754;11.899999618530272;11.829999923706056;11.869999885559082;16509;2019-12-04 13:30:00-05:00
11.864999771118164;11.960000038146973;11.845000267028809;11.850000381469728;36120;2019-12-04 14:30:00-05:00
11.869999885559082;11.869999885559082;11.720000267028809;11.789999961853027;61272;2019-12-04 15:30:00-05:00
11.859999656677246;12.0;11.710000038146973;11.800000190734863;14991;2019-12-05 09:30:00-05:00
11.81999969482422;11.90999984741211;11.770000457763672;11.880000114440918;12420;2019-12-05 10:30:00-05:00
11.880000114440918;11.920000076293944;11.84000015258789;11.850000381469728;11365;2019-12-05 11:30:00-05:00
11.850000381469728;11.885000228881836;11.80500030517578;11.880000114440918;12989;2019-12-05 12:30:00-05:00
11.880000114440918;11.93000030517578;11.880000114440918;11.890000343322754;9590;2019-12-05 13:30:00-05:00
11.880000114440918;11.90999984741211;11.84000015258789;11.875;16777;2019-12-05 14:30:00-05:00
11.875;11.885000228881836;11.81999969482422;11.84000015258789;39895;2019-12-05 15:30:00-05:00
12.020000457763672;12.390000343322754;11.910099983215332;12.378100395202637;40591;2019-12-06 09:30:00-05:00
12.390000343322754;12.65999984741211;12.279999732971191;12.595999717712402;334261;2019-12-06 10:30:00-05:00
12.58530044555664;12.829999923706056;12.550000190734863;12.68000030517578;215815;2019-12-06 11:30:00-05:00
12.68000030517578;12.6899995803833;12.489999771118164;12.510600090026855;220206;2019-12-06 12:30:00-05:00
12.515000343322754;12.630000114440918;12.449999809265137;12.579999923706056;82101;2019-12-06 13:30:00-05:00
12.59000015258789;12.739999771118164;12.5600004196167;12.609999656677246;127705;2019-12-06 14:30:00-05:00
12.609999656677246;12.619999885559082;12.520000457763672;12.529999732971191;82003;2019-12-06 15:30:00-05:00
12.5600004196167;12.779999732971191;12.460000038146973;12.5600004196167;181200;2019-12-09 09:30:00-05:00
12.5600004196167;12.720000267028809;12.550000190734863;12.65999984741211;104827;2019-12-09 10:30:00-05:00
12.649999618530272;12.676300048828123;12.529999732971191;12.609999656677246;59339;2019-12-09 11:30:00-05:00
12.595000267028809;12.630000114440918;12.539999961853027;12.609999656677246;22264;2019-12-09 12:30:00-05:00
12.600000381469728;12.619999885559082;12.522000312805176;12.550000190734863;27183;2019-12-09 13:30:00-05:00
12.5600004196167;12.6899995803833;12.470000267028809;12.68000030517578;40817;2019-12-09 14:30:00-05:00
12.686200141906738;12.689800262451172;12.619999885559082;12.649999618530272;48535;2019-12-09 15:30:00-05:00
12.56999969482422;12.739999771118164;12.5600004196167;12.685799598693848;61074;2019-12-10 09:30:00-05:00
12.65999984741211;12.75;12.640000343322754;12.6899995803833;34367;2019-12-10 10:30:00-05:00
12.68000030517578;12.734999656677246;12.579999923706056;12.619999885559082;50698;2019-12-10 11:30:00-05:00
12.619999885559082;12.630000114440918;12.479999542236328;12.56999969482422;43097;2019-12-10 12:30:00-05:00
12.56999969482422;12.640000343322754;12.5600004196167;12.600000381469728;31912;2019-12-10 13:30:00-05:00
12.56999969482422;12.630000114440918;12.479999542236328;12.609999656677246;57606;2019-12-10 14:30:00-05:00
12.630000114440918;12.640000343322754;12.479999542236328;12.489999771118164;69131;2019-12-10 15:30:00-05:00
12.40999984741211;12.699999809265137;12.289999961853027;12.5;36230;2019-12-11 09:30:00-05:00
12.454999923706056;12.5;12.359999656677246;12.359999656677246;17186;2019-12-11 10:30:00-05:00
12.372099876403809;12.4399995803833;12.359999656677246;12.380000114440918;21388;2019-12-11 11:30:00-05:00
12.380000114440918;12.48900032043457;12.369999885559082;12.470000267028809;10784;2019-12-11 12:30:00-05:00
12.470000267028809;12.520000457763672;12.43000030517578;12.519000053405762;14304;2019-12-11 13:30:00-05:00
12.510000228881836;12.579999923706056;12.5;12.579999923706056;48617;2019-12-11 14:30:00-05:00
12.600000381469728;12.65999984741211;12.56999969482422;12.649999618530272;63451;2019-12-11 15:30:00-05:00
12.59000015258789;12.899999618530272;12.59000015258789;12.760000228881836;75563;2019-12-12 09:30:00-05:00
12.774999618530272;12.904999732971191;12.760000228881836;12.890000343322754;69696;2019-12-12 10:30:00-05:00
12.899999618530272;12.961700439453123;12.859999656677246;12.960000038146973;43707;2019-12-12 11:30:00-05:00
12.979999542236328;13.050000190734863;12.979999542236328;13.010000228881836;17982;2019-12-12 12:30:00-05:00
12.989999771118164;13.010000228881836;12.93000030517578;12.93000030517578;31229;2019-12-12 13:30:00-05:00
12.9399995803833;13.149999618530272;12.925000190734863;13.149999618530272;81410;2019-12-12 14:30:00-05:00
13.140000343322754;13.18000030517578;13.06999969482422;13.140000343322754;71208;2019-12-12 15:30:00-05:00
13.010000228881836;13.260000228881836;12.920000076293944;13.239999771118164;27758;2019-12-13 09:30:00-05:00
13.220000267028809;13.220000267028809;12.859999656677246;12.859999656677246;65867;2019-12-13 10:30:00-05:00
12.850000381469728;12.960000038146973;12.850000381469728;12.90999984741211;38350;2019-12-13 11:30:00-05:00
12.90999984741211;12.90999984741211;12.8100004196167;12.869999885559082;29360;2019-12-13 12:30:00-05:00
12.890000343322754;12.90999984741211;12.850000381469728;12.859999656677246;26154;2019-12-13 13:30:00-05:00
12.859999656677246;12.899999618530272;12.835000038146973;12.835000038146973;41648;2019-12-13 14:30:00-05:00
12.835000038146973;12.859999656677246;12.779999732971191;12.789999961853027;63120;2019-12-13 15:30:00-05:00
12.899999618530272;13.020000457763672;12.81999969482422;12.829999923706056;34730;2019-12-16 09:30:00-05:00
12.829999923706056;12.880000114440918;12.739999771118164;12.869999885559082;21127;2019-12-16 10:30:00-05:00
12.859999656677246;12.859999656677246;12.784099578857422;12.829999923706056;28106;2019-12-16 11:30:00-05:00
12.824999809265137;12.859999656677246;12.800000190734863;12.854999542236328;32657;2019-12-16 12:30:00-05:00
12.854999542236328;12.920000076293944;12.850000381469728;12.869999885559082;19786;2019-12-16 13:30:00-05:00
12.875;12.880000114440918;12.84000015258789;12.859999656677246;20614;2019-12-16 14:30:00-05:00
12.861300468444824;12.970000267028809;12.859999656677246;12.949999809265137;84286;2019-12-16 15:30:00-05:00
12.9399995803833;13.020000457763672;12.770000457763672;12.949999809265137;29261;2019-12-17 09:30:00-05:00
12.9399995803833;12.9399995803833;12.8100004196167;12.899999618530272;42464;2019-12-17 10:30:00-05:00
12.920000076293944;12.970000267028809;12.880000114440918;12.90999984741211;22207;2019-12-17 11:30:00-05:00
12.93000030517578;12.960000038146973;12.90999984741211;12.925000190734863;21053;2019-12-17 12:30:00-05:00
12.925000190734863;12.989999771118164;12.914999961853027;12.975000381469728;19076;2019-12-17 13:30:00-05:00
12.975000381469728;12.989999771118164;12.9399995803833;12.979999542236328;33302;2019-12-17 14:30:00-05:00
12.989999771118164;12.989999771118164;12.890000343322754;12.899999618530272;40038;2019-12-17 15:30:00-05:00
13.0;13.0;12.850000381469728;12.880000114440918;17593;2019-12-18 09:30:00-05:00
12.880000114440918;13.010000228881836;12.880000114440918;13.0;17282;2019-12-18 10:30:00-05:00
12.949999809265137;13.015000343322754;12.920000076293944;13.0;66770;2019-12-18 11:30:00-05:00
13.010000228881836;13.050000190734863;12.984999656677246;13.050000190734863;25948;2019-12-18 12:30:00-05:00
13.050000190734863;13.140000343322754;13.029999732971191;13.06999969482422;31754;2019-12-18 13:30:00-05:00
13.0600004196167;13.06999969482422;13.020000457763672;13.05500030517578;37620;2019-12-18 14:30:00-05:00
13.0600004196167;13.130000114440918;12.970000267028809;13.06999969482422;44940;2019-12-18 15:30:00-05:00
13.0600004196167;13.100000381469728;12.960000038146973;12.989999771118164;19730;2019-12-19 09:30:00-05:00
12.989999771118164;13.039999961853027;12.93000030517578;12.970000267028809;20354;2019-12-19 10:30:00-05:00
12.979999542236328;12.989999771118164;12.920000076293944;12.979999542236328;23381;2019-12-19 11:30:00-05:00
12.979999542236328;13.050000190734863;12.970000267028809;13.050000190734863;22080;2019-12-19 12:30:00-05:00
13.050000190734863;13.0600004196167;12.970000267028809;13.050000190734863;28847;2019-12-19 13:30:00-05:00
13.050000190734863;13.130000114440918;13.029999732971191;13.100000381469728;65357;2019-12-19 14:30:00-05:00
13.109999656677246;13.170000076293944;13.06999969482422;13.140000343322754;73160;2019-12-19 15:30:00-05:00
13.130000114440918;13.220000267028809;13.0;13.0600004196167;23631;2019-12-20 09:30:00-05:00
13.039999961853027;13.1899995803833;13.039999961853027;13.1899995803833;33088;2019-12-20 10:30:00-05:00
13.170000076293944;13.210000038146973;13.130000114440918;13.170000076293944;45009;2019-12-20 11:30:00-05:00
13.15999984741211;13.229999542236328;13.15999984741211;13.19499969482422;97461;2019-12-20 12:30:00-05:00
13.199999809265137;13.260000228881836;13.109999656677246;13.149999618530272;151009;2019-12-20 13:30:00-05:00
13.15999984741211;13.300000190734863;13.15999984741211;13.25;60557;2019-12-20 14:30:00-05:00
13.25;13.3100004196167;13.1899995803833;13.289999961853027;99799;2019-12-20 15:30:00-05:00
13.420000076293944;13.420000076293944;13.09000015258789;13.300000190734863;115069;2019-12-23 09:30:00-05:00
13.3100004196167;13.3100004196167;13.130000114440918;13.130000114440918;45169;2019-12-23 10:30:00-05:00
13.119999885559082;13.289999961853027;13.100000381469728;13.279999732971191;75226;2019-12-23 11:30:00-05:00
13.279999732971191;13.350000381469728;13.1899995803833;13.265000343322754;126851;2019-12-23 12:30:00-05:00
13.25;13.34000015258789;13.220000267028809;13.31999969482422;49181;2019-12-23 13:30:00-05:00
13.331000328063965;13.399999618530272;13.289999961853027;13.369999885559082;32724;2019-12-23 14:30:00-05:00
13.359999656677246;13.40999984741211;13.329999923706056;13.359999656677246;80539;2019-12-23 15:30:00-05:00
13.43000030517578;13.515000343322754;13.31999969482422;13.460000038146973;105088;2019-12-24 09:30:00-05:00
13.46500015258789;13.640000343322754;13.40999984741211;13.5;116418;2019-12-24 10:30:00-05:00
13.5;13.520000457763672;13.460000038146973;13.484999656677246;90587;2019-12-24 11:30:00-05:00
13.484999656677246;13.510000228881836;13.449999809265137;13.460000038146973;0;2019-12-24 13:00:00-05:00
13.520000457763672;13.609999656677246;13.5;13.529999732971191;150683;2019-12-26 09:30:00-05:00
13.53499984741211;13.600000381469728;13.43000030517578;13.545000076293944;189044;2019-12-26 10:30:00-05:00
13.539999961853027;13.579999923706056;13.489999771118164;13.529999732971191;87708;2019-12-26 11:30:00-05:00
13.529999732971191;13.619999885559082;13.520000457763672;13.579999923706056;66576;2019-12-26 12:30:00-05:00
13.59000015258789;13.649999618530272;13.59000015258789;13.645000457763672;83771;2019-12-26 13:30:00-05:00
13.645000457763672;13.774999618530272;13.630000114440918;13.734999656677246;146816;2019-12-26 14:30:00-05:00
13.734999656677246;13.770000457763672;13.65999984741211;13.729999542236328;108706;2019-12-26 15:30:00-05:00
13.890000343322754;13.90999984741211;13.640000343322754;13.729999542236328;136381;2019-12-27 09:30:00-05:00
13.720000267028809;13.81999969482422;13.720000267028809;13.789999961853027;62403;2019-12-27 10:30:00-05:00
13.760000228881836;13.779999732971191;13.710000038146973;13.744999885559082;102072;2019-12-27 11:30:00-05:00
13.739999771118164;13.800000190734863;13.729999542236328;13.770000457763672;60928;2019-12-27 12:30:00-05:00
13.75;13.800000190734863;13.720000267028809;13.75;26719;2019-12-27 13:30:00-05:00
13.75;13.800000190734863;13.729999542236328;13.75;38710;2019-12-27 14:30:00-05:00
13.75;13.779999732971191;13.640000343322754;13.68000030517578;168436;2019-12-27 15:30:00-05:00
13.68000030517578;13.850000381469728;13.5600004196167;13.68000030517578;66542;2019-12-30 09:30:00-05:00
13.68000030517578;13.800000190734863;13.619999885559082;13.770000457763672;98988;2019-12-30 10:30:00-05:00
13.770000457763672;13.829999923706056;13.739999771118164;13.75;30258;2019-12-30 11:30:00-05:00
13.765000343322754;13.829999923706056;13.739999771118164;13.779999732971191;17925;2019-12-30 12:30:00-05:00
13.779999732971191;13.8100004196167;13.729999542236328;13.739999771118164;21640;2019-12-30 13:30:00-05:00
13.75;13.770000457763672;13.71500015258789;13.739999771118164;95521;2019-12-30 14:30:00-05:00
13.734999656677246;13.75;13.609999656677246;13.729999542236328;171870;2019-12-30 15:30:00-05:00
13.630000114440918;14.199999809265137;13.630000114440918;13.779999732971191;57715;2019-12-31 09:30:00-05:00
13.779999732971191;13.800000190734863;13.699999809265137;13.75;48129;2019-12-31 10:30:00-05:00
13.739999771118164;13.779999732971191;13.729999542236328;13.75;48886;2019-12-31 11:30:00-05:00
13.75;13.779999732971191;13.739999771118164;13.744999885559082;33687;2019-12-31 12:30:00-05:00
13.739999771118164;13.829999923706056;13.710000038146973;13.760000228881836;55692;2019-12-31 13:30:00-05:00
13.760000228881836;13.789999961853027;13.729999542236328;13.744999885559082;40711;2019-12-31 14:30:00-05:00
13.744999885559082;13.779999732971191;13.729999542236328;13.760000228881836;71363;2019-12-31 15:30:00-05:00
13.81999969482422;13.859999656677246;13.699999809265137;13.81999969482422;98323;2020-01-02 09:30:00-05:00
13.8100004196167;13.880000114440918;13.800000190734863;13.8149995803833;33699;2020-01-02 10:30:00-05:00
13.8100004196167;13.869999885559082;13.800000190734863;13.850000381469728;53970;2020-01-02 11:30:00-05:00
13.84000015258789;13.859999656677246;13.675000190734863;13.68000030517578;140796;2020-01-02 12:30:00-05:00
13.6899995803833;13.770000457763672;13.6899995803833;13.75;54376;2020-01-02 13:30:00-05:00
13.75;13.779999732971191;13.729999542236328;13.75;29474;2020-01-02 14:30:00-05:00
13.760000228881836;13.850000381469728;13.75;13.84000015258789;53613;2020-01-02 15:30:00-05:00
13.5600004196167;13.770000457763672;13.460000038146973;13.720000267028809;133844;2020-01-03 09:30:00-05:00
13.720000267028809;13.720000267028809;13.630000114440918;13.720000267028809;54408;2020-01-03 10:30:00-05:00
13.699999809265137;13.739999771118164;13.6899995803833;13.720000267028809;78001;2020-01-03 11:30:00-05:00
13.720000267028809;13.739999771118164;13.6899995803833;13.710000038146973;49578;2020-01-03 12:30:00-05:00
13.710000038146973;13.779999732971191;13.68000030517578;13.729999542236328;54106;2020-01-03 13:30:00-05:00
13.729999542236328;13.75;13.710000038146973;13.729999542236328;33310;2020-01-03 14:30:00-05:00
13.720000267028809;13.81999969482422;13.710000038146973;13.789999961853027;105093;2020-01-03 15:30:00-05:00
13.619999885559082;13.710000038146973;13.510000228881836;13.56999969482422;220172;2020-01-06 09:30:00-05:00
13.550000190734863;13.640000343322754;13.53499984741211;13.5600004196167;21870;2020-01-06 10:30:00-05:00
13.529999732971191;13.550000190734863;13.40999984741211;13.510000228881836;57260;2020-01-06 11:30:00-05:00
13.510000228881836;13.579999923706056;13.4399995803833;13.550000190734863;43636;2020-01-06 12:30:00-05:00
13.545000076293944;13.56999969482422;13.46500015258789;13.510000228881836;94052;2020-01-06 13:30:00-05:00
13.5;13.649999618530272;13.5;13.635000228881836;46632;2020-01-06 14:30:00-05:00
13.635000228881836;13.635000228881836;13.56999969482422;13.59000015258789;94538;2020-01-06 15:30:00-05:00
13.529999732971191;13.630000114440918;13.40999984741211;13.574999809265137;143834;2020-01-07 09:30:00-05:00
13.56999969482422;13.609999656677246;13.44499969482422;13.529999732971191;84974;2020-01-07 10:30:00-05:00
13.524999618530272;13.550000190734863;13.343999862670898;13.361000061035156;25912;2020-01-07 11:30:00-05:00
13.359999656677246;13.390000343322754;13.31999969482422;13.354999542236328;17876;2020-01-07 12:30:00-05:00
13.350000381469728;13.510000228881836;13.350000381469728;13.450200080871582;29684;2020-01-07 13:30:00-05:00
13.46500015258789;13.470000267028809;13.40999984741211;13.460000038146973;18772;2020-01-07 14:30:00-05:00
13.46500015258789;13.46500015258789;13.34000015258789;13.350000381469728;67746;2020-01-07 15:30:00-05:00
13.380000114440918;13.380000114440918;13.25;13.25;20304;2020-01-08 09:30:00-05:00
13.229999542236328;13.229999542236328;13.140000343322754;13.149999618530272;18368;2020-01-08 10:30:00-05:00
13.149999618530272;13.265000343322754;13.130000114440918;13.210000038146973;16505;2020-01-08 11:30:00-05:00
13.210000038146973;13.25;13.170000076293944;13.199999809265137;16460;2020-01-08 12:30:00-05:00
13.210000038146973;13.220000267028809;13.050000190734863;13.074999809265137;33381;2020-01-08 13:30:00-05:00
13.073200225830078;13.18000030517578;13.0;13.119999885559082;51255;2020-01-08 14:30:00-05:00
13.119999885559082;13.140000343322754;12.989999771118164;13.022500038146973;74877;2020-01-08 15:30:00-05:00
13.100000381469728;13.130000114440918;12.779999732971191;12.803899765014648;20655;2020-01-09 09:30:00-05:00
12.81999969482422;12.979999542236328;12.81999969482422;12.96500015258789;14307;2020-01-09 10:30:00-05:00
13.0600004196167;13.0600004196167;12.989999771118164;12.989999771118164;17693;2020-01-09 11:30:00-05:00
12.989999771118164;13.029999732971191;12.949999809265137;12.970000267028809;11404;2020-01-09 12:30:00-05:00
12.960000038146973;13.0600004196167;12.960000038146973;13.0;10880;2020-01-09 13:30:00-05:00
13.020000457763672;13.029999732971191;12.949999809265137;12.960000038146973;12583;2020-01-09 14:30:00-05:00
12.949999809265137;12.970000267028809;12.869999885559082;12.880000114440918;42083;2020-01-09 15:30:00-05:00
12.899999618530272;12.960000038146973;12.729999542236328;12.920000076293944;21957;2020-01-10 09:30:00-05:00
12.920000076293944;12.960000038146973;12.78499984741211;12.789999961853027;17252;2020-01-10 10:30:00-05:00
12.770000457763672;12.8100004196167;12.729999542236328;12.8100004196167;15715;2020-01-10 11:30:00-05:00
12.800000190734863;12.81999969482422;12.75;12.800000190734863;12180;2020-01-10 12:30:00-05:00
12.795000076293944;12.850000381469728;12.760000228881836;12.770000457763672;11663;2020-01-10 13:30:00-05:00
12.760000228881836;12.760000228881836;12.68000030517578;12.710000038146973;19712;2020-01-10 14:30:00-05:00
12.704999923706056;12.710000038146973;12.5600004196167;12.649999618530272;74669;2020-01-10 15:30:00-05:00
12.880000114440918;12.880000114440918;12.609999656677246;12.710000038146973;26841;2020-01-13 09:30:00-05:00
12.6899995803833;12.920000076293944;12.68000030517578;12.90999984741211;25910;2020-01-13 10:30:00-05:00
12.920000076293944;13.0;12.869999885559082;12.989999771118164;36740;2020-01-13 11:30:00-05:00
12.970000267028809;13.039999961853027;12.9399995803833;13.010000228881836;31812;2020-01-13 12:30:00-05:00
13.010000228881836;13.130000114440918;13.010000228881836;13.119999885559082;25711;2020-01-13 13:30:00-05:00
13.119999885559082;13.140000343322754;13.029999732971191;13.029999732971191;31230;2020-01-13 14:30:00-05:00
13.039999961853027;13.0600004196167;13.020000457763672;13.050000190734863;43781;2020-01-13 15:30:00-05:00
12.989999771118164;13.050000190734863;12.899999618530272;12.920000076293944;17010;2020-01-14 09:30:00-05:00
12.920000076293944;13.100000381469728;12.90999984741211;13.100000381469728;22101;2020-01-14 10:30:00-05:00
13.09000015258789;13.09000015258789;13.039999961853027;13.0600004196167;16464;2020-01-14 11:30:00-05:00
13.050000190734863;13.1899995803833;13.050000190734863;13.170000076293944;20641;2020-01-14 12:30:00-05:00
13.170000076293944;13.1899995803833;13.079999923706056;13.149999618530272;22992;2020-01-14 13:30:00-05:00
13.149999618530272;13.199999809265137;13.109999656677246;13.170000076293944;31588;2020-01-14 14:30:00-05:00
13.170000076293944;13.18000030517578;13.119999885559082;13.130000114440918;34615;2020-01-14 15:30:00-05:00
13.079999923706056;13.279999732971191;13.050000190734863;13.210000038146973;18175;2020-01-15 09:30:00-05:00
13.199999809265137;13.21500015258789;13.15999984741211;13.210000038146973;15789;2020-01-15 10:30:00-05:00
13.210000038146973;13.229999542236328;13.15999984741211;13.15999984741211;14234;2020-01-15 11:30:00-05:00
13.170000076293944;13.170000076293944;12.998499870300291;13.0;29094;2020-01-15 12:30:00-05:00
13.0;13.029999732971191;12.987099647521973;12.994999885559082;25364;2020-01-15 13:30:00-05:00
12.989999771118164;13.0649995803833;12.94499969482422;12.96500015258789;22979;2020-01-15 14:30:00-05:00
12.979999542236328;13.010000228881836;12.979999542236328;12.989999771118164;33752;2020-01-15 15:30:00-05:00
13.079999923706056;13.09000015258789;12.81999969482422;12.989999771118164;66053;2020-01-16 09:30:00-05:00
12.970000267028809;13.020000457763672;12.949999809265137;12.989999771118164;36584;2020-01-16 10:30:00-05:00
12.989999771118164;13.09000015258789;12.970000267028809;13.079999923706056;19605;2020-01-16 11:30:00-05:00
13.06999969482422;13.130000114440918;13.06999969482422;13.130000114440918;15150;2020-01-16 12:30:00-05:00
13.130000114440918;13.244999885559082;13.119999885559082;13.18000030517578;22681;2020-01-16 13:30:00-05:00
13.170000076293944;13.220000267028809;13.170000076293944;13.206100463867188;24473;2020-01-16 14:30:00-05:00
13.199999809265137;13.300000190734863;13.1899995803833;13.300000190734863;46343;2020-01-16 15:30:00-05:00
13.229999542236328;13.449999809265137;13.109999656677246;13.390000343322754;22300;2020-01-17 09:30:00-05:00
13.390000343322754;13.390000343322754;13.0600004196167;13.100000381469728;22500;2020-01-17 10:30:00-05:00
13.100000381469728;13.279999732971191;13.09000015258789;13.255200386047363;21108;2020-01-17 11:30:00-05:00
13.229999542236328;13.279999732971191;13.199999809265137;13.220000267028809;5437;2020-01-17 12:30:00-05:00
13.210000038146973;13.31999969482422;13.210000038146973;13.279999732971191;8867;2020-01-17 13:30:00-05:00
13.289999961853027;13.34000015258789;13.25;13.3100004196167;15507;2020-01-17 14:30:00-05:00
13.3100004196167;13.3149995803833;13.210000038146973;13.25;53999;2020-01-17 15:30:00-05:00
13.170000076293944;13.229999542236328;12.960000038146973;12.979999542236328;18792;2020-01-21 09:30:00-05:00
12.989999771118164;13.010000228881836;12.890000343322754;12.920000076293944;27575;2020-01-21 10:30:00-05:00
12.9399995803833;13.079999923706056;12.90999984741211;13.0600004196167;25472;2020-01-21 11:30:00-05:00
13.0600004196167;13.149999618530272;13.039999961853027;13.05500030517578;18247;2020-01-21 12:30:00-05:00
13.050000190734863;13.09000015258789;12.949999809265137;12.960000038146973;27228;2020-01-21 13:30:00-05:00
12.960000038146973;13.039999961853027;12.949999809265137;13.0;16166;2020-01-21 14:30:00-05:00
13.0;13.020000457763672;12.960000038146973;13.010000228881836;28534;2020-01-21 15:30:00-05:00
13.140000343322754;13.289999961853027;13.06999969482422;13.114999771118164;20679;2020-01-22 09:30:00-05:00
13.100000381469728;13.220000267028809;12.9552001953125;12.970000267028809;45839;2020-01-22 10:30:00-05:00
12.970000267028809;13.0;12.90999984741211;12.9399995803833;19161;2020-01-22 11:30:00-05:00
12.9399995803833;13.020000457763672;12.93000030517578;13.0;16553;2020-01-22 12:30:00-05:00
13.0;13.029999732971191;12.960000038146973;12.979999542236328;25406;2020-01-22 13:30:00-05:00
12.989999771118164;12.994999885559082;12.920000076293944;12.954999923706056;31100;2020-01-22 14:30:00-05:00
12.960000038146973;13.0;12.93000030517578;12.9399995803833;26700;2020-01-22 15:30:00-05:00
12.899999618530272;12.94499969482422;12.760000228881836;12.899999618530272;29269;2020-01-23 09:30:00-05:00
12.90999984741211;12.979999542236328;12.880000114440918;12.890000343322754;19226;2020-01-23 10:30:00-05:00
12.899999618530272;13.020000457763672;12.899999618530272;12.982500076293944;11645;2020-01-23 11:30:00-05:00
13.010000228881836;13.06999969482422;12.979999542236328;13.029999732971191;16913;2020-01-23 12:30:00-05:00
13.039999961853027;13.079999923706056;13.020000457763672;13.0600004196167;17448;2020-01-23 13:30:00-05:00
13.06999969482422;13.100000381469728;13.029999732971191;13.06999969482422;20271;2020-01-23 14:30:00-05:00
13.06999969482422;13.109999656677246;13.029999732971191;13.039999961853027;43985;2020-01-23 15:30:00-05:00
13.100000381469728;13.18000030517578;12.895000457763672;13.020000457763672;72285;2020-01-24 09:30:00-05:00
12.994999885559082;13.09000015258789;12.994999885559082;13.015000343322754;29247;2020-01-24 10:30:00-05:00
13.029999732971191;13.0600004196167;12.920000076293944;12.920000076293944;7170;2020-01-24 11:30:00-05:00
12.960000038146973;13.020000457763672;12.90999984741211;12.90999984741211;11993;2020-01-24 12:30:00-05:00
12.899999618530272;12.93000030517578;12.841300010681152;12.859999656677246;10262;2020-01-24 13:30:00-05:00
12.84000015258789;12.949999809265137;12.8100004196167;12.93000030517578;12973;2020-01-24 14:30:00-05:00
12.899999618530272;12.920000076293944;12.859999656677246;12.899999618530272;24863;2020-01-24 15:30:00-05:00
12.470000267028809;12.729999542236328;12.449999809265137;12.704999923706056;39043;2020-01-27 09:30:00-05:00
12.68000030517578;12.68000030517578;12.451000213623049;12.59000015258789;29899;2020-01-27 10:30:00-05:00
12.59000015258789;12.6899995803833;12.59000015258789;12.670000076293944;14520;2020-01-27 11:30:00-05:00
12.670000076293944;12.789999961853027;12.670000076293944;12.779999732971191;19113;2020-01-27 12:30:00-05:00
12.770000457763672;12.770000457763672;12.675000190734863;12.704999923706056;18803;2020-01-27 13:30:00-05:00
12.720000267028809;12.729999542236328;12.649999618530272;12.6850004196167;21498;2020-01-27 14:30:00-05:00
12.664999961853027;12.710000038146973;12.59000015258789;12.619999885559082;91879;2020-01-27 15:30:00-05:00
12.720000267028809;12.880000114440918;12.635000228881836;12.829999923706056;19461;2020-01-28 09:30:00-05:00
12.829999923706056;12.859999656677246;12.699999809265137;12.720000267028809;13913;2020-01-28 10:30:00-05:00
12.729999542236328;12.8149995803833;12.640000343322754;12.8100004196167;21312;2020-01-28 11:30:00-05:00
12.8100004196167;12.84000015258789;12.739999771118164;12.770000457763672;19210;2020-01-28 12:30:00-05:00
12.770000457763672;12.84000015258789;12.760000228881836;12.770000457763672;32169;2020-01-28 13:30:00-05:00
12.770000457763672;12.822500228881836;12.75;12.822500228881836;20561;2020-01-28 14:30:00-05:00
12.81999969482422;12.829999923706056;12.770000457763672;12.779999732971191;22635;2020-01-28 15:30:00-05:00
12.789999961853027;13.010000228881836;12.710000038146973;12.899999618530272;18374;2020-01-29 09:30:00-05:00
12.979999542236328;12.979999542236328;12.869999885559082;12.880000114440918;7368;2020-01-29 10:30:00-05:00
12.860199928283691;12.860199928283691;12.789999961853027;12.829999923706056;10725;2020-01-29 11:30:00-05:00
12.81999969482422;12.869999885559082;12.770000457763672;12.869999885559082;7064;2020-01-29 12:30:00-05:00
12.899999618530272;12.90999984741211;12.829999923706056;12.84000015258789;34515;2020-01-29 13:30:00-05:00
12.84000015258789;12.84000015258789;12.779999732971191;12.829999923706056;16238;2020-01-29 14:30:00-05:00
12.829999923706056;12.829999923706056;12.729999542236328;12.739999771118164;18254;2020-01-29 15:30:00-05:00
12.579999923706056;12.960000038146973;12.5;12.78499984741211;65872;2020-01-30 09:30:00-05:00
12.78499984741211;12.859600067138672;12.645000457763672;12.800000190734863;24855;2020-01-30 10:30:00-05:00
12.829999923706056;12.875;12.789999961853027;12.829999923706056;35067;2020-01-30 11:30:00-05:00
12.829999923706056;12.829999923706056;12.760000228881836;12.800000190734863;32535;2020-01-30 12:30:00-05:00
12.8100004196167;12.850000381469728;12.78499984741211;12.8100004196167;18423;2020-01-30 13:30:00-05:00
12.824999809265137;12.875;12.804699897766112;12.84000015258789;27960;2020-01-30 14:30:00-05:00
12.835000038146973;12.93000030517578;12.81999969482422;12.829999923706056;72687;2020-01-30 15:30:00-05:00
12.770000457763672;12.779999732971191;12.600000381469728;12.699999809265137;27532;2020-01-31 09:30:00-05:00
12.699999809265137;12.770000457763672;12.65999984741211;12.68000030517578;41966;2020-01-31 10:30:00-05:00
12.6899995803833;12.770000457763672;12.619999885559082;12.6899995803833;33206;2020-01-31 11:30:00-05:00
12.6899995803833;12.760000228881836;12.65999984741211;12.75;188817;2020-01-31 12:30:00-05:00
12.760000228881836;12.760000228881836;12.539999961853027;12.609999656677246;48995;2020-01-31 13:30:00-05:00
12.609999656677246;12.710000038146973;12.479999542236328;12.489999771118164;51747;2020-01-31 14:30:00-05:00
12.489999771118164;12.520000457763672;12.4399995803833;12.470000267028809;53203;2020-01-31 15:30:00-05:00
12.649999618530272;12.859999656677246;12.529999732971191;12.6850004196167;60224;2020-02-03 09:30:00-05:00
12.68000030517578;12.789999961853027;12.520000457763672;12.55500030517578;35508;2020-02-03 10:30:00-05:00
12.550000190734863;12.6850004196167;12.5;12.645000457763672;44293;2020-02-03 11:30:00-05:00
12.630000114440918;12.670000076293944;12.585000038146973;12.640000343322754;15444;2020-02-03 12:30:00-05:00
12.640000343322754;12.649999618530272;12.59000015258789;12.619999885559082;12168;2020-02-03 13:30:00-05:00
12.630000114440918;12.739999771118164;12.630000114440918;12.670000076293944;44689;2020-02-03 14:30:00-05:00
12.65999984741211;12.65999984741211;12.600000381469728;12.649999618530272;59003;2020-02-03 15:30:00-05:00
12.859999656677246;13.050000190734863;12.760000228881836;12.960000038146973;74991;2020-02-04 09:30:00-05:00
12.970000267028809;13.079999923706056;12.899999618530272;12.994999885559082;46169;2020-02-04 10:30:00-05:00
12.979999542236328;12.989999771118164;12.850000381469728;12.979999542236328;60970;2020-02-04 11:30:00-05:00
12.970000267028809;12.984999656677246;12.904999732971191;12.907500267028809;41984;2020-02-04 12:30:00-05:00
12.90999984741211;12.90999984741211;12.8100004196167;12.854999542236328;166720;2020-02-04 13:30:00-05:00
12.850000381469728;12.880000114440918;12.789999961853027;12.789999961853027;110054;2020-02-04 14:30:00-05:00
12.789999961853027;12.8100004196167;12.600000381469728;12.600000381469728;146811;2020-02-04 15:30:00-05:00
13.329999923706056;14.300000190734863;13.18000030517578;13.864999771118164;245024;2020-02-05 09:30:00-05:00
13.864999771118164;13.920000076293944;13.640000343322754;13.859999656677246;100616;2020-02-05 10:30:00-05:00
13.864999771118164;13.979999542236328;13.789999961853027;13.90999984741211;77055;2020-02-05 11:30:00-05:00
13.899999618530272;13.920000076293944;13.779999732971191;13.8100004196167;51649;2020-02-05 12:30:00-05:00
13.8100004196167;13.845000267028809;13.729999542236328;13.770000457763672;39608;2020-02-05 13:30:00-05:00
13.779999732971191;13.800000190734863;13.550000190734863;13.68000030517578;96704;2020-02-05 14:30:00-05:00
13.699999809265137;13.8100004196167;13.600000381469728;13.609999656677246;166155;2020-02-05 15:30:00-05:00
13.699999809265137;13.729999542236328;13.15999984741211;13.4399995803833;55739;2020-02-06 09:30:00-05:00
13.470000267028809;13.550000190734863;13.329999923706056;13.5;68251;2020-02-06 10:30:00-05:00
13.520000457763672;13.520000457763672;13.399999618530272;13.460000038146973;23979;2020-02-06 11:30:00-05:00
13.4399995803833;13.4399995803833;13.239999771118164;13.260000228881836;34570;2020-02-06 12:30:00-05:00
13.260000228881836;13.270000457763672;13.18000030517578;13.270000457763672;30889;2020-02-06 13:30:00-05:00
13.279999732971191;13.380000114440918;13.270000457763672;13.274999618530272;36441;2020-02-06 14:30:00-05:00
13.279999732971191;13.3100004196167;13.220000267028809;13.234999656677246;88526;2020-02-06 15:30:00-05:00
13.09000015258789;13.14210033416748;12.8100004196167;12.93000030517578;21128;2020-02-07 09:30:00-05:00
12.920000076293944;13.029999732971191;12.890000343322754;12.9399995803833;37787;2020-02-07 10:30:00-05:00
12.93000030517578;12.949999809265137;12.885000228881836;12.892499923706056;21018;2020-02-07 11:30:00-05:00
12.899999618530272;12.899999618530272;12.869999885559082;12.885000228881836;9442;2020-02-07 12:30:00-05:00
12.880000114440918;12.890000343322754;12.779999732971191;12.850000381469728;23862;2020-02-07 13:30:00-05:00
12.854999542236328;12.979999542236328;12.8100004196167;12.81999969482422;183035;2020-02-07 14:30:00-05:00
12.824999809265137;12.90999984741211;12.78499984741211;12.81999969482422;93071;2020-02-07 15:30:00-05:00
12.789999961853027;12.970000267028809;12.729999542236328;12.859999656677246;41586;2020-02-10 09:30:00-05:00
12.850000381469728;12.979999542236328;12.829999923706056;12.899999618530272;21615;2020-02-10 10:30:00-05:00
12.899999618530272;12.979999542236328;12.850000381469728;12.899999618530272;45638;2020-02-10 11:30:00-05:00
12.904999732971191;12.914999961853027;12.789999961853027;12.824999809265137;30806;2020-02-10 12:30:00-05:00
12.824999809265137;12.829999923706056;12.800000190734863;12.8100004196167;16402;2020-02-10 13:30:00-05:00
12.8100004196167;13.0;12.8100004196167;12.979999542236328;86186;2020-02-10 14:30:00-05:00
12.975000381469728;12.979999542236328;12.93000030517578;12.949999809265137;44558;2020-02-10 15:30:00-05:00
13.079999923706056;13.34000015258789;13.079999923706056;13.25;82144;2020-02-11 09:30:00-05:00
13.25;13.265000343322754;13.050000190734863;13.0600004196167;58997;2020-02-11 10:30:00-05:00
13.0600004196167;13.0600004196167;12.979999542236328;13.029999732971191;71180;2020-02-11 11:30:00-05:00
13.024999618530272;13.06999969482422;13.010000228881836;13.039999961853027;69947;2020-02-11 12:30:00-05:00
13.029999732971191;13.0600004196167;13.020000457763672;13.020000457763672;83864;2020-02-11 13:30:00-05:00
13.039999961853027;13.050000190734863;12.96500015258789;13.0;96136;2020-02-11 14:30:00-05:00
13.0;13.039999961853027;12.970000267028809;13.020000457763672;135948;2020-02-11 15:30:00-05:00
13.170000076293944;13.34000015258789;13.039999961853027;13.05500030517578;199380;2020-02-12 09:30:00-05:00
13.09000015258789;13.104999542236328;12.93000030517578;13.020000457763672;30867;2020-02-12 10:30:00-05:00
12.989999771118164;13.109999656677246;12.899999618530272;13.109999656677246;39148;2020-02-12 11:30:00-05:00
13.130000114440918;13.239999771118164;13.130000114440918;13.199999809265137;81875;2020-02-12 12:30:00-05:00
13.199999809265137;13.210000038146973;13.130000114440918;13.135000228881836;21221;2020-02-12 13:30:00-05:00
13.140000343322754;13.140000343322754;13.079999923706056;13.100000381469728;193982;2020-02-12 14:30:00-05:00
13.100000381469728;13.239999771118164;13.09000015258789;13.210000038146973;95362;2020-02-12 15:30:00-05:00
13.31999969482422;13.800000190734863;13.229999542236328;13.454999923706056;89908;2020-02-13 09:30:00-05:00
13.470000267028809;13.539999961853027;13.395000457763672;13.399999618530272;63169;2020-02-13 10:30:00-05:00
13.399999618530272;13.479999542236328;13.359999656677246;13.4399995803833;64799;2020-02-13 11:30:00-05:00
13.43000030517578;13.4399995803833;13.289999961853027;13.300000190734863;17209;2020-02-13 12:30:00-05:00
13.300000190734863;13.31999969482422;13.25;13.279999732971191;33384;2020-02-13 13:30:00-05:00
13.279999732971191;13.279999732971191;13.18000030517578;13.18000030517578;34890;2020-02-13 14:30:00-05:00
13.175000190734863;13.260000228881836;13.175000190734863;13.25;42261;2020-02-13 15:30:00-05:00
13.260000228881836;13.539999961853027;13.119999885559082;13.369999885559082;50429;2020-02-14 09:30:00-05:00
13.350000381469728;13.380000114440918;13.1899995803833;13.260000228881836;31734;2020-02-14 10:30:00-05:00
13.260000228881836;13.260000228881836;13.109999656677246;13.130000114440918;30681;2020-02-14 11:30:00-05:00
13.130000114440918;13.140000343322754;13.039999961853027;13.085000038146973;19139;2020-02-14 12:30:00-05:00
13.06999969482422;13.18000030517578;13.06999969482422;13.149999618530272;16799;2020-02-14 13:30:00-05:00
13.149999618530272;13.229999542236328;13.145000457763672;13.220000267028809;25428;2020-02-14 14:30:00-05:00
13.225000381469728;13.289999961853027;13.210000038146973;13.289999961853027;53624;2020-02-14 15:30:00-05:00
13.31999969482422;13.31999969482422;12.960000038146973;12.960000038146973;42237;2020-02-18 09:30:00-05:00
12.920000076293944;13.079999923706056;12.890000343322754;12.93000030517578;24334;2020-02-18 10:30:00-05:00
12.93000030517578;12.949999809265137;12.800000190734863;12.890000343322754;29692;2020-02-18 11:30:00-05:00
12.859999656677246;12.920000076293944;12.850000381469728;12.850000381469728;9206;2020-02-18 12:30:00-05:00
12.84000015258789;12.850000381469728;12.760000228881836;12.829999923706056;9282;2020-02-18 13:30:00-05:00
12.859999656677246;12.869999885559082;12.779999732971191;12.800000190734863;17113;2020-02-18 14:30:00-05:00
12.789999961853027;12.789999961853027;12.68000030517578;12.760000228881836;46464;2020-02-18 15:30:00-05:00
12.84000015258789;12.970000267028809;12.779999732971191;12.924699783325195;71728;2020-02-19 09:30:00-05:00
12.949999809265137;13.020000457763672;12.920000076293944;12.949999809265137;13006;2020-02-19 10:30:00-05:00
12.949999809265137;12.949999809265137;12.859999656677246;12.859999656677246;15905;2020-02-19 11:30:00-05:00
12.840100288391112;12.93000030517578;12.840100288391112;12.914999961853027;10682;2020-02-19 12:30:00-05:00
12.920000076293944;12.979999542236328;12.739999771118164;12.78499984741211;31325;2020-02-19 13:30:00-05:00
12.770000457763672;12.829999923706056;12.75;12.779999732971191;22443;2020-02-19 14:30:00-05:00
12.779999732971191;12.8100004196167;12.739999771118164;12.75;53641;2020-02-19 15:30:00-05:00
12.710000038146973;12.949999809265137;12.649999618530272;12.925000190734863;41243;2020-02-20 09:30:00-05:00
12.979999542236328;12.989999771118164;12.890000343322754;12.9350004196167;18396;2020-02-20 10:30:00-05:00
12.920000076293944;12.989999771118164;12.833499908447266;12.890000343322754;35552;2020-02-20 11:30:00-05:00
12.899999618530272;12.979999542236328;12.880000114440918;12.960000038146973;42254;2020-02-20 12:30:00-05:00
12.96500015258789;12.970000267028809;12.78499984741211;12.78499984741211;44857;2020-02-20 13:30:00-05:00
12.78499984741211;12.829999923706056;12.779999732971191;12.795000076293944;30495;2020-02-20 14:30:00-05:00
12.800000190734863;12.890000343322754;12.774999618530272;12.84000015258789;65090;2020-02-20 15:30:00-05:00
12.789999961853027;12.800000190734863;12.65999984741211;12.65999984741211;57488;2020-02-21 09:30:00-05:00
12.664999961853027;12.664999961853027;12.479999542236328;12.56999969482422;37727;2020-02-21 10:30:00-05:00
12.56999969482422;12.579999923706056;12.470000267028809;12.529999732971191;16050;2020-02-21 11:30:00-05:00
12.529999732971191;12.550000190734863;12.460000038146973;12.529999732971191;18572;2020-02-21 12:30:00-05:00
12.539999961853027;12.539999961853027;12.489999771118164;12.5;24078;2020-02-21 13:30:00-05:00
12.510000228881836;12.550000190734863;12.5;12.510000228881836;27350;2020-02-21 14:30:00-05:00
12.510000228881836;12.609999656677246;12.510000228881836;12.600000381469728;35151;2020-02-21 15:30:00-05:00
12.270000457763672;12.270000457763672;11.800000190734863;11.850000381469728;51639;2020-02-24 09:30:00-05:00
11.829999923706056;11.895000457763672;11.800000190734863;11.800000190734863;19454;2020-02-24 10:30:00-05:00
11.800000190734863;11.829999923706056;11.739999771118164;11.739999771118164;29196;2020-02-24 11:30:00-05:00
11.739999771118164;11.770000457763672;11.68000030517578;11.720000267028809;23496;2020-02-24 12:30:00-05:00
11.755000114440918;11.770000457763672;11.5;11.617300033569336;83078;2020-02-24 13:30:00-05:00
11.619999885559082;11.8100004196167;11.600000381469728;11.770000457763672;95117;2020-02-24 14:30:00-05:00
11.770000457763672;11.890000343322754;11.760000228881836;11.760000228881836;99090;2020-02-24 15:30:00-05:00
11.84000015258789;12.0600004196167;11.770000457763672;11.770000457763672;42041;2020-02-25 09:30:00-05:00
11.75;11.81999969482422;11.630000114440918;11.72719955444336;24576;2020-02-25 10:30:00-05:00
11.729999542236328;11.8100004196167;11.579999923706056;11.600000381469728;34420;2020-02-25 11:30:00-05:00
11.579999923706056;11.619999885559082;11.515000343322754;11.520000457763672;22515;2020-02-25 12:30:00-05:00
11.510000228881836;11.520000457763672;11.359999656677246;11.399999618530272;29973;2020-02-25 13:30:00-05:00
11.390000343322754;11.4399995803833;11.3100004196167;11.380000114440918;32503;2020-02-25 14:30:00-05:00
11.369999885559082;11.40999984741211;11.300000190734863;11.3100004196167;62379;2020-02-25 15:30:00-05:00
11.420000076293944;11.619999885559082;11.329999923706056;11.520000457763672;53627;2020-02-26 09:30:00-05:00
11.520000457763672;11.649999618530272;11.484999656677246;11.649999618530272;43620;2020-02-26 10:30:00-05:00
11.640000343322754;11.6899995803833;11.545000076293944;11.550000190734863;53294;2020-02-26 11:30:00-05:00
11.550000190734863;11.59000015258789;11.399999618530272;11.399999618530272;22218;2020-02-26 12:30:00-05:00
11.399999618530272;11.404999732971191;11.109999656677246;11.15999984741211;52217;2020-02-26 13:30:00-05:00
11.149999618530272;11.175000190734863;11.06999969482422;11.06999969482422;43634;2020-02-26 14:30:00-05:00
11.079999923706056;11.109999656677246;11.039999961853027;11.050000190734863;66782;2020-02-26 15:30:00-05:00
10.68000030517578;10.81999969482422;10.520000457763672;10.5600004196167;56949;2020-02-27 09:30:00-05:00
10.550000190734863;10.9399995803833;10.5;10.829999923706056;51515;2020-02-27 10:30:00-05:00
10.84000015258789;11.09000015258789;10.84000015258789;11.039999961853027;23175;2020-02-27 11:30:00-05:00
11.0600004196167;11.125;11.029999732971191;11.029999732971191;25832;2020-02-27 12:30:00-05:00
11.039999961853027;11.0649995803833;10.880000114440918;10.970000267028809;30528;2020-02-27 13:30:00-05:00
10.960000038146973;10.994999885559082;10.869999885559082;10.885000228881836;40688;2020-02-27 14:30:00-05:00
10.880000114440918;10.899999618530272;10.609999656677246;10.630000114440918;131985;2020-02-27 15:30:00-05:00
10.09000015258789;10.65089988708496;10.09000015258789;10.489999771118164;34396;2020-02-28 09:30:00-05:00
10.5;10.600000381469728;10.420000076293944;10.46500015258789;56063;2020-02-28 10:30:00-05:00
10.46500015258789;10.729999542236328;10.46500015258789;10.550000190734863;25592;2020-02-28 11:30:00-05:00
10.579999923706056;10.619999885559082;10.479999542236328;10.479999542236328;24601;2020-02-28 12:30:00-05:00
10.449999809265137;10.460000038146973;10.350000381469728;10.40999984741211;25697;2020-02-28 13:30:00-05:00
10.40999984741211;10.579999923706056;10.380000114440918;10.380000114440918;36282;2020-02-28 14:30:00-05:00
10.380000114440918;10.539999961853027;10.31999969482422;10.479999542236328;98892;2020-02-28 15:30:00-05:00
10.539999961853027;10.550000190734863;10.18000030517578;10.375;49557;2020-03-02 09:30:00-05:00
10.380000114440918;10.670000076293944;10.369999885559082;10.649999618530272;19273;2020-03-02 10:30:00-05:00
10.670000076293944;10.729999542236328;10.600000381469728;10.630000114440918;22118;2020-03-02 11:30:00-05:00
10.649999618530272;10.770000457763672;10.630000114440918;10.630000114440918;22354;2020-03-02 12:30:00-05:00
10.649999618530272;10.760000228881836;10.640000343322754;10.6899995803833;23172;2020-03-02 13:30:00-05:00
10.675000190734863;10.710000038146973;10.600000381469728;10.678899765014648;17807;2020-03-02 14:30:00-05:00
10.68000030517578;10.84000015258789;10.670000076293944;10.8100004196167;80480;2020-03-02 15:30:00-05:00
10.8100004196167;11.19499969482422;10.760000228881836;11.029999732971191;31898;2020-03-03 09:30:00-05:00
11.039999961853027;11.06999969482422;10.729999542236328;10.760000228881836;20315;2020-03-03 10:30:00-05:00
10.699999809265137;10.8100004196167;10.65999984741211;10.720000267028809;14243;2020-03-03 11:30:00-05:00
10.710000038146973;10.760000228881836;10.539999961853027;10.550000190734863;19457;2020-03-03 12:30:00-05:00
10.5649995803833;10.600000381469728;10.34000015258789;10.5;55760;2020-03-03 13:30:00-05:00
10.475000381469728;10.5600004196167;10.420000076293944;10.5600004196167;31629;2020-03-03 14:30:00-05:00
10.569899559020996;10.569899559020996;10.329999923706056;10.369999885559082;45801;2020-03-03 15:30:00-05:00
10.609999656677246;10.609999656677246;10.34000015258789;10.489999771118164;12058;2020-03-04 09:30:00-05:00
10.475000381469728;10.475000381469728;10.274999618530272;10.354999542236328;34498;2020-03-04 10:30:00-05:00
10.420000076293944;10.460000038146973;10.289999961853027;10.414999961853027;39353;2020-03-04 11:30:00-05:00
10.414999961853027;10.520000457763672;10.350000381469728;10.475199699401855;21864;2020-03-04 12:30:00-05:00
10.489999771118164;10.529999732971191;10.40999984741211;10.469599723815918;27001;2020-03-04 13:30:00-05:00
10.470000267028809;10.520000457763672;10.43000030517578;10.5;57296;2020-03-04 14:30:00-05:00
10.5;10.5600004196167;10.479999542236328;10.5;116171;2020-03-04 15:30:00-05:00
10.020000457763672;10.09000015258789;9.93000030517578;9.960000038146973;32363;2020-03-05 09:30:00-05:00
9.93000030517578;9.93000030517578;9.770000457763672;9.895000457763672;12655;2020-03-05 10:30:00-05:00
9.925000190734863;9.989999771118164;9.835000038146973;9.850000381469728;37182;2020-03-05 11:30:00-05:00
9.84000015258789;9.9399995803833;9.774999618530272;9.850000381469728;46367;2020-03-05 12:30:00-05:00
9.869999885559082;10.010000228881836;9.850000381469728;9.93000030517578;39080;2020-03-05 13:30:00-05:00
9.93000030517578;10.010000228881836;9.84000015258789;9.880000114440918;36277;2020-03-05 14:30:00-05:00
9.869999885559082;9.869999885559082;9.720000267028809;9.789999961853027;89545;2020-03-05 15:30:00-05:00
9.529999732971191;9.770000457763672;9.4350004196167;9.760000228881836;49460;2020-03-06 09:30:00-05:00
9.770000457763672;9.770000457763672;9.4399995803833;9.4399995803833;31129;2020-03-06 10:30:00-05:00
9.420000076293944;9.470000267028809;9.380000114440918;9.4399995803833;34381;2020-03-06 11:30:00-05:00
9.479999542236328;9.529999732971191;9.46679973602295;9.510000228881836;32844;2020-03-06 12:30:00-05:00
9.510000228881836;9.539999961853027;9.449999809265137;9.494999885559082;61222;2020-03-06 13:30:00-05:00
9.479999542236328;9.489999771118164;9.329999923706056;9.34000015258789;53773;2020-03-06 14:30:00-05:00
9.329999923706056;9.5;9.329999923706056;9.460000038146973;56714;2020-03-06 15:30:00-05:00
8.739999771118164;8.84000015258789;8.630000114440918;8.765000343322754;19298;2020-03-09 09:30:00-04:00
8.729999542236328;9.079999923706056;8.729999542236328;9.0600004196167;76619;2020-03-09 10:30:00-04:00
9.050000190734863;9.1850004196167;8.989999771118164;9.15999984741211;62382;2020-03-09 11:30:00-04:00
9.204999923706056;9.239999771118164;9.050000190734863;9.164999961853027;116859;2020-03-09 12:30:00-04:00
9.15999984741211;9.15999984741211;9.020000457763672;9.09000015258789;103784;2020-03-09 13:30:00-04:00
9.09000015258789;9.270000457763672;9.05500030517578;9.170000076293944;130332;2020-03-09 14:30:00-04:00
9.140000343322754;9.1899995803833;8.920000076293945;8.930000305175781;101915;2020-03-09 15:30:00-04:00
9.18000030517578;9.300000190734863;8.960000038146973;9.21500015258789;55525;2020-03-10 09:30:00-04:00
9.210000038146973;9.220000267028809;9.100000381469728;9.100000381469728;47800;2020-03-10 10:30:00-04:00
9.114999771118164;9.229999542236328;9.029999732971191;9.149999618530272;71138;2020-03-10 11:30:00-04:00
9.140000343322754;9.25;9.050000190734863;9.239999771118164;63993;2020-03-10 12:30:00-04:00
9.260000228881836;9.3100004196167;9.1899995803833;9.265000343322754;93462;2020-03-10 13:30:00-04:00
9.270000457763672;9.510000228881836;9.260000228881836;9.399999618530272;111047;2020-03-10 14:30:00-04:00
9.414999961853027;9.449999809265137;9.359999656677246;9.43000030517578;116120;2020-03-10 15:30:00-04:00
9.100000381469728;9.239999771118164;8.989999771118164;9.1850004196167;107778;2020-03-11 09:30:00-04:00
9.18000030517578;9.3100004196167;8.970000267028809;9.0;77315;2020-03-11 10:30:00-04:00
9.0;9.19499969482422;8.979999542236328;9.09000015258789;105173;2020-03-11 11:30:00-04:00
9.079999923706056;9.079999923706056;8.84000015258789;8.899999618530273;41187;2020-03-11 12:30:00-04:00
8.895000457763672;8.9399995803833;8.880000114440918;8.880000114440918;57690;2020-03-11 13:30:00-04:00
8.869999885559082;8.880000114440918;8.630000114440918;8.645000457763672;110432;2020-03-11 14:30:00-04:00
8.649999618530273;8.8100004196167;8.640000343322754;8.800000190734863;69320;2020-03-11 15:30:00-04:00
7.889999866485596;7.889999866485596;7.800000190734863;7.849999904632568;31077;2020-03-12 09:30:00-04:00
7.849999904632568;8.385000228881836;7.849999904632568;8.385000228881836;35874;2020-03-12 10:30:00-04:00
8.380000114440918;8.539999961853027;8.350000381469727;8.359999656677246;108749;2020-03-12 11:30:00-04:00
8.350000381469727;8.350000381469727;8.239999771118164;8.25;56793;2020-03-12 12:30:00-04:00
8.239999771118164;8.25;8.020000457763672;8.050000190734863;41038;2020-03-12 13:30:00-04:00
8.050000190734863;8.109999656677246;8.010000228881836;8.010000228881836;66412;2020-03-12 14:30:00-04:00
8.010000228881836;8.079999923706055;7.980000019073486;8.015000343322754;69336;2020-03-12 15:30:00-04:00
8.470000267028809;8.475000381469727;7.949999809265137;7.949999809265137;88469;2020-03-13 09:30:00-04:00
7.974999904632568;8.0600004196167;7.820000171661377;7.829999923706055;71154;2020-03-13 10:30:00-04:00
7.829999923706055;7.829999923706055;7.539999961853027;7.539999961853027;55929;2020-03-13 11:30:00-04:00
7.550000190734863;7.78000020980835;7.550000190734863;7.764999866485596;137022;2020-03-13 12:30:00-04:00
7.769999980926514;7.800000190734863;7.5;7.5;61405;2020-03-13 13:30:00-04:00
7.510000228881836;7.710000038146973;7.25;7.550000190734863;136403;2020-03-13 14:30:00-04:00
7.519999980926514;7.960000038146973;7.389999866485596;7.949999809265137;81705;2020-03-13 15:30:00-04:00
7.300000190734863;7.349999904632568;7.059999942779541;7.059999942779541;0;2020-03-16 09:30:00-04:00
7.059999942779541;7.130000114440918;6.820000171661377;6.949999809265137;125627;2020-03-16 10:30:00-04:00
6.949999809265137;6.96999979019165;6.769999980926514;6.789999961853027;62956;2020-03-16 11:30:00-04:00
6.795000076293945;6.795000076293945;6.289999961853027;6.369999885559082;90123;2020-03-16 12:30:00-04:00
6.349999904632568;6.360000133514404;6.099999904632568;6.110000133514404;61724;2020-03-16 13:30:00-04:00
6.110000133514404;6.239999771118164;6.099999904632568;6.239999771118164;51122;2020-03-16 14:30:00-04:00
6.235000133514404;6.309999942779541;6.210000038146973;6.239999771118164;68782;2020-03-16 15:30:00-04:00
6.260000228881836;6.340000152587891;5.639999866485596;6.0;74892;2020-03-17 09:30:00-04:00
5.974999904632568;6.0;5.690000057220459;5.724999904632568;193513;2020-03-17 10:30:00-04:00
5.724999904632568;5.940000057220459;5.690000057220459;5.869999885559082;144222;2020-03-17 11:30:00-04:00
5.880000114440918;5.900000095367432;5.75;5.75;46971;2020-03-17 12:30:00-04:00
5.75;5.860000133514404;5.720099925994873;5.849999904632568;103007;2020-03-17 13:30:00-04:00
5.849999904632568;5.96999979019165;5.840000152587891;5.894999980926514;49425;2020-03-17 14:30:00-04:00
5.889999866485596;6.110000133514404;5.889999866485596;6.059999942779541;146823;2020-03-17 15:30:00-04:00
5.690000057220459;5.820000171661377;5.429999828338623;5.429999828338623;0;2020-03-18 09:30:00-04:00
5.420000076293945;5.929999828338623;5.420000076293945;5.880000114440918;62477;2020-03-18 10:30:00-04:00
5.900000095367432;6.110000133514404;5.809999942779541;5.860000133514404;73733;2020-03-18 11:30:00-04:00
5.869900226593018;5.889999866485596;5.739999771118164;5.760000228881836;41629;2020-03-18 12:30:00-04:00
5.739999771118164;5.820000171661377;5.590000152587891;5.679999828338623;61812;2020-03-18 13:30:00-04:00
5.679999828338623;6.159999847412109;5.670000076293945;6.144999980926514;81013;2020-03-18 14:30:00-04:00
6.130000114440918;6.329999923706055;6.130000114440918;6.320000171661377;87532;2020-03-18 15:30:00-04:00
6.340000152587891;6.400000095367432;5.960000038146973;6.329999923706055;38846;2020-03-19 09:30:00-04:00
6.420000076293945;6.699999809265137;6.309999942779541;6.585000038146973;120838;2020-03-19 10:30:00-04:00
6.585000038146973;6.880000114440918;6.585000038146973;6.85099983215332;69223;2020-03-19 11:30:00-04:00
6.855000019073486;7.010000228881836;6.849999904632568;7.0;69358;2020-03-19 12:30:00-04:00
6.994999885559082;7.146500110626221;6.989999771118164;7.079999923706055;74292;2020-03-19 13:30:00-04:00
7.079999923706055;7.119999885559082;6.960000038146973;7.03000020980835;57316;2020-03-19 14:30:00-04:00
7.025000095367432;7.150000095367432;7.0;7.119999885559082;91583;2020-03-19 15:30:00-04:00
7.139999866485596;7.1528000831604;6.889999866485596;7.099999904632568;93557;2020-03-20 09:30:00-04:00
7.090000152587891;7.275000095367432;6.880000114440918;6.949999809265137;78712;2020-03-20 10:30:00-04:00
6.949999809265137;7.059999942779541;6.670000076293945;6.670000076293945;55726;2020-03-20 11:30:00-04:00
6.659999847412109;6.900000095367432;6.659999847412109;6.829999923706055;65759;2020-03-20 12:30:00-04:00
6.840000152587891;6.880000114440918;6.610000133514404;6.630000114440918;55493;2020-03-20 13:30:00-04:00
6.659999847412109;6.710000038146973;6.539999961853027;6.650000095367432;113435;2020-03-20 14:30:00-04:00
6.659999847412109;6.800000190734863;6.46999979019165;6.760000228881836;239619;2020-03-20 15:30:00-04:00
6.650100231170654;6.75;6.110000133514404;6.409999847412109;43111;2020-03-23 09:30:00-04:00
6.409999847412109;6.445000171661377;6.090000152587891;6.099599838256836;65039;2020-03-23 10:30:00-04:00
6.099999904632568;6.355000019073486;6.099999904632568;6.348800182342529;46247;2020-03-23 11:30:00-04:00
6.329999923706055;6.400000095367432;6.119999885559082;6.179999828338623;38199;2020-03-23 12:30:00-04:00
6.190000057220459;6.204999923706055;5.900000095367432;6.050000190734863;81823;2020-03-23 13:30:00-04:00
6.039999961853027;6.150000095367432;5.96999979019165;6.079999923706055;66137;2020-03-23 14:30:00-04:00
6.085000038146973;6.110000133514404;6.039999961853027;6.079999923706055;81960;2020-03-23 15:30:00-04:00
6.460000038146973;6.614999771118164;6.389999866485596;6.550000190734863;0;2020-03-24 09:30:00-04:00
6.550000190734863;6.599999904632568;6.46999979019165;6.574999809265137;47041;2020-03-24 10:30:00-04:00
6.574999809265137;6.75;6.570000171661377;6.75;15136;2020-03-24 11:30:00-04:00
6.75;6.800000190734863;6.730000019073486;6.769999980926514;24897;2020-03-24 12:30:00-04:00
6.75;6.75;6.568999767303467;6.619999885559082;18725;2020-03-24 13:30:00-04:00
6.610000133514404;6.65500020980835;6.539999961853027;6.625;47275;2020-03-24 14:30:00-04:00
6.625;6.71999979019165;6.625;6.71999979019165;59436;2020-03-24 15:30:00-04:00
6.849999904632568;6.980000019073486;6.559999942779541;6.920000076293945;0;2020-03-25 09:30:00-04:00
6.949999809265137;7.425000190734863;6.909999847412109;7.269999980926514;77896;2020-03-25 10:30:00-04:00
7.269999980926514;7.519999980926514;7.204999923706055;7.429999828338623;53016;2020-03-25 11:30:00-04:00
7.420000076293945;7.53000020980835;7.320000171661377;7.355000019073486;54624;2020-03-25 12:30:00-04:00
7.340000152587891;7.585000038146973;7.289999961853027;7.389999866485596;51133;2020-03-25 13:30:00-04:00
7.360000133514404;7.5;7.260000228881836;7.400000095367432;49212;2020-03-25 14:30:00-04:00
7.400000095367432;7.46999979019165;7.210000038146973;7.21999979019165;49768;2020-03-25 15:30:00-04:00
7.21999979019165;7.550000190734863;7.119999885559082;7.409999847412109;50276;2020-03-26 09:30:00-04:00
7.409999847412109;7.507500171661377;7.289999961853027;7.420000076293945;22956;2020-03-26 10:30:00-04:00
7.445000171661377;7.499000072479248;7.320000171661377;7.400000095367432;31640;2020-03-26 11:30:00-04:00
7.414999961853027;7.46999979019165;7.329999923706055;7.445000171661377;74837;2020-03-26 12:30:00-04:00
7.449999809265137;7.53000020980835;7.369999885559082;7.489999771118164;55841;2020-03-26 13:30:00-04:00
7.510000228881836;7.53000020980835;7.46999979019165;7.5;91036;2020-03-26 14:30:00-04:00
7.5;7.710000038146973;7.489999771118164;7.699999809265137;51639;2020-03-26 15:30:00-04:00
7.440000057220459;7.53000020980835;7.090000152587891;7.309999942779541;24305;2020-03-27 09:30:00-04:00
7.300000190734863;7.300000190734863;7.139999866485596;7.230000019073486;18655;2020-03-27 10:30:00-04:00
7.230000019073486;7.349999904632568;7.190000057220459;7.304999828338623;44869;2020-03-27 11:30:00-04:00
7.300000190734863;7.380000114440918;7.21999979019165;7.289999961853027;26564;2020-03-27 12:30:00-04:00
7.289999961853027;7.429999828338623;7.269999980926514;7.304999828338623;35242;2020-03-27 13:30:00-04:00
7.289999961853027;7.619999885559082;7.284999847412109;7.619999885559082;59660;2020-03-27 14:30:00-04:00
7.599999904632568;7.710000038146973;7.360000133514404;7.449999809265137;74538;2020-03-27 15:30:00-04:00
7.440000057220459;7.449999809265137;7.025000095367432;7.139999866485596;28813;2020-03-30 09:30:00-04:00
7.170000076293945;7.5;7.170000076293945;7.460000038146973;24221;2020-03-30 10:30:00-04:00
7.460000038146973;7.550000190734863;7.380000114440918;7.519999980926514;27144;2020-03-30 11:30:00-04:00
7.514999866485596;7.550000190734863;7.440000057220459;7.46999979019165;14902;2020-03-30 12:30:00-04:00
7.449999809265137;7.449999809265137;7.309999942779541;7.344200134277344;29895;2020-03-30 13:30:00-04:00
7.380000114440918;7.434999942779541;7.340000152587891;7.400000095367432;21404;2020-03-30 14:30:00-04:00
7.400000095367432;7.550000190734863;7.389999866485596;7.510000228881836;44221;2020-03-30 15:30:00-04:00
7.420000076293945;7.710000038146973;7.420000076293945;7.639999866485596;14608;2020-03-31 09:30:00-04:00
7.639999866485596;7.739999771118164;7.480000019073486;7.630000114440918;110679;2020-03-31 10:30:00-04:00
7.650000095367432;7.650000095367432;7.510000228881836;7.554999828338623;16963;2020-03-31 11:30:00-04:00
7.554999828338623;7.570000171661377;7.239999771118164;7.289999961853027;22547;2020-03-31 12:30:00-04:00
7.289999961853027;7.510000228881836;7.289999961853027;7.5;30570;2020-03-31 13:30:00-04:00
7.489999771118164;7.494999885559082;7.300000190734863;7.335000038146973;96389;2020-03-31 14:30:00-04:00
7.335000038146973;7.440000057220459;7.284999847412109;7.349999904632568;96144;2020-03-31 15:30:00-04:00
7.059999942779541;7.170000076293945;6.789999961853027;7.025000095367432;39337;2020-04-01 09:30:00-04:00
7.059999942779541;7.119999885559082;6.860000133514404;6.96999979019165;54419;2020-04-01 10:30:00-04:00
6.96999979019165;7.025000095367432;6.849999904632568;6.849999904632568;41157;2020-04-01 11:30:00-04:00
6.880000114440918;6.920000076293945;6.800000190734863;6.880000114440918;37004;2020-04-01 12:30:00-04:00
6.860000133514404;7.03000020980835;6.849999904632568;7.0;41354;2020-04-01 13:30:00-04:00
7.0;7.024099826812744;6.914999961853027;6.914999961853027;45946;2020-04-01 14:30:00-04:00
6.920000076293945;7.0;6.860000133514404;7.0;76850;2020-04-01 15:30:00-04:00
6.929999828338623;7.150000095367432;6.820000171661377;6.96999979019165;62133;2020-04-02 09:30:00-04:00
6.980000019073486;7.019999980926514;6.579999923706055;6.639999866485596;35854;2020-04-02 10:30:00-04:00
6.679999828338623;6.81279993057251;6.659999847412109;6.804999828338623;40107;2020-04-02 11:30:00-04:00
6.824999809265137;6.860000133514404;6.699999809265137;6.699999809265137;19453;2020-04-02 12:30:00-04:00
6.679999828338623;6.71999979019165;6.630000114440918;6.679999828338623;22274;2020-04-02 13:30:00-04:00
6.659999847412109;6.690000057220459;6.53000020980835;6.53000020980835;32819;2020-04-02 14:30:00-04:00
6.539999961853027;6.599999904632568;6.449999809265137;6.550000190734863;52650;2020-04-02 15:30:00-04:00
6.449999809265137;6.559999942779541;6.400000095367432;6.420100212097168;19815;2020-04-03 09:30:00-04:00
6.429999828338623;6.445000171661377;6.309999942779541;6.329999923706055;16901;2020-04-03 10:30:00-04:00
6.328400135040283;6.335000038146973;6.099999904632568;6.127600193023682;23576;2020-04-03 11:30:00-04:00
6.139999866485596;6.199999809265137;6.054999828338623;6.059999942779541;35299;2020-04-03 12:30:00-04:00
6.050000190734863;6.179999828338623;6.050000190734863;6.119999885559082;26876;2020-04-03 13:30:00-04:00
6.119999885559082;6.190000057220459;6.059999942779541;6.159999847412109;31842;2020-04-03 14:30:00-04:00
6.170000076293945;6.179999828338623;6.090000152587891;6.159999847412109;59255;2020-04-03 15:30:00-04:00
6.400000095367432;7.079999923706055;6.329999923706055;6.929999828338623;36826;2020-04-06 09:30:00-04:00
6.880000114440918;6.960000038146973;6.769999980926514;6.829999923706055;27338;2020-04-06 10:30:00-04:00
6.829999923706055;6.90500020980835;6.739999771118164;6.855000019073486;39359;2020-04-06 11:30:00-04:00
6.849999904632568;6.909999847412109;6.84499979019165;6.885000228881836;23935;2020-04-06 12:30:00-04:00
6.889999866485596;6.889999866485596;6.769999980926514;6.800000190734863;25895;2020-04-06 13:30:00-04:00
6.809999942779541;6.869999885559082;6.769999980926514;6.829999923706055;114175;2020-04-06 14:30:00-04:00
6.829999923706055;6.960000038146973;6.820000171661377;6.960000038146973;139245;2020-04-06 15:30:00-04:00
7.230000019073486;7.607399940490723;7.21999979019165;7.440000057220459;36579;2020-04-07 09:30:00-04:00
7.420000076293945;7.590000152587891;7.260000228881836;7.478600025177002;31445;2020-04-07 10:30:00-04:00
7.46999979019165;7.599999904632568;7.440000057220459;7.519999980926514;40344;2020-04-07 11:30:00-04:00
7.53000020980835;7.559999942779541;7.449999809265137;7.460000038146973;22345;2020-04-07 12:30:00-04:00
7.460000038146973;7.466000080108643;7.289999961853027;7.340000152587891;22508;2020-04-07 13:30:00-04:00
7.349999904632568;7.349999904632568;7.159999847412109;7.159999847412109;46396;2020-04-07 14:30:00-04:00
7.179999828338623;7.329999923706055;7.179999828338623;7.190000057220459;44640;2020-04-07 15:30:00-04:00
7.364999771118164;7.465000152587891;7.28000020980835;7.465000152587891;12539;2020-04-08 09:30:00-04:00
7.449999809265137;7.639999866485596;7.380000114440918;7.610000133514404;37885;2020-04-08 10:30:00-04:00
7.619999885559082;7.664999961853027;7.53000020980835;7.570000171661377;11451;2020-04-08 11:30:00-04:00
7.579999923706055;7.675000190734863;7.579999923706055;7.650000095367432;22013;2020-04-08 12:30:00-04:00
7.659999847412109;7.769999980926514;7.614999771118164;7.739999771118164;16766;2020-04-08 13:30:00-04:00
7.755000114440918;7.829999923706055;7.748300075531006;7.800000190734863;19706;2020-04-08 14:30:00-04:00
7.804999828338623;7.880000114440918;7.760000228881836;7.760000228881836;50147;2020-04-08 15:30:00-04:00
7.920000076293945;8.087200164794922;7.820000171661377;7.940000057220459;61562;2020-04-09 09:30:00-04:00
7.940000057220459;8.029999732971191;7.639999866485596;7.710000038146973;54216;2020-04-09 10:30:00-04:00
7.730000019073486;7.789999961853027;7.690000057220459;7.739999771118164;27350;2020-04-09 11:30:00-04:00
7.730000019073486;8.0;7.71999979019165;8.0;69939;2020-04-09 12:30:00-04:00
8.0;8.015000343322754;7.880000114440918;7.900000095367432;33810;2020-04-09 13:30:00-04:00
7.909999847412109;7.989999771118164;7.880000114440918;7.980000019073486;24968;2020-04-09 14:30:00-04:00
7.980000019073486;8.010000228881836;7.920000076293945;7.949999809265137;54382;2020-04-09 15:30:00-04:00
7.989999771118164;7.989999771118164;7.510000228881836;7.58489990234375;19295;2020-04-13 09:30:00-04:00
7.577499866485596;7.585000038146973;7.429999828338623;7.585000038146973;20908;2020-04-13 10:30:00-04:00
7.599999904632568;7.724999904632568;7.519999980926514;7.650000095367432;17002;2020-04-13 11:30:00-04:00
7.639999866485596;7.639999866485596;7.53000020980835;7.53000020980835;16088;2020-04-13 12:30:00-04:00
7.519999980926514;7.579999923706055;7.489999771118164;7.533299922943115;21155;2020-04-13 13:30:00-04:00
7.539999961853027;7.670000076293945;7.489999771118164;7.659999847412109;69936;2020-04-13 14:30:00-04:00
7.679999828338623;7.880000114440918;7.670000076293945;7.809999942779541;84894;2020-04-13 15:30:00-04:00
7.960000038146973;8.069999694824219;7.78000020980835;7.78000020980835;32862;2020-04-14 09:30:00-04:00
7.760000228881836;7.760000228881836;7.485000133514404;7.559999942779541;23012;2020-04-14 10:30:00-04:00
7.539999961853027;7.614999771118164;7.454999923706055;7.614999771118164;19817;2020-04-14 11:30:00-04:00
7.599999904632568;7.599999904632568;7.510000228881836;7.53000020980835;20437;2020-04-14 12:30:00-04:00
7.550000190734863;7.619999885559082;7.510000228881836;7.590000152587891;62068;2020-04-14 13:30:00-04:00
7.585000038146973;7.585000038146973;7.46999979019165;7.554999828338623;26481;2020-04-14 14:30:00-04:00
7.550000190734863;7.760000228881836;7.510000228881836;7.679999828338623;58353;2020-04-14 15:30:00-04:00
7.350100040435791;7.53000020980835;7.019999980926514;7.03000020980835;35354;2020-04-15 09:30:00-04:00
7.070000171661377;7.079999923706055;6.900000095367432;6.925000190734863;26047;2020-04-15 10:30:00-04:00
6.929999828338623;7.050000190734863;6.900000095367432;7.019999980926514;50880;2020-04-15 11:30:00-04:00
7.03000020980835;7.059999942779541;6.980000019073486;6.980000019073486;22274;2020-04-15 12:30:00-04:00
6.96999979019165;6.96999979019165;6.840000152587891;6.969900131225586;38247;2020-04-15 13:30:00-04:00
6.96999979019165;7.03000020980835;6.949999809265137;6.960000038146973;27873;2020-04-15 14:30:00-04:00
6.954999923706055;6.954999923706055;6.900000095367432;6.909999847412109;32694;2020-04-15 15:30:00-04:00
6.949999809265137;6.949999809265137;6.53000020980835;6.539999961853027;32744;2020-04-16 09:30:00-04:00
6.539999961853027;6.670000076293945;6.410099983215332;6.670000076293945;66731;2020-04-16 10:30:00-04:00
6.670000076293945;6.690000057220459;6.599999904632568;6.605000019073486;26047;2020-04-16 11:30:00-04:00
6.599999904632568;6.690000057220459;6.590000152587891;6.670000076293945;40834;2020-04-16 12:30:00-04:00
6.675000190734863;6.699999809265137;6.619999885559082;6.690000057220459;51671;2020-04-16 13:30:00-04:00
6.690000057220459;6.75;6.679999828338623;6.75;19042;2020-04-16 14:30:00-04:00
6.744999885559082;6.820000171661377;6.730000019073486;6.809999942779541;58433;2020-04-16 15:30:00-04:00
7.070000171661377;7.369999885559082;7.0100998878479;7.21999979019165;25663;2020-04-17 09:30:00-04:00
7.21999979019165;7.454999923706055;7.195000171661377;7.445000171661377;44067;2020-04-17 10:30:00-04:00
7.445000171661377;7.545000076293945;7.420000076293945;7.525000095367432;43359;2020-04-17 11:30:00-04:00
7.525000095367432;7.739999771118164;7.525000095367432;7.630000114440918;71151;2020-04-17 12:30:00-04:00
7.630000114440918;7.769999980926514;7.559999942779541;7.579999923706055;47201;2020-04-17 13:30:00-04:00
7.570000171661377;7.75;7.570000171661377;7.75;26552;2020-04-17 14:30:00-04:00
7.755000114440918;7.900000095367432;7.755000114440918;7.849999904632568;125701;2020-04-17 15:30:00-04:00
7.650000095367432;7.650000095367432;7.329999923706055;7.460000038146973;27548;2020-04-20 09:30:00-04:00
7.46999979019165;7.730000019073486;7.440000057220459;7.610000133514404;63434;2020-04-20 10:30:00-04:00
7.590000152587891;7.630000114440918;7.449999809265137;7.510000228881836;43339;2020-04-20 11:30:00-04:00
7.5;7.510000228881836;7.380000114440918;7.380000114440918;16855;2020-04-20 12:30:00-04:00
7.389999866485596;7.389999866485596;7.239999771118164;7.260000228881836;23130;2020-04-20 13:30:00-04:00
7.260000228881836;7.320000171661377;7.150000095367432;7.179999828338623;53558;2020-04-20 14:30:00-04:00
7.190000057220459;7.230000019073486;7.139999866485596;7.170000076293945;65030;2020-04-20 15:30:00-04:00
7.010000228881836;7.090000152587891;6.823500156402588;7.039999961853027;22951;2020-04-21 09:30:00-04:00
7.065000057220459;7.079999923706055;6.98960018157959;7.059999942779541;7122;2020-04-21 10:30:00-04:00
7.050000190734863;7.190000057220459;7.03000020980835;7.09499979019165;29502;2020-04-21 11:30:00-04:00
7.079999923706055;7.119999885559082;7.045000076293945;7.119999885559082;10556;2020-04-21 12:30:00-04:00
7.130000114440918;7.170000076293945;7.090000152587891;7.150000095367432;16842;2020-04-21 13:30:00-04:00
7.144999980926514;7.170000076293945;7.099999904632568;7.170000076293945;17423;2020-04-21 14:30:00-04:00
7.150000095367432;7.289999961853027;7.139999866485596;7.210000038146973;53035;2020-04-21 15:30:00-04:00
7.190000057220459;7.485000133514404;7.179999828338623;7.179999828338623;21327;2020-04-22 09:30:00-04:00
7.179999828338623;7.21999979019165;6.949999809265137;6.960000038146973;13569;2020-04-22 10:30:00-04:00
6.949999809265137;7.130000114440918;6.909999847412109;6.96999979019165;60660;2020-04-22 11:30:00-04:00
6.985000133514404;6.989999771118164;6.849999904632568;6.949999809265137;24957;2020-04-22 12:30:00-04:00
6.960000038146973;7.059999942779541;6.864999771118164;6.909999847412109;39723;2020-04-22 13:30:00-04:00
6.920000076293945;7.0;6.909999847412109;6.929999828338623;19487;2020-04-22 14:30:00-04:00
6.929999828338623;7.034999847412109;6.900000095367432;6.929999828338623;65663;2020-04-22 15:30:00-04:00
6.960000038146973;7.300000190734863;6.949999809265137;7.300000190734863;28994;2020-04-23 09:30:00-04:00
7.300000190734863;7.377500057220459;7.289999961853027;7.375;36966;2020-04-23 10:30:00-04:00
7.375;7.429999828338623;7.320000171661377;7.429999828338623;20339;2020-04-23 11:30:00-04:00
7.429999828338623;7.429999828338623;7.309999942779541;7.375;28660;2020-04-23 12:30:00-04:00
7.380000114440918;7.389999866485596;7.199999809265137;7.289999961853027;42162;2020-04-23 13:30:00-04:00
7.28000020980835;7.360000133514404;7.21999979019165;7.300000190734863;49633;2020-04-23 14:30:00-04:00
7.300000190734863;7.425000190734863;7.28000020980835;7.369999885559082;37993;2020-04-23 15:30:00-04:00
7.409999847412109;7.409999847412109;7.269999980926514;7.309999942779541;19135;2020-04-24 09:30:00-04:00
7.25;7.324999809265137;7.230000019073486;7.260000228881836;7684;2020-04-24 10:30:00-04:00
7.25;7.400000095367432;7.21999979019165;7.400000095367432;16926;2020-04-24 11:30:00-04:00
7.409999847412109;7.510000228881836;7.400000095367432;7.5;21854;2020-04-24 12:30:00-04:00
7.510000228881836;7.639999866485596;7.510000228881836;7.559999942779541;29559;2020-04-24 13:30:00-04:00
7.550000190734863;7.650000095367432;7.525000095367432;7.650000095367432;28225;2020-04-24 14:30:00-04:00
7.650000095367432;7.659999847412109;7.570000171661377;7.599999904632568;37034;2020-04-24 15:30:00-04:00
7.619999885559082;7.885600090026855;7.619999885559082;7.885600090026855;14247;2020-04-27 09:30:00-04:00
7.929999828338623;7.949999809265137;7.789999961853027;7.789999961853027;26120;2020-04-27 10:30:00-04:00
7.800000190734863;7.880000114440918;7.764999866485596;7.860000133514404;33372;2020-04-27 11:30:00-04:00
7.85860013961792;7.869999885559082;7.739999771118164;7.764999866485596;48963;2020-04-27 12:30:00-04:00
7.78000020980835;7.929999828338623;7.769999980926514;7.914999961853027;15746;2020-04-27 13:30:00-04:00
7.914999961853027;7.974999904632568;7.909999847412109;7.96999979019165;28006;2020-04-27 14:30:00-04:00
7.96999979019165;7.980000019073486;7.920000076293945;7.940000057220459;36295;2020-04-27 15:30:00-04:00
8.09000015258789;8.289999961853027;8.0;8.149999618530273;44624;2020-04-28 09:30:00-04:00
8.149999618530273;8.149999618530273;7.900000095367432;8.020000457763672;28802;2020-04-28 10:30:00-04:00
8.010000228881836;8.130000114440918;7.96999979019165;8.111000061035156;26192;2020-04-28 11:30:00-04:00
8.130000114440918;8.25;8.109999656677246;8.239999771118164;19516;2020-04-28 12:30:00-04:00
8.229999542236328;8.369999885559082;8.210000038146973;8.329999923706055;22084;2020-04-28 13:30:00-04:00
8.34000015258789;8.425000190734863;8.3100004196167;8.420000076293945;32267;2020-04-28 14:30:00-04:00
8.420000076293945;8.420000076293945;8.25;8.260000228881836;62015;2020-04-28 15:30:00-04:00
8.479999542236328;8.630000114440918;8.385000228881836;8.449999809265137;24734;2020-04-29 09:30:00-04:00
8.475000381469727;8.789999961853027;8.449999809265137;8.789999961853027;32677;2020-04-29 10:30:00-04:00
8.789999961853027;8.8100004196167;8.59000015258789;8.800000190734863;39995;2020-04-29 11:30:00-04:00
8.800000190734863;8.989999771118164;8.770000457763672;8.989999771118164;54879;2020-04-29 12:30:00-04:00
8.949999809265137;8.989999771118164;8.770000457763672;8.90999984741211;22876;2020-04-29 13:30:00-04:00
8.890000343322754;9.1899995803833;8.890000343322754;9.119999885559082;69971;2020-04-29 14:30:00-04:00
9.119999885559082;9.260000228881836;9.119999885559082;9.229999542236328;114990;2020-04-29 15:30:00-04:00
9.270000457763672;9.270000457763672;8.579999923706055;8.850000381469727;100243;2020-04-30 09:30:00-04:00
8.850000381469727;8.880000114440918;8.779999732971191;8.850000381469727;15438;2020-04-30 10:30:00-04:00
8.829999923706055;8.869999885559082;8.670000076293945;8.725000381469727;20455;2020-04-30 11:30:00-04:00
8.725000381469727;8.8149995803833;8.725000381469727;8.8100004196167;14043;2020-04-30 12:30:00-04:00
8.800000190734863;8.850000381469727;8.75;8.850000381469727;13042;2020-04-30 13:30:00-04:00
8.859999656677246;8.880000114440918;8.8100004196167;8.829999923706055;20035;2020-04-30 14:30:00-04:00
8.829999923706055;8.829999923706055;8.59000015258789;8.59000015258789;69933;2020-04-30 15:30:00-04:00
8.350000381469727;8.489999771118164;8.25;8.335000038146973;12491;2020-05-01 09:30:00-04:00
8.34000015258789;8.449999809265137;8.279999732971191;8.359999656677246;16511;2020-05-01 10:30:00-04:00
8.359999656677246;8.359999656677246;8.210700035095215;8.3149995803833;15585;2020-05-01 11:30:00-04:00
8.3100004196167;8.350000381469727;8.270000457763672;8.350000381469727;11522;2020-05-01 12:30:00-04:00
8.359999656677246;8.380000114440918;8.289999961853027;8.350000381469727;13985;2020-05-01 13:30:00-04:00
8.34000015258789;8.369999885559082;8.300000190734863;8.34000015258789;16031;2020-05-01 14:30:00-04:00
8.350000381469727;8.359999656677246;8.319999694824219;8.329999923706055;47276;2020-05-01 15:30:00-04:00
8.1899995803833;8.270000457763672;8.069999694824219;8.210000038146973;36176;2020-05-04 09:30:00-04:00
8.15999984741211;8.15999984741211;8.029999732971191;8.069999694824219;15028;2020-05-04 10:30:00-04:00
8.050000190734863;8.170000076293945;8.050000190734863;8.170000076293945;12805;2020-05-04 11:30:00-04:00
8.1899995803833;8.210000038146973;8.09000015258789;8.100000381469727;11265;2020-05-04 12:30:00-04:00
8.100000381469727;8.119999885559082;8.0600004196167;8.09000015258789;9154;2020-05-04 13:30:00-04:00
8.074999809265137;8.095999717712402;7.949999809265137;8.079999923706055;41254;2020-05-04 14:30:00-04:00
8.079999923706055;8.114999771118164;8.050000190734863;8.0600004196167;44015;2020-05-04 15:30:00-04:00
8.199999809265137;8.40999984741211;8.130000114440918;8.364999771118164;77561;2020-05-05 09:30:00-04:00
8.329999923706055;8.350000381469727;8.175000190734863;8.279899597167969;25212;2020-05-05 10:30:00-04:00
8.270000457763672;8.34000015258789;8.1899995803833;8.199999809265137;45892;2020-05-05 11:30:00-04:00
8.204999923706055;8.220000267028809;8.140000343322754;8.180000305175781;13454;2020-05-05 12:30:00-04:00
8.180000305175781;8.210000038146973;8.149999618530273;8.210000038146973;9160;2020-05-05 13:30:00-04:00
8.210000038146973;8.210000038146973;8.050000190734863;8.100000381469727;44065;2020-05-05 14:30:00-04:00
8.100000381469727;8.140000343322754;7.980000019073486;8.079999923706055;199149;2020-05-05 15:30:00-04:00
8.5;8.5;8.0600004196167;8.300000190734863;84401;2020-05-06 09:30:00-04:00
8.295000076293945;8.329999923706055;8.199999809265137;8.255000114440918;69005;2020-05-06 10:30:00-04:00
8.25;8.29990005493164;8.210000038146973;8.260000228881836;54699;2020-05-06 11:30:00-04:00
8.260000228881836;8.399999618530273;8.260000228881836;8.300000190734863;75436;2020-05-06 12:30:00-04:00
8.3100004196167;8.399999618530273;8.300000190734863;8.399999618530273;53765;2020-05-06 13:30:00-04:00
8.390000343322754;8.470000267028809;8.319999694824219;8.354999542236328;51074;2020-05-06 14:30:00-04:00
8.350000381469727;8.350000381469727;8.210000038146973;8.229999542236328;105490;2020-05-06 15:30:00-04:00
8.329999923706055;8.510000228881836;8.260000228881836;8.329999923706055;25708;2020-05-07 09:30:00-04:00
8.319999694824219;8.34000015258789;8.079999923706055;8.119999885559082;29128;2020-05-07 10:30:00-04:00
8.109999656677246;8.329999923706055;8.109999656677246;8.3100004196167;35344;2020-05-07 11:30:00-04:00
8.3100004196167;8.390000343322754;8.289999961853027;8.350000381469727;37789;2020-05-07 12:30:00-04:00
8.350000381469727;8.350000381469727;8.270000457763672;8.270000457763672;22126;2020-05-07 13:30:00-04:00
8.279999732971191;8.279999732971191;8.15999984741211;8.170000076293945;28189;2020-05-07 14:30:00-04:00
8.15999984741211;8.180000305175781;8.119999885559082;8.149999618530273;50108;2020-05-07 15:30:00-04:00
8.40999984741211;8.635000228881836;8.300000190734863;8.479999542236328;66597;2020-05-08 09:30:00-04:00
8.470000267028809;8.609999656677246;8.449999809265137;8.460000038146973;82062;2020-05-08 10:30:00-04:00
8.460000038146973;8.640000343322754;8.4399995803833;8.59000015258789;90386;2020-05-08 11:30:00-04:00
8.600000381469727;8.670000076293945;8.5;8.654999732971191;82879;2020-05-08 12:30:00-04:00
8.670000076293945;8.800000190734863;8.65999984741211;8.800000190734863;46123;2020-05-08 13:30:00-04:00
8.800000190734863;8.937000274658203;8.800000190734863;8.869999885559082;69750;2020-05-08 14:30:00-04:00
8.869999885559082;8.96500015258789;8.859999656677246;8.920000076293945;95559;2020-05-08 15:30:00-04:00
8.8100004196167;8.859999656677246;8.479999542236328;8.84000015258789;75745;2020-05-11 09:30:00-04:00
8.850000381469727;9.050000190734863;8.84000015258789;8.975000381469727;43662;2020-05-11 10:30:00-04:00
8.979999542236328;9.050000190734863;8.890000343322754;9.029999732971191;34097;2020-05-11 11:30:00-04:00
9.0600004196167;9.114999771118164;8.975000381469727;8.989999771118164;99695;2020-05-11 12:30:00-04:00
8.989999771118164;9.130000114440918;8.989999771118164;9.029999732971191;43724;2020-05-11 13:30:00-04:00
9.039999961853027;9.140000343322754;9.039999961853027;9.109999656677246;31670;2020-05-11 14:30:00-04:00
9.104999542236328;9.109999656677246;8.930000305175781;8.9399995803833;75645;2020-05-11 15:30:00-04:00
8.890000343322754;9.100000381469728;8.829999923706055;8.989999771118164;37388;2020-05-12 09:30:00-04:00
9.010000228881836;9.140000343322754;9.010000228881836;9.09000015258789;72897;2020-05-12 10:30:00-04:00
9.100000381469728;9.135000228881836;9.06999969482422;9.130000114440918;0;2020-05-12 11:30:00-04:00
9.119999885559082;9.199999809265137;9.039999961853027;9.050000190734863;119417;2020-05-12 12:30:00-04:00
9.0600004196167;9.130000114440918;9.045000076293944;9.079999923706056;51649;2020-05-12 13:30:00-04:00
9.09000015258789;9.09000015258789;8.979999542236328;8.979999542236328;44406;2020-05-12 14:30:00-04:00
8.984999656677246;8.984999656677246;8.6899995803833;8.699999809265137;69881;2020-05-12 15:30:00-04:00
9.0649995803833;9.130000114440918;8.600000381469727;8.970000267028809;77653;2020-05-13 09:30:00-04:00
8.970000267028809;9.020000457763672;8.819999694824219;8.880000114440918;63379;2020-05-13 10:30:00-04:00
8.859999656677246;8.899999618530273;8.680000305175781;8.720000267028809;61031;2020-05-13 11:30:00-04:00
8.729999542236328;8.930000305175781;8.720000267028809;8.90999984741211;49390;2020-05-13 12:30:00-04:00
8.90999984741211;8.90999984741211;8.739999771118164;8.774999618530273;57726;2020-05-13 13:30:00-04:00
8.770000457763672;8.779999732971191;8.6850004196167;8.725000381469727;70705;2020-05-13 14:30:00-04:00
8.729999542236328;8.800000190734863;8.699999809265137;8.729999542236328;78220;2020-05-13 15:30:00-04:00
8.520000457763672;8.619999885559082;8.149999618530273;8.5600004196167;75124;2020-05-14 09:30:00-04:00
8.569999694824219;9.079999923706056;8.569999694824219;8.699999809265137;100559;2020-05-14 10:30:00-04:00
8.710000038146973;8.739999771118164;8.510000228881836;8.630000114440918;59692;2020-05-14 11:30:00-04:00
8.649999618530273;8.710000038146973;8.600000381469727;8.670000076293945;52038;2020-05-14 12:30:00-04:00
8.6899995803833;8.699999809265137;8.569999694824219;8.59000015258789;60250;2020-05-14 13:30:00-04:00
8.59000015258789;8.6274995803833;8.550000190734863;8.550000190734863;98594;2020-05-14 14:30:00-04:00
8.5600004196167;8.569999694824219;8.529999732971191;8.550000190734863;136212;2020-05-14 15:30:00-04:00
8.4399995803833;8.960000038146973;8.4399995803833;8.729999542236328;135818;2020-05-15 09:30:00-04:00
8.720000267028809;8.850000381469727;8.569999694824219;8.569999694824219;122830;2020-05-15 10:30:00-04:00
8.569999694824219;8.680000305175781;8.425000190734863;8.600000381469727;469223;2020-05-15 11:30:00-04:00
8.600000381469727;8.670000076293945;8.600000381469727;8.609999656677246;55510;2020-05-15 12:30:00-04:00
8.600000381469727;8.789999961853027;8.600000381469727;8.78499984741211;44392;2020-05-15 13:30:00-04:00
8.779999732971191;8.78499984741211;8.6899995803833;8.710000038146973;58673;2020-05-15 14:30:00-04:00
8.710000038146973;8.720000267028809;8.59000015258789;8.595000267028809;121423;2020-05-15 15:30:00-04:00
9.039999961853027;9.46500015258789;9.010000228881836;9.404999732971191;128617;2020-05-18 09:30:00-04:00
9.40999984741211;9.630000114440918;9.350000381469728;9.585000038146973;101757;2020-05-18 10:30:00-04:00
9.579999923706056;9.579999923706056;9.470000267028809;9.479999542236328;55314;2020-05-18 11:30:00-04:00
9.470000267028809;9.68000030517578;9.390000343322754;9.654999732971191;56478;2020-05-18 12:30:00-04:00
9.654999732971191;9.675000190734863;9.56999969482422;9.56999969482422;61906;2020-05-18 13:30:00-04:00
9.56999969482422;9.68000030517578;9.550000190734863;9.670000076293944;85143;2020-05-18 14:30:00-04:00
9.65999984741211;9.670000076293944;9.56999969482422;9.670000076293944;110348;2020-05-18 15:30:00-04:00
9.460000038146973;9.699999809265137;9.225000381469728;9.30500030517578;28664;2020-05-19 09:30:00-04:00
9.295000076293944;9.529999732971191;9.270000457763672;9.529999732971191;20335;2020-05-19 10:30:00-04:00
9.550000190734863;9.5600004196167;9.454999923706056;9.470000267028809;21508;2020-05-19 11:30:00-04:00
9.460000038146973;9.460000038146973;9.354999542236328;9.385000228881836;34281;2020-05-19 12:30:00-04:00
9.380000114440918;9.529999732971191;9.329999923706056;9.510000228881836;27787;2020-05-19 13:30:00-04:00
9.510000228881836;9.510000228881836;9.335000038146973;9.399999618530272;49288;2020-05-19 14:30:00-04:00
9.380000114440918;9.380000114440918;9.130000114440918;9.140000343322754;67535;2020-05-19 15:30:00-04:00
9.40999984741211;9.829999923706056;9.390000343322754;9.829999923706056;31742;2020-05-20 09:30:00-04:00
9.8100004196167;9.94499969482422;9.729999542236328;9.774999618530272;37646;2020-05-20 10:30:00-04:00
9.774999618530272;9.800000190734863;9.609999656677246;9.75;33215;2020-05-20 11:30:00-04:00
9.739999771118164;9.755000114440918;9.609999656677246;9.640000343322754;13696;2020-05-20 12:30:00-04:00
9.640000343322754;9.641900062561035;9.56999969482422;9.614999771118164;14680;2020-05-20 13:30:00-04:00
9.630000114440918;9.670000076293944;9.56999969482422;9.609999656677246;15184;2020-05-20 14:30:00-04:00
9.609999656677246;9.670000076293944;9.550000190734863;9.56999969482422;0;2020-05-20 15:30:00-04:00
9.75;9.980899810791016;9.75;9.854999542236328;32824;2020-05-21 09:30:00-04:00
9.84000015258789;9.84000015258789;9.640000343322754;9.65999984741211;20417;2020-05-21 10:30:00-04:00
9.640000343322754;9.890000343322754;9.630000114440918;9.850000381469728;60667;2020-05-21 11:30:00-04:00
9.845000267028809;9.845000267028809;9.760000228881836;9.789999961853027;17988;2020-05-21 12:30:00-04:00
9.789999961853027;9.824999809265137;9.760000228881836;9.779999732971191;16893;2020-05-21 13:30:00-04:00
9.795000076293944;9.81999969482422;9.760000228881836;9.8100004196167;14747;2020-05-21 14:30:00-04:00
9.8100004196167;9.82900047302246;9.75;9.75;36072;2020-05-21 15:30:00-04:00
9.800000190734863;9.8100004196167;9.449999809265137;9.550000190734863;24067;2020-05-22 09:30:00-04:00
9.550000190734863;9.619999885559082;9.479999542236328;9.510000228881836;23689;2020-05-22 10:30:00-04:00
9.539999961853027;9.5600004196167;9.510000228881836;9.520000457763672;11949;2020-05-22 11:30:00-04:00
9.529999732971191;9.600000381469728;9.489999771118164;9.579999923706056;17871;2020-05-22 12:30:00-04:00
9.579999923706056;9.630000114440918;9.574999809265137;9.625;10820;2020-05-22 13:30:00-04:00
9.609999656677246;9.609999656677246;9.510000228881836;9.56999969482422;25202;2020-05-22 14:30:00-04:00
9.56999969482422;9.59000015258789;9.539999961853027;9.550000190734863;51730;2020-05-22 15:30:00-04:00
9.739999771118164;10.130000114440918;9.739999771118164;10.130000114440918;56993;2020-05-26 09:30:00-04:00
10.130000114440918;10.170000076293944;10.079999923706056;10.125;28582;2020-05-26 10:30:00-04:00
10.130000114440918;10.15999984741211;10.029999732971191;10.130000114440918;28437;2020-05-26 11:30:00-04:00
10.130000114440918;10.220000267028809;10.109999656677246;10.1899995803833;27407;2020-05-26 12:30:00-04:00
10.170000076293944;10.1899995803833;10.149999618530272;10.164999961853027;32546;2020-05-26 13:30:00-04:00
10.15999984741211;10.25;10.130000114440918;10.239999771118164;77402;2020-05-26 14:30:00-04:00
10.23490047454834;10.23490047454834;10.050000190734863;10.130000114440918;62489;2020-05-26 15:30:00-04:00
10.31999969482422;10.670000076293944;10.30500030517578;10.449999809265137;31469;2020-05-27 09:30:00-04:00
10.460000038146973;10.539999961853027;10.300000190734863;10.399999618530272;44211;2020-05-27 10:30:00-04:00
10.43000030517578;10.479999542236328;10.359999656677246;10.385000228881836;28706;2020-05-27 11:30:00-04:00
10.369999885559082;10.399999618530272;10.34000015258789;10.359999656677246;13842;2020-05-27 12:30:00-04:00
10.350000381469728;10.479999542236328;10.329999923706056;10.4399995803833;16776;2020-05-27 13:30:00-04:00
10.4399995803833;10.449999809265137;10.359999656677246;10.420000076293944;27845;2020-05-27 14:30:00-04:00
10.40999984741211;10.529999732971191;10.40999984741211;10.479999542236328;43318;2020-05-27 15:30:00-04:00
10.619999885559082;10.619999885559082;10.140000343322754;10.170000076293944;74813;2020-05-28 09:30:00-04:00
10.149999618530272;10.279999732971191;10.130000114440918;10.220000267028809;41267;2020-05-28 10:30:00-04:00
10.229999542236328;10.229999542236328;10.09000015258789;10.15999984741211;31145;2020-05-28 11:30:00-04:00
10.18000030517578;10.239999771118164;10.130000114440918;10.18000030517578;27569;2020-05-28 12:30:00-04:00
10.170000076293944;10.1899995803833;10.100000381469728;10.109999656677246;24875;2020-05-28 13:30:00-04:00
10.109999656677246;10.199999809265137;10.095000267028809;10.135000228881836;66036;2020-05-28 14:30:00-04:00
10.135000228881836;10.170000076293944;10.039999961853027;10.0600004196167;152776;2020-05-28 15:30:00-04:00
10.0;10.25;9.880000114440918;10.169599533081056;0;2020-05-29 09:30:00-04:00
10.119999885559082;10.1899995803833;10.050000190734863;10.079999923706056;30205;2020-05-29 10:30:00-04:00
10.079999923706056;10.154999732971191;10.079999923706056;10.112700462341309;18558;2020-05-29 11:30:00-04:00
10.109999656677246;10.149999618530272;10.079999923706056;10.119999885559082;25410;2020-05-29 12:30:00-04:00
10.109999656677246;10.149999618530272;10.085000038146973;10.140000343322754;35425;2020-05-29 13:30:00-04:00
10.140000343322754;10.220000267028809;10.050000190734863;10.114999771118164;33403;2020-05-29 14:30:00-04:00
10.130000114440918;10.140000343322754;10.039999961853027;10.0600004196167;66667;2020-05-29 15:30:00-04:00
10.050000190734863;10.420000076293944;10.050000190734863;10.350000381469728;20390;2020-06-01 09:30:00-04:00
10.329999923706056;10.460000038146973;10.229999542236328;10.244999885559082;34672;2020-06-01 10:30:00-04:00
10.244999885559082;10.289999961853027;10.1899995803833;10.206600189208984;20478;2020-06-01 11:30:00-04:00
10.204999923706056;10.25;10.1850004196167;10.210000038146973;11040;2020-06-01 12:30:00-04:00
10.225000381469728;10.229999542236328;10.109999656677246;10.109999656677246;12702;2020-06-01 13:30:00-04:00
10.09000015258789;10.18000030517578;10.079999923706056;10.18000030517578;20893;2020-06-01 14:30:00-04:00
10.170000076293944;10.1899995803833;10.119999885559082;10.130000114440918;40329;2020-06-01 15:30:00-04:00
10.3100004196167;10.529999732971191;10.25;10.460000038146973;12939;2020-06-02 09:30:00-04:00
10.369999885559082;10.369999885559082;10.229999542236328;10.25;18569;2020-06-02 10:30:00-04:00
10.220000267028809;10.270000457763672;10.15999984741211;10.270000457763672;17875;2020-06-02 11:30:00-04:00
10.265000343322754;10.265000343322754;10.1899995803833;10.1899995803833;10283;2020-06-02 12:30:00-04:00
10.170000076293944;10.18000030517578;10.135000228881836;10.149999618530272;27877;2020-06-02 13:30:00-04:00
10.149999618530272;10.279999732971191;10.135000228881836;10.204999923706056;34596;2020-06-02 14:30:00-04:00
10.204999923706056;10.25;10.1899995803833;10.210000038146973;25674;2020-06-02 15:30:00-04:00
10.420000076293944;10.829999923706056;10.420000076293944;10.829999923706056;12930;2020-06-03 09:30:00-04:00
10.829899787902832;10.90999984741211;10.75;10.760000228881836;21518;2020-06-03 10:30:00-04:00
10.75;10.8100004196167;10.699999809265137;10.779999732971191;31694;2020-06-03 11:30:00-04:00
10.779999732971191;10.829999923706056;10.739999771118164;10.789999961853027;53485;2020-06-03 12:30:00-04:00
10.800000190734863;10.8100004196167;10.75;10.779999732971191;24150;2020-06-03 13:30:00-04:00
10.789999961853027;10.789999961853027;10.579999923706056;10.664999961853027;40210;2020-06-03 14:30:00-04:00
10.65999984741211;10.68000030517578;10.600000381469728;10.630000114440918;56253;2020-06-03 15:30:00-04:00
10.68000030517578;10.8100004196167;10.510000228881836;10.8100004196167;22639;2020-06-04 09:30:00-04:00
10.8149995803833;10.850000381469728;10.6899995803833;10.6899995803833;15060;2020-06-04 10:30:00-04:00
10.69499969482422;10.779999732971191;10.670000076293944;10.699999809265137;34205;2020-06-04 11:30:00-04:00
10.720000267028809;10.739999771118164;10.630000114440918;10.729999542236328;18536;2020-06-04 12:30:00-04:00
10.710000038146973;10.80500030517578;10.710000038146973;10.800000190734863;20786;2020-06-04 13:30:00-04:00
10.779999732971191;10.81999969482422;10.710000038146973;10.765000343322754;41461;2020-06-04 14:30:00-04:00
10.765000343322754;10.880000114440918;10.729999542236328;10.84000015258789;82750;2020-06-04 15:30:00-04:00
11.039999961853027;11.4399995803833;10.9399995803833;11.1899995803833;60364;2020-06-05 09:30:00-04:00
11.199999809265137;11.460000038146973;11.140000343322754;11.460000038146973;27963;2020-06-05 10:30:00-04:00
11.475000381469728;11.475000381469728;11.3100004196167;11.34000015258789;34041;2020-06-05 11:30:00-04:00
11.354999542236328;11.44499969482422;11.34000015258789;11.44499969482422;31523;2020-06-05 12:30:00-04:00
11.4399995803833;11.520000457763672;11.369999885559082;11.520000457763672;28547;2020-06-05 13:30:00-04:00
11.529999732971191;11.600000381469728;11.460000038146973;11.470000267028809;39554;2020-06-05 14:30:00-04:00
11.460000038146973;11.460000038146973;11.329999923706056;11.359999656677246;63018;2020-06-05 15:30:00-04:00
11.600000381469728;11.859999656677246;11.56999969482422;11.640000343322754;26800;2020-06-08 09:30:00-04:00
11.664999961853027;11.789999961853027;11.5649995803833;11.770000457763672;46595;2020-06-08 10:30:00-04:00
11.760000228881836;11.795000076293944;11.699999809265137;11.779999732971191;21842;2020-06-08 11:30:00-04:00
11.779999732971191;11.81999969482422;11.770000457763672;11.78499984741211;28116;2020-06-08 12:30:00-04:00
11.779999732971191;11.899999618530272;11.767399787902832;11.890000343322754;38527;2020-06-08 13:30:00-04:00
11.885000228881836;11.885000228881836;11.774999618530272;11.824999809265137;55012;2020-06-08 14:30:00-04:00
11.824999809265137;11.859999656677246;11.779999732971191;11.859999656677246;45226;2020-06-08 15:30:00-04:00
11.699999809265137;11.699999809265137;11.220000267028809;11.420000076293944;18426;2020-06-09 09:30:00-04:00
11.43000030517578;11.579999923706056;11.270000457763672;11.359999656677246;24302;2020-06-09 10:30:00-04:00
11.380000114440918;11.510000228881836;11.380000114440918;11.43000030517578;27956;2020-06-09 11:30:00-04:00
11.43000030517578;11.5;11.40999984741211;11.454999923706056;13398;2020-06-09 12:30:00-04:00
11.454999923706056;11.489999771118164;11.390000343322754;11.399999618530272;9785;2020-06-09 13:30:00-04:00
11.40999984741211;11.515000343322754;11.40999984741211;11.510000228881836;19465;2020-06-09 14:30:00-04:00
11.529999732971191;11.529999732971191;11.399999618530272;11.399999618530272;28655;2020-06-09 15:30:00-04:00
11.279999732971191;11.279999732971191;10.869999885559082;10.970000267028809;30914;2020-06-10 09:30:00-04:00
10.979999542236328;11.100000381469728;10.960000038146973;11.0;24326;2020-06-10 10:30:00-04:00
10.979999542236328;11.25;10.979999542236328;11.130000114440918;29746;2020-06-10 11:30:00-04:00
11.119999885559082;11.15999984741211;11.06999969482422;11.140000343322754;33171;2020-06-10 12:30:00-04:00
11.140000343322754;11.40999984741211;11.140000343322754;11.279999732971191;36545;2020-06-10 13:30:00-04:00
11.300000190734863;11.300000190734863;11.06999969482422;11.210000038146973;65044;2020-06-10 14:30:00-04:00
11.210000038146973;11.210000038146973;11.0;11.0;75169;2020-06-10 15:30:00-04:00
10.449999809265137;10.609999656677246;10.34000015258789;10.5;53818;2020-06-11 09:30:00-04:00
10.489999771118164;10.557499885559082;10.4399995803833;10.470000267028809;31102;2020-06-11 10:30:00-04:00
10.470000267028809;10.510000228881836;10.375300407409668;10.390000343322754;36068;2020-06-11 11:30:00-04:00
10.390000343322754;10.539999961853027;10.390000343322754;10.520000457763672;30078;2020-06-11 12:30:00-04:00
10.520000457763672;10.539999961853027;10.470000267028809;10.505000114440918;27444;2020-06-11 13:30:00-04:00
10.5;10.5;10.270000457763672;10.279999732971191;56500;2020-06-11 14:30:00-04:00
10.274999618530272;10.359999656677246;10.255000114440918;10.289999961853027;40519;2020-06-11 15:30:00-04:00
10.760000228881836;10.770000457763672;10.399999618530272;10.489999771118164;25320;2020-06-12 09:30:00-04:00
10.479999542236328;10.479999542236328;10.220000267028809;10.289999961853027;31340;2020-06-12 10:30:00-04:00
10.28499984741211;10.489999771118164;10.250100135803224;10.454999923706056;22694;2020-06-12 11:30:00-04:00
10.454999923706056;10.5;10.40999984741211;10.479999542236328;38819;2020-06-12 12:30:00-04:00
10.470000267028809;10.489999771118164;10.3100004196167;10.460000038146973;42496;2020-06-12 13:30:00-04:00
10.470000267028809;10.550000190734863;10.350000381469728;10.390000343322754;71738;2020-06-12 14:30:00-04:00
10.399999618530272;10.53499984741211;10.390000343322754;10.510000228881836;69533;2020-06-12 15:30:00-04:00
10.050000190734863;10.270000457763672;9.810099601745604;10.239999771118164;0;2020-06-15 09:30:00-04:00
10.199999809265137;10.40999984741211;10.199999809265137;10.260000228881836;13719;2020-06-15 10:30:00-04:00
10.274999618530272;10.34000015258789;10.210000038146973;10.3100004196167;18140;2020-06-15 11:30:00-04:00
10.3100004196167;10.460000038146973;10.279999732971191;10.460000038146973;24850;2020-06-15 12:30:00-04:00
10.4399995803833;10.65999984741211;10.40999984741211;10.65999984741211;35763;2020-06-15 13:30:00-04:00
10.670000076293944;10.75;10.5600004196167;10.5600004196167;44853;2020-06-15 14:30:00-04:00
10.46500015258789;10.65999984741211;10.46500015258789;10.619999885559082;36672;2020-06-15 15:30:00-04:00
11.140000343322754;11.300000190734863;10.89799976348877;11.039999961853027;30718;2020-06-16 09:30:00-04:00
11.039999961853027;11.050000190734863;10.760000228881836;10.93000030517578;58530;2020-06-16 10:30:00-04:00
10.9399995803833;10.984999656677246;10.869999885559082;10.984999656677246;55803;2020-06-16 11:30:00-04:00
10.989999771118164;11.06999969482422;10.9399995803833;10.989999771118164;30592;2020-06-16 12:30:00-04:00
10.979999542236328;11.039999961853027;10.93000030517578;10.960000038146973;31607;2020-06-16 13:30:00-04:00
11.0;11.024999618530272;10.920000076293944;10.979999542236328;42452;2020-06-16 14:30:00-04:00
10.970000267028809;10.989999771118164;10.880000114440918;10.979999542236328;55077;2020-06-16 15:30:00-04:00
10.899999618530272;11.079999923706056;10.619999885559082;10.649999618530272;19360;2020-06-17 09:30:00-04:00
10.675000190734863;10.75;10.609999656677246;10.65999984741211;13240;2020-06-17 10:30:00-04:00
10.649999618530272;10.789999961853027;10.649999618530272;10.760000228881836;16900;2020-06-17 11:30:00-04:00
10.770000457763672;10.779999732971191;10.729999542236328;10.739999771118164;15287;2020-06-17 12:30:00-04:00
10.770000457763672;10.859999656677246;10.765000343322754;10.81999969482422;8787;2020-06-17 13:30:00-04:00
10.84000015258789;10.875;10.6899995803833;10.710000038146973;22677;2020-06-17 14:30:00-04:00
10.699999809265137;10.739999771118164;10.619999885559082;10.6899995803833;61826;2020-06-17 15:30:00-04:00
10.529999732971191;10.8100004196167;10.527999877929688;10.8100004196167;0;2020-06-18 09:30:00-04:00
10.81999969482422;10.859999656677246;10.69499969482422;10.69499969482422;13240;2020-06-18 10:30:00-04:00
10.734999656677246;10.800000190734863;10.69499969482422;10.800000190734863;12460;2020-06-18 11:30:00-04:00
10.779999732971191;10.779999732971191;10.6899995803833;10.729999542236328;11285;2020-06-18 12:30:00-04:00
10.739999771118164;10.854999542236328;10.734999656677246;10.850000381469728;19545;2020-06-18 13:30:00-04:00
10.829999923706056;10.84000015258789;10.699999809265137;10.720000267028809;29660;2020-06-18 14:30:00-04:00
10.71500015258789;10.739999771118164;10.649999618530272;10.670000076293944;38044;2020-06-18 15:30:00-04:00
10.880000114440918;11.050000190734863;10.769000053405762;10.9399995803833;35319;2020-06-19 09:30:00-04:00
10.960000038146973;11.050000190734863;10.90999984741211;11.0;42981;2020-06-19 10:30:00-04:00
10.979999542236328;11.0;10.729999542236328;10.774999618530272;41524;2020-06-19 11:30:00-04:00
10.774999618530272;10.850000381469728;10.704999923706056;10.729999542236328;26921;2020-06-19 12:30:00-04:00
10.729999542236328;10.729999542236328;10.59000015258789;10.619999885559082;22049;2020-06-19 13:30:00-04:00
10.619999885559082;10.739999771118164;10.619999885559082;10.720000267028809;23838;2020-06-19 14:30:00-04:00
10.71500015258789;10.720000267028809;10.645000457763672;10.68000030517578;62170;2020-06-19 15:30:00-04:00
10.539999961853027;10.609999656677246;10.25100040435791;10.505000114440918;62415;2020-06-22 09:30:00-04:00
10.5;10.5600004196167;10.369999885559082;10.369999885559082;80433;2020-06-22 10:30:00-04:00
10.34000015258789;10.5;10.3100004196167;10.414999961853027;21335;2020-06-22 11:30:00-04:00
10.40999984741211;10.550000190734863;10.390000343322754;10.449999809265137;20718;2020-06-22 12:30:00-04:00
10.43000030517578;10.494999885559082;10.40999984741211;10.470000267028809;15756;2020-06-22 13:30:00-04:00
10.460000038146973;10.479999542236328;10.40999984741211;10.44499969482422;21907;2020-06-22 14:30:00-04:00
10.4399995803833;10.470000267028809;10.380000114440918;10.40999984741211;50434;2020-06-22 15:30:00-04:00
10.619999885559082;10.670000076293944;10.420000076293944;10.449999809265137;16229;2020-06-23 09:30:00-04:00
10.449999809265137;10.449999809265137;10.279999732971191;10.329999923706056;26668;2020-06-23 10:30:00-04:00
10.3100004196167;10.380000114440918;10.3100004196167;10.350000381469728;13002;2020-06-23 11:30:00-04:00
10.350000381469728;10.420000076293944;10.34000015258789;10.385000228881836;15316;2020-06-23 12:30:00-04:00
10.399999618530272;10.475000381469728;10.399999618530272;10.475000381469728;9895;2020-06-23 13:30:00-04:00
10.475000381469728;10.475000381469728;10.369999885559082;10.390000343322754;22909;2020-06-23 14:30:00-04:00
10.385000228881836;10.420000076293944;10.3100004196167;10.350000381469728;43190;2020-06-23 15:30:00-04:00
10.210000038146973;10.3100004196167;10.0;10.119999885559082;28635;2020-06-24 09:30:00-04:00
10.119999885559082;10.15999984741211;10.029999732971191;10.130000114440918;21606;2020-06-24 10:30:00-04:00
10.114999771118164;10.114999771118164;9.93000030517578;9.989999771118164;21614;2020-06-24 11:30:00-04:00
9.989999771118164;10.119999885559082;9.979999542236328;10.020000457763672;13570;2020-06-24 12:30:00-04:00
10.039999961853027;10.0600004196167;9.970000267028809;10.0;24272;2020-06-24 13:30:00-04:00
9.989999771118164;10.039999961853027;9.960000038146973;9.989999771118164;36170;2020-06-24 14:30:00-04:00
9.989999771118164;10.015000343322754;9.925000190734863;9.93000030517578;51876;2020-06-24 15:30:00-04:00
9.970000267028809;9.984999656677246;9.789999961853027;9.984999656677246;18206;2020-06-25 09:30:00-04:00
10.0;10.010000228881836;9.850000381469728;9.890000343322754;15977;2020-06-25 10:30:00-04:00
9.890000343322754;9.949999809265137;9.800000190734863;9.899999618530272;27752;2020-06-25 11:30:00-04:00
9.880000114440918;9.9399995803833;9.869999885559082;9.9399995803833;11166;2020-06-25 12:30:00-04:00
9.93000030517578;9.949999809265137;9.850000381469728;9.920000076293944;14167;2020-06-25 13:30:00-04:00
9.90999984741211;9.984999656677246;9.890000343322754;9.970000267028809;15104;2020-06-25 14:30:00-04:00
9.984999656677246;10.010000228881836;9.9399995803833;10.010000228881836;60361;2020-06-25 15:30:00-04:00
9.880000114440918;9.979999542236328;9.850000381469728;9.90999984741211;9351;2020-06-26 09:30:00-04:00
9.9399995803833;9.960000038146973;9.760000228881836;9.80500030517578;18039;2020-06-26 10:30:00-04:00
9.800000190734863;9.850000381469728;9.78499984741211;9.850000381469728;19190;2020-06-26 11:30:00-04:00
9.859999656677246;9.899999618530272;9.850000381469728;9.859999656677246;11539;2020-06-26 12:30:00-04:00
9.859999656677246;9.864999771118164;9.8149995803833;9.81999969482422;7445;2020-06-26 13:30:00-04:00
9.81999969482422;9.829999923706056;9.770000457763672;9.800000190734863;23913;2020-06-26 14:30:00-04:00
9.800000190734863;9.859999656677246;9.760000228881836;9.859999656677246;50932;2020-06-26 15:30:00-04:00
10.020000457763672;10.170000076293944;9.960000038146973;10.130000114440918;27255;2020-06-29 09:30:00-04:00
10.119999885559082;10.220000267028809;10.09000015258789;10.149999618530272;100961;2020-06-29 10:30:00-04:00
10.140000343322754;10.19499969482422;10.09000015258789;10.15999984741211;28735;2020-06-29 11:30:00-04:00
10.170000076293944;10.1850004196167;10.140000343322754;10.164999961853027;38234;2020-06-29 12:30:00-04:00
10.164999961853027;10.170000076293944;10.140000343322754;10.140000343322754;24890;2020-06-29 13:30:00-04:00
10.140000343322754;10.170000076293944;10.079999923706056;10.109999656677246;32731;2020-06-29 14:30:00-04:00
10.114999771118164;10.170000076293944;10.079999923706056;10.140000343322754;80854;2020-06-29 15:30:00-04:00
10.210000038146973;10.289999961853027;10.100000381469728;10.199999809265137;20088;2020-06-30 09:30:00-04:00
10.229999542236328;10.395000457763672;10.1899995803833;10.329999923706056;127376;2020-06-30 10:30:00-04:00
10.31999969482422;10.369999885559082;10.260000228881836;10.31999969482422;49112;2020-06-30 11:30:00-04:00
10.3100004196167;10.350000381469728;10.239999771118164;10.260000228881836;26201;2020-06-30 12:30:00-04:00
10.260000228881836;10.300000190734863;10.229999542236328;10.289999961853027;18121;2020-06-30 13:30:00-04:00
10.31999969482422;10.359999656677246;10.239999771118164;10.289999961853027;30667;2020-06-30 14:30:00-04:00
10.3100004196167;10.324999809265137;10.270000457763672;10.279999732971191;46332;2020-06-30 15:30:00-04:00
10.279999732971191;10.4399995803833;10.140000343322754;10.140000343322754;14524;2020-07-01 09:30:00-04:00
10.149999618530272;10.289999961853027;10.079999923706056;10.19499969482422;64080;2020-07-01 10:30:00-04:00
10.1899995803833;10.199999809265137;10.119999885559082;10.170000076293944;12620;2020-07-01 11:30:00-04:00
10.15999984741211;10.15999984741211;10.01729965209961;10.020000457763672;12857;2020-07-01 12:30:00-04:00
10.020000457763672;10.020000457763672;9.93000030517578;9.9399995803833;19342;2020-07-01 13:30:00-04:00
9.9399995803833;9.9399995803833;9.859999656677246;9.899999618530272;19632;2020-07-01 14:30:00-04:00
9.899999618530272;9.920000076293944;9.8100004196167;9.869999885559082;50854;2020-07-01 15:30:00-04:00
10.0600004196167;10.270000457763672;9.920000076293944;9.970000267028809;49327;2020-07-02 09:30:00-04:00
9.93000030517578;9.949999809265137;9.720000267028809;9.890000343322754;17455;2020-07-02 10:30:00-04:00
9.890000343322754;9.949999809265137;9.829999923706056;9.869999885559082;9402;2020-07-02 11:30:00-04:00
9.859999656677246;9.90999984741211;9.829999923706056;9.890000343322754;10497;2020-07-02 12:30:00-04:00
9.880000114440918;9.9350004196167;9.859999656677246;9.93000030517578;12087;2020-07-02 13:30:00-04:00
9.949999809265137;9.954999923706056;9.869999885559082;9.890000343322754;17784;2020-07-02 14:30:00-04:00
9.899999618530272;9.920000076293944;9.859999656677246;9.859999656677246;27609;2020-07-02 15:30:00-04:00
10.130000114440918;10.130000114440918;9.84000015258789;9.850000381469728;0;2020-07-06 09:30:00-04:00
9.835000038146973;9.850000381469728;9.710000038146973;9.800000190734863;30738;2020-07-06 10:30:00-04:00
9.789999961853027;9.920000076293944;9.78499984741211;9.920000076293944;14217;2020-07-06 11:30:00-04:00
9.90999984741211;9.989999771118164;9.90999984741211;9.984999656677246;15411;2020-07-06 12:30:00-04:00
9.984999656677246;10.029999732971191;9.970000267028809;9.989999771118164;26999;2020-07-06 13:30:00-04:00
9.979999542236328;10.029999732971191;9.960000038146973;9.989999771118164;33956;2020-07-06 14:30:00-04:00
9.994999885559082;10.010000228881836;9.970000267028809;10.0;53844;2020-07-06 15:30:00-04:00
10.079999923706056;10.1899995803833;9.800000190734863;9.979999542236328;20389;2020-07-07 09:30:00-04:00
9.970000267028809;10.020000457763672;9.890000343322754;10.010000228881836;19793;2020-07-07 10:30:00-04:00
10.0;10.010000228881836;9.9399995803833;10.0;14469;2020-07-07 11:30:00-04:00
9.989999771118164;10.0;9.9399995803833;9.989999771118164;17491;2020-07-07 12:30:00-04:00
9.989999771118164;10.020000457763672;9.98009967803955;9.994999885559082;31241;2020-07-07 13:30:00-04:00
9.989999771118164;10.0;9.949999809265137;9.949999809265137;26860;2020-07-07 14:30:00-04:00
9.949999809265137;9.949999809265137;9.890000343322754;9.890000343322754;36829;2020-07-07 15:30:00-04:00
10.050000190734863;10.149999618530272;9.8100004196167;9.9399995803833;41950;2020-07-08 09:30:00-04:00
9.9399995803833;9.989999771118164;9.920000076293944;9.949999809265137;21531;2020-07-08 10:30:00-04:00
9.949999809265137;10.017499923706056;9.949999809265137;10.0;33017;2020-07-08 11:30:00-04:00
10.005000114440918;10.015000343322754;9.949999809265137;9.970000267028809;23545;2020-07-08 12:30:00-04:00
9.970000267028809;10.015000343322754;9.970000267028809;9.979999542236328;18557;2020-07-08 13:30:00-04:00
9.970000267028809;10.015000343322754;9.920000076293944;10.0;20918;2020-07-08 14:30:00-04:00
10.0;10.010000228881836;9.9399995803833;9.9399995803833;60353;2020-07-08 15:30:00-04:00
9.90999984741211;9.93000030517578;9.8100004196167;9.84000015258789;9982;2020-07-09 09:30:00-04:00
9.84000015258789;9.859999656677246;9.649999618530272;9.699999809265137;19673;2020-07-09 10:30:00-04:00
9.75;9.890000343322754;9.6899995803833;9.770000457763672;14504;2020-07-09 11:30:00-04:00
9.779999732971191;9.81999969482422;9.75;9.789999961853027;17013;2020-07-09 12:30:00-04:00
9.789999961853027;9.859999656677246;9.744999885559082;9.859999656677246;23391;2020-07-09 13:30:00-04:00
9.859999656677246;9.880000114440918;9.800000190734863;9.81999969482422;24464;2020-07-09 14:30:00-04:00
9.8100004196167;9.824999809265137;9.729999542236328;9.739999771118164;31005;2020-07-09 15:30:00-04:00
9.699999809265137;9.880000114440918;9.600000381469728;9.84000015258789;7144;2020-07-10 09:30:00-04:00
9.869999885559082;10.020000457763672;9.84000015258789;9.890000343322754;26950;2020-07-10 10:30:00-04:00
9.859999656677246;9.920000076293944;9.84000015258789;9.920000076293944;6954;2020-07-10 11:30:00-04:00
9.920000076293944;9.960000038146973;9.859999656677246;9.869999885559082;9869;2020-07-10 12:30:00-04:00
9.859999656677246;9.9399995803833;9.859999656677246;9.899999618530272;12888;2020-07-10 13:30:00-04:00
9.899999618530272;9.93000030517578;9.875;9.90999984741211;20562;2020-07-10 14:30:00-04:00
9.90999984741211;9.960000038146973;9.90999984741211;9.9399995803833;28510;2020-07-10 15:30:00-04:00
9.979999542236328;10.06999969482422;9.8149995803833;9.880000114440918;11995;2020-07-13 09:30:00-04:00
9.899999618530272;9.93000030517578;9.850000381469728;9.93000030517578;18836;2020-07-13 10:30:00-04:00
9.9350004196167;9.949999809265137;9.885000228881836;9.904999732971191;14296;2020-07-13 11:30:00-04:00
9.904999732971191;10.06999969482422;9.890000343322754;10.020000457763672;46626;2020-07-13 12:30:00-04:00
10.020000457763672;10.050000190734863;10.010000228881836;10.010000228881836;24683;2020-07-13 13:30:00-04:00
10.0;10.015000343322754;9.9399995803833;9.949999809265137;24948;2020-07-13 14:30:00-04:00
9.9399995803833;9.9399995803833;9.869999885559082;9.880000114440918;21028;2020-07-13 15:30:00-04:00
9.970000267028809;10.24899959564209;9.899999618530272;10.024999618530272;21739;2020-07-14 09:30:00-04:00
10.03499984741211;10.199999809265137;9.989999771118164;10.1899995803833;78150;2020-07-14 10:30:00-04:00
10.1850004196167;10.239999771118164;10.180299758911133;10.199999809265137;26711;2020-07-14 11:30:00-04:00
10.210000038146973;10.329999923706056;10.210000038146973;10.270000457763672;13739;2020-07-14 12:30:00-04:00
10.279999732971191;10.369999885559082;10.279999732971191;10.28499984741211;17893;2020-07-14 13:30:00-04:00
10.289999961853027;10.34000015258789;10.220000267028809;10.255000114440918;44491;2020-07-14 14:30:00-04:00
10.255000114440918;10.289999961853027;10.239999771118164;10.25;105640;2020-07-14 15:30:00-04:00
10.520000457763672;10.739999771118164;10.479999542236328;10.529999732971191;34008;2020-07-15 09:30:00-04:00
10.520000457763672;10.720000267028809;10.510000228881836;10.640000343322754;68217;2020-07-15 10:30:00-04:00
10.68000030517578;10.739999771118164;10.579999923706056;10.640000343322754;47072;2020-07-15 11:30:00-04:00
10.645000457763672;10.760000228881836;10.604999542236328;10.6899995803833;62852;2020-07-15 12:30:00-04:00
10.699999809265137;10.789999961853027;10.630000114440918;10.6850004196167;46290;2020-07-15 13:30:00-04:00
10.699999809265137;10.710000038146973;10.59000015258789;10.600000381469728;68342;2020-07-15 14:30:00-04:00
10.600000381469728;10.640000343322754;10.585000038146973;10.59000015258789;69571;2020-07-15 15:30:00-04:00
10.5600004196167;10.720000267028809;10.539999961853027;10.6899995803833;31993;2020-07-16 09:30:00-04:00
10.6899995803833;10.760000228881836;10.649999618530272;10.65999984741211;56716;2020-07-16 10:30:00-04:00
10.654999732971191;10.65999984741211;10.600000381469728;10.65999984741211;13144;2020-07-16 11:30:00-04:00
10.640000343322754;10.640000343322754;10.550000190734863;10.600000381469728;15686;2020-07-16 12:30:00-04:00
10.59000015258789;10.609999656677246;10.5600004196167;10.59000015258789;10334;2020-07-16 13:30:00-04:00
10.609999656677246;10.609999656677246;10.5;10.56999969482422;20919;2020-07-16 14:30:00-04:00
10.56999969482422;10.630000114440918;10.56999969482422;10.59000015258789;28005;2020-07-16 15:30:00-04:00
10.630000114440918;10.699999809265137;10.56999969482422;10.600000381469728;22777;2020-07-17 09:30:00-04:00
10.59000015258789;10.949999809265137;10.579999923706056;10.779999732971191;56708;2020-07-17 10:30:00-04:00
10.789999961853027;10.869999885559082;10.789999961853027;10.835000038146973;31328;2020-07-17 11:30:00-04:00
10.829999923706056;10.84000015258789;10.739999771118164;10.8100004196167;10617;2020-07-17 12:30:00-04:00
10.80500030517578;10.80500030517578;10.710000038146973;10.739999771118164;6617;2020-07-17 13:30:00-04:00
10.75;10.75;10.710000038146973;10.734999656677246;10143;2020-07-17 14:30:00-04:00
10.75;10.75;10.68000030517578;10.68000030517578;28940;2020-07-17 15:30:00-04:00
10.619999885559082;10.729999542236328;10.505000114440918;10.55500030517578;20043;2020-07-20 09:30:00-04:00
10.55500030517578;10.640000343322754;10.529999732971191;10.529999732971191;21169;2020-07-20 10:30:00-04:00
10.524999618530272;10.600000381469728;10.520000457763672;10.600000381469728;18596;2020-07-20 11:30:00-04:00
10.600000381469728;10.640000343322754;10.56999969482422;10.56999969482422;11455;2020-07-20 12:30:00-04:00
10.56999969482422;10.604999542236328;10.5600004196167;10.574999809265137;16529;2020-07-20 13:30:00-04:00
10.574999809265137;10.649999618530272;10.520000457763672;10.645000457763672;28250;2020-07-20 14:30:00-04:00
10.649999618530272;10.6899995803833;10.630000114440918;10.649999618530272;53484;2020-07-20 15:30:00-04:00
10.75;10.949999809265137;10.68929958343506;10.859999656677246;27937;2020-07-21 09:30:00-04:00
10.869999885559082;11.109999656677246;10.869999885559082;11.09000015258789;24338;2020-07-21 10:30:00-04:00
11.079999923706056;11.130000114440918;11.050000190734863;11.079999923706056;18064;2020-07-21 11:30:00-04:00
11.079999923706056;11.09000015258789;11.050000190734863;11.050000190734863;18058;2020-07-21 12:30:00-04:00
11.050000190734863;11.050000190734863;10.989999771118164;11.0;9791;2020-07-21 13:30:00-04:00
11.0;11.010000228881836;10.9350004196167;10.9399995803833;6302;2020-07-21 14:30:00-04:00
10.90999984741211;10.920000076293944;10.81999969482422;10.850000381469728;38131;2020-07-21 15:30:00-04:00
10.75;11.079999923706056;10.75;10.93000030517578;9040;2020-07-22 09:30:00-04:00
10.949999809265137;11.170000076293944;10.949999809265137;11.15999984741211;16635;2020-07-22 10:30:00-04:00
11.170000076293944;11.170000076293944;10.970000267028809;10.984999656677246;13943;2020-07-22 11:30:00-04:00
10.979999542236328;11.010000228881836;10.960000038146973;10.979999542236328;16134;2020-07-22 12:30:00-04:00
10.979999542236328;10.989999771118164;10.93000030517578;10.94499969482422;16488;2020-07-22 13:30:00-04:00
10.9399995803833;10.989999771118164;10.9399995803833;10.954999923706056;5491;2020-07-22 14:30:00-04:00
10.9399995803833;10.979999542236328;10.899999618530272;10.899999618530272;29047;2020-07-22 15:30:00-04:00
10.880000114440918;11.06999969482422;10.880000114440918;10.9399995803833;5522;2020-07-23 09:30:00-04:00
10.9399995803833;11.079999923706056;10.9399995803833;11.0600004196167;15858;2020-07-23 10:30:00-04:00
11.079999923706056;11.329999923706056;11.06999969482422;11.30500030517578;30940;2020-07-23 11:30:00-04:00
11.329999923706056;11.329999923706056;11.270000457763672;11.329999923706056;13652;2020-07-23 12:30:00-04:00
11.329999923706056;11.34000015258789;11.260000228881836;11.3100004196167;25164;2020-07-23 13:30:00-04:00
11.300000190734863;11.399999618530272;11.295000076293944;11.369999885559082;31316;2020-07-23 14:30:00-04:00
11.359999656677246;11.380000114440918;11.220000267028809;11.220000267028809;57767;2020-07-23 15:30:00-04:00
11.109999656677246;11.3100004196167;10.979999542236328;11.260000228881836;16596;2020-07-24 09:30:00-04:00
11.229999542236328;11.260000228881836;10.970000267028809;10.970000267028809;35892;2020-07-24 10:30:00-04:00
10.960000038146973;10.979999542236328;10.90999984741211;10.9399995803833;16488;2020-07-24 11:30:00-04:00
10.960000038146973;10.970000267028809;10.789999961853027;10.8149995803833;44001;2020-07-24 12:30:00-04:00
10.80500030517578;10.890000343322754;10.800000190734863;10.890000343322754;29146;2020-07-24 13:30:00-04:00
10.899999618530272;10.899999618530272;10.789999961853027;10.789999961853027;17430;2020-07-24 14:30:00-04:00
10.800000190734863;10.859999656677246;10.78499984741211;10.84000015258789;53909;2020-07-24 15:30:00-04:00
10.829999923706056;11.0;10.829999923706056;11.0;6103;2020-07-27 09:30:00-04:00
10.979999542236328;11.020000457763672;10.9399995803833;11.010000228881836;10654;2020-07-27 10:30:00-04:00
10.979999542236328;11.06999969482422;10.949999809265137;10.989999771118164;19494;2020-07-27 11:30:00-04:00
10.994999885559082;11.050000190734863;10.949999809265137;11.029999732971191;24295;2020-07-27 12:30:00-04:00
11.010000228881836;11.079999923706056;11.010000228881836;11.0600004196167;13956;2020-07-27 13:30:00-04:00
11.050000190734863;11.079999923706056;11.020000457763672;11.079999923706056;14380;2020-07-27 14:30:00-04:00
11.074999809265137;11.199999809265137;11.074999809265137;11.100000381469728;73723;2020-07-27 15:30:00-04:00
11.079999923706056;11.199999809265137;10.989999771118164;11.010000228881836;11896;2020-07-28 09:30:00-04:00
10.970000267028809;10.970000267028809;10.84000015258789;10.904999732971191;10447;2020-07-28 10:30:00-04:00
10.920000076293944;10.93000030517578;10.869999885559082;10.895000457763672;10107;2020-07-28 11:30:00-04:00
10.890000343322754;10.920000076293944;10.84000015258789;10.890000343322754;10675;2020-07-28 12:30:00-04:00
10.890000343322754;10.93000030517578;10.880000114440918;10.899999618530272;12803;2020-07-28 13:30:00-04:00
10.90999984741211;10.960000038146973;10.895000457763672;10.920000076293944;28181;2020-07-28 14:30:00-04:00
10.93000030517578;10.949999809265137;10.8100004196167;10.81999969482422;30551;2020-07-28 15:30:00-04:00
10.829999923706056;11.119999885559082;10.829999923706056;10.899999618530272;42844;2020-07-29 09:30:00-04:00
10.880000114440918;10.949999809265137;10.81999969482422;10.949999809265137;17831;2020-07-29 10:30:00-04:00
10.960000038146973;11.010000228881836;10.93000030517578;10.989999771118164;10189;2020-07-29 11:30:00-04:00
10.989999771118164;11.020000457763672;10.949999809265137;11.010000228881836;62015;2020-07-29 12:30:00-04:00
11.010000228881836;11.109999656677246;11.010000228881836;11.09000015258789;10030;2020-07-29 13:30:00-04:00
11.114999771118164;11.170000076293944;11.0600004196167;11.130000114440918;14699;2020-07-29 14:30:00-04:00
11.140000343322754;11.140000343322754;11.0649995803833;11.119999885559082;25093;2020-07-29 15:30:00-04:00
10.920000076293944;11.09000015258789;10.770000457763672;10.869999885559082;15800;2020-07-30 09:30:00-04:00
10.859999656677246;10.970000267028809;10.81999969482422;10.90999984741211;19911;2020-07-30 10:30:00-04:00
10.890000343322754;10.904999732971191;10.65999984741211;10.739999771118164;51278;2020-07-30 11:30:00-04:00
10.739999771118164;10.789999961853027;10.720000267028809;10.729999542236328;24971;2020-07-30 12:30:00-04:00
10.720000267028809;10.800000190734863;10.720000267028809;10.800000190734863;17127;2020-07-30 13:30:00-04:00
10.795000076293944;10.880000114440918;10.789999961853027;10.869999885559082;21019;2020-07-30 14:30:00-04:00
10.875;10.875;10.8100004196167;10.829999923706056;32350;2020-07-30 15:30:00-04:00
10.779999732971191;10.8100004196167;10.550000190734863;10.579999923706056;25443;2020-07-31 09:30:00-04:00
10.56999969482422;10.56999969482422;10.460000038146973;10.5;20141;2020-07-31 10:30:00-04:00
10.510000228881836;10.520000457763672;10.420000076293944;10.470000267028809;15235;2020-07-31 11:30:00-04:00
10.470000267028809;10.520000457763672;10.420000076293944;10.510000228881836;8333;2020-07-31 12:30:00-04:00
10.520000457763672;10.529999732971191;10.420000076293944;10.420000076293944;7808;2020-07-31 13:30:00-04:00
10.43000030517578;10.489999771118164;10.42990016937256;10.479999542236328;16423;2020-07-31 14:30:00-04:00
10.489999771118164;10.539999961853027;10.4399995803833;10.539999961853027;35523;2020-07-31 15:30:00-04:00
10.5600004196167;10.779999732971191;10.43000030517578;10.75;37840;2020-08-03 09:30:00-04:00
10.739999771118164;10.859999656677246;10.710000038146973;10.779999732971191;23608;2020-08-03 10:30:00-04:00
10.795000076293944;10.8149995803833;10.68000030517578;10.770000457763672;40966;2020-08-03 11:30:00-04:00
10.770000457763672;10.770000457763672;10.670000076293944;10.739999771118164;23074;2020-08-03 12:30:00-04:00
10.770000457763672;10.869999885559082;10.6899995803833;10.845000267028809;25602;2020-08-03 13:30:00-04:00
10.859999656677246;10.859999656677246;10.790399551391602;10.84000015258789;29401;2020-08-03 14:30:00-04:00
10.850000381469728;10.880000114440918;10.8100004196167;10.859999656677246;45077;2020-08-03 15:30:00-04:00
10.720000267028809;11.130000114440918;10.609999656677246;10.975000381469728;71233;2020-08-04 09:30:00-04:00
10.975000381469728;11.130000114440918;10.9399995803833;11.104999542236328;37935;2020-08-04 10:30:00-04:00
11.130000114440918;11.15999984741211;11.050399780273438;11.135000228881836;18252;2020-08-04 11:30:00-04:00
11.149999618530272;11.289999961853027;11.149999618530272;11.270000457763672;19857;2020-08-04 12:30:00-04:00
11.260000228881836;11.289999961853027;11.149999618530272;11.1850004196167;64519;2020-08-04 13:30:00-04:00
11.1850004196167;11.3100004196167;11.170000076293944;11.289999961853027;62469;2020-08-04 14:30:00-04:00
11.300000190734863;11.300000190734863;11.15999984741211;11.210000038146973;77930;2020-08-04 15:30:00-04:00
11.789999961853027;12.359999656677246;11.220000267028809;11.545000076293944;89519;2020-08-05 09:30:00-04:00
11.510000228881836;11.5600004196167;11.31999969482422;11.479999542236328;36543;2020-08-05 10:30:00-04:00
11.479999542236328;11.640000343322754;11.442700386047363;11.609999656677246;33311;2020-08-05 11:30:00-04:00
11.609999656677246;11.6899995803833;11.59000015258789;11.6899995803833;42299;2020-08-05 12:30:00-04:00
11.6899995803833;11.84000015258789;11.670000076293944;11.789999961853027;40395;2020-08-05 13:30:00-04:00
11.789999961853027;11.858400344848633;11.729999542236328;11.829999923706056;38507;2020-08-05 14:30:00-04:00
11.84000015258789;11.869999885559082;11.772000312805176;11.789999961853027;48809;2020-08-05 15:30:00-04:00
12.0;12.15060043334961;11.510000228881836;11.529999732971191;44082;2020-08-06 09:30:00-04:00
11.529999732971191;11.529999732971191;11.149999618530272;11.18000030517578;41528;2020-08-06 10:30:00-04:00
11.130000114440918;11.420000076293944;11.100000381469728;11.40999984741211;38298;2020-08-06 11:30:00-04:00
11.425000190734863;11.4399995803833;11.34000015258789;11.43000030517578;18864;2020-08-06 12:30:00-04:00
11.412500381469728;11.489999771118164;11.404999732971191;11.43000030517578;18327;2020-08-06 13:30:00-04:00
11.43000030517578;11.520000457763672;11.399999618530272;11.489999771118164;27537;2020-08-06 14:30:00-04:00
11.479999542236328;11.640000343322754;11.470000267028809;11.5;54716;2020-08-06 15:30:00-04:00
11.43000030517578;11.62660026550293;11.43000030517578;11.550000190734863;12377;2020-08-07 09:30:00-04:00
11.550000190734863;11.630000114440918;11.470000267028809;11.600000381469728;70788;2020-08-07 10:30:00-04:00
11.59000015258789;11.609999656677246;11.5600004196167;11.595000267028809;9258;2020-08-07 11:30:00-04:00
11.600000381469728;11.667499542236328;11.579999923706056;11.667499542236328;11386;2020-08-07 12:30:00-04:00
11.68000030517578;11.6899995803833;11.59000015258789;11.630000114440918;12799;2020-08-07 13:30:00-04:00
11.609999656677246;11.729999542236328;11.609999656677246;11.664999961853027;22792;2020-08-07 14:30:00-04:00
11.664999961853027;11.75;11.65999984741211;11.75;38611;2020-08-07 15:30:00-04:00
12.210000038146973;12.569899559020996;12.170000076293944;12.425000190734863;280702;2020-08-10 09:30:00-04:00
12.40999984741211;12.43000030517578;12.270000457763672;12.289999961853027;60417;2020-08-10 10:30:00-04:00
12.289999961853027;12.289999961853027;12.149999618530272;12.149999618530272;25250;2020-08-10 11:30:00-04:00
12.15999984741211;12.15999984741211;12.029999732971191;12.039999961853027;54028;2020-08-10 12:30:00-04:00
12.05500030517578;12.09000015258789;12.029999732971191;12.09000015258789;41499;2020-08-10 13:30:00-04:00
12.095000267028809;12.140000343322754;12.079999923706056;12.109999656677246;22162;2020-08-10 14:30:00-04:00
12.119999885559082;12.175000190734863;12.100000381469728;12.125;39614;2020-08-10 15:30:00-04:00
12.369999885559082;12.574999809265137;12.239999771118164;12.399999618530272;70035;2020-08-11 09:30:00-04:00
12.43000030517578;12.479999542236328;12.350000381469728;12.380000114440918;31143;2020-08-11 10:30:00-04:00
12.385000228881836;12.4399995803833;12.3100004196167;12.399999618530272;73465;2020-08-11 11:30:00-04:00
12.390000343322754;12.399999618530272;12.279999732971191;12.399999618530272;12537;2020-08-11 12:30:00-04:00
12.380000114440918;12.399999618530272;12.31999969482422;12.329999923706056;11780;2020-08-11 13:30:00-04:00
12.325499534606934;12.325499534606934;12.149999618530272;12.229999542236328;17754;2020-08-11 14:30:00-04:00
12.18000030517578;12.210000038146973;12.119999885559082;12.170000076293944;41945;2020-08-11 15:30:00-04:00
12.220000267028809;12.3100004196167;12.114999771118164;12.300000190734863;17518;2020-08-12 09:30:00-04:00
12.300000190734863;12.300000190734863;12.119999885559082;12.199999809265137;15757;2020-08-12 10:30:00-04:00
12.1899995803833;12.239999771118164;12.145000457763672;12.239999771118164;11645;2020-08-12 11:30:00-04:00
12.25;12.34000015258789;12.229999542236328;12.331700325012209;41234;2020-08-12 12:30:00-04:00
12.350000381469728;12.369999885559082;12.30500030517578;12.34000015258789;21763;2020-08-12 13:30:00-04:00
12.350000381469728;12.470000267028809;12.350000381469728;12.449999809265137;69387;2020-08-12 14:30:00-04:00
12.449999809265137;12.449999809265137;12.31999969482422;12.369999885559082;247332;2020-08-12 15:30:00-04:00
12.3100004196167;12.420000076293944;12.199999809265137;12.385000228881836;266313;2020-08-13 09:30:00-04:00
12.380000114440918;12.4399995803833;12.270000457763672;12.399999618530272;86231;2020-08-13 10:30:00-04:00
12.399999618530272;12.470000267028809;12.380000114440918;12.399999618530272;24412;2020-08-13 11:30:00-04:00
12.400799751281738;12.425000190734863;12.329999923706056;12.34000015258789;19396;2020-08-13 12:30:00-04:00
12.329999923706056;12.385000228881836;12.289999961853027;12.289999961853027;16915;2020-08-13 13:30:00-04:00
12.289999961853027;12.289999961853027;12.149999618530272;12.25;22635;2020-08-13 14:30:00-04:00
12.239999771118164;12.260000228881836;12.1899995803833;12.220000267028809;31434;2020-08-13 15:30:00-04:00
12.079999923706056;12.1899995803833;12.0;12.100000381469728;22203;2020-08-14 09:30:00-04:00
12.100000381469728;12.119999885559082;12.010000228881836;12.095000267028809;20196;2020-08-14 10:30:00-04:00
12.079999923706056;12.119999885559082;12.050000190734863;12.09000015258789;12963;2020-08-14 11:30:00-04:00
12.079999923706056;12.109999656677246;12.050000190734863;12.100000381469728;12410;2020-08-14 12:30:00-04:00
12.100000381469728;12.260000228881836;12.100000381469728;12.15999984741211;30655;2020-08-14 13:30:00-04:00
12.15999984741211;12.199999809265137;12.06999969482422;12.130000114440918;18008;2020-08-14 14:30:00-04:00
12.130000114440918;12.1899995803833;12.06999969482422;12.1899995803833;40864;2020-08-14 15:30:00-04:00
12.260000228881836;12.260000228881836;12.109999656677246;12.1899995803833;11437;2020-08-17 09:30:00-04:00
12.140000343322754;12.140000343322754;12.029999732971191;12.09000015258789;18095;2020-08-17 10:30:00-04:00
12.079999923706056;12.079999923706056;12.010000228881836;12.020000457763672;9354;2020-08-17 11:30:00-04:00
12.029999732971191;12.032299995422363;11.970000267028809;11.979999542236328;9335;2020-08-17 12:30:00-04:00
11.970000267028809;11.970000267028809;11.859999656677246;11.869999885559082;22310;2020-08-17 13:30:00-04:00
11.880000114440918;11.880000114440918;11.789999961853027;11.789999961853027;32578;2020-08-17 14:30:00-04:00
11.795000076293944;11.8100004196167;11.75;11.75;33333;2020-08-17 15:30:00-04:00
11.75;11.789999961853027;11.640000343322754;11.739999771118164;14569;2020-08-18 09:30:00-04:00
11.675000190734863;11.710000038146973;11.59000015258789;11.670000076293944;18791;2020-08-18 10:30:00-04:00
11.670000076293944;11.699999809265137;11.579999923706056;11.59000015258789;25817;2020-08-18 11:30:00-04:00
11.59000015258789;11.649999618530272;11.5600004196167;11.640000343322754;34218;2020-08-18 12:30:00-04:00
11.640000343322754;11.654999732971191;11.59000015258789;11.630000114440918;14045;2020-08-18 13:30:00-04:00
11.609999656677246;11.619999885559082;11.56999969482422;11.600000381469728;12775;2020-08-18 14:30:00-04:00
11.59000015258789;11.609999656677246;11.5;11.59000015258789;45816;2020-08-18 15:30:00-04:00
11.510000228881836;11.75;11.25;11.65999984741211;33549;2020-08-19 09:30:00-04:00
11.654999732971191;11.65999984741211;11.56999969482422;11.609999656677246;22200;2020-08-19 10:30:00-04:00
11.625;11.725000381469728;11.625;11.699999809265137;18941;2020-08-19 11:30:00-04:00
11.6899995803833;11.6899995803833;11.619999885559082;11.619999885559082;10559;2020-08-19 12:30:00-04:00
11.619999885559082;11.670000076293944;11.600000381469728;11.600000381469728;13869;2020-08-19 13:30:00-04:00
11.600000381469728;11.609999656677246;11.5600004196167;11.579999923706056;13099;2020-08-19 14:30:00-04:00
11.579999923706056;11.609999656677246;11.5600004196167;11.59000015258789;41738;2020-08-19 15:30:00-04:00
11.449999809265137;11.539999961853027;11.260000228881836;11.489999771118164;16525;2020-08-20 09:30:00-04:00
11.505000114440918;11.59000015258789;11.489999771118164;11.510000228881836;15353;2020-08-20 10:30:00-04:00
11.479999542236328;11.59000015258789;11.470000267028809;11.520000457763672;9284;2020-08-20 11:30:00-04:00
11.520000457763672;11.56999969482422;11.520000457763672;11.539999961853027;10920;2020-08-20 12:30:00-04:00
11.539999961853027;11.56999969482422;11.505000114440918;11.539999961853027;13850;2020-08-20 13:30:00-04:00
11.539999961853027;11.5600004196167;11.510000228881836;11.510000228881836;14393;2020-08-20 14:30:00-04:00
11.515000343322754;11.520000457763672;11.470000267028809;11.5;30345;2020-08-20 15:30:00-04:00
11.4399995803833;11.65999984741211;11.399999618530272;11.539999961853027;45779;2020-08-21 09:30:00-04:00
11.550000190734863;11.579999923706056;11.449999809265137;11.449999809265137;21674;2020-08-21 10:30:00-04:00
11.449999809265137;11.550000190734863;11.4399995803833;11.489999771118164;12615;2020-08-21 11:30:00-04:00
11.479999542236328;11.579999923706056;11.449999809265137;11.520000457763672;15186;2020-08-21 12:30:00-04:00
11.510000228881836;11.539999961853027;11.470000267028809;11.479999542236328;44966;2020-08-21 13:30:00-04:00
11.489999771118164;11.5;11.460000038146973;11.470000267028809;14893;2020-08-21 14:30:00-04:00
11.46500015258789;11.489999771118164;11.43000030517578;11.470000267028809;40659;2020-08-21 15:30:00-04:00
11.520000457763672;11.960000038146973;11.460000038146973;11.854999542236328;39200;2020-08-24 09:30:00-04:00
11.869999885559082;11.90999984741211;11.739999771118164;11.8100004196167;28235;2020-08-24 10:30:00-04:00
11.84000015258789;11.84000015258789;11.729999542236328;11.779999732971191;24744;2020-08-24 11:30:00-04:00
11.770000457763672;11.779999732971191;11.675000190734863;11.729999542236328;33942;2020-08-24 12:30:00-04:00
11.720000267028809;11.744999885559082;11.68000030517578;11.729999542236328;22543;2020-08-24 13:30:00-04:00
11.720000267028809;11.720000267028809;11.630000114440918;11.6899995803833;48563;2020-08-24 14:30:00-04:00
11.69499969482422;11.729999542236328;11.649999618530272;11.720000267028809;42712;2020-08-24 15:30:00-04:00
11.739999771118164;11.890000343322754;11.53499984741211;11.890000343322754;40017;2020-08-25 09:30:00-04:00
11.859999656677246;11.864999771118164;11.789999961853027;11.84000015258789;28740;2020-08-25 10:30:00-04:00
11.84000015258789;11.854999542236328;11.760000228881836;11.78499984741211;18490;2020-08-25 11:30:00-04:00
11.779999732971191;11.78499984741211;11.734999656677246;11.75;34470;2020-08-25 12:30:00-04:00
11.760000228881836;11.859999656677246;11.760000228881836;11.8149995803833;19096;2020-08-25 13:30:00-04:00
11.8100004196167;11.90999984741211;11.765000343322754;11.899999618530272;50300;2020-08-25 14:30:00-04:00
11.899999618530272;11.920000076293944;11.859999656677246;11.920000076293944;34293;2020-08-25 15:30:00-04:00
11.899999618530272;11.979999542236328;11.779999732971191;11.899999618530272;31679;2020-08-26 09:30:00-04:00
11.890000343322754;11.93000030517578;11.835000038146973;11.920000076293944;47984;2020-08-26 10:30:00-04:00
11.904999732971191;11.920000076293944;11.854999542236328;11.895000457763672;79952;2020-08-26 11:30:00-04:00
11.895000457763672;11.960000038146973;11.859999656677246;11.90999984741211;56626;2020-08-26 12:30:00-04:00
11.90999984741211;11.914999961853027;11.854999542236328;11.869999885559082;25077;2020-08-26 13:30:00-04:00
11.84000015258789;11.84000015258789;11.779999732971191;11.80500030517578;31384;2020-08-26 14:30:00-04:00
11.800000190734863;11.8100004196167;11.710000038146973;11.770000457763672;53319;2020-08-26 15:30:00-04:00
11.720000267028809;11.989999771118164;11.720000267028809;11.864999771118164;8335;2020-08-27 09:30:00-04:00
11.850000381469728;11.880000114440918;11.680399894714355;11.699999809265137;9054;2020-08-27 10:30:00-04:00
11.710000038146973;11.789999961853027;11.6899995803833;11.699999809265137;4622;2020-08-27 11:30:00-04:00
11.6899995803833;11.734000205993652;11.56999969482422;11.734000205993652;10611;2020-08-27 12:30:00-04:00
11.710000038146973;11.739999771118164;11.69499969482422;11.710000038146973;3456;2020-08-27 13:30:00-04:00
11.739999771118164;11.760000228881836;11.65999984741211;11.68000030517578;5810;2020-08-27 14:30:00-04:00
11.645000457763672;11.65999984741211;11.600000381469728;11.619999885559082;17204;2020-08-27 15:30:00-04:00
11.8100004196167;11.90999984741211;11.640000343322754;11.755000114440918;12016;2020-08-28 09:30:00-04:00
11.771900177001951;11.771900177001951;11.649999618530272;11.699999809265137;9952;2020-08-28 10:30:00-04:00
11.6899995803833;11.760000228881836;11.670000076293944;11.729999542236328;8240;2020-08-28 11:30:00-04:00
11.729999542236328;11.800000190734863;11.699999809265137;11.699999809265137;7491;2020-08-28 12:30:00-04:00
11.70400047302246;11.739999771118164;11.6899995803833;11.739999771118164;6391;2020-08-28 13:30:00-04:00
11.770000457763672;11.800000190734863;11.739999771118164;11.770000457763672;11459;2020-08-28 14:30:00-04:00
11.770000457763672;11.829999923706056;11.729999542236328;11.8100004196167;19197;2020-08-28 15:30:00-04:00
11.699999809265137;11.789999961853027;11.550000190734863;11.56999969482422;10476;2020-08-31 09:30:00-04:00
11.56999969482422;11.609999656677246;11.4399995803833;11.460000038146973;10443;2020-08-31 10:30:00-04:00
11.460000038146973;11.520000457763672;11.40999984741211;11.40999984741211;11514;2020-08-31 11:30:00-04:00
11.43000030517578;11.470000267028809;11.369999885559082;11.43000030517578;7744;2020-08-31 12:30:00-04:00
11.470000267028809;11.479999542236328;11.380000114440918;11.380000114440918;11004;2020-08-31 13:30:00-04:00
11.369999885559082;11.4399995803833;11.3100004196167;11.34000015258789;22031;2020-08-31 14:30:00-04:00
11.359999656677246;11.390000343322754;11.279999732971191;11.289999961853027;44036;2020-08-31 15:30:00-04:00
11.1899995803833;11.579999923706056;11.1899995803833;11.579999923706056;12944;2020-09-01 09:30:00-04:00
11.59000015258789;11.649999618530272;11.545000076293944;11.609999656677246;12411;2020-09-01 10:30:00-04:00
11.630000114440918;11.670000076293944;11.5600004196167;11.574999809265137;10985;2020-09-01 11:30:00-04:00
11.574999809265137;11.670000076293944;11.574999809265137;11.649999618530272;11103;2020-09-01 12:30:00-04:00
11.640000343322754;11.6899995803833;11.640000343322754;11.6899995803833;6577;2020-09-01 13:30:00-04:00
11.68000030517578;11.729999542236328;11.670000076293944;11.729999542236328;7858;2020-09-01 14:30:00-04:00
11.71500015258789;11.729999542236328;11.6899995803833;11.729999542236328;29333;2020-09-01 15:30:00-04:00
11.75;11.869999885559082;11.640000343322754;11.84000015258789;14754;2020-09-02 09:30:00-04:00
11.835000038146973;11.9399995803833;11.800000190734863;11.869999885559082;15535;2020-09-02 10:30:00-04:00
11.869999885559082;11.949999809265137;11.829999923706056;11.84000015258789;7036;2020-09-02 11:30:00-04:00
11.829999923706056;11.829999923706056;11.770000457763672;11.779999732971191;6865;2020-09-02 12:30:00-04:00
11.779999732971191;11.8100004196167;11.760000228881836;11.8100004196167;8681;2020-09-02 13:30:00-04:00
11.800000190734863;11.919699668884276;11.779999732971191;11.899999618530272;35325;2020-09-02 14:30:00-04:00
11.899999618530272;11.979999542236328;11.899999618530272;11.96500015258789;35847;2020-09-02 15:30:00-04:00
11.960000038146973;11.970000267028809;11.720000267028809;11.720000267028809;9802;2020-09-03 09:30:00-04:00
11.720000267028809;11.739999771118164;11.460000038146973;11.5;12496;2020-09-03 10:30:00-04:00
11.520000457763672;11.579999923706056;11.5;11.510000228881836;8206;2020-09-03 11:30:00-04:00
11.520000457763672;11.520000457763672;11.43000030517578;11.5;8413;2020-09-03 12:30:00-04:00
11.479999542236328;11.479999542236328;11.390000343322754;11.40999984741211;9509;2020-09-03 13:30:00-04:00
11.399999618530272;11.460000038146973;11.3100004196167;11.31999969482422;22455;2020-09-03 14:30:00-04:00
11.31999969482422;11.34000015258789;11.260000228881836;11.3100004196167;24923;2020-09-03 15:30:00-04:00
11.449999809265137;11.739999771118164;11.40999984741211;11.5;20806;2020-09-04 09:30:00-04:00
11.46500015258789;11.510000228881836;11.34000015258789;11.380000114440918;19032;2020-09-04 10:30:00-04:00
11.380000114440918;11.4399995803833;11.345000267028809;11.399999618530272;13118;2020-09-04 11:30:00-04:00
11.420000076293944;11.5600004196167;11.399999618530272;11.550000190734863;10962;2020-09-04 12:30:00-04:00
11.529999732971191;11.59000015258789;11.489999771118164;11.550000190734863;8790;2020-09-04 13:30:00-04:00
11.5600004196167;11.619999885559082;11.550000190734863;11.56999969482422;8557;2020-09-04 14:30:00-04:00
11.56999969482422;11.579999923706056;11.449999809265137;11.470000267028809;16992;2020-09-04 15:30:00-04:00
11.359999656677246;11.399999618530272;11.25;11.399999618530272;16970;2020-09-08 09:30:00-04:00
11.420000076293944;11.539999961853027;11.369999885559082;11.369999885559082;21915;2020-09-08 10:30:00-04:00
11.359999656677246;11.399999618530272;11.300000190734863;11.385000228881836;21292;2020-09-08 11:30:00-04:00
11.390000343322754;11.40999984741211;11.359999656677246;11.395000457763672;18846;2020-09-08 12:30:00-04:00
11.390000343322754;11.40999984741211;11.289999961853027;11.289999961853027;20645;2020-09-08 13:30:00-04:00
11.279999732971191;11.289999961853027;11.149999618530272;11.15999984741211;29246;2020-09-08 14:30:00-04:00
11.15999984741211;11.260000228881836;11.100000381469728;11.119999885559082;77611;2020-09-08 15:30:00-04:00
11.220000267028809;11.44499969482422;11.140000343322754;11.369999885559082;43124;2020-09-09 09:30:00-04:00
11.359999656677246;11.449999809265137;11.345000267028809;11.399999618530272;46063;2020-09-09 10:30:00-04:00
11.404999732971191;11.420000076293944;11.359999656677246;11.380000114440918;20529;2020-09-09 11:30:00-04:00
11.375;11.404999732971191;11.369999885559082;11.390000343322754;22896;2020-09-09 12:30:00-04:00
11.399999618530272;11.399999618530272;11.34000015258789;11.359999656677246;24363;2020-09-09 13:30:00-04:00
11.359999656677246;11.390000343322754;11.354999542236328;11.380000114440918;21614;2020-09-09 14:30:00-04:00
11.380000114440918;11.399999618530272;11.34000015258789;11.359999656677246;46185;2020-09-09 15:30:00-04:00
11.4399995803833;11.4399995803833;11.244999885559082;11.244999885559082;8063;2020-09-10 09:30:00-04:00
11.220000267028809;11.369999885559082;11.220000267028809;11.31999969482422;17512;2020-09-10 10:30:00-04:00
11.31999969482422;11.31999969482422;11.199999809265137;11.25;20157;2020-09-10 11:30:00-04:00
11.25;11.295000076293944;11.18000030517578;11.229999542236328;9976;2020-09-10 12:30:00-04:00
11.220000267028809;11.25;11.109999656677246;11.125;18410;2020-09-10 13:30:00-04:00
11.100000381469728;11.157500267028809;10.989999771118164;11.0600004196167;32867;2020-09-10 14:30:00-04:00
11.050000190734863;11.09000015258789;10.989999771118164;11.020000457763672;63241;2020-09-10 15:30:00-04:00
11.1899995803833;11.359999656677246;11.079999923706056;11.279999732971191;16060;2020-09-11 09:30:00-04:00
11.300000190734863;11.369999885559082;11.239999771118164;11.31999969482422;11856;2020-09-11 10:30:00-04:00
11.3100004196167;11.40999984741211;11.295000076293944;11.399999618530272;12608;2020-09-11 11:30:00-04:00
11.40999984741211;11.420000076293944;11.300000190734863;11.3100004196167;8462;2020-09-11 12:30:00-04:00
11.270000457763672;11.329999923706056;11.25;11.289999961853027;14472;2020-09-11 13:30:00-04:00
11.279999732971191;11.350000381469728;11.270000457763672;11.31999969482422;14798;2020-09-11 14:30:00-04:00
11.329999923706056;11.350000381469728;11.229999542236328;11.229999542236328;34242;2020-09-11 15:30:00-04:00
11.3100004196167;11.460000038146973;11.210000038146973;11.380000114440918;23797;2020-09-14 09:30:00-04:00
11.359999656677246;11.359999656677246;11.25;11.25;9339;2020-09-14 10:30:00-04:00
11.25;11.359999656677246;11.239999771118164;11.329999923706056;7317;2020-09-14 11:30:00-04:00
11.329999923706056;11.4399995803833;11.329999923706056;11.420000076293944;11008;2020-09-14 12:30:00-04:00
11.404999732971191;11.420000076293944;11.359999656677246;11.380000114440918;14109;2020-09-14 13:30:00-04:00
11.369999885559082;11.4399995803833;11.31999969482422;11.34000015258789;16903;2020-09-14 14:30:00-04:00
11.329999923706056;11.420000076293944;11.329999923706056;11.399999618530272;52833;2020-09-14 15:30:00-04:00
12.149999618530272;12.640000343322754;11.869999885559082;12.34000015258789;93784;2020-09-15 09:30:00-04:00
12.34000015258789;12.42870044708252;12.220000267028809;12.239999771118164;84855;2020-09-15 10:30:00-04:00
12.229999542236328;12.270000457763672;12.225000381469728;12.239999771118164;28484;2020-09-15 11:30:00-04:00
12.25;12.329999923706056;12.25;12.289999961853027;32367;2020-09-15 12:30:00-04:00
12.270000457763672;12.274999618530272;12.220000267028809;12.274999618530272;20302;2020-09-15 13:30:00-04:00
12.279999732971191;12.31999969482422;12.18000030517578;12.199999809265137;31537;2020-09-15 14:30:00-04:00
12.199999809265137;12.199999809265137;12.029999732971191;12.06999969482422;78100;2020-09-15 15:30:00-04:00
12.06999969482422;12.199999809265137;11.920000076293944;12.039999961853027;30830;2020-09-16 09:30:00-04:00
12.024999618530272;12.130000114440918;11.960000038146973;12.100000381469728;17647;2020-09-16 10:30:00-04:00
12.100000381469728;12.111000061035156;12.010000228881836;12.0600004196167;12016;2020-09-16 11:30:00-04:00
12.079999923706056;12.15999984741211;12.079999923706056;12.119999885559082;16516;2020-09-16 12:30:00-04:00
12.109999656677246;12.140000343322754;12.079999923706056;12.100000381469728;19073;2020-09-16 13:30:00-04:00
12.079999923706056;12.140000343322754;12.020000457763672;12.0600004196167;27266;2020-09-16 14:30:00-04:00
12.045000076293944;12.0600004196167;11.9399995803833;11.960000038146973;69088;2020-09-16 15:30:00-04:00
11.779999732971191;12.140000343322754;11.710000038146973;12.074999809265137;25705;2020-09-17 09:30:00-04:00
12.09000015258789;12.229999542236328;12.039999961853027;12.135000228881836;22174;2020-09-17 10:30:00-04:00
12.130000114440918;12.145000457763672;12.010000228881836;12.024999618530272;33231;2020-09-17 11:30:00-04:00
12.020000457763672;12.06999969482422;11.970000267028809;12.0;23969;2020-09-17 12:30:00-04:00
12.0;12.020000457763672;11.949999809265137;11.989999771118164;23198;2020-09-17 13:30:00-04:00
11.970000267028809;12.005000114440918;11.920000076293944;11.949999809265137;34352;2020-09-17 14:30:00-04:00
11.9399995803833;11.979999542236328;11.84000015258789;11.899999618530272;89066;2020-09-17 15:30:00-04:00
11.93000030517578;12.09000015258789;11.899999618530272;12.06999969482422;11290;2020-09-18 09:30:00-04:00
12.06999969482422;12.149999618530272;12.020000457763672;12.09000015258789;15507;2020-09-18 10:30:00-04:00
12.06999969482422;12.109999656677246;11.93000030517578;11.989999771118164;24324;2020-09-18 11:30:00-04:00
11.970000267028809;12.0600004196167;11.90999984741211;11.979999542236328;54415;2020-09-18 12:30:00-04:00
11.890000343322754;11.920000076293944;11.845000267028809;11.904999732971191;17434;2020-09-18 13:30:00-04:00
11.890000343322754;11.979999542236328;11.859999656677246;11.949999809265137;20788;2020-09-18 14:30:00-04:00
11.949999809265137;11.960000038146973;11.760000228881836;11.829999923706056;79014;2020-09-18 15:30:00-04:00
11.600000381469728;11.6899995803833;11.18000030517578;11.210000038146973;20961;2020-09-21 09:30:00-04:00
11.1850004196167;11.300000190734863;11.140000343322754;11.210000038146973;11421;2020-09-21 10:30:00-04:00
11.199999809265137;11.21500015258789;11.140000343322754;11.140000343322754;10828;2020-09-21 11:30:00-04:00
11.130000114440918;11.130000114440918;11.010000228881836;11.029999732971191;12500;2020-09-21 12:30:00-04:00
11.029999732971191;11.029999732971191;10.960000038146973;10.984399795532228;12167;2020-09-21 13:30:00-04:00
10.970000267028809;11.010000228881836;10.93000030517578;11.010000228881836;15495;2020-09-21 14:30:00-04:00
11.010000228881836;11.020000457763672;10.949999809265137;10.949999809265137;43364;2020-09-21 15:30:00-04:00
10.90999984741211;11.109999656677246;10.899999618530272;11.09000015258789;11500;2020-09-22 09:30:00-04:00
11.119999885559082;11.149999618530272;10.93000030517578;10.9399995803833;26893;2020-09-22 10:30:00-04:00
10.920000076293944;10.970000267028809;10.899999618530272;10.920000076293944;10841;2020-09-22 11:30:00-04:00
10.90999984741211;10.920000076293944;10.869999885559082;10.880000114440918;7293;2020-09-22 12:30:00-04:00
10.890000343322754;10.949999809265137;10.880000114440918;10.9399995803833;12121;2020-09-22 13:30:00-04:00
10.9399995803833;11.029999732971191;10.920000076293944;11.029999732971191;12848;2020-09-22 14:30:00-04:00
11.029999732971191;11.130000114440918;11.020000457763672;11.0600004196167;54352;2020-09-22 15:30:00-04:00
11.039999961853027;11.199999809265137;11.039999961853027;11.0600004196167;18006;2020-09-23 09:30:00-04:00
11.0600004196167;11.149999618530272;10.979999542236328;11.06999969482422;15183;2020-09-23 10:30:00-04:00
11.06999969482422;11.109999656677246;11.020000457763672;11.100000381469728;15647;2020-09-23 11:30:00-04:00
11.09000015258789;11.1899995803833;11.09000015258789;11.15999984741211;16977;2020-09-23 12:30:00-04:00
11.149999618530272;11.149999618530272;10.949999809265137;10.949999809265137;14716;2020-09-23 13:30:00-04:00
10.949999809265137;10.960000038146973;10.880000114440918;10.949999809265137;19896;2020-09-23 14:30:00-04:00
10.949999809265137;10.960000038146973;10.850000381469728;10.850000381469728;24389;2020-09-23 15:30:00-04:00
10.789999961853027;10.96500015258789;10.710000038146973;10.8100004196167;10493;2020-09-24 09:30:00-04:00
10.81999969482422;10.869999885559082;10.770000457763672;10.859999656677246;16342;2020-09-24 10:30:00-04:00
10.859999656677246;10.949999809265137;10.84000015258789;10.899999618530272;8698;2020-09-24 11:30:00-04:00
10.880000114440918;10.982500076293944;10.829999923706056;10.970000267028809;25365;2020-09-24 12:30:00-04:00
10.970000267028809;11.029999732971191;10.93000030517578;10.9399995803833;13453;2020-09-24 13:30:00-04:00
10.9399995803833;10.949999809265137;10.770000457763672;10.779999732971191;18023;2020-09-24 14:30:00-04:00
10.765000343322754;10.770000457763672;10.68000030517578;10.710000038146973;60052;2020-09-24 15:30:00-04:00
10.609999656677246;10.75;10.609999656677246;10.729999542236328;8985;2020-09-25 09:30:00-04:00
10.710000038146973;10.734999656677246;10.649999618530272;10.670000076293944;11448;2020-09-25 10:30:00-04:00
10.670000076293944;10.68000030517578;10.579999923706056;10.640000343322754;15995;2020-09-25 11:30:00-04:00
10.640000343322754;10.770000457763672;10.640000343322754;10.770000457763672;10408;2020-09-25 12:30:00-04:00
10.779999732971191;10.850000381469728;10.779999732971191;10.84000015258789;12299;2020-09-25 13:30:00-04:00
10.850000381469728;10.869999885559082;10.789999961853027;10.869999885559082;14887;2020-09-25 14:30:00-04:00
10.880000114440918;10.880000114440918;10.789999961853027;10.81999969482422;31812;2020-09-25 15:30:00-04:00
10.979999542236328;11.15999984741211;10.979999542236328;11.15999984741211;8407;2020-09-28 09:30:00-04:00
11.15999984741211;11.170000076293944;11.109999656677246;11.15999984741211;13419;2020-09-28 10:30:00-04:00
11.15999984741211;11.239999771118164;11.109999656677246;11.225000381469728;11554;2020-09-28 11:30:00-04:00
11.229999542236328;11.25;11.15999984741211;11.15999984741211;7274;2020-09-28 12:30:00-04:00
11.170000076293944;11.1899995803833;11.109999656677246;11.164999961853027;11693;2020-09-28 13:30:00-04:00
11.175000190734863;11.1899995803833;11.130000114440918;11.140000343322754;11867;2020-09-28 14:30:00-04:00
11.140000343322754;11.145000457763672;11.0600004196167;11.079999923706056;31396;2020-09-28 15:30:00-04:00
10.979999542236328;11.170000076293944;10.979999542236328;11.119999885559082;13677;2020-09-29 09:30:00-04:00
11.109999656677246;11.109999656677246;10.9399995803833;11.0;12185;2020-09-29 10:30:00-04:00
11.010000228881836;11.010000228881836;10.920000076293944;11.0;14000;2020-09-29 11:30:00-04:00
11.0;11.03499984741211;10.954999923706056;11.015000343322754;12033;2020-09-29 12:30:00-04:00
11.015000343322754;11.119999885559082;11.0;11.104999542236328;21885;2020-09-29 13:30:00-04:00
11.114999771118164;11.170000076293944;11.104999542236328;11.149999618530272;16173;2020-09-29 14:30:00-04:00
11.149999618530272;11.199999809265137;11.119999885559082;11.140000343322754;42436;2020-09-29 15:30:00-04:00
11.079999923706056;11.5;11.079999923706056;11.449999809265137;14503;2020-09-30 09:30:00-04:00
11.44499969482422;11.520000457763672;11.359999656677246;11.359999656677246;6733;2020-09-30 10:30:00-04:00
11.329999923706056;11.369999885559082;11.270000457763672;11.329999923706056;26844;2020-09-30 11:30:00-04:00
11.31999969482422;11.335000038146973;11.199999809265137;11.220000267028809;15992;2020-09-30 12:30:00-04:00
11.229999542236328;11.262499809265137;11.170000076293944;11.199999809265137;13114;2020-09-30 13:30:00-04:00
11.199999809265137;11.210000038146973;10.989999771118164;11.100000381469728;45414;2020-09-30 14:30:00-04:00
11.06999969482422;11.199999809265137;11.0;11.130000114440918;59017;2020-09-30 15:30:00-04:00
11.170000076293944;11.300000190734863;11.06999969482422;11.079999923706056;11024;2020-10-01 09:30:00-04:00
11.09000015258789;11.140000343322754;11.0;11.050000190734863;11165;2020-10-01 10:30:00-04:00
11.050000190734863;11.050299644470217;10.989999771118164;11.020000457763672;8847;2020-10-01 11:30:00-04:00
11.020700454711914;11.039999961853027;10.970000267028809;10.970000267028809;16746;2020-10-01 12:30:00-04:00
10.970000267028809;10.989999771118164;10.859999656677246;10.920000076293944;11439;2020-10-01 13:30:00-04:00
10.960000038146973;10.989999771118164;10.9399995803833;10.9399995803833;8957;2020-10-01 14:30:00-04:00
10.90999984741211;10.989999771118164;10.899999618530272;10.979999542236328;33797;2020-10-01 15:30:00-04:00
10.65999984741211;11.029000282287598;10.65999984741211;10.880000114440918;6972;2020-10-02 09:30:00-04:00
10.949999809265137;11.079999923706056;10.899999618530272;11.079999923706056;14836;2020-10-02 10:30:00-04:00
11.0600004196167;11.34000015258789;11.029999732971191;11.199999809265137;24115;2020-10-02 11:30:00-04:00
11.229999542236328;11.300000190734863;11.229999542236328;11.279999732971191;6373;2020-10-02 12:30:00-04:00
11.260000228881836;11.260000228881836;11.15999984741211;11.25;6496;2020-10-02 13:30:00-04:00
11.279999732971191;11.279999732971191;11.210000038146973;11.239999771118164;9733;2020-10-02 14:30:00-04:00
11.229999542236328;11.3100004196167;11.210000038146973;11.220000267028809;22394;2020-10-02 15:30:00-04:00
11.34000015258789;11.899999618530272;11.34000015258789;11.630000114440918;20415;2020-10-05 09:30:00-04:00
11.670000076293944;11.949999809265137;11.630000114440918;11.800000190734863;55972;2020-10-05 10:30:00-04:00
11.779999732971191;11.779999732971191;11.529999732971191;11.585000038146973;18379;2020-10-05 11:30:00-04:00
11.59000015258789;11.670000076293944;11.550000190734863;11.640000343322754;4268;2020-10-05 12:30:00-04:00
11.65999984741211;11.699999809265137;11.579999923706056;11.65999984741211;10637;2020-10-05 13:30:00-04:00
11.6899995803833;11.734999656677246;11.625;11.734999656677246;12728;2020-10-05 14:30:00-04:00
11.734999656677246;11.75;11.68000030517578;11.699999809265137;47305;2020-10-05 15:30:00-04:00
11.739999771118164;11.850000381469728;11.6899995803833;11.80500030517578;12078;2020-10-06 09:30:00-04:00
11.800000190734863;11.800000190734863;11.6899995803833;11.75;12874;2020-10-06 10:30:00-04:00
11.770000457763672;11.81999969482422;11.670000076293944;11.6899995803833;43669;2020-10-06 11:30:00-04:00
11.670000076293944;11.859999656677246;11.670000076293944;11.850000381469728;24011;2020-10-06 12:30:00-04:00
11.850000381469728;11.875;11.75;11.875;25743;2020-10-06 13:30:00-04:00
11.875;11.880000114440918;11.5;11.510000228881836;12175;2020-10-06 14:30:00-04:00
11.520000457763672;11.720000267028809;11.510000228881836;11.529999732971191;38233;2020-10-06 15:30:00-04:00
11.6899995803833;11.90999984741211;11.479999542236328;11.774999618530272;26186;2020-10-07 09:30:00-04:00
11.774999618530272;11.94499969482422;11.720000267028809;11.94499969482422;44742;2020-10-07 10:30:00-04:00
11.920000076293944;12.09000015258789;11.899999618530272;12.010000228881836;17484;2020-10-07 11:30:00-04:00
12.010000228881836;12.045000076293944;11.93000030517578;11.93000030517578;11207;2020-10-07 12:30:00-04:00
11.949999809265137;12.024999618530272;11.920000076293944;12.024999618530272;8850;2020-10-07 13:30:00-04:00
12.0;12.029999732971191;11.970000267028809;11.989999771118164;53009;2020-10-07 14:30:00-04:00
11.989999771118164;12.029999732971191;11.920000076293944;11.949999809265137;114132;2020-10-07 15:30:00-04:00
12.0600004196167;12.099900245666504;11.850000381469728;12.0;14180;2020-10-08 09:30:00-04:00
12.0;12.359999656677246;12.0;12.239999771118164;90247;2020-10-08 10:30:00-04:00
12.210000038146973;12.210000038146973;12.100000381469728;12.154999732971191;14376;2020-10-08 11:30:00-04:00
12.154999732971191;12.154999732971191;12.109999656677246;12.140000343322754;8989;2020-10-08 12:30:00-04:00
12.130000114440918;12.170000076293944;12.130000114440918;12.149999618530272;13754;2020-10-08 13:30:00-04:00
12.149999618530272;12.149999618530272;12.029999732971191;12.079999923706056;15225;2020-10-08 14:30:00-04:00
12.079999923706056;12.109999656677246;11.989999771118164;12.0600004196167;46172;2020-10-08 15:30:00-04:00
12.100000381469728;12.289999961853027;12.039999961853027;12.039999961853027;8056;2020-10-09 09:30:00-04:00
12.029999732971191;12.050000190734863;11.93000030517578;11.960000038146973;5981;2020-10-09 10:30:00-04:00
11.9399995803833;12.039999961853027;11.850000381469728;12.020000457763672;13682;2020-10-09 11:30:00-04:00
12.010000228881836;12.039999961853027;11.979999542236328;12.00749969482422;13262;2020-10-09 12:30:00-04:00
11.989999771118164;12.005000114440918;11.899999618530272;11.899999618530272;7206;2020-10-09 13:30:00-04:00
11.899999618530272;11.90999984741211;11.84000015258789;11.890000343322754;21354;2020-10-09 14:30:00-04:00
11.880000114440918;11.880000114440918;11.800000190734863;11.8100004196167;28037;2020-10-09 15:30:00-04:00
11.859999656677246;12.1899995803833;11.84000015258789;12.18000030517578;16661;2020-10-12 09:30:00-04:00
12.170000076293944;12.18000030517578;11.9399995803833;12.09000015258789;9419;2020-10-12 10:30:00-04:00
12.020000457763672;12.0600004196167;11.979999542236328;12.050000190734863;9842;2020-10-12 11:30:00-04:00
12.050000190734863;12.050000190734863;11.960000038146973;11.970000267028809;3297;2020-10-12 12:30:00-04:00
11.949999809265137;11.979999542236328;11.920000076293944;11.970000267028809;6045;2020-10-12 13:30:00-04:00
11.970000267028809;12.039999961853027;11.960000038146973;12.039999961853027;10088;2020-10-12 14:30:00-04:00
12.010000228881836;12.029999732971191;11.9399995803833;11.960000038146973;43170;2020-10-12 15:30:00-04:00
12.869999885559082;12.869999885559082;12.420000076293944;12.460000038146973;119731;2020-10-13 09:30:00-04:00
12.460000038146973;12.5600004196167;12.260000228881836;12.489999771118164;55821;2020-10-13 10:30:00-04:00
12.46500015258789;12.539999961853027;12.399999618530272;12.40999984741211;38136;2020-10-13 11:30:00-04:00
12.449999809265137;12.460000038146973;12.34000015258789;12.369999885559082;19948;2020-10-13 12:30:00-04:00
12.359999656677246;12.4399995803833;12.31999969482422;12.31999969482422;27432;2020-10-13 13:30:00-04:00
12.3100004196167;12.34000015258789;12.289999961853027;12.31999969482422;35747;2020-10-13 14:30:00-04:00
12.31999969482422;12.31999969482422;12.210000038146973;12.210000038146973;80234;2020-10-13 15:30:00-04:00
12.18000030517578;12.380000114440918;12.18000030517578;12.260000228881836;15388;2020-10-14 09:30:00-04:00
12.239999771118164;12.25;12.149999618530272;12.149999618530272;5714;2020-10-14 10:30:00-04:00
12.173299789428713;12.177200317382812;12.029999732971191;12.05500030517578;7862;2020-10-14 11:30:00-04:00
12.0600004196167;12.119999885559082;12.039999961853027;12.050000190734863;10170;2020-10-14 12:30:00-04:00
12.050000190734863;12.050000190734863;12.020000457763672;12.02750015258789;12262;2020-10-14 13:30:00-04:00
12.024999618530272;12.0649995803833;11.979999542236328;12.029999732971191;19553;2020-10-14 14:30:00-04:00
12.020000457763672;12.050000190734863;11.970000267028809;12.0;53288;2020-10-14 15:30:00-04:00
11.8100004196167;12.1899995803833;11.6899995803833;12.1899995803833;13733;2020-10-15 09:30:00-04:00
12.149999618530272;12.207599639892578;11.899999618530272;11.970000267028809;10030;2020-10-15 10:30:00-04:00
12.029999732971191;12.050000190734863;11.949999809265137;12.039999961853027;7276;2020-10-15 11:30:00-04:00
11.979999542236328;12.109999656677246;11.979999542236328;12.109999656677246;4355;2020-10-15 12:30:00-04:00
12.149999618530272;12.175000190734863;12.0600004196167;12.130000114440918;10741;2020-10-15 13:30:00-04:00
12.109999656677246;12.130000114440918;12.050000190734863;12.10099983215332;14324;2020-10-15 14:30:00-04:00
12.104999542236328;12.104999542236328;12.029999732971191;12.050000190734863;21389;2020-10-15 15:30:00-04:00
12.09000015258789;12.40999984741211;12.09000015258789;12.239999771118164;10345;2020-10-16 09:30:00-04:00
12.210000038146973;12.289999961853027;12.15999984741211;12.1899995803833;8593;2020-10-16 10:30:00-04:00
12.220000267028809;12.239999771118164;12.15999984741211;12.220000267028809;8037;2020-10-16 11:30:00-04:00
12.25;12.289999961853027;12.149999618530272;12.260000228881836;6641;2020-10-16 12:30:00-04:00
12.239999771118164;12.279999732971191;12.199999809265137;12.239999771118164;5256;2020-10-16 13:30:00-04:00
12.229999542236328;12.25;12.1850004196167;12.1850004196167;10445;2020-10-16 14:30:00-04:00
12.18000030517578;12.1899995803833;12.119999885559082;12.130000114440918;17121;2020-10-16 15:30:00-04:00
12.130000114440918;12.1899995803833;12.010000228881836;12.079999923706056;20676;2020-10-19 09:30:00-04:00
12.085000038146973;12.109999656677246;12.039999961853027;12.039999961853027;20117;2020-10-19 10:30:00-04:00
12.06999969482422;12.09000015258789;12.045000076293944;12.0600004196167;16818;2020-10-19 11:30:00-04:00
12.0600004196167;12.100000381469728;12.039999961853027;12.0600004196167;17338;2020-10-19 12:30:00-04:00
12.0600004196167;12.06999969482422;11.960000038146973;11.960000038146973;16215;2020-10-19 13:30:00-04:00
12.0;12.0;11.729999542236328;11.774999618530272;16711;2020-10-19 14:30:00-04:00
11.800000190734863;11.84000015258789;11.739999771118164;11.8100004196167;43318;2020-10-19 15:30:00-04:00
11.850000381469728;12.109999656677246;11.850000381469728;12.079999923706056;9252;2020-10-20 09:30:00-04:00
12.010000228881836;12.100000381469728;11.979999542236328;12.0600004196167;7078;2020-10-20 10:30:00-04:00
12.130000114440918;12.1899995803833;12.0;12.0;5811;2020-10-20 11:30:00-04:00
12.0600004196167;12.140000343322754;12.010000228881836;12.140000343322754;6217;2020-10-20 12:30:00-04:00
12.15999984741211;12.15999984741211;12.020000457763672;12.045000076293944;3805;2020-10-20 13:30:00-04:00
12.045000076293944;12.06999969482422;11.899999618530272;12.0;22066;2020-10-20 14:30:00-04:00
12.020000457763672;12.079999923706056;11.989999771118164;12.020000457763672;28545;2020-10-20 15:30:00-04:00
12.039999961853027;12.06999969482422;12.0;12.020000457763672;2233;2020-10-21 09:30:00-04:00
12.020000457763672;12.109999656677246;11.929800033569336;11.949999809265137;14182;2020-10-21 10:30:00-04:00
11.984999656677246;12.020000457763672;11.9399995803833;11.994999885559082;6633;2020-10-21 11:30:00-04:00
11.970000267028809;11.979999542236328;11.90999984741211;11.9399995803833;4435;2020-10-21 12:30:00-04:00
11.899999618530272;11.899999618530272;11.850000381469728;11.899999618530272;5798;2020-10-21 13:30:00-04:00
11.90999984741211;11.9350004196167;11.850000381469728;11.869999885559082;6250;2020-10-21 14:30:00-04:00
11.904999732971191;11.93000030517578;11.75;11.779999732971191;36485;2020-10-21 15:30:00-04:00
11.8100004196167;12.0;11.800000190734863;11.829999923706056;8279;2020-10-22 09:30:00-04:00
11.8100004196167;11.920000076293944;11.779999732971191;11.859999656677246;15191;2020-10-22 10:30:00-04:00
11.869999885559082;11.869999885559082;11.6899995803833;11.789999961853027;15203;2020-10-22 11:30:00-04:00
11.760000228881836;11.90999984741211;11.760000228881836;11.789999961853027;6169;2020-10-22 12:30:00-04:00
11.800000190734863;11.970000267028809;11.789999961853027;11.850000381469728;13423;2020-10-22 13:30:00-04:00
11.850000381469728;11.920000076293944;11.850000381469728;11.869999885559082;14162;2020-10-22 14:30:00-04:00
11.859999656677246;11.90999984741211;11.8100004196167;11.850000381469728;30042;2020-10-22 15:30:00-04:00
11.979999542236328;12.239999771118164;11.93000030517578;12.010000228881836;13394;2020-10-23 09:30:00-04:00
12.039999961853027;12.100000381469728;11.94499969482422;11.94499969482422;5693;2020-10-23 10:30:00-04:00
11.960000038146973;11.989999771118164;11.890000343322754;11.890000343322754;15078;2020-10-23 11:30:00-04:00
11.885000228881836;11.899999618530272;11.850000381469728;11.885000228881836;7626;2020-10-23 12:30:00-04:00
11.899999618530272;11.920000076293944;11.869999885559082;11.90999984741211;10696;2020-10-23 13:30:00-04:00
11.90999984741211;11.989999771118164;11.869999885559082;11.970000267028809;9575;2020-10-23 14:30:00-04:00
11.970000267028809;11.979999542236328;11.90999984741211;11.93000030517578;22611;2020-10-23 15:30:00-04:00
11.699999809265137;11.739999771118164;11.479999542236328;11.579999923706056;16534;2020-10-26 09:30:00-04:00
11.59000015258789;11.640000343322754;11.470000267028809;11.510000228881836;9590;2020-10-26 10:30:00-04:00
11.5600004196167;11.5600004196167;11.479999542236328;11.48009967803955;9671;2020-10-26 11:30:00-04:00
11.494999885559082;11.494999885559082;11.449999809265137;11.449999809265137;9812;2020-10-26 12:30:00-04:00
11.449999809265137;11.59000015258789;11.414999961853027;11.59000015258789;10838;2020-10-26 13:30:00-04:00
11.635000228881836;11.640000343322754;11.479999542236328;11.539999961853027;7316;2020-10-26 14:30:00-04:00
11.524999618530272;11.579999923706056;11.470000267028809;11.550000190734863;21242;2020-10-26 15:30:00-04:00
11.489999771118164;11.619999885559082;11.40999984741211;11.4350004196167;5651;2020-10-27 09:30:00-04:00
11.4399995803833;11.5;11.390000343322754;11.40999984741211;24879;2020-10-27 10:30:00-04:00
11.390000343322754;11.670000076293944;11.390000343322754;11.670000076293944;29476;2020-10-27 11:30:00-04:00
11.619999885559082;11.630000114440918;11.520000457763672;11.600000381469728;14812;2020-10-27 12:30:00-04:00
11.609999656677246;11.649999618530272;11.529999732971191;11.539999961853027;10264;2020-10-27 13:30:00-04:00
11.5;11.5024995803833;11.449999809265137;11.46500015258789;20675;2020-10-27 14:30:00-04:00
11.457500457763672;11.550000190734863;11.449999809265137;11.510000228881836;31563;2020-10-27 15:30:00-04:00
11.25;11.34000015258789;11.25;11.295000076293944;7520;2020-10-28 09:30:00-04:00
11.300000190734863;11.34000015258789;11.25749969482422;11.34000015258789;20432;2020-10-28 10:30:00-04:00
11.31999969482422;11.34000015258789;11.220000267028809;11.329999923706056;11834;2020-10-28 11:30:00-04:00
11.3149995803833;11.3149995803833;11.039999961853027;11.06999969482422;14313;2020-10-28 12:30:00-04:00
11.0649995803833;11.125;11.020000457763672;11.119999885559082;17696;2020-10-28 13:30:00-04:00
11.125;11.279999732971191;11.119999885559082;11.25;30423;2020-10-28 14:30:00-04:00
11.25;11.31999969482422;11.170000076293944;11.199999809265137;55914;2020-10-28 15:30:00-04:00
11.109999656677246;11.279999732971191;10.984999656677246;11.1899995803833;2772;2020-10-29 09:30:00-04:00
11.225000381469728;11.43000030517578;11.225000381469728;11.325300216674805;13947;2020-10-29 10:30:00-04:00
11.229999542236328;11.260000228881836;11.130000114440918;11.130000114440918;10543;2020-10-29 11:30:00-04:00
11.119999885559082;11.210000038146973;11.100000381469728;11.109999656677246;9362;2020-10-29 12:30:00-04:00
11.130000114440918;11.380000114440918;11.130000114440918;11.380000114440918;8185;2020-10-29 13:30:00-04:00
11.380000114440918;11.380000114440918;11.210000038146973;11.270000457763672;10960;2020-10-29 14:30:00-04:00
11.279999732971191;11.300000190734863;11.220000267028809;11.220000267028809;24310;2020-10-29 15:30:00-04:00
11.170000076293944;11.390000343322754;11.140000343322754;11.229999542236328;25001;2020-10-30 09:30:00-04:00
11.210000038146973;11.329999923706056;11.09000015258789;11.260000228881836;14507;2020-10-30 10:30:00-04:00
11.25;11.300000190734863;11.25;11.289999961853027;8618;2020-10-30 11:30:00-04:00
11.289999961853027;11.289999961853027;11.199999809265137;11.260000228881836;10263;2020-10-30 12:30:00-04:00
11.25;11.279999732971191;11.1899995803833;11.1899995803833;11954;2020-10-30 13:30:00-04:00
11.1899995803833;11.1899995803833;11.109999656677246;11.15999984741211;9728;2020-10-30 14:30:00-04:00
11.140000343322754;11.140000343322754;10.979999542236328;11.100000381469728;59807;2020-10-30 15:30:00-04:00
11.229999542236328;11.640000343322754;11.229999542236328;11.640000343322754;8249;2020-11-02 09:30:00-05:00
11.65999984741211;11.779999732971191;11.5;11.649999618530272;14836;2020-11-02 10:30:00-05:00
11.619999885559082;11.649999618530272;11.59000015258789;11.59000015258789;13583;2020-11-02 11:30:00-05:00
11.600000381469728;11.630000114440918;11.505000114440918;11.520000457763672;8560;2020-11-02 12:30:00-05:00
11.550000190734863;11.654999732971191;11.520000457763672;11.625;41494;2020-11-02 13:30:00-05:00
11.649999618530272;11.899999618530272;11.609999656677246;11.779999732971191;25456;2020-11-02 14:30:00-05:00
11.755000114440918;11.829999923706056;11.720000267028809;11.800000190734863;34883;2020-11-02 15:30:00-05:00
11.949999809265137;12.529999732971191;11.880000114440918;12.369999885559082;19013;2020-11-03 09:30:00-05:00
12.3774995803833;12.44499969482422;12.050000190734863;12.404999732971191;24213;2020-11-03 10:30:00-05:00
12.369999885559082;12.5;12.199999809265137;12.199999809265137;16508;2020-11-03 11:30:00-05:00
12.210000038146973;12.225000381469728;12.029999732971191;12.140000343322754;13562;2020-11-03 12:30:00-05:00
12.100000381469728;12.25;12.020000457763672;12.029999732971191;21373;2020-11-03 13:30:00-05:00
12.119999885559082;12.199999809265137;12.010000228881836;12.100000381469728;19955;2020-11-03 14:30:00-05:00
12.109999656677246;12.199999809265137;12.050000190734863;12.079999923706056;35898;2020-11-03 15:30:00-05:00
12.020000457763672;12.140299797058104;11.711000442504885;11.989999771118164;23970;2020-11-04 09:30:00-05:00
11.949999809265137;12.050000190734863;11.914999961853027;12.029999732971191;15178;2020-11-04 10:30:00-05:00
12.050000190734863;12.114999771118164;12.029999732971191;12.050000190734863;2440;2020-11-04 11:30:00-05:00
12.06999969482422;12.09000015258789;11.960000038146973;11.970000267028809;17749;2020-11-04 12:30:00-05:00
11.96500015258789;11.970000267028809;11.890000343322754;11.920000076293944;8380;2020-11-04 13:30:00-05:00
11.920000076293944;11.984999656677246;11.869999885559082;11.90999984741211;43104;2020-11-04 14:30:00-05:00
11.914999961853027;11.960000038146973;11.869999885559082;11.90999984741211;37604;2020-11-04 15:30:00-05:00
12.020000457763672;12.369999885559082;12.020000457763672;12.354999542236328;7670;2020-11-05 09:30:00-05:00
12.300000190734863;12.300000190734863;12.140000343322754;12.220000267028809;7023;2020-11-05 10:30:00-05:00
12.199999809265137;12.239999771118164;12.079999923706056;12.100000381469728;11159;2020-11-05 11:30:00-05:00
12.149999618530272;12.234999656677246;12.130000114440918;12.199999809265137;20549;2020-11-05 12:30:00-05:00
12.210000038146973;12.300000190734863;12.18000030517578;12.210000038146973;14892;2020-11-05 13:30:00-05:00
12.229999542236328;12.270000457763672;12.199999809265137;12.25;18010;2020-11-05 14:30:00-05:00
12.229999542236328;12.279999732971191;12.210000038146973;12.239999771118164;53156;2020-11-05 15:30:00-05:00
12.270000457763672;12.4399995803833;12.270000457763672;12.329999923706056;8779;2020-11-06 09:30:00-05:00
12.260000228881836;12.329999923706056;12.079999923706056;12.100000381469728;4446;2020-11-06 10:30:00-05:00
12.079999923706056;12.31999969482422;12.0600004196167;12.140000343322754;11208;2020-11-06 11:30:00-05:00
12.140000343322754;12.149999618530272;12.0;12.114999771118164;11626;2020-11-06 12:30:00-05:00
12.130000114440918;12.239999771118164;12.0600004196167;12.199999809265137;8016;2020-11-06 13:30:00-05:00
12.15999984741211;12.204999923706056;12.039999961853027;12.204999923706056;9347;2020-11-06 14:30:00-05:00
12.170000076293944;12.18000030517578;12.029999732971191;12.050000190734863;24136;2020-11-06 15:30:00-05:00
12.800000190734863;13.40999984741211;12.75;12.824999809265137;22585;2020-11-09 09:30:00-05:00
12.720000267028809;12.720000267028809;12.470000267028809;12.479999542236328;7193;2020-11-09 10:30:00-05:00
12.550000190734863;12.710000038146973;12.40999984741211;12.710000038146973;30900;2020-11-09 11:30:00-05:00
12.699999809265137;12.890000343322754;12.560099601745604;12.560099601745604;12128;2020-11-09 12:30:00-05:00
12.760000228881836;12.800000190734863;12.710000038146973;12.752900123596191;5722;2020-11-09 13:30:00-05:00
12.720000267028809;12.760000228881836;12.619999885559082;12.619999885559082;14223;2020-11-09 14:30:00-05:00
12.65999984741211;12.6899995803833;12.539999961853027;12.579999923706056;36646;2020-11-09 15:30:00-05:00
12.59000015258789;12.8100004196167;12.40999984741211;12.779999732971191;11737;2020-11-10 09:30:00-05:00
12.744999885559082;12.890000343322754;12.640000343322754;12.789999961853027;15016;2020-11-10 10:30:00-05:00
12.789999961853027;12.829999923706056;12.65999984741211;12.710000038146973;37222;2020-11-10 11:30:00-05:00
12.699999809265137;12.729999542236328;12.640000343322754;12.649999618530272;9286;2020-11-10 12:30:00-05:00
12.609999656677246;12.875;12.529999732971191;12.699999809265137;65800;2020-11-10 13:30:00-05:00
12.720000267028809;12.859999656677246;12.699999809265137;12.859999656677246;19696;2020-11-10 14:30:00-05:00
12.859999656677246;12.949999809265137;12.829999923706056;12.890000343322754;53607;2020-11-10 15:30:00-05:00
13.050000190734863;13.050000190734863;12.710000038146973;12.920000076293944;32605;2020-11-11 09:30:00-05:00
12.949999809265137;12.949999809265137;12.789999961853027;12.829999923706056;7679;2020-11-11 10:30:00-05:00
12.795000076293944;12.93000030517578;12.760000228881836;12.800000190734863;9389;2020-11-11 11:30:00-05:00
12.829999923706056;12.885000228881836;12.699999809265137;12.84000015258789;31104;2020-11-11 12:30:00-05:00
12.850000381469728;12.93000030517578;12.779999732971191;12.920000076293944;9869;2020-11-11 13:30:00-05:00
12.920000076293944;12.954999923706056;12.760000228881836;12.8100004196167;21713;2020-11-11 14:30:00-05:00
12.84000015258789;12.880000114440918;12.760000228881836;12.800000190734863;69075;2020-11-11 15:30:00-05:00
12.710000038146973;12.75;12.484999656677246;12.484999656677246;1150;2020-11-12 09:30:00-05:00
12.609999656677246;12.720000267028809;12.539999961853027;12.619999885559082;16494;2020-11-12 10:30:00-05:00
12.55500030517578;12.670000076293944;12.55500030517578;12.65999984741211;21592;2020-11-12 11:30:00-05:00
12.630000114440918;12.630000114440918;12.43000030517578;12.460000038146973;10498;2020-11-12 12:30:00-05:00
12.470000267028809;12.5600004196167;12.449999809265137;12.529999732971191;48038;2020-11-12 13:30:00-05:00
12.539999961853027;12.56999969482422;12.40999984741211;12.475000381469728;8503;2020-11-12 14:30:00-05:00
12.475000381469728;12.59000015258789;12.420000076293944;12.5600004196167;42321;2020-11-12 15:30:00-05:00
12.699999809265137;12.93000030517578;12.40999984741211;12.850000381469728;9742;2020-11-13 09:30:00-05:00
12.90999984741211;12.90999984741211;12.56999969482422;12.829999923706056;21691;2020-11-13 10:30:00-05:00
12.755000114440918;12.800000190734863;12.630000114440918;12.720000267028809;5384;2020-11-13 11:30:00-05:00
12.770000457763672;12.800000190734863;12.734999656677246;12.800000190734863;1714;2020-11-13 12:30:00-05:00
12.770000457763672;12.836000442504885;12.75;12.800000190734863;5681;2020-11-13 13:30:00-05:00
12.800000190734863;12.8149995803833;12.734999656677246;12.779999732971191;9184;2020-11-13 14:30:00-05:00
12.770000457763672;12.8100004196167;12.75;12.789999961853027;17108;2020-11-13 15:30:00-05:00
13.0;13.0;12.81999969482422;13.0;88842;2020-11-16 09:30:00-05:00
13.029999732971191;13.029999732971191;12.925000190734863;13.005000114440918;24089;2020-11-16 10:30:00-05:00
13.005000114440918;13.25;13.0;13.15999984741211;59415;2020-11-16 11:30:00-05:00
13.164999961853027;13.199999809265137;13.100000381469728;13.130000114440918;17992;2020-11-16 12:30:00-05:00
13.119999885559082;13.140000343322754;13.029999732971191;13.0600004196167;9462;2020-11-16 13:30:00-05:00
13.06999969482422;13.119999885559082;12.989999771118164;13.09000015258789;17355;2020-11-16 14:30:00-05:00
13.09000015258789;13.119999885559082;12.970000267028809;13.029999732971191;79382;2020-11-16 15:30:00-05:00
13.09000015258789;13.09000015258789;12.59000015258789;12.890000343322754;34900;2020-11-17 09:30:00-05:00
12.850000381469728;12.920000076293944;12.6899995803833;12.902999877929688;15396;2020-11-17 10:30:00-05:00
12.927200317382812;13.0;12.829999923706056;12.899999618530272;12748;2020-11-17 11:30:00-05:00
12.899999618530272;12.920000076293944;12.84000015258789;12.859999656677246;57147;2020-11-17 12:30:00-05:00
12.880000114440918;12.949999809265137;12.68000030517578;12.84000015258789;58573;2020-11-17 13:30:00-05:00
12.854999542236328;12.875;12.739999771118164;12.779999732971191;28844;2020-11-17 14:30:00-05:00
12.779999732971191;12.925000190734863;12.770000457763672;12.899999618530272;60625;2020-11-17 15:30:00-05:00
13.170000076293944;13.295000076293944;12.93000030517578;13.260000228881836;18176;2020-11-18 09:30:00-05:00
13.234999656677246;13.25;13.140000343322754;13.204999923706056;8585;2020-11-18 10:30:00-05:00
13.220000267028809;13.420000076293944;13.220000267028809;13.31999969482422;10750;2020-11-18 11:30:00-05:00
13.329999923706056;13.390000343322754;13.300000190734863;13.335000038146973;55283;2020-11-18 12:30:00-05:00
13.335000038146973;13.369999885559082;13.289999961853027;13.3100004196167;17311;2020-11-18 13:30:00-05:00
13.300000190734863;13.359999656677246;13.270000457763672;13.30500030517578;17933;2020-11-18 14:30:00-05:00
13.31999969482422;13.399999618530272;13.199999809265137;13.220000267028809;39829;2020-11-18 15:30:00-05:00
13.15999984741211;13.170000076293944;12.979999542236328;13.148599624633787;14410;2020-11-19 09:30:00-05:00
13.15999984741211;13.239999771118164;13.099900245666504;13.199999809265137;8614;2020-11-19 10:30:00-05:00
13.154999732971191;13.1899995803833;12.979999542236328;13.050000190734863;4733;2020-11-19 11:30:00-05:00
13.050000190734863;13.119999885559082;12.9399995803833;13.109999656677246;8700;2020-11-19 12:30:00-05:00
13.079999923706056;13.085000038146973;12.977499961853027;13.024999618530272;8092;2020-11-19 13:30:00-05:00
13.024999618530272;13.029999732971191;12.9350004196167;12.949999809265137;15176;2020-11-19 14:30:00-05:00
12.949999809265137;13.0;12.869999885559082;12.9399995803833;43236;2020-11-19 15:30:00-05:00
12.93000030517578;12.984999656677246;12.6225004196167;12.765000343322754;6526;2020-11-20 09:30:00-05:00
12.765000343322754;12.765000343322754;12.630000114440918;12.65999984741211;6963;2020-11-20 10:30:00-05:00
12.664999961853027;12.6899995803833;12.600000381469728;12.630000114440918;14091;2020-11-20 11:30:00-05:00
12.68000030517578;12.800000190734863;12.649999618530272;12.789999961853027;6986;2020-11-20 12:30:00-05:00
12.789999961853027;12.890000343322754;12.729999542236328;12.84000015258789;8585;2020-11-20 13:30:00-05:00
12.859999656677246;12.90999984741211;12.8149995803833;12.885000228881836;10847;2020-11-20 14:30:00-05:00
12.850000381469728;12.949999809265137;12.850000381469728;12.899999618530272;37064;2020-11-20 15:30:00-05:00
12.989999771118164;13.15999984741211;12.979999542236328;13.09000015258789;6173;2020-11-23 09:30:00-05:00
13.09000015258789;13.109999656677246;13.029999732971191;13.09000015258789;13250;2020-11-23 10:30:00-05:00
13.066100120544434;13.119999885559082;13.050000190734863;13.104999542236328;2581;2020-11-23 11:30:00-05:00
13.130000114440918;13.15999984741211;13.09000015258789;13.15999984741211;3173;2020-11-23 12:30:00-05:00
13.170000076293944;13.18000030517578;13.109999656677246;13.119999885559082;7239;2020-11-23 13:30:00-05:00
13.149999618530272;13.149999618530272;12.970000267028809;13.114999771118164;18825;2020-11-23 14:30:00-05:00
13.114999771118164;13.149200439453123;13.010000228881836;13.050000190734863;41046;2020-11-23 15:30:00-05:00
13.289999961853027;13.479999542236328;13.107999801635742;13.479999542236328;7176;2020-11-24 09:30:00-05:00
13.5;13.5;13.399999618530272;13.40999984741211;16692;2020-11-24 10:30:00-05:00
13.399999618530272;13.470000267028809;13.350000381469728;13.399999618530272;13885;2020-11-24 11:30:00-05:00
13.43000030517578;13.43000030517578;13.359999656677246;13.380000114440918;15514;2020-11-24 12:30:00-05:00
13.390000343322754;13.449999809265137;13.369999885559082;13.375;32784;2020-11-24 13:30:00-05:00
13.381699562072754;13.40999984741211;13.350000381469728;13.385000228881836;33152;2020-11-24 14:30:00-05:00
13.385000228881836;13.40999984741211;13.380000114440918;13.40999984741211;60749;2020-11-24 15:30:00-05:00
13.25;13.31999969482422;13.0600004196167;13.210000038146973;15359;2020-11-25 09:30:00-05:00
13.210000038146973;13.329999923706056;13.210000038146973;13.329999923706056;14430;2020-11-25 10:30:00-05:00
13.354999542236328;13.395000457763672;13.329999923706056;13.390000343322754;4987;2020-11-25 11:30:00-05:00
13.390000343322754;13.390000343322754;13.300000190734863;13.3100004196167;11570;2020-11-25 12:30:00-05:00
13.300000190734863;13.449999809265137;13.289999961853027;13.43120002746582;17591;2020-11-25 13:30:00-05:00
13.399999618530272;13.479999542236328;13.34749984741211;13.34749984741211;24954;2020-11-25 14:30:00-05:00
13.350000381469728;13.420000076293944;13.329999923706056;13.420000076293944;25485;2020-11-25 15:30:00-05:00
13.390000343322754;13.719900131225586;13.210000038146973;13.420000076293944;24530;2020-11-27 09:30:00-05:00
13.43000030517578;13.43000030517578;13.239999771118164;13.375;6562;2020-11-27 10:30:00-05:00
13.380000114440918;13.460000038146973;13.31999969482422;13.420000076293944;7964;2020-11-27 11:30:00-05:00
13.449999809265137;13.449999809265137;13.329999923706056;13.359999656677246;21223;2020-11-27 13:00:00-05:00
13.420000076293944;13.460000038146973;13.154999732971191;13.154999732971191;0;2020-11-30 09:30:00-05:00
13.229999542236328;13.229999542236328;13.100000381469728;13.1850004196167;4926;2020-11-30 10:30:00-05:00
13.18000030517578;13.18000030517578;13.0600004196167;13.100000381469728;8073;2020-11-30 11:30:00-05:00
13.109999656677246;13.119999885559082;13.0600004196167;13.0649995803833;6845;2020-11-30 12:30:00-05:00
13.0649995803833;13.119999885559082;13.039999961853027;13.104999542236328;12047;2020-11-30 13:30:00-05:00
13.09000015258789;13.119999885559082;13.0;13.0;10153;2020-11-30 14:30:00-05:00
13.0;13.0;12.880000114440918;12.899999618530272;34338;2020-11-30 15:30:00-05:00
13.029999732971191;13.359999656677246;13.029999732971191;13.359999656677246;37318;2020-12-01 09:30:00-05:00
13.289999961853027;13.289999961853027;13.050000190734863;13.170000076293944;10150;2020-12-01 10:30:00-05:00
13.18000030517578;13.18000030517578;13.020000457763672;13.100000381469728;6762;2020-12-01 11:30:00-05:00
13.140000343322754;13.210000038146973;13.109999656677246;13.149999618530272;12247;2020-12-01 12:30:00-05:00
13.18000030517578;13.270000457763672;13.18000030517578;13.199999809265137;5413;2020-12-01 13:30:00-05:00
13.210000038146973;13.289999961853027;13.130000114440918;13.18000030517578;20486;2020-12-01 14:30:00-05:00
13.1899995803833;13.25;13.140000343322754;13.15999984741211;82817;2020-12-01 15:30:00-05:00
13.119999885559082;13.439900398254396;12.989999771118164;13.0649995803833;9490;2020-12-02 09:30:00-05:00
13.029999732971191;13.100000381469728;13.010000228881836;13.079999923706056;4264;2020-12-02 10:30:00-05:00
13.079999923706056;13.100000381469728;13.010000228881836;13.06999969482422;8400;2020-12-02 11:30:00-05:00
13.050000190734863;13.100000381469728;13.029999732971191;13.039999961853027;9192;2020-12-02 12:30:00-05:00
13.039999961853027;13.06999969482422;13.010000228881836;13.010000228881836;4397;2020-12-02 13:30:00-05:00
13.010000228881836;13.0649995803833;13.010000228881836;13.010000228881836;6627;2020-12-02 14:30:00-05:00
13.024999618530272;13.09000015258789;13.024999618530272;13.089900016784668;24380;2020-12-02 15:30:00-05:00
13.079999923706056;13.109999656677246;13.010000228881836;13.050000190734863;2817;2020-12-03 09:30:00-05:00
13.050000190734863;13.050000190734863;12.979999542236328;13.0;5817;2020-12-03 10:30:00-05:00
12.989999771118164;12.989999771118164;12.9399995803833;12.94499969482422;5638;2020-12-03 11:30:00-05:00
12.949999809265137;12.970000267028809;12.949999809265137;12.970000267028809;2173;2020-12-03 12:30:00-05:00
12.960000038146973;12.960000038146973;12.90999984741211;12.90999984741211;2335;2020-12-03 13:30:00-05:00
12.93000030517578;12.9399995803833;12.899999618530272;12.93000030517578;3626;2020-12-03 14:30:00-05:00
12.899999618530272;12.899999618530272;12.729999542236328;12.770000457763672;20747;2020-12-03 15:30:00-05:00
12.859999656677246;12.93000030517578;12.859999656677246;12.93000030517578;536;2020-12-04 09:30:00-05:00
12.9399995803833;13.14900016784668;12.9399995803833;13.135000228881836;18236;2020-12-04 10:30:00-05:00
13.135000228881836;13.25;13.135000228881836;13.18000030517578;4704;2020-12-04 11:30:00-05:00
13.174099922180176;13.220000267028809;13.174099922180176;13.1899995803833;1734;2020-12-04 12:30:00-05:00
13.188799858093262;13.188799858093262;13.130000114440918;13.130000114440918;3194;2020-12-04 13:30:00-05:00
13.130000114440918;13.15999984741211;13.109999656677246;13.130000114440918;7540;2020-12-04 14:30:00-05:00
13.100000381469728;13.170000076293944;13.079999923706056;13.100000381469728;41892;2020-12-04 15:30:00-05:00
13.06999969482422;13.119999885559082;12.970000267028809;13.0;16171;2020-12-07 09:30:00-05:00
13.0;13.0;12.960000038146973;13.0;13122;2020-12-07 10:30:00-05:00
12.979999542236328;13.149999618530272;12.979999542236328;13.119999885559082;23585;2020-12-07 11:30:00-05:00
13.119999885559082;13.220000267028809;13.100000381469728;13.210000038146973;18949;2020-12-07 12:30:00-05:00
13.19499969482422;13.210000038146973;13.109999656677246;13.210000038146973;9053;2020-12-07 13:30:00-05:00
13.220000267028809;13.260000228881836;13.100000381469728;13.109999656677246;19253;2020-12-07 14:30:00-05:00
13.130000114440918;13.199999809265137;13.119999885559082;13.140000343322754;26726;2020-12-07 15:30:00-05:00
13.149999618530272;13.199999809265137;13.079999923706056;13.109999656677246;9977;2020-12-08 09:30:00-05:00
13.0600004196167;13.289999961853027;13.039999961853027;13.210000038146973;16276;2020-12-08 10:30:00-05:00
13.175000190734863;13.220000267028809;13.06999969482422;13.220000267028809;6344;2020-12-08 11:30:00-05:00
13.234999656677246;13.239999771118164;13.130000114440918;13.204999923706056;6568;2020-12-08 12:30:00-05:00
13.21500015258789;13.25;13.1899995803833;13.199999809265137;5780;2020-12-08 13:30:00-05:00
13.21500015258789;13.329999923706056;13.161700248718262;13.329999923706056;16216;2020-12-08 14:30:00-05:00
13.295000076293944;13.380000114440918;13.210000038146973;13.260000228881836;49003;2020-12-08 15:30:00-05:00
13.260000228881836;13.880000114440918;13.260000228881836;13.65999984741211;17952;2020-12-09 09:30:00-05:00
13.619999885559082;13.84000015258789;13.539999961853027;13.649999618530272;16662;2020-12-09 10:30:00-05:00
13.649999618530272;13.920000076293944;13.640000343322754;13.75;16432;2020-12-09 11:30:00-05:00
13.75;13.8233003616333;13.675000190734863;13.699999809265137;26750;2020-12-09 12:30:00-05:00
13.619999885559082;13.720000267028809;13.56999969482422;13.710000038146973;7823;2020-12-09 13:30:00-05:00
13.710000038146973;13.739999771118164;13.5600004196167;13.5600004196167;16153;2020-12-09 14:30:00-05:00
13.579999923706056;13.670000076293944;13.550000190734863;13.579999923706056;35240;2020-12-09 15:30:00-05:00
13.4399995803833;13.539999961853027;13.3100004196167;13.350899696350098;5020;2020-12-10 09:30:00-05:00
13.363699913024902;13.449999809265137;13.31999969482422;13.359999656677246;9887;2020-12-10 10:30:00-05:00
13.350000381469728;13.369999885559082;13.18000030517578;13.364999771118164;14344;2020-12-10 11:30:00-05:00
13.380000114440918;13.449999809265137;13.329999923706056;13.449999809265137;7917;2020-12-10 12:30:00-05:00
13.460000038146973;13.470000267028809;13.3100004196167;13.369999885559082;5497;2020-12-10 13:30:00-05:00
13.380000114440918;13.4399995803833;13.3100004196167;13.359999656677246;17893;2020-12-10 14:30:00-05:00
13.34000015258789;13.40999984741211;13.300000190734863;13.329999923706056;24683;2020-12-10 15:30:00-05:00
13.170000076293944;13.449999809265137;13.170000076293944;13.369999885559082;2688;2020-12-11 09:30:00-05:00
13.399999618530272;13.4399995803833;13.260000228881836;13.260000228881836;13130;2020-12-11 10:30:00-05:00
13.25;13.25;13.130000114440918;13.130000114440918;6544;2020-12-11 11:30:00-05:00
13.154999732971191;13.164999961853027;13.039999961853027;13.130000114440918;32025;2020-12-11 12:30:00-05:00
13.130000114440918;13.239999771118164;13.130000114440918;13.15999984741211;14401;2020-12-11 13:30:00-05:00
13.15999984741211;13.25;13.15999984741211;13.210000038146973;10142;2020-12-11 14:30:00-05:00
13.210000038146973;13.289999961853027;13.199999809265137;13.239999771118164;34948;2020-12-11 15:30:00-05:00
13.460000038146973;13.46500015258789;13.149999618530272;13.18000030517578;10839;2020-12-14 09:30:00-05:00
13.239999771118164;13.300000190734863;13.15999984741211;13.300000190734863;12401;2020-12-14 10:30:00-05:00
13.300000190734863;13.34000015258789;13.265000343322754;13.279999732971191;23791;2020-12-14 11:30:00-05:00
13.279999732971191;13.3100004196167;13.239999771118164;13.239999771118164;11816;2020-12-14 12:30:00-05:00
13.244999885559082;13.300000190734863;13.149999618530272;13.149999618530272;5623;2020-12-14 13:30:00-05:00
13.15999984741211;13.199999809265137;13.154999732971191;13.170000076293944;6423;2020-12-14 14:30:00-05:00
13.170000076293944;13.170000076293944;13.095000267028809;13.109999656677246;24670;2020-12-14 15:30:00-05:00
13.220000267028809;13.279999732971191;13.18000030517578;13.25;12538;2020-12-15 09:30:00-05:00
13.234999656677246;13.380000114440918;13.199999809265137;13.350000381469728;43468;2020-12-15 10:30:00-05:00
13.390000343322754;13.510000228881836;13.350000381469728;13.479999542236328;21377;2020-12-15 11:30:00-05:00
13.479999542236328;13.524999618530272;13.470000267028809;13.479999542236328;4965;2020-12-15 12:30:00-05:00
13.470000267028809;13.5;13.43000030517578;13.454999923706056;6008;2020-12-15 13:30:00-05:00
13.460000038146973;13.5;13.4399995803833;13.454999923706056;20140;2020-12-15 14:30:00-05:00
13.420000076293944;13.489999771118164;13.420000076293944;13.470000267028809;14305;2020-12-15 15:30:00-05:00
13.59000015258789;13.59000015258789;13.359999656677246;13.43000030517578;34780;2020-12-16 09:30:00-05:00
13.4399995803833;13.502799987792969;13.369999885559082;13.502799987792969;10450;2020-12-16 10:30:00-05:00
13.479999542236328;13.489999771118164;13.380000114440918;13.484999656677246;13325;2020-12-16 11:30:00-05:00
13.5;13.5;13.359999656677246;13.369999885559082;3321;2020-12-16 12:30:00-05:00
13.375;13.4399995803833;13.34000015258789;13.359999656677246;4084;2020-12-16 13:30:00-05:00
13.420000076293944;13.479999542236328;13.359999656677246;13.425000190734863;8378;2020-12-16 14:30:00-05:00
13.4399995803833;13.449999809265137;13.25;13.300000190734863;20792;2020-12-16 15:30:00-05:00
13.390000343322754;13.390000343322754;13.1899995803833;13.34000015258789;0;2020-12-17 09:30:00-05:00
13.364999771118164;13.364999771118164;13.25;13.325499534606934;9105;2020-12-17 10:30:00-05:00
13.31999969482422;13.335000038146973;13.199999809265137;13.25;9289;2020-12-17 11:30:00-05:00
13.25;13.295000076293944;13.25;13.274999618530272;2159;2020-12-17 12:30:00-05:00
13.279999732971191;13.300000190734863;13.25;13.289999961853027;5402;2020-12-17 13:30:00-05:00
13.300000190734863;13.300000190734863;13.25;13.270000457763672;14085;2020-12-17 14:30:00-05:00
13.270000457763672;13.300000190734863;13.25;13.270000457763672;26928;2020-12-17 15:30:00-05:00
13.300000190734863;13.550000190734863;13.300000190734863;13.300000190734863;3182;2020-12-18 09:30:00-05:00
13.380000114440918;13.479999542236328;13.270000457763672;13.479999542236328;11326;2020-12-18 10:30:00-05:00
13.470000267028809;13.539999961853027;13.359999656677246;13.5;18918;2020-12-18 11:30:00-05:00
13.5;13.550000190734863;13.449999809265137;13.510000228881836;24629;2020-12-18 12:30:00-05:00
13.520000457763672;13.640000343322754;13.520000457763672;13.5600004196167;21159;2020-12-18 13:30:00-05:00
13.56999969482422;13.579999923706056;13.279999732971191;13.289999961853027;18999;2020-12-18 14:30:00-05:00
13.3100004196167;13.470000267028809;13.18000030517578;13.25;39715;2020-12-18 15:30:00-05:00
13.100000381469728;13.130000114440918;12.860199928283691;12.920000076293944;12548;2020-12-21 09:30:00-05:00
12.919899940490724;13.0600004196167;12.919899940490724;13.032699584960938;6611;2020-12-21 10:30:00-05:00
13.010000228881836;13.039999961853027;12.9399995803833;12.984999656677246;3612;2020-12-21 11:30:00-05:00
12.970000267028809;13.050000190734863;12.956500053405762;13.029999732971191;5758;2020-12-21 12:30:00-05:00
13.039999961853027;13.100000381469728;13.039999961853027;13.100000381469728;6661;2020-12-21 13:30:00-05:00
13.071000099182127;13.100000381469728;13.010000228881836;13.050000190734863;19743;2020-12-21 14:30:00-05:00
13.0600004196167;13.100000381469728;13.020000457763672;13.079999923706056;29788;2020-12-21 15:30:00-05:00
13.09000015258789;13.09000015258789;12.890000343322754;12.90999984741211;1874;2020-12-22 09:30:00-05:00
12.920000076293944;13.0;12.880000114440918;12.989999771118164;6325;2020-12-22 10:30:00-05:00
13.0;13.029999732971191;12.949999809265137;12.949999809265137;7427;2020-12-22 11:30:00-05:00
12.949999809265137;13.020000457763672;12.949999809265137;13.020000457763672;4548;2020-12-22 12:30:00-05:00
13.0;13.039999961853027;12.890000343322754;12.90999984741211;11733;2020-12-22 13:30:00-05:00
12.90999984741211;12.9399995803833;12.890000343322754;12.899999618530272;15805;2020-12-22 14:30:00-05:00
12.890000343322754;12.899999618530272;12.829999923706056;12.869999885559082;33561;2020-12-22 15:30:00-05:00
12.93000030517578;13.039999961853027;12.93000030517578;12.960000038146973;7442;2020-12-23 09:30:00-05:00
12.920000076293944;13.170000076293944;12.81999969482422;13.135000228881836;66813;2020-12-23 10:30:00-05:00
13.135000228881836;13.15999984741211;13.100000381469728;13.130000114440918;8790;2020-12-23 11:30:00-05:00
13.130000114440918;13.18000030517578;13.130000114440918;13.145000457763672;10269;2020-12-23 12:30:00-05:00
13.145000457763672;13.210000038146973;13.130000114440918;13.1899995803833;9416;2020-12-23 13:30:00-05:00
13.170000076293944;13.229999542236328;13.109999656677246;13.140000343322754;15859;2020-12-23 14:30:00-05:00
13.15999984741211;13.15999984741211;13.0600004196167;13.0600004196167;36609;2020-12-23 15:30:00-05:00
13.109999656677246;13.172100067138672;12.920000076293944;13.010000228881836;9428;2020-12-24 09:30:00-05:00
13.029999732971191;13.140000343322754;13.020000457763672;13.06999969482422;8239;2020-12-24 10:30:00-05:00
13.06999969482422;13.06999969482422;12.960000038146973;13.039999961853027;12872;2020-12-24 11:30:00-05:00
13.050000190734863;13.15999984741211;13.039999961853027;13.09000015258789;0;2020-12-24 13:00:00-05:00
13.229999542236328;13.25790023803711;13.140000343322754;13.19159984588623;5870;2020-12-28 09:30:00-05:00
13.239999771118164;13.239999771118164;13.145000457763672;13.18000030517578;5496;2020-12-28 10:30:00-05:00
13.170000076293944;13.18000030517578;13.100000381469728;13.100000381469728;2337;2020-12-28 11:30:00-05:00
13.08810043334961;13.125;13.045700073242188;13.050000190734863;6326;2020-12-28 12:30:00-05:00
13.06999969482422;13.09000015258789;13.010000228881836;13.0649995803833;4797;2020-12-28 13:30:00-05:00
13.039999961853027;13.074999809265137;13.0;13.029999732971191;8412;2020-12-28 14:30:00-05:00
13.0;13.0;12.90999984741211;12.93000030517578;25324;2020-12-28 15:30:00-05:00
13.029999732971191;13.029999732971191;12.739999771118164;12.739999771118164;6388;2020-12-29 09:30:00-05:00
12.75;12.8100004196167;12.649999618530272;12.8100004196167;15722;2020-12-29 10:30:00-05:00
12.800000190734863;12.829999923706056;12.720000267028809;12.755000114440918;10018;2020-12-29 11:30:00-05:00
12.75;12.760000228881836;12.630000114440918;12.6899995803833;7458;2020-12-29 12:30:00-05:00
12.65999984741211;12.760000228881836;12.630000114440918;12.6899995803833;5353;2020-12-29 13:30:00-05:00
12.65999984741211;12.800000190734863;12.640000343322754;12.800000190734863;13573;2020-12-29 14:30:00-05:00
12.78499984741211;12.84000015258789;12.770000457763672;12.8100004196167;25570;2020-12-29 15:30:00-05:00
12.800000190734863;13.01010036468506;12.800000190734863;12.954999923706056;12271;2020-12-30 09:30:00-05:00
12.960000038146973;13.011500358581545;12.84000015258789;12.850000381469728;8722;2020-12-30 10:30:00-05:00
12.824999809265137;12.890000343322754;12.8100004196167;12.880000114440918;9056;2020-12-30 11:30:00-05:00
12.899999618530272;12.899999618530272;12.84000015258789;12.850000381469728;6169;2020-12-30 12:30:00-05:00
12.859999656677246;12.859999656677246;12.84000015258789;12.84000015258789;4987;2020-12-30 13:30:00-05:00
12.850000381469728;12.869999885559082;12.800000190734863;12.869999885559082;12826;2020-12-30 14:30:00-05:00
12.864999771118164;12.899999618530272;12.81999969482422;12.81999969482422;23534;2020-12-30 15:30:00-05:00
12.770000457763672;12.8100004196167;12.640000343322754;12.739999771118164;8930;2020-12-31 09:30:00-05:00
12.75;12.8100004196167;12.75;12.789999961853027;2233;2020-12-31 10:30:00-05:00
12.789999961853027;12.84000015258789;12.760000228881836;12.800000190734863;8686;2020-12-31 11:30:00-05:00
12.800000190734863;12.8100004196167;12.760000228881836;12.779999732971191;6527;2020-12-31 12:30:00-05:00
12.779999732971191;12.864999771118164;12.770000457763672;12.80500030517578;13439;2020-12-31 13:30:00-05:00
12.829999923706056;12.869999885559082;12.779999732971191;12.81999969482422;12741;2020-12-31 14:30:00-05:00
12.829999923706056;12.829999923706056;12.6899995803833;12.770000457763672;27293;2020-12-31 15:30:00-05:00
12.859999656677246;12.864999771118164;12.670000076293944;12.699999809265137;11155;2021-01-04 09:30:00-05:00
12.729999542236328;12.729999542236328;12.529999732971191;12.640000343322754;16198;2021-01-04 10:30:00-05:00
12.739999771118164;12.739999771118164;12.539999961853027;12.59000015258789;9392;2021-01-04 11:30:00-05:00
12.59000015258789;12.630000114440918;12.380000114440918;12.609999656677246;9843;2021-01-04 12:30:00-05:00
12.670000076293944;12.670000076293944;12.449999809265137;12.5;15590;2021-01-04 13:30:00-05:00
12.4399995803833;12.5600004196167;12.34000015258789;12.520000457763672;21136;2021-01-04 14:30:00-05:00
12.520000457763672;12.56999969482422;12.479999542236328;12.489999771118164;30880;2021-01-04 15:30:00-05:00
12.479999542236328;12.93000030517578;12.420000076293944;12.720000267028809;32531;2021-01-05 09:30:00-05:00
12.789999961853027;12.90999984741211;12.720000267028809;12.90999984741211;19518;2021-01-05 10:30:00-05:00
12.890000343322754;12.920000076293944;12.8100004196167;12.869999885559082;15559;2021-01-05 11:30:00-05:00
12.869999885559082;13.020000457763672;12.850000381469728;12.9399995803833;11917;2021-01-05 12:30:00-05:00
12.954999923706056;13.020000457763672;12.899999618530272;12.90999984741211;40587;2021-01-05 13:30:00-05:00
12.899999618530272;12.920000076293944;12.859999656677246;12.890000343322754;19491;2021-01-05 14:30:00-05:00
12.880000114440918;12.920000076293944;12.880000114440918;12.899999618530272;32136;2021-01-05 15:30:00-05:00
13.062000274658203;13.449999809265137;13.062000274658203;13.369999885559082;8617;2021-01-06 09:30:00-05:00
13.378700256347656;13.65999984741211;13.378700256347656;13.539999961853027;28517;2021-01-06 10:30:00-05:00
13.56999969482422;13.579999923706056;13.470000267028809;13.56999969482422;25052;2021-01-06 11:30:00-05:00
13.56999969482422;13.809900283813477;13.550000190734863;13.765000343322754;19237;2021-01-06 12:30:00-05:00
13.760000228881836;13.779999732971191;13.640000343322754;13.640000343322754;21594;2021-01-06 13:30:00-05:00
13.649999618530272;13.649999618530272;13.529999732971191;13.614999771118164;25134;2021-01-06 14:30:00-05:00
13.614999771118164;13.649999618530272;13.550000190734863;13.600000381469728;20906;2021-01-06 15:30:00-05:00
13.6899995803833;13.6899995803833;13.489999771118164;13.640000343322754;34480;2021-01-07 09:30:00-05:00
13.699999809265137;13.850000381469728;13.6899995803833;13.789999961853027;34022;2021-01-07 10:30:00-05:00
13.8100004196167;13.850000381469728;13.75;13.800000190734863;8534;2021-01-07 11:30:00-05:00
13.800000190734863;13.869999885559082;13.79010009765625;13.84000015258789;7721;2021-01-07 12:30:00-05:00
13.84000015258789;13.890000343322754;13.789999961853027;13.789999961853027;9762;2021-01-07 13:30:00-05:00
13.789999961853027;13.84000015258789;13.779999732971191;13.81999969482422;7893;2021-01-07 14:30:00-05:00
13.827300071716309;13.880000114440918;13.779999732971191;13.789999961853027;23496;2021-01-07 15:30:00-05:00
13.899999618530272;13.98989963531494;13.779999732971191;13.789999961853027;5412;2021-01-08 09:30:00-05:00
13.779999732971191;13.859999656677246;13.720000267028809;13.78499984741211;26344;2021-01-08 10:30:00-05:00
13.760000228881836;13.989999771118164;13.739999771118164;13.989999771118164;39407;2021-01-08 11:30:00-05:00
13.954999923706056;13.954999923706056;13.8100004196167;13.81999969482422;21704;2021-01-08 12:30:00-05:00
13.81999969482422;13.81999969482422;13.710000038146973;13.8100004196167;11142;2021-01-08 13:30:00-05:00
13.789999961853027;13.920000076293944;13.75;13.779999732971191;28967;2021-01-08 14:30:00-05:00
13.779999732971191;13.829999923706056;13.760000228881836;13.779999732971191;25351;2021-01-08 15:30:00-05:00
13.550000190734863;13.779999732971191;13.53499984741211;13.760000228881836;8006;2021-01-11 09:30:00-05:00
13.710000038146973;13.859999656677246;13.710000038146973;13.779999732971191;16537;2021-01-11 10:30:00-05:00
13.84000015258789;13.850000381469728;13.760000228881836;13.774999618530272;13233;2021-01-11 11:30:00-05:00
13.760000228881836;13.880000114440918;13.760000228881836;13.770000457763672;15371;2021-01-11 12:30:00-05:00
13.800000190734863;13.8100004196167;13.75;13.779999732971191;16045;2021-01-11 13:30:00-05:00
13.779999732971191;13.859999656677246;13.739999771118164;13.8100004196167;14799;2021-01-11 14:30:00-05:00
13.779999732971191;13.81999969482422;13.710000038146973;13.800000190734863;17649;2021-01-11 15:30:00-05:00
13.100000381469728;13.970000267028809;13.100000381469728;13.970000267028809;23568;2021-01-12 09:30:00-05:00
13.975000381469728;13.984999656677246;13.600000381469728;13.80500030517578;31829;2021-01-12 10:30:00-05:00
13.845000267028809;13.90999984741211;13.670000076293944;13.770000457763672;19819;2021-01-12 11:30:00-05:00
13.75;13.770000457763672;13.59000015258789;13.630000114440918;14688;2021-01-12 12:30:00-05:00
13.649999618530272;13.720000267028809;13.600000381469728;13.670000076293944;13132;2021-01-12 13:30:00-05:00
13.710000038146973;13.854999542236328;13.670000076293944;13.835000038146973;19834;2021-01-12 14:30:00-05:00
13.835000038146973;13.949999809265137;13.81999969482422;13.90999984741211;1128093;2021-01-12 15:30:00-05:00
13.829999923706056;13.989999771118164;13.770000457763672;13.979999542236328;21263;2021-01-13 09:30:00-05:00
13.925000190734863;13.925000190734863;13.739999771118164;13.800000190734863;212520;2021-01-13 10:30:00-05:00
13.779999732971191;13.779999732971191;13.529999732971191;13.649999618530272;18088;2021-01-13 11:30:00-05:00
13.630000114440918;13.890000343322754;13.630000114440918;13.890000343322754;26390;2021-01-13 12:30:00-05:00
13.899999618530272;13.960000038146973;13.84000015258789;13.84000015258789;32230;2021-01-13 13:30:00-05:00
13.850000381469728;13.880000114440918;13.779999732971191;13.824999809265137;37802;2021-01-13 14:30:00-05:00
13.824999809265137;13.90999984741211;13.720000267028809;13.84000015258789;134656;2021-01-13 15:30:00-05:00
13.9399995803833;14.0;13.8100004196167;13.9399995803833;0;2021-01-14 09:30:00-05:00
13.920000076293944;13.989999771118164;13.859999656677246;13.93000030517578;85531;2021-01-14 10:30:00-05:00
13.949999809265137;14.449999809265137;13.94499969482422;14.449999809265137;19336;2021-01-14 11:30:00-05:00
14.425000190734863;14.56999969482422;14.329999923706056;14.329999923706056;31211;2021-01-14 12:30:00-05:00
14.324999809265137;14.479999542236328;14.31999969482422;14.479999542236328;8937;2021-01-14 13:30:00-05:00
14.470000267028809;14.470000267028809;14.3100004196167;14.31999969482422;12177;2021-01-14 14:30:00-05:00
14.34000015258789;14.350000381469728;14.100000381469728;14.239999771118164;54521;2021-01-14 15:30:00-05:00
14.15999984741211;14.1899995803833;13.710000038146973;13.954999923706056;38175;2021-01-15 09:30:00-05:00
13.920000076293944;14.28499984741211;13.920000076293944;14.28499984741211;38204;2021-01-15 10:30:00-05:00
14.289999961853027;14.520000457763672;14.28499984741211;14.449999809265137;69135;2021-01-15 11:30:00-05:00
14.369999885559082;14.56999969482422;14.369999885559082;14.56999969482422;12243;2021-01-15 12:30:00-05:00
14.56999969482422;14.56999969482422;14.4350004196167;14.529999732971191;24677;2021-01-15 13:30:00-05:00
14.529999732971191;14.550000190734863;14.4399995803833;14.449999809265137;37775;2021-01-15 14:30:00-05:00
14.449999809265137;14.510000228881836;14.43000030517578;14.5;59822;2021-01-15 15:30:00-05:00
14.760000228881836;14.84000015258789;14.5600004196167;14.630000114440918;14599;2021-01-19 09:30:00-05:00
14.630000114440918;14.793399810791016;14.630000114440918;14.744999885559082;16399;2021-01-19 10:30:00-05:00
14.75;14.75;14.614999771118164;14.625;14575;2021-01-19 11:30:00-05:00
14.619999885559082;14.735400199890137;14.609999656677246;14.720000267028809;13173;2021-01-19 12:30:00-05:00
14.729999542236328;14.800000190734863;14.649999618530272;14.75;20588;2021-01-19 13:30:00-05:00
14.729999542236328;14.729999542236328;14.529999732971191;14.59000015258789;22295;2021-01-19 14:30:00-05:00
14.609999656677246;14.666999816894531;14.529999732971191;14.65999984741211;44813;2021-01-19 15:30:00-05:00
14.8100004196167;14.899999618530272;14.640000343322754;14.829999923706056;20348;2021-01-20 09:30:00-05:00
14.850000381469728;15.100000381469728;14.81999969482422;14.890000343322754;21436;2021-01-20 10:30:00-05:00
14.90999984741211;14.90999984741211;14.760000228881836;14.779999732971191;15261;2021-01-20 11:30:00-05:00
14.739999771118164;14.770000457763672;14.510000228881836;14.5600004196167;26010;2021-01-20 12:30:00-05:00
14.5600004196167;14.59000015258789;14.380000114440918;14.489999771118164;13221;2021-01-20 13:30:00-05:00
14.5;14.56999969482422;14.460000038146973;14.5;15537;2021-01-20 14:30:00-05:00
14.529999732971191;14.729999542236328;14.454999923706056;14.670000076293944;122682;2021-01-20 15:30:00-05:00
14.739999771118164;15.0;14.510000228881836;14.510000228881836;22666;2021-01-21 09:30:00-05:00
14.5;14.670000076293944;14.470000267028809;14.65999984741211;29103;2021-01-21 10:30:00-05:00
14.65999984741211;14.670000076293944;14.449999809265137;14.470000267028809;28282;2021-01-21 11:30:00-05:00
14.479999542236328;14.520000457763672;14.385000228881836;14.470000267028809;27761;2021-01-21 12:30:00-05:00
14.44499969482422;14.510000228881836;14.329999923706056;14.460000038146973;28127;2021-01-21 13:30:00-05:00
14.460000038146973;14.630000114440918;14.420000076293944;14.449999809265137;40509;2021-01-21 14:30:00-05:00
14.454999923706056;14.539999961853027;14.4399995803833;14.510000228881836;48390;2021-01-21 15:30:00-05:00
14.329999923706056;14.640000343322754;14.282999992370604;14.4399995803833;14533;2021-01-22 09:30:00-05:00
14.375;14.720000267028809;14.375;14.720000267028809;23567;2021-01-22 10:30:00-05:00
14.720000267028809;14.960000038146973;14.712499618530272;14.824999809265137;53054;2021-01-22 11:30:00-05:00
14.850000381469728;14.890000343322754;14.6899995803833;14.6899995803833;18439;2021-01-22 12:30:00-05:00
14.71500015258789;14.779999732971191;14.670000076293944;14.779999732971191;22431;2021-01-22 13:30:00-05:00
14.779999732971191;14.890000343322754;14.770000457763672;14.779999732971191;14732;2021-01-22 14:30:00-05:00
14.789999961853027;14.920000076293944;14.779999732971191;14.8100004196167;45539;2021-01-22 15:30:00-05:00
14.899999618530272;15.279999732971191;14.699999809265137;15.220000267028809;70339;2021-01-25 09:30:00-05:00
15.18000030517578;15.220000267028809;14.920000076293944;14.93000030517578;26266;2021-01-25 10:30:00-05:00
14.880000114440918;15.0600004196167;14.84000015258789;14.90999984741211;21879;2021-01-25 11:30:00-05:00
14.920000076293944;15.029999732971191;14.869999885559082;15.020000457763672;11558;2021-01-25 12:30:00-05:00
14.97760009765625;15.0600004196167;14.9399995803833;15.020000457763672;24695;2021-01-25 13:30:00-05:00
15.029999732971191;15.039999961853027;14.84000015258789;14.93000030517578;11576;2021-01-25 14:30:00-05:00
14.920000076293944;14.93000030517578;14.770000457763672;14.8100004196167;47245;2021-01-25 15:30:00-05:00
15.100000381469728;15.539999961853027;14.920000076293944;15.494999885559082;0;2021-01-26 09:30:00-05:00
15.4399995803833;15.529999732971191;15.06999969482422;15.239999771118164;90222;2021-01-26 10:30:00-05:00
15.229999542236328;15.90999984741211;15.220000267028809;15.75;167139;2021-01-26 11:30:00-05:00
15.770000457763672;16.110000610351562;15.609999656677246;15.770000457763672;121772;2021-01-26 12:30:00-05:00
15.770000457763672;16.549999237060547;15.670000076293944;16.399999618530273;247407;2021-01-26 13:30:00-05:00
16.399999618530273;16.510000228881836;15.979999542236328;16.15999984741211;174573;2021-01-26 14:30:00-05:00
16.201000213623047;16.201000213623047;15.6899995803833;15.869999885559082;306015;2021-01-26 15:30:00-05:00
15.539999961853027;15.880000114440918;15.489999771118164;15.800000190734863;72443;2021-01-27 09:30:00-05:00
15.84000015258789;15.850000381469728;15.515000343322754;15.539999961853027;39188;2021-01-27 10:30:00-05:00
15.539999961853027;15.539999961853027;15.204999923706056;15.279999732971191;28171;2021-01-27 11:30:00-05:00
15.279999732971191;15.279999732971191;15.09000015258789;15.15999984741211;23344;2021-01-27 12:30:00-05:00
15.140000343322754;15.18000030517578;15.010000228881836;15.050000190734863;16133;2021-01-27 13:30:00-05:00
15.100000381469728;15.350000381469728;14.98110008239746;15.25;41755;2021-01-27 14:30:00-05:00
15.220000267028809;15.31999969482422;15.100000381469728;15.15999984741211;72294;2021-01-27 15:30:00-05:00
15.229999542236328;15.379899978637695;15.045000076293944;15.265000343322754;0;2021-01-28 09:30:00-05:00
15.265000343322754;15.359999656677246;14.890000343322754;14.890000343322754;25777;2021-01-28 10:30:00-05:00
14.869999885559082;15.170000076293944;14.859999656677246;14.949999809265137;33727;2021-01-28 11:30:00-05:00
14.949999809265137;15.199999809265137;14.949999809265137;14.970000267028809;28901;2021-01-28 12:30:00-05:00
15.029999732971191;15.039999961853027;14.850000381469728;14.925000190734863;32224;2021-01-28 13:30:00-05:00
14.90999984741211;14.949999809265137;14.8100004196167;14.869999885559082;38346;2021-01-28 14:30:00-05:00
14.88599967956543;14.920000076293944;14.720000267028809;14.760000228881836;84535;2021-01-28 15:30:00-05:00
14.619999885559082;14.67990016937256;14.34000015258789;14.520000457763672;25561;2021-01-29 09:30:00-05:00
14.520000457763672;14.54990005493164;14.329999923706056;14.329999923706056;18769;2021-01-29 10:30:00-05:00
14.3100004196167;14.375;14.170000076293944;14.210000038146973;24011;2021-01-29 11:30:00-05:00
14.1899995803833;14.279999732971191;14.06999969482422;14.279999732971191;25980;2021-01-29 12:30:00-05:00
14.279999732971191;14.3100004196167;14.15999984741211;14.170000076293944;15998;2021-01-29 13:30:00-05:00
14.15999984741211;14.279999732971191;14.0600004196167;14.25;29261;2021-01-29 14:30:00-05:00
14.260000228881836;14.300000190734863;14.130000114440918;14.130000114440918;91933;2021-01-29 15:30:00-05:00
14.229999542236328;14.550000190734863;14.119999885559082;14.19499969482422;17735;2021-02-01 09:30:00-05:00
14.1899995803833;14.25;14.079999923706056;14.239999771118164;14866;2021-02-01 10:30:00-05:00
14.239999771118164;14.270000457763672;14.143099784851074;14.270000457763672;15543;2021-02-01 11:30:00-05:00
14.270000457763672;14.399999618530272;14.229999542236328;14.380000114440918;15168;2021-02-01 12:30:00-05:00
14.399999618530272;14.510000228881836;14.31999969482422;14.494999885559082;19312;2021-02-01 13:30:00-05:00
14.510000228881836;14.529999732971191;14.395000457763672;14.43000030517578;24812;2021-02-01 14:30:00-05:00
14.460000038146973;14.479999542236328;14.399999618530272;14.399999618530272;48864;2021-02-01 15:30:00-05:00
14.600000381469728;14.759900093078612;14.460000038146973;14.550000190734863;15444;2021-02-02 09:30:00-05:00
14.470000267028809;14.539999961853027;14.420000076293944;14.529999732971191;44358;2021-02-02 10:30:00-05:00
14.5600004196167;14.59000015258789;14.31999969482422;14.40999984741211;23224;2021-02-02 11:30:00-05:00
14.382699966430664;14.481800079345703;14.359999656677246;14.359999656677246;8367;2021-02-02 12:30:00-05:00
14.359999656677246;14.46500015258789;14.329999923706056;14.329999923706056;10735;2021-02-02 13:30:00-05:00
14.34000015258789;14.630000114440918;14.34000015258789;14.550000190734863;27064;2021-02-02 14:30:00-05:00
14.529999732971191;14.630000114440918;14.529999732971191;14.600000381469728;45450;2021-02-02 15:30:00-05:00
14.59000015258789;14.624799728393556;14.529999732971191;14.609999656677246;4846;2021-02-03 09:30:00-05:00
14.609999656677246;14.75;14.4399995803833;14.699999809265137;75634;2021-02-03 10:30:00-05:00
14.710000038146973;14.880000114440918;14.649999618530272;14.859999656677246;29679;2021-02-03 11:30:00-05:00
14.81999969482422;14.890000343322754;14.800000190734863;14.829999923706056;15622;2021-02-03 12:30:00-05:00
14.829999923706056;14.914999961853027;14.784000396728516;14.90999984741211;25084;2021-02-03 13:30:00-05:00
14.890000343322754;14.899999618530272;14.81999969482422;14.84000015258789;26842;2021-02-03 14:30:00-05:00
14.84000015258789;14.869999885559082;14.789999961853027;14.829999923706056;43361;2021-02-03 15:30:00-05:00
14.770000457763672;15.0600004196167;14.489999771118164;14.949999809265137;17666;2021-02-04 09:30:00-05:00
14.93000030517578;15.114999771118164;14.899999618530272;15.029999732971191;18571;2021-02-04 10:30:00-05:00
15.0600004196167;15.15999984741211;15.039999961853027;15.0649995803833;22283;2021-02-04 11:30:00-05:00
15.09000015258789;15.18000030517578;15.039999961853027;15.100000381469728;63292;2021-02-04 12:30:00-05:00
15.109999656677246;15.170000076293944;15.09000015258789;15.145000457763672;14301;2021-02-04 13:30:00-05:00
15.149999618530272;15.199999809265137;15.045000076293944;15.045000076293944;24585;2021-02-04 14:30:00-05:00
15.039999961853027;15.170000076293944;15.029999732971191;15.119999885559082;63514;2021-02-04 15:30:00-05:00
15.34000015258789;15.34000015258789;15.0;15.100000381469728;34913;2021-02-05 09:30:00-05:00
15.130000114440918;15.43000030517578;15.130000114440918;15.43000030517578;40662;2021-02-05 10:30:00-05:00
15.4399995803833;15.56999969482422;15.395000457763672;15.495400428771973;37705;2021-02-05 11:30:00-05:00
15.505000114440918;15.5600004196167;15.46500015258789;15.524999618530272;20765;2021-02-05 12:30:00-05:00
15.550000190734863;15.550000190734863;15.4399995803833;15.454999923706056;20390;2021-02-05 13:30:00-05:00
15.454999923706056;15.59000015258789;15.4399995803833;15.56999969482422;47210;2021-02-05 14:30:00-05:00
15.55500030517578;15.6899995803833;15.350000381469728;15.390000343322754;129303;2021-02-05 15:30:00-05:00
16.049999237060547;16.100000381469727;14.720000267028809;15.119999885559082;105558;2021-02-08 09:30:00-05:00
15.119999885559082;15.210000038146973;14.910099983215332;15.079999923706056;46776;2021-02-08 10:30:00-05:00
15.039999961853027;15.34000015258789;14.99269962310791;15.34000015258789;50934;2021-02-08 11:30:00-05:00
15.380000114440918;15.399999618530272;15.050000190734863;15.06999969482422;28256;2021-02-08 12:30:00-05:00
15.06999969482422;15.119999885559082;14.989999771118164;14.989999771118164;32783;2021-02-08 13:30:00-05:00
14.989999771118164;15.520000457763672;14.968999862670898;15.3100004196167;104724;2021-02-08 14:30:00-05:00
15.270000457763672;15.479999542236328;15.234999656677246;15.380000114440918;93416;2021-02-08 15:30:00-05:00
15.800000190734863;15.8100004196167;15.3100004196167;15.723400115966797;39698;2021-02-09 09:30:00-05:00
15.713800430297852;15.9350004196167;15.713800430297852;15.859999656677246;25451;2021-02-09 10:30:00-05:00
15.880000114440918;16.020000457763672;15.84000015258789;15.859999656677246;21097;2021-02-09 11:30:00-05:00
15.82009983062744;15.949999809265137;15.789999961853027;15.835000038146973;40995;2021-02-09 12:30:00-05:00
15.835000038146973;15.970000267028809;15.800000190734863;15.895000457763672;29652;2021-02-09 13:30:00-05:00
15.880000114440918;15.890000343322754;15.789999961853027;15.859999656677246;23940;2021-02-09 14:30:00-05:00
15.850000381469728;16.125;15.84000015258789;15.93000030517578;102594;2021-02-09 15:30:00-05:00
16.149999618530273;16.469999313354492;15.869999885559082;16.389999389648438;48301;2021-02-10 09:30:00-05:00
16.440000534057617;16.450000762939453;15.970000267028809;15.984999656677246;82367;2021-02-10 10:30:00-05:00
16.0;16.079999923706055;15.979999542236328;16.010000228881836;21218;2021-02-10 11:30:00-05:00
16.020000457763672;16.209999084472656;16.020000457763672;16.200000762939453;13983;2021-02-10 12:30:00-05:00
16.209999084472656;16.299999237060547;16.13010025024414;16.239999771118164;13640;2021-02-10 13:30:00-05:00
16.270000457763672;16.299999237060547;16.174999237060547;16.174999237060547;15743;2021-02-10 14:30:00-05:00
16.174999237060547;16.219999313354492;16.0049991607666;16.100000381469727;68685;2021-02-10 15:30:00-05:00
16.18000030517578;16.530000686645508;16.110000610351562;16.260000228881836;20557;2021-02-11 09:30:00-05:00
16.260000228881836;16.270000457763672;16.15999984741211;16.15999984741211;11088;2021-02-11 10:30:00-05:00
16.155000686645508;16.190000534057617;16.07379913330078;16.07379913330078;29651;2021-02-11 11:30:00-05:00
16.100000381469727;16.260000228881836;16.100000381469727;16.25;17925;2021-02-11 12:30:00-05:00
16.239999771118164;16.2450008392334;16.09000015258789;16.200000762939453;60390;2021-02-11 13:30:00-05:00
16.200000762939453;16.270000457763672;16.170000076293945;16.200000762939453;31967;2021-02-11 14:30:00-05:00
16.190000534057617;16.260000228881836;16.170000076293945;16.18000030517578;55370;2021-02-11 15:30:00-05:00
16.18000030517578;16.40999984741211;15.829999923706056;16.219999313354492;46276;2021-02-12 09:30:00-05:00
16.290000915527344;16.329999923706055;16.139999389648438;16.225000381469727;35593;2021-02-12 10:30:00-05:00
16.270000457763672;16.34000015258789;16.18000030517578;16.25;20553;2021-02-12 11:30:00-05:00
16.239999771118164;16.309999465942383;16.200000762939453;16.209999084472656;14611;2021-02-12 12:30:00-05:00
16.209999084472656;16.280000686645508;16.18000030517578;16.270000457763672;18243;2021-02-12 13:30:00-05:00
16.2549991607666;16.3799991607666;16.18000030517578;16.334999084472656;20841;2021-02-12 14:30:00-05:00
16.334999084472656;16.389999389648438;16.25;16.299999237060547;48696;2021-02-12 15:30:00-05:00
16.420000076293945;16.5;16.299999237060547;16.420000076293945;41866;2021-02-16 09:30:00-05:00
16.420000076293945;16.489999771118164;16.34000015258789;16.489999771118164;42114;2021-02-16 10:30:00-05:00
16.450000762939453;16.510000228881836;16.3799991607666;16.450000762939453;21871;2021-02-16 11:30:00-05:00
16.459999084472656;16.55500030517578;16.43000030517578;16.510000228881836;35255;2021-02-16 12:30:00-05:00
16.540000915527344;16.59000015258789;16.469999313354492;16.5;21914;2021-02-16 13:30:00-05:00
16.5049991607666;16.59000015258789;16.450000762939453;16.5;32608;2021-02-16 14:30:00-05:00
16.5;16.610000610351562;16.479999542236328;16.610000610351562;95197;2021-02-16 15:30:00-05:00
16.5;16.719999313354492;16.459999084472656;16.65999984741211;40403;2021-02-17 09:30:00-05:00
16.65999984741211;16.770000457763672;16.59000015258789;16.665000915527344;36345;2021-02-17 10:30:00-05:00
16.65999984741211;16.670000076293945;16.5;16.6299991607666;19471;2021-02-17 11:30:00-05:00
16.610000610351562;16.637300491333008;16.489999771118164;16.520000457763672;15674;2021-02-17 12:30:00-05:00
16.549999237060547;16.614999771118164;16.479999542236328;16.559999465942383;17979;2021-02-17 13:30:00-05:00
16.540000915527344;16.729999542236328;16.510000228881836;16.68000030517578;33052;2021-02-17 14:30:00-05:00
16.65999984741211;16.700000762939453;16.600000381469727;16.68000030517578;50419;2021-02-17 15:30:00-05:00
16.5;16.760000228881836;16.440000534057617;16.459999084472656;99508;2021-02-18 09:30:00-05:00
16.459999084472656;16.5;16.3700008392334;16.43000030517578;41570;2021-02-18 10:30:00-05:00
16.43000030517578;16.520000457763672;16.360000610351562;16.389999389648438;24329;2021-02-18 11:30:00-05:00
16.3799991607666;16.402000427246094;16.295799255371094;16.3700008392334;16868;2021-02-18 12:30:00-05:00
16.3799991607666;16.540000915527344;16.3799991607666;16.540000915527344;12474;2021-02-18 13:30:00-05:00
16.520000457763672;16.540000915527344;16.389999389648438;16.40999984741211;17968;2021-02-18 14:30:00-05:00
16.399999618530273;16.510000228881836;16.290000915527344;16.350000381469727;194190;2021-02-18 15:30:00-05:00
16.40999984741211;16.665000915527344;16.389999389648438;16.6200008392334;27313;2021-02-19 09:30:00-05:00
16.59000015258789;16.729999542236328;16.57200050354004;16.68000030517578;14895;2021-02-19 10:30:00-05:00
16.690200805664062;16.760000228881836;16.649999618530273;16.68000030517578;24179;2021-02-19 11:30:00-05:00
16.690000534057617;16.739999771118164;16.670000076293945;16.739999771118164;24300;2021-02-19 12:30:00-05:00
16.739999771118164;16.889999389648438;16.719999313354492;16.84000015258789;29139;2021-02-19 13:30:00-05:00
16.84000015258789;16.90999984741211;16.809999465942383;16.860000610351562;31749;2021-02-19 14:30:00-05:00
16.8700008392334;17.09000015258789;16.850500106811523;17.0;124915;2021-02-19 15:30:00-05:00
17.0;17.790000915527344;16.850000381469727;17.68000030517578;94986;2021-02-22 09:30:00-05:00
17.641799926757812;17.790000915527344;17.520000457763672;17.540000915527344;42454;2021-02-22 10:30:00-05:00
17.540000915527344;17.670000076293945;17.290000915527344;17.40999984741211;132145;2021-02-22 11:30:00-05:00
17.3700008392334;17.5049991607666;17.310100555419922;17.329999923706055;46637;2021-02-22 12:30:00-05:00
17.360000610351562;17.440000534057617;17.270000457763672;17.270000457763672;39562;2021-02-22 13:30:00-05:00
17.290000915527344;17.290000915527344;17.049999237060547;17.059999465942383;115947;2021-02-22 14:30:00-05:00
17.049999237060547;17.239900588989258;16.93000030517578;17.190000534057617;135833;2021-02-22 15:30:00-05:00
17.860000610351562;18.21999931335449;17.315000534057617;17.40999984741211;127744;2021-02-23 09:30:00-05:00
17.375;17.68000030517578;17.300100326538086;17.610000610351562;92013;2021-02-23 10:30:00-05:00
17.610000610351562;17.940000534057617;17.56999969482422;17.690000534057617;215414;2021-02-23 11:30:00-05:00
17.690000534057617;17.790000915527344;17.6200008392334;17.71500015258789;116892;2021-02-23 12:30:00-05:00
17.735000610351562;17.895000457763672;17.71500015258789;17.84000015258789;77085;2021-02-23 13:30:00-05:00
17.84000015258789;18.030000686645508;17.719999313354492;17.979999542236328;102591;2021-02-23 14:30:00-05:00
17.979999542236328;18.030000686645508;17.860000610351562;17.860000610351562;117111;2021-02-23 15:30:00-05:00
16.670000076293945;17.450000762939453;16.510000228881836;17.09000015258789;159227;2021-02-24 09:30:00-05:00
17.049999237060547;17.540000915527344;17.020000457763672;17.459999084472656;141889;2021-02-24 10:30:00-05:00
17.46150016784668;17.475000381469727;17.0;17.06999969482422;135685;2021-02-24 11:30:00-05:00
17.059099197387695;17.100000381469727;16.5;16.760000228881836;145313;2021-02-24 12:30:00-05:00
16.770000457763672;16.780000686645508;16.31999969482422;16.450000762939453;146571;2021-02-24 13:30:00-05:00
16.415000915527344;16.6200008392334;16.225000381469727;16.299999237060547;183709;2021-02-24 14:30:00-05:00
16.299999237060547;16.545000076293945;16.209999084472656;16.459999084472656;280423;2021-02-24 15:30:00-05:00
16.420000076293945;16.420000076293945;15.479999542236328;15.479999542236328;377260;2021-02-25 09:30:00-05:00
15.510000228881836;15.8100004196167;15.510000228881836;15.539999961853027;134412;2021-02-25 10:30:00-05:00
15.550000190734863;15.75;15.470000267028809;15.644000053405762;289107;2021-02-25 11:30:00-05:00
15.645000457763672;15.699999809265137;15.25;15.280599594116213;258913;2021-02-25 12:30:00-05:00
15.279999732971191;15.470000267028809;15.020000457763672;15.4399995803833;152350;2021-02-25 13:30:00-05:00
15.479999542236328;15.510000228881836;15.220000267028809;15.34000015258789;102424;2021-02-25 14:30:00-05:00
15.380000114440918;15.739999771118164;15.369999885559082;15.640000343322754;208344;2021-02-25 15:30:00-05:00
16.0;16.25;15.649999618530272;15.699999809265137;3008747;2021-02-26 09:30:00-05:00
15.699999809265137;15.850000381469728;15.520000457763672;15.744999885559082;779716;2021-02-26 10:30:00-05:00
15.744999885559082;15.84000015258789;15.57009983062744;15.57009983062744;385343;2021-02-26 11:30:00-05:00
15.600000381469728;15.789999961853027;15.59000015258789;15.720000267028809;253303;2021-02-26 12:30:00-05:00
15.720000267028809;15.760000228881836;15.449999809265137;15.550000190734863;289678;2021-02-26 13:30:00-05:00
15.550000190734863;15.55500030517578;15.0;15.125;691905;2021-02-26 14:30:00-05:00
15.130000114440918;15.229999542236328;14.989999771118164;15.0;924573;2021-02-26 15:30:00-05:00
15.25;15.8100004196167;15.239999771118164;15.75;482254;2021-03-01 09:30:00-05:00
15.739999771118164;15.75;15.460000038146973;15.511099815368652;409315;2021-03-01 10:30:00-05:00
15.520000457763672;15.600000381469728;15.5;15.595000267028809;382030;2021-03-01 11:30:00-05:00
15.595000267028809;15.6899995803833;15.5649995803833;15.59000015258789;257355;2021-03-01 12:30:00-05:00
15.59000015258789;15.68000030517578;15.520000457763672;15.630000114440918;378979;2021-03-01 13:30:00-05:00
15.630000114440918;15.699999809265137;15.574999809265137;15.69499969482422;450101;2021-03-01 14:30:00-05:00
15.699999809265137;15.699999809265137;15.460000038146973;15.494999885559082;726437;2021-03-01 15:30:00-05:00
15.539999961853027;15.81999969482422;15.31999969482422;15.55500030517578;242783;2021-03-02 09:30:00-05:00
15.55500030517578;15.6899995803833;15.510000228881836;15.5600004196167;292931;2021-03-02 10:30:00-05:00
15.545000076293944;15.59000015258789;15.390000343322754;15.59000015258789;168285;2021-03-02 11:30:00-05:00
15.5600004196167;15.670000076293944;15.539999961853027;15.630000114440918;197271;2021-03-02 12:30:00-05:00
15.630000114440918;15.649999618530272;15.510000228881836;15.520000457763672;322175;2021-03-02 13:30:00-05:00
15.510000228881836;15.729999542236328;15.494999885559082;15.699999809265137;287040;2021-03-02 14:30:00-05:00
15.699999809265137;15.90999984741211;15.399999618530272;15.5;600242;2021-03-02 15:30:00-05:00
15.529999732971191;16.184999465942383;15.470000267028809;16.059999465942383;437938;2021-03-03 09:30:00-05:00
16.05500030517578;16.3799991607666;15.963800430297852;16.25;483714;2021-03-03 10:30:00-05:00
16.239999771118164;16.3700008392334;16.149999618530273;16.25;307323;2021-03-03 11:30:00-05:00
16.25;16.3700008392334;16.18000030517578;16.200000762939453;305807;2021-03-03 12:30:00-05:00
16.18000030517578;16.200000762939453;15.9399995803833;15.970000267028809;258060;2021-03-03 13:30:00-05:00
15.970000267028809;16.219999313354492;15.829999923706056;15.88819980621338;401507;2021-03-03 14:30:00-05:00
15.890000343322754;15.899999618530272;15.75;15.81999969482422;245698;2021-03-03 15:30:00-05:00
15.93000030517578;16.040000915527344;15.449999809265137;15.68000030517578;140648;2021-03-04 09:30:00-05:00
15.65999984741211;15.720000267028809;15.43000030517578;15.520000457763672;142935;2021-03-04 10:30:00-05:00
15.55500030517578;15.81999969482422;15.520000457763672;15.739999771118164;117526;2021-03-04 11:30:00-05:00
15.729999542236328;15.729999542236328;15.368000030517578;15.460000038146973;98775;2021-03-04 12:30:00-05:00
15.449999809265137;15.475000381469728;15.050100326538086;15.15999984741211;181902;2021-03-04 13:30:00-05:00
15.15999984741211;15.43000030517578;15.114999771118164;15.30500030517578;167452;2021-03-04 14:30:00-05:00
15.31999969482422;15.40999984741211;15.1899995803833;15.220000267028809;192224;2021-03-04 15:30:00-05:00
15.399999618530272;15.470000267028809;15.199999809265137;15.3100004196167;87675;2021-03-05 09:30:00-05:00
15.335000038146973;15.359999656677246;15.05500030517578;15.100000381469728;140540;2021-03-05 10:30:00-05:00
15.210000038146973;15.59000015258789;15.119999885559082;15.479999542236328;75064;2021-03-05 11:30:00-05:00
15.515000343322754;15.789999961853027;15.5;15.720000267028809;94146;2021-03-05 12:30:00-05:00
15.729999542236328;15.859999656677246;15.6850004196167;15.800000190734863;138898;2021-03-05 13:30:00-05:00
15.81999969482422;15.979999542236328;15.81999969482422;15.979999542236328;156533;2021-03-05 14:30:00-05:00
15.960000038146973;16.25;15.960000038146973;16.06999969482422;300305;2021-03-05 15:30:00-05:00
16.1200008392334;16.309999465942383;15.800000190734863;15.9399995803833;98378;2021-03-08 09:30:00-05:00
15.979999542236328;16.170000076293945;15.850000381469728;16.100000381469727;136427;2021-03-08 10:30:00-05:00
16.079999923706055;16.420000076293945;16.0;16.3799991607666;197078;2021-03-08 11:30:00-05:00
16.399999618530273;16.489999771118164;16.200000762939453;16.25;103061;2021-03-08 12:30:00-05:00
16.270000457763672;16.280000686645508;15.90999984741211;16.014999389648438;234452;2021-03-08 13:30:00-05:00
16.020000457763672;16.040000915527344;15.84000015258789;15.899999618530272;145523;2021-03-08 14:30:00-05:00
15.899999618530272;15.979999542236328;15.81999969482422;15.81999969482422;172150;2021-03-08 15:30:00-05:00
16.020000457763672;16.020000457763672;15.600000381469728;15.850000381469728;141389;2021-03-09 09:30:00-05:00
15.84000015258789;16.040000915527344;15.824999809265137;15.850000381469728;259936;2021-03-09 10:30:00-05:00
15.859999656677246;15.899999618530272;15.6850004196167;15.729999542236328;120802;2021-03-09 11:30:00-05:00
15.75;15.75;15.479999542236328;15.510000228881836;83381;2021-03-09 12:30:00-05:00
15.520000457763672;15.670000076293944;15.489999771118164;15.5;90894;2021-03-09 13:30:00-05:00
15.5;15.56999969482422;15.390000343322754;15.420000076293944;94463;2021-03-09 14:30:00-05:00
15.399999618530272;15.43000030517578;15.31999969482422;15.350000381469728;138646;2021-03-09 15:30:00-05:00
15.34000015258789;15.760000228881836;15.34000015258789;15.699999809265137;77892;2021-03-10 09:30:00-05:00
15.699999809265137;15.899999618530272;15.6899995803833;15.800000190734863;69271;2021-03-10 10:30:00-05:00
15.81999969482422;16.030000686645508;15.789999961853027;16.020000457763672;101651;2021-03-10 11:30:00-05:00
16.010000228881836;16.104999542236328;15.960000038146973;16.084999084472656;171270;2021-03-10 12:30:00-05:00
16.09000015258789;16.229999542236328;16.020000457763672;16.170000076293945;107166;2021-03-10 13:30:00-05:00
16.184999465942383;16.239999771118164;16.079999923706055;16.174999237060547;104948;2021-03-10 14:30:00-05:00
16.170000076293945;16.25;16.065000534057617;16.15999984741211;265876;2021-03-10 15:30:00-05:00
16.149999618530273;16.31999969482422;15.881699562072754;16.290000915527344;87958;2021-03-11 09:30:00-05:00
16.302499771118164;16.530000686645508;16.25;16.459999084472656;77255;2021-03-11 10:30:00-05:00
16.459999084472656;16.5;16.3799991607666;16.479999542236328;65636;2021-03-11 11:30:00-05:00
16.510000228881836;16.549999237060547;16.450000762939453;16.469999313354492;50067;2021-03-11 12:30:00-05:00
16.485000610351562;16.610000610351562;16.450000762939453;16.579999923706055;86530;2021-03-11 13:30:00-05:00
16.56999969482422;16.6299991607666;16.540000915527344;16.59000015258789;80944;2021-03-11 14:30:00-05:00
16.59000015258789;16.600000381469727;16.459999084472656;16.5;188045;2021-03-11 15:30:00-05:00
16.479999542236328;16.6200008392334;16.290000915527344;16.440000534057617;53498;2021-03-12 09:30:00-05:00
16.459999084472656;16.56999969482422;16.3700008392334;16.3700008392334;52784;2021-03-12 10:30:00-05:00
16.389999389648438;16.4950008392334;16.329999923706055;16.420000076293945;43495;2021-03-12 11:30:00-05:00
16.40999984741211;16.440000534057617;16.360000610351562;16.360000610351562;45830;2021-03-12 12:30:00-05:00
16.350000381469727;16.4950008392334;16.299999237060547;16.450000762939453;61305;2021-03-12 13:30:00-05:00
16.459999084472656;16.600000381469727;16.459999084472656;16.549999237060547;64227;2021-03-12 14:30:00-05:00
16.53499984741211;16.600000381469727;16.5;16.559999465942383;210385;2021-03-12 15:30:00-05:00
16.610000610351562;16.649999618530273;16.18000030517578;16.459999084472656;53395;2021-03-15 09:30:00-04:00
16.459999084472656;16.489999771118164;16.360000610351562;16.375;56153;2021-03-15 10:30:00-04:00
16.389999389648438;16.530000686645508;16.309999465942383;16.510000228881836;65114;2021-03-15 11:30:00-04:00
16.520000457763672;16.559999465942383;16.479999542236328;16.5;45512;2021-03-15 12:30:00-04:00
16.510000228881836;16.6200008392334;16.5049991607666;16.6200008392334;44310;2021-03-15 13:30:00-04:00
16.6200008392334;16.670000076293945;16.559999465942383;16.65999984741211;82400;2021-03-15 14:30:00-04:00
16.65999984741211;16.799999237060547;16.655000686645508;16.770000457763672;108956;2021-03-15 15:30:00-04:00
16.799999237060547;16.799999237060547;16.34000015258789;16.412599563598633;86153;2021-03-16 09:30:00-04:00
16.415000915527344;16.600000381469727;16.260000228881836;16.540000915527344;134678;2021-03-16 10:30:00-04:00
16.524999618530273;16.579999923706055;16.489999771118164;16.520000457763672;105871;2021-03-16 11:30:00-04:00
16.524999618530273;16.6200008392334;16.520000457763672;16.559999465942383;49756;2021-03-16 12:30:00-04:00
16.559999465942383;16.59000015258789;16.510000228881836;16.53499984741211;60704;2021-03-16 13:30:00-04:00
16.549999237060547;16.6200008392334;16.4950008392334;16.530000686645508;76227;2021-03-16 14:30:00-04:00
16.530000686645508;16.65999984741211;16.514999389648438;16.59000015258789;147105;2021-03-16 15:30:00-04:00
16.729999542236328;16.805200576782227;16.43000030517578;16.56999969482422;50363;2021-03-17 09:30:00-04:00
16.59000015258789;16.690000534057617;16.530000686645508;16.649999618530273;77869;2021-03-17 10:30:00-04:00
16.649999618530273;16.868999481201172;16.6200008392334;16.790000915527344;54814;2021-03-17 11:30:00-04:00
16.799999237060547;16.84000015258789;16.670000076293945;16.690000534057617;77983;2021-03-17 12:30:00-04:00
16.68000030517578;16.90999984741211;16.649999618530273;16.850000381469727;105625;2021-03-17 13:30:00-04:00
16.84000015258789;17.040000915527344;16.799999237060547;16.93000030517578;127333;2021-03-17 14:30:00-04:00
16.934999465942383;17.100000381469727;16.93000030517578;17.100000381469727;190329;2021-03-17 15:30:00-04:00
17.149999618530273;17.68000030517578;16.940000534057617;17.670000076293945;203123;2021-03-18 09:30:00-04:00
17.65999984741211;17.799999237060547;17.424999237060547;17.65999984741211;139775;2021-03-18 10:30:00-04:00
17.670000076293945;17.709999084472656;17.399999618530273;17.434999465942383;52514;2021-03-18 11:30:00-04:00
17.43000030517578;17.43000030517578;17.229999542236328;17.31999969482422;72974;2021-03-18 12:30:00-04:00
17.334999084472656;17.334999084472656;17.059999465942383;17.079999923706055;49515;2021-03-18 13:30:00-04:00
17.06999969482422;17.079999923706055;16.84000015258789;16.954999923706055;75123;2021-03-18 14:30:00-04:00
16.954999923706055;16.959999084472656;16.68000030517578;16.739999771118164;128374;2021-03-18 15:30:00-04:00
16.690000534057617;16.780000686645508;16.2450008392334;16.700000762939453;273761;2021-03-19 09:30:00-04:00
16.700000762939453;16.809999465942383;16.649999618530273;16.790000915527344;137604;2021-03-19 10:30:00-04:00
16.799999237060547;16.989999771118164;16.790000915527344;16.989999771118164;67497;2021-03-19 11:30:00-04:00
16.989999771118164;17.020000457763672;16.889999389648438;16.940000534057617;79160;2021-03-19 12:30:00-04:00
16.940000534057617;16.959999084472656;16.735000610351562;16.78499984741211;45837;2021-03-19 13:30:00-04:00
16.780000686645508;16.889999389648438;16.770000457763672;16.8799991607666;90493;2021-03-19 14:30:00-04:00
16.889999389648438;17.030000686645508;16.790000915527344;16.829999923706055;159994;2021-03-19 15:30:00-04:00
16.610000610351562;16.690000534057617;16.299999237060547;16.299999237060547;32550;2021-03-22 09:30:00-04:00
16.299999237060547;16.350000381469727;16.1200008392334;16.1200008392334;42079;2021-03-22 10:30:00-04:00
16.18000030517578;16.31999969482422;16.15999984741211;16.25;36260;2021-03-22 11:30:00-04:00
16.219999313354492;16.389999389648438;16.219999313354492;16.3799991607666;24530;2021-03-22 12:30:00-04:00
16.389999389648438;16.53499984741211;16.389999389648438;16.510000228881836;31742;2021-03-22 13:30:00-04:00
16.510000228881836;16.59000015258789;16.459999084472656;16.479999542236328;52688;2021-03-22 14:30:00-04:00
16.46500015258789;16.540000915527344;16.375;16.459999084472656;69589;2021-03-22 15:30:00-04:00
16.299999237060547;16.40999984741211;16.100000381469727;16.1072998046875;23001;2021-03-23 09:30:00-04:00
16.149999618530273;16.149999618530273;15.90999984741211;16.020000457763672;34100;2021-03-23 10:30:00-04:00
16.059999465942383;16.06999969482422;15.920000076293944;15.970000267028809;16157;2021-03-23 11:30:00-04:00
15.989999771118164;16.030000686645508;15.920000076293944;15.920000076293944;47515;2021-03-23 12:30:00-04:00
15.899999618530272;15.899999618530272;15.720100402832031;15.739999771118164;28659;2021-03-23 13:30:00-04:00
15.720000267028809;15.73799991607666;15.489999771118164;15.579999923706056;260916;2021-03-23 14:30:00-04:00
15.56999969482422;15.609999656677246;15.43000030517578;15.56999969482422;143043;2021-03-23 15:30:00-04:00
15.760000228881836;16.110000610351562;15.59000015258789;15.8100004196167;0;2021-03-24 09:30:00-04:00
15.8100004196167;16.100000381469727;15.789999961853027;15.850000381469728;35118;2021-03-24 10:30:00-04:00
15.880000114440918;15.895000457763672;15.770000457763672;15.800000190734863;33241;2021-03-24 11:30:00-04:00
15.800000190734863;15.800000190734863;15.529999732971191;15.68000030517578;68939;2021-03-24 12:30:00-04:00
15.68000030517578;15.81999969482422;15.630000114440918;15.740599632263184;146702;2021-03-24 13:30:00-04:00
15.75;15.90999984741211;15.6899995803833;15.864999771118164;125190;2021-03-24 14:30:00-04:00
15.859999656677246;15.899999618530272;15.6899995803833;15.699999809265137;363854;2021-03-24 15:30:00-04:00
15.489999771118164;15.68000030517578;15.359999656677246;15.649999618530272;50614;2021-03-25 09:30:00-04:00
15.670000076293944;15.68000030517578;15.475000381469728;15.65999984741211;89728;2021-03-25 10:30:00-04:00
15.65999984741211;15.960000038146973;15.65999984741211;15.949999809265137;43014;2021-03-25 11:30:00-04:00
15.9399995803833;16.1299991607666;15.93000030517578;16.0;67462;2021-03-25 12:30:00-04:00
15.960000038146973;16.08989906311035;15.850000381469728;15.899999618530272;66086;2021-03-25 13:30:00-04:00
15.899999618530272;16.1200008392334;15.890000343322754;16.114999771118164;53311;2021-03-25 14:30:00-04:00
16.1299991607666;16.18000030517578;16.079999923706055;16.079999923706055;76062;2021-03-25 15:30:00-04:00
16.309999465942383;16.389999389648438;16.079999923706055;16.239999771118164;30576;2021-03-26 09:30:00-04:00
16.270000457763672;16.329999923706055;16.110000610351562;16.149999618530273;53426;2021-03-26 10:30:00-04:00
16.1299991607666;16.18000030517578;16.030000686645508;16.09000015258789;217697;2021-03-26 11:30:00-04:00
16.09000015258789;16.139999389648438;16.049999237060547;16.079999923706055;107074;2021-03-26 12:30:00-04:00
16.09000015258789;16.09000015258789;15.854999542236328;15.984999656677246;39388;2021-03-26 13:30:00-04:00
15.96500015258789;16.059999465942383;15.899999618530272;16.020000457763672;42072;2021-03-26 14:30:00-04:00
16.010000228881836;16.260000228881836;16.0;16.25;166416;2021-03-26 15:30:00-04:00
16.079999923706055;16.337400436401367;15.989999771118164;15.989999771118164;26482;2021-03-29 09:30:00-04:00
15.970000267028809;16.010000228881836;15.81999969482422;15.899999618530272;39524;2021-03-29 10:30:00-04:00
15.880000114440918;15.949999809265137;15.789999961853027;15.869999885559082;33124;2021-03-29 11:30:00-04:00
15.859999656677246;16.06999969482422;15.845000267028809;15.859999656677246;43988;2021-03-29 12:30:00-04:00
15.859999656677246;15.949999809265137;15.84000015258789;15.930100440979004;70386;2021-03-29 13:30:00-04:00
15.944000244140623;15.984999656677246;15.829999923706056;15.93000030517578;76760;2021-03-29 14:30:00-04:00
15.93000030517578;15.9399995803833;15.720000267028809;15.720000267028809;135986;2021-03-29 15:30:00-04:00
15.65999984741211;15.960000038146973;15.65999984741211;15.875;33332;2021-03-30 09:30:00-04:00
15.875;16.049999237060547;15.84000015258789;16.030000686645508;35121;2021-03-30 10:30:00-04:00
16.030000686645508;16.040000915527344;15.859999656677246;15.869999885559082;30253;2021-03-30 11:30:00-04:00
15.869999885559082;15.90999984741211;15.729999542236328;15.8100004196167;136537;2021-03-30 12:30:00-04:00
15.829999923706056;15.979999542236328;15.789999961853027;15.90999984741211;44096;2021-03-30 13:30:00-04:00
15.890000343322754;15.979999542236328;15.850000381469728;15.979999542236328;31342;2021-03-30 14:30:00-04:00
15.979999542236328;16.110000610351562;15.960000038146973;16.020000457763672;93761;2021-03-30 15:30:00-04:00
15.979999542236328;16.260000228881836;15.869999885559082;15.869999885559082;48936;2021-03-31 09:30:00-04:00
15.920000076293944;16.049999237060547;15.829999923706056;16.040000915527344;31851;2021-03-31 10:30:00-04:00
16.0;16.06999969482422;15.869999885559082;16.040000915527344;27539;2021-03-31 11:30:00-04:00
16.010000228881836;16.09000015258789;15.9399995803833;16.049999237060547;29625;2021-03-31 12:30:00-04:00
16.06999969482422;16.18000030517578;16.020000457763672;16.149999618530273;39955;2021-03-31 13:30:00-04:00
16.139999389648438;16.309999465942383;16.139999389648438;16.184999465942383;61228;2021-03-31 14:30:00-04:00
16.170000076293945;16.184999465942383;15.970000267028809;15.989999771118164;131770;2021-03-31 15:30:00-04:00
16.350000381469727;16.860000610351562;16.290000915527344;16.5;140170;2021-04-01 09:30:00-04:00
16.549999237060547;16.559999465942383;16.229999542236328;16.229999542236328;144855;2021-04-01 10:30:00-04:00
16.239999771118164;16.290000915527344;16.139999389648438;16.184999465942383;49580;2021-04-01 11:30:00-04:00
16.170000076293945;16.25;16.170000076293945;16.200000762939453;31710;2021-04-01 12:30:00-04:00
16.190000534057617;16.229999542236328;16.15999984741211;16.197999954223633;22034;2021-04-01 13:30:00-04:00
16.18000030517578;16.31999969482422;16.15999984741211;16.270000457763672;94605;2021-04-01 14:30:00-04:00
16.264999389648438;16.350000381469727;16.264999389648438;16.34000015258789;57446;2021-04-01 15:30:00-04:00
16.540000915527344;16.579999923706055;16.15999984741211;16.209999084472656;79596;2021-04-05 09:30:00-04:00
16.229999542236328;16.269899368286133;16.079999923706055;16.269899368286133;177735;2021-04-05 10:30:00-04:00
16.270000457763672;16.389999389648438;16.239999771118164;16.360000610351562;43134;2021-04-05 11:30:00-04:00
16.3700008392334;16.450000762939453;16.219999313354492;16.360000610351562;73662;2021-04-05 12:30:00-04:00
16.360000610351562;16.40999984741211;16.250099182128906;16.250099182128906;71176;2021-04-05 13:30:00-04:00
16.280000686645508;16.31999969482422;16.229999542236328;16.31999969482422;47698;2021-04-05 14:30:00-04:00
16.31999969482422;16.479999542236328;16.31999969482422;16.450000762939453;98528;2021-04-05 15:30:00-04:00
16.639999389648438;16.969999313354492;16.59000015258789;16.969999313354492;68533;2021-04-06 09:30:00-04:00
16.969999313354492;17.030000686645508;16.709999084472656;16.809999465942383;62430;2021-04-06 10:30:00-04:00
16.81999969482422;16.860000610351562;16.65999984741211;16.65999984741211;21328;2021-04-06 11:30:00-04:00
16.649999618530273;16.719999313354492;16.59000015258789;16.649999618530273;56141;2021-04-06 12:30:00-04:00
16.6299991607666;16.739999771118164;16.6200008392334;16.670000076293945;47088;2021-04-06 13:30:00-04:00
16.665000915527344;16.719999313354492;16.594999313354492;16.639999389648438;56539;2021-04-06 14:30:00-04:00
16.635000228881836;16.684999465942383;16.56999969482422;16.579999923706055;96609;2021-04-06 15:30:00-04:00
16.600000381469727;16.600000381469727;16.18000030517578;16.299999237060547;49864;2021-04-07 09:30:00-04:00
16.299999237060547;16.329999923706055;16.18000030517578;16.229999542236328;31440;2021-04-07 10:30:00-04:00
16.260000228881836;16.34000015258789;16.170000076293945;16.34000015258789;181141;2021-04-07 11:30:00-04:00
16.309999465942383;16.469999313354492;16.25;16.399999618530273;22183;2021-04-07 12:30:00-04:00
16.420000076293945;16.479999542236328;16.360000610351562;16.424299240112305;23492;2021-04-07 13:30:00-04:00
16.399999618530273;16.450000762939453;16.3700008392334;16.40999984741211;80813;2021-04-07 14:30:00-04:00
16.40999984741211;16.489999771118164;16.3799991607666;16.440000534057617;183030;2021-04-07 15:30:00-04:00
16.31999969482422;16.399999618530273;16.25;16.375;73129;2021-04-08 09:30:00-04:00
16.389999389648438;16.420000076293945;16.34000015258789;16.40999984741211;44665;2021-04-08 10:30:00-04:00
16.40999984741211;16.450000762939453;16.389999389648438;16.415000915527344;25535;2021-04-08 11:30:00-04:00
16.415000915527344;16.459999084472656;16.3700008392334;16.440000534057617;76822;2021-04-08 12:30:00-04:00
16.420000076293945;16.450000762939453;16.375;16.40999984741211;28873;2021-04-08 13:30:00-04:00
16.40999984741211;16.440000534057617;16.389999389648438;16.40999984741211;42136;2021-04-08 14:30:00-04:00
16.40999984741211;16.459999084472656;16.389999389648438;16.43000030517578;101735;2021-04-08 15:30:00-04:00
16.479999542236328;16.989999771118164;16.389999389648438;16.790000915527344;385125;2021-04-09 09:30:00-04:00
16.790000915527344;16.81999969482422;16.579999923706055;16.68000030517578;88044;2021-04-09 10:30:00-04:00
16.68000030517578;16.719999313354492;16.53499984741211;16.575000762939453;88420;2021-04-09 11:30:00-04:00
16.579999923706055;16.719999313354492;16.579999923706055;16.690000534057617;62683;2021-04-09 12:30:00-04:00
16.709999084472656;16.729999542236328;16.56999969482422;16.729999542236328;49871;2021-04-09 13:30:00-04:00
16.729999542236328;16.84000015258789;16.700000762939453;16.7450008392334;118497;2021-04-09 14:30:00-04:00
16.760000228881836;16.90999984741211;16.739999771118164;16.899999618530273;244826;2021-04-09 15:30:00-04:00
16.84000015258789;16.93000030517578;16.530000686645508;16.610000610351562;63647;2021-04-12 09:30:00-04:00
16.559999465942383;16.8799991607666;16.510000228881836;16.8700008392334;143445;2021-04-12 10:30:00-04:00
16.825000762939453;16.950000762939453;16.709999084472656;16.90999984741211;39422;2021-04-12 11:30:00-04:00
16.905000686645508;17.010000228881836;16.719999313354492;16.84000015258789;90700;2021-04-12 12:30:00-04:00
16.850000381469727;16.90999984741211;16.809999465942383;16.829999923706055;85458;2021-04-12 13:30:00-04:00
16.8700008392334;16.940000534057617;16.790000915527344;16.90999984741211;85092;2021-04-12 14:30:00-04:00
16.915000915527344;17.010000228881836;16.895000457763672;17.0;127295;2021-04-12 15:30:00-04:00
17.1299991607666;17.25;16.5;16.559999465942383;74325;2021-04-13 09:30:00-04:00
16.549999237060547;16.65999984741211;16.540000915527344;16.639999389648438;101207;2021-04-13 10:30:00-04:00
16.639999389648438;16.649999618530273;16.559999465942383;16.56999969482422;80609;2021-04-13 11:30:00-04:00
16.559999465942383;16.559999465942383;16.434999465942383;16.520000457763672;63118;2021-04-13 12:30:00-04:00
16.520000457763672;16.549999237060547;16.4950008392334;16.549999237060547;36648;2021-04-13 13:30:00-04:00
16.540000915527344;16.610000610351562;16.520000457763672;16.549999237060547;40748;2021-04-13 14:30:00-04:00
16.549999237060547;16.549999237060547;16.40999984741211;16.420000076293945;199843;2021-04-13 15:30:00-04:00
16.510000228881836;16.920000076293945;16.510000228881836;16.84000015258789;38954;2021-04-14 09:30:00-04:00
16.844999313354492;17.0;16.790000915527344;16.8700008392334;42919;2021-04-14 10:30:00-04:00
16.850000381469727;16.899999618530273;16.719999313354492;16.76460075378418;68182;2021-04-14 11:30:00-04:00
16.7549991607666;16.770000457763672;16.6200008392334;16.719999313354492;81029;2021-04-14 12:30:00-04:00
16.719999313354492;16.75;16.610000610351562;16.68000030517578;49598;2021-04-14 13:30:00-04:00
16.700000762939453;16.709999084472656;16.565000534057617;16.610000610351562;70783;2021-04-14 14:30:00-04:00
16.610000610351562;16.65999984741211;16.530000686645508;16.59000015258789;133847;2021-04-14 15:30:00-04:00
16.719999313354492;16.899999618530273;16.6200008392334;16.809999465942383;0;2021-04-15 09:30:00-04:00
16.81999969482422;17.0049991607666;16.68000030517578;16.985000610351562;191618;2021-04-15 10:30:00-04:00
16.989999771118164;17.079999923706055;16.969999313354492;16.985000610351562;78460;2021-04-15 11:30:00-04:00
16.989999771118164;17.040000915527344;16.93000030517578;16.969999313354492;65418;2021-04-15 12:30:00-04:00
16.969999313354492;17.049999237060547;16.940000534057617;17.020000457763672;106314;2021-04-15 13:30:00-04:00
17.020000457763672;17.040000915527344;16.950000762939453;17.030000686645508;106975;2021-04-15 14:30:00-04:00
17.040000915527344;17.1200008392334;17.03499984741211;17.079999923706055;112746;2021-04-15 15:30:00-04:00
17.200000762939453;17.354999542236328;17.1200008392334;17.2450008392334;167002;2021-04-16 09:30:00-04:00
17.25;17.260000228881836;17.1200008392334;17.170000076293945;94798;2021-04-16 10:30:00-04:00
17.170000076293945;17.360000610351562;17.110000610351562;17.225000381469727;133802;2021-04-16 11:30:00-04:00
17.225000381469727;17.25;17.170000076293945;17.25;44277;2021-04-16 12:30:00-04:00
17.235000610351562;17.309999465942383;17.200000762939453;17.209999084472656;60231;2021-04-16 13:30:00-04:00
17.209999084472656;17.219999313354492;17.170000076293945;17.209999084472656;104621;2021-04-16 14:30:00-04:00
17.209999084472656;17.2450008392334;17.149999618530273;17.219999313354492;172801;2021-04-16 15:30:00-04:00
17.229999542236328;17.34000015258789;17.143600463867188;17.31999969482422;101523;2021-04-19 09:30:00-04:00
17.31999969482422;17.31999969482422;17.170000076293945;17.295000076293945;88488;2021-04-19 10:30:00-04:00
17.329999923706055;17.459999084472656;17.299999237060547;17.420000076293945;41047;2021-04-19 11:30:00-04:00
17.43000030517578;17.43000030517578;17.34000015258789;17.360000610351562;38762;2021-04-19 12:30:00-04:00
17.360000610351562;17.43000030517578;17.350000381469727;17.399999618530273;19992;2021-04-19 13:30:00-04:00
17.405000686645508;17.520000457763672;17.389999389648438;17.459999084472656;50104;2021-04-19 14:30:00-04:00
17.465999603271484;17.520000457763672;17.3700008392334;17.399999618530273;138125;2021-04-19 15:30:00-04:00
17.34000015258789;17.34000015258789;16.979000091552734;17.049999237060547;0;2021-04-20 09:30:00-04:00
17.040000915527344;17.040000915527344;16.6299991607666;16.700000762939453;62035;2021-04-20 10:30:00-04:00
16.709999084472656;16.719999313354492;16.59000015258789;16.6299991607666;32147;2021-04-20 11:30:00-04:00
16.600000381469727;16.6200008392334;16.489999771118164;16.579999923706055;32832;2021-04-20 12:30:00-04:00
16.559999465942383;16.65999984741211;16.549999237060547;16.600000381469727;44530;2021-04-20 13:30:00-04:00
16.6299991607666;16.670000076293945;16.601900100708008;16.639999389648438;43968;2021-04-20 14:30:00-04:00
16.6200008392334;16.790000915527344;16.610000610351562;16.770000457763672;160041;2021-04-20 15:30:00-04:00
16.729999542236328;17.049999237060547;16.610000610351562;17.0;77385;2021-04-21 09:30:00-04:00
16.969999313354492;17.049999237060547;16.809999465942383;16.829999923706055;25546;2021-04-21 10:30:00-04:00
16.829999923706055;16.969999313354492;16.799999237060547;16.920000076293945;26091;2021-04-21 11:30:00-04:00
16.93000030517578;17.0;16.90999984741211;16.969999313354492;22712;2021-04-21 12:30:00-04:00
16.989999771118164;17.18000030517578;16.969999313354492;17.1299991607666;37335;2021-04-21 13:30:00-04:00
17.1299991607666;17.15999984741211;17.065000534057617;17.09000015258789;34030;2021-04-21 14:30:00-04:00
17.09000015258789;17.170000076293945;17.079999923706055;17.100000381469727;98755;2021-04-21 15:30:00-04:00
17.190000534057617;17.190000534057617;17.014999389648438;17.079999923706055;43215;2021-04-22 09:30:00-04:00
17.06999969482422;17.280000686645508;17.06999969482422;17.280000686645508;24241;2021-04-22 10:30:00-04:00
17.309999465942383;17.344999313354492;17.25;17.309999465942383;11161;2021-04-22 11:30:00-04:00
17.25;17.3799991607666;17.110000610351562;17.229999542236328;14632;2021-04-22 12:30:00-04:00
17.200199127197266;17.239999771118164;17.040000915527344;17.139999389648438;22166;2021-04-22 13:30:00-04:00
17.170000076293945;17.170000076293945;17.0;17.059999465942383;16195;2021-04-22 14:30:00-04:00
17.075000762939453;17.149999618530273;17.0;17.010000228881836;73185;2021-04-22 15:30:00-04:00
17.030000686645508;17.350000381469727;16.969999313354492;17.260000228881836;54622;2021-04-23 09:30:00-04:00
17.229999542236328;17.329999923706055;17.190000534057617;17.25;24581;2021-04-23 10:30:00-04:00
17.25;17.309999465942383;17.220500946044922;17.260000228881836;21822;2021-04-23 11:30:00-04:00
17.25;17.329999923706055;17.25;17.309999465942383;7060;2021-04-23 12:30:00-04:00
17.329999923706055;17.40999984741211;17.329999923706055;17.405000686645508;11206;2021-04-23 13:30:00-04:00
17.409500122070312;17.520000457763672;17.409500122070312;17.489999771118164;69556;2021-04-23 14:30:00-04:00
17.489999771118164;17.510000228881836;17.325000762939453;17.40999984741211;91123;2021-04-23 15:30:00-04:00
17.450000762939453;17.690000534057617;17.450000762939453;17.59000015258789;30609;2021-04-26 09:30:00-04:00
17.5856990814209;17.6299991607666;17.479999542236328;17.559999465942383;26242;2021-04-26 10:30:00-04:00
17.559999465942383;17.559999465942383;17.459999084472656;17.514999389648438;55460;2021-04-26 11:30:00-04:00
17.514999389648438;17.56999969482422;17.469999313354492;17.5;39611;2021-04-26 12:30:00-04:00
17.510000228881836;17.549999237060547;17.489999771118164;17.489999771118164;25776;2021-04-26 13:30:00-04:00
17.489999771118164;17.540000915527344;17.469999313354492;17.5;38424;2021-04-26 14:30:00-04:00
17.489999771118164;17.530000686645508;17.459999084472656;17.479999542236328;71466;2021-04-26 15:30:00-04:00
17.469999313354492;17.5;17.149999618530273;17.479999542236328;47939;2021-04-27 09:30:00-04:00
17.489999771118164;17.639999389648438;17.399999618530273;17.530000686645508;69734;2021-04-27 10:30:00-04:00
17.530000686645508;17.559999465942383;17.479999542236328;17.530000686645508;17105;2021-04-27 11:30:00-04:00
17.4950008392334;17.520000457763672;17.436399459838867;17.459999084472656;62255;2021-04-27 12:30:00-04:00
17.459999084472656;17.5;17.43000030517578;17.479999542236328;35207;2021-04-27 13:30:00-04:00
17.469999313354492;17.489999771118164;17.360000610351562;17.360000610351562;76366;2021-04-27 14:30:00-04:00
17.350000381469727;17.5;17.350000381469727;17.5;156030;2021-04-27 15:30:00-04:00
17.559999465942383;17.610000610351562;17.3799991607666;17.610000610351562;122388;2021-04-28 09:30:00-04:00
17.600000381469727;17.65999984741211;17.56999969482422;17.6299991607666;21595;2021-04-28 10:30:00-04:00
17.6200008392334;17.649999618530273;17.489999771118164;17.489999771118164;35800;2021-04-28 11:30:00-04:00
17.490100860595703;17.5;17.43000030517578;17.479999542236328;23314;2021-04-28 12:30:00-04:00
17.459999084472656;17.510000228881836;17.420000076293945;17.469999313354492;34672;2021-04-28 13:30:00-04:00
17.479999542236328;17.514999389648438;17.450000762939453;17.479999542236328;36839;2021-04-28 14:30:00-04:00
17.469999313354492;17.540000915527344;17.43000030517578;17.520000457763672;60017;2021-04-28 15:30:00-04:00
17.649999618530273;17.68000030517578;17.479999542236328;17.540000915527344;56732;2021-04-29 09:30:00-04:00
17.530000686645508;17.645000457763672;17.40999984741211;17.6299991607666;52667;2021-04-29 10:30:00-04:00
17.6200008392334;17.6200008392334;17.479999542236328;17.540000915527344;44846;2021-04-29 11:30:00-04:00
17.530000686645508;17.579999923706055;17.4950008392334;17.56999969482422;31216;2021-04-29 12:30:00-04:00
17.559999465942383;17.59000015258789;17.520000457763672;17.575000762939453;23179;2021-04-29 13:30:00-04:00
17.56999969482422;17.639999389648438;17.510000228881836;17.510000228881836;36067;2021-04-29 14:30:00-04:00
17.530000686645508;17.56999969482422;17.510000228881836;17.520000457763672;67674;2021-04-29 15:30:00-04:00
17.399999618530273;17.6200008392334;17.399999618530273;17.513200759887695;97614;2021-04-30 09:30:00-04:00
17.5;17.530000686645508;17.450000762939453;17.4950008392334;88402;2021-04-30 10:30:00-04:00
17.4950008392334;17.530000686645508;17.459999084472656;17.510000228881836;47101;2021-04-30 11:30:00-04:00
17.520000457763672;17.540000915527344;17.469999313354492;17.5;27485;2021-04-30 12:30:00-04:00
17.510000228881836;17.530000686645508;17.3700008392334;17.450000762939453;54786;2021-04-30 13:30:00-04:00
17.440000534057617;17.479999542236328;17.385000228881836;17.395000457763672;66586;2021-04-30 14:30:00-04:00
17.3799991607666;17.415000915527344;17.25;17.25;88697;2021-04-30 15:30:00-04:00
17.440000534057617;17.5;17.190000534057617;17.239999771118164;21252;2021-05-03 09:30:00-04:00
17.239999771118164;17.329999923706055;17.209999084472656;17.260000228881836;16723;2021-05-03 10:30:00-04:00
17.260000228881836;17.299999237060547;17.170000076293945;17.260000228881836;40564;2021-05-03 11:30:00-04:00
17.239999771118164;17.299999237060547;17.209999084472656;17.299999237060547;7979;2021-05-03 12:30:00-04:00
17.299999237060547;17.360000610351562;17.280000686645508;17.360000610351562;9440;2021-05-03 13:30:00-04:00
17.354999542236328;17.420000076293945;17.329500198364258;17.359100341796875;23445;2021-05-03 14:30:00-04:00
17.360000610351562;17.364999771118164;17.280000686645508;17.280000686645508;43146;2021-05-03 15:30:00-04:00
17.170000076293945;17.264999389648438;16.8799991607666;17.06999969482422;25636;2021-05-04 09:30:00-04:00
17.104999542236328;17.1299991607666;16.989999771118164;17.104999542236328;18622;2021-05-04 10:30:00-04:00
17.110000610351562;17.260000228881836;17.110000610351562;17.260000228881836;19775;2021-05-04 11:30:00-04:00
17.25;17.329999923706055;17.239999771118164;17.270000457763672;32857;2021-05-04 12:30:00-04:00
17.270000457763672;17.290000915527344;17.239999771118164;17.263200759887695;17915;2021-05-04 13:30:00-04:00
17.270000457763672;17.350000381469727;17.260000228881836;17.350000381469727;39421;2021-05-04 14:30:00-04:00
17.344999313354492;17.440000534057617;17.290000915527344;17.31999969482422;74356;2021-05-04 15:30:00-04:00
17.389999389648438;17.389999389648438;17.209999084472656;17.299999237060547;28464;2021-05-05 09:30:00-04:00
17.299999237060547;17.450000762939453;17.290000915527344;17.44499969482422;19265;2021-05-05 10:30:00-04:00
17.450000762939453;17.450000762939453;17.3700008392334;17.405000686645508;20554;2021-05-05 11:30:00-04:00
17.405000686645508;17.405000686645508;17.299999237060547;17.299999237060547;27624;2021-05-05 12:30:00-04:00
17.299999237060547;17.389999389648438;17.290000915527344;17.350000381469727;33447;2021-05-05 13:30:00-04:00
17.350000381469727;17.399999618530273;17.31999969482422;17.325000762939453;31255;2021-05-05 14:30:00-04:00
17.325000762939453;17.350000381469727;17.219999313354492;17.25;51709;2021-05-05 15:30:00-04:00
17.360000610351562;17.43000030517578;17.1200008392334;17.170000076293945;18033;2021-05-06 09:30:00-04:00
17.18000030517578;17.239999771118164;17.170000076293945;17.219999313354492;15633;2021-05-06 10:30:00-04:00
17.219999313354492;17.290000915527344;17.190000534057617;17.229999542236328;45541;2021-05-06 11:30:00-04:00
17.219999313354492;17.229999542236328;17.165000915527344;17.200000762939453;18700;2021-05-06 12:30:00-04:00
17.18000030517578;17.204999923706055;17.125;17.1299991607666;32051;2021-05-06 13:30:00-04:00
17.1299991607666;17.225000381469727;17.1200008392334;17.209999084472656;38253;2021-05-06 14:30:00-04:00
17.219999313354492;17.290000915527344;17.209999084472656;17.270000457763672;127499;2021-05-06 15:30:00-04:00
17.09000015258789;17.469999313354492;17.020000457763672;17.364999771118164;50219;2021-05-07 09:30:00-04:00
17.364999771118164;17.478700637817383;17.350000381469727;17.399999618530273;55909;2021-05-07 10:30:00-04:00
17.399999618530273;17.575000762939453;17.385000228881836;17.575000762939453;43830;2021-05-07 11:30:00-04:00
17.575000762939453;17.690000534057617;17.575000762939453;17.6200008392334;37218;2021-05-07 12:30:00-04:00
17.610000610351562;17.649999618530273;17.56999969482422;17.610000610351562;59167;2021-05-07 13:30:00-04:00
17.610000610351562;17.610000610351562;17.549999237060547;17.56999969482422;60043;2021-05-07 14:30:00-04:00
17.559999465942383;17.579999923706055;17.479999542236328;17.56999969482422;128895;2021-05-07 15:30:00-04:00
17.549999237060547;18.190000534057617;17.420000076293945;18.05500030517578;214781;2021-05-10 09:30:00-04:00
18.049999237060547;18.309999465942383;18.030000686645508;18.270000457763672;164632;2021-05-10 10:30:00-04:00
18.280000686645508;18.350000381469727;18.07999992370605;18.07999992370605;254933;2021-05-10 11:30:00-04:00
18.07999992370605;18.190000534057617;17.979999542236328;18.03499984741211;136425;2021-05-10 12:30:00-04:00
18.030000686645508;18.100000381469727;17.964599609375;18.0049991607666;94032;2021-05-10 13:30:00-04:00
18.0049991607666;18.040000915527344;17.709999084472656;17.719999313354492;154644;2021-05-10 14:30:00-04:00
17.719999313354492;17.739999771118164;17.56999969482422;17.610000610351562;191820;2021-05-10 15:30:00-04:00
17.549999237060547;17.589000701904297;17.200000762939453;17.489999771118164;143669;2021-05-11 09:30:00-04:00
17.485000610351562;17.520000457763672;17.350000381469727;17.389999389648438;125370;2021-05-11 10:30:00-04:00
17.389999389648438;17.489999771118164;17.31999969482422;17.3257999420166;90163;2021-05-11 11:30:00-04:00
17.325000762939453;17.520000457763672;17.209999084472656;17.43000030517578;130422;2021-05-11 12:30:00-04:00
17.43000030517578;17.60379981994629;17.389999389648438;17.46500015258789;88839;2021-05-11 13:30:00-04:00
17.450000762939453;17.524999618530273;17.375;17.454999923706055;143785;2021-05-11 14:30:00-04:00
17.459999084472656;17.5;17.3700008392334;17.479999542236328;145101;2021-05-11 15:30:00-04:00
17.440000534057617;17.5;17.270000457763672;17.34000015258789;89605;2021-05-12 09:30:00-04:00
17.329999923706055;17.329999923706055;17.15999984741211;17.200000762939453;89307;2021-05-12 10:30:00-04:00
17.200000762939453;17.309999465942383;17.1299991607666;17.309999465942383;169970;2021-05-12 11:30:00-04:00
17.309999465942383;17.399999618530273;17.25;17.309999465942383;74938;2021-05-12 12:30:00-04:00
17.309999465942383;17.350000381469727;17.190000534057617;17.190000534057617;160142;2021-05-12 13:30:00-04:00
17.190000534057617;17.260000228881836;17.1299991607666;17.25;193138;2021-05-12 14:30:00-04:00
17.2450008392334;17.280000686645508;17.170000076293945;17.25;335378;2021-05-12 15:30:00-04:00
17.260000228881836;17.520000457763672;17.239999771118164;17.520000457763672;119998;2021-05-13 09:30:00-04:00
17.530000686645508;17.53499984741211;17.239999771118164;17.239999771118164;87871;2021-05-13 10:30:00-04:00
17.2549991607666;17.3799991607666;17.200000762939453;17.354999542236328;92768;2021-05-13 11:30:00-04:00
17.350000381469727;17.385000228881836;17.270000457763672;17.31999969482422;63008;2021-05-13 12:30:00-04:00
17.31999969482422;17.40999984741211;17.25;17.40999984741211;63778;2021-05-13 13:30:00-04:00
17.40999984741211;17.459999084472656;17.3799991607666;17.424999237060547;92700;2021-05-13 14:30:00-04:00
17.424999237060547;17.450000762939453;17.3700008392334;17.420000076293945;150156;2021-05-13 15:30:00-04:00
17.5;17.559999465942383;17.329999923706055;17.540000915527344;0;2021-05-14 09:30:00-04:00
17.540000915527344;17.709999084472656;17.530000686645508;17.549999237060547;44298;2021-05-14 10:30:00-04:00
17.559999465942383;17.700000762939453;17.520000457763672;17.690000534057617;66540;2021-05-14 11:30:00-04:00
17.700000762939453;17.709999084472656;17.649999618530273;17.670000076293945;29896;2021-05-14 12:30:00-04:00
17.670000076293945;17.690000534057617;17.665000915527344;17.670000076293945;42388;2021-05-14 13:30:00-04:00
17.68000030517578;17.8799991607666;17.670000076293945;17.780000686645508;146930;2021-05-14 14:30:00-04:00
17.790000915527344;17.850000381469727;17.760000228881836;17.850000381469727;105784;2021-05-14 15:30:00-04:00
17.860000610351562;17.860000610351562;17.549999237060547;17.56999969482422;0;2021-05-17 09:30:00-04:00
17.520000457763672;17.56999969482422;17.40999984741211;17.459999084472656;48028;2021-05-17 10:30:00-04:00
17.469999313354492;17.5;17.40999984741211;17.440000534057617;32188;2021-05-17 11:30:00-04:00
17.43000030517578;17.510000228881836;17.399999618530273;17.440000534057617;33020;2021-05-17 12:30:00-04:00
17.420000076293945;17.459999084472656;17.299999237060547;17.31999969482422;57741;2021-05-17 13:30:00-04:00
17.34000015258789;17.350000381469727;17.200000762939453;17.299999237060547;186452;2021-05-17 14:30:00-04:00
17.309999465942383;17.43000030517578;17.25;17.43000030517578;265509;2021-05-17 15:30:00-04:00
17.43000030517578;17.489999771118164;17.229999542236328;17.31999969482422;49845;2021-05-18 09:30:00-04:00
17.299999237060547;17.344999313354492;17.239999771118164;17.31999969482422;41596;2021-05-18 10:30:00-04:00
17.309999465942383;17.3700008392334;17.260000228881836;17.290000915527344;35805;2021-05-18 11:30:00-04:00
17.299999237060547;17.309999465942383;17.18000030517578;17.260000228881836;283330;2021-05-18 12:30:00-04:00
17.270000457763672;17.40999984741211;17.270000457763672;17.389999389648438;35732;2021-05-18 13:30:00-04:00
17.389999389648438;17.40999984741211;17.299999237060547;17.375;54977;2021-05-18 14:30:00-04:00
17.3799991607666;17.420000076293945;17.309999465942383;17.329999923706055;149985;2021-05-18 15:30:00-04:00
17.15999984741211;17.280000686645508;17.049999237060547;17.25;149590;2021-05-19 09:30:00-04:00
17.229999542236328;17.239999771118164;17.100000381469727;17.229999542236328;45728;2021-05-19 10:30:00-04:00
17.229999542236328;17.239999771118164;17.139999389648438;17.219999313354492;38181;2021-05-19 11:30:00-04:00
17.209999084472656;17.299999237060547;17.209999084472656;17.260000228881836;28073;2021-05-19 12:30:00-04:00
17.260000228881836;17.280000686645508;17.139999389648438;17.25;58581;2021-05-19 13:30:00-04:00
17.25;17.25;17.15999984741211;17.229999542236328;58555;2021-05-19 14:30:00-04:00
17.229999542236328;17.270000457763672;17.190000534057617;17.25;72110;2021-05-19 15:30:00-04:00
17.299999237060547;17.299999237060547;16.940000534057617;16.979999542236328;48391;2021-05-20 09:30:00-04:00
16.979999542236328;17.065000534057617;16.920000076293945;16.979999542236328;58120;2021-05-20 10:30:00-04:00
17.0;17.040000915527344;16.969999313354492;16.989999771118164;38061;2021-05-20 11:30:00-04:00
16.981599807739258;17.030000686645508;16.93000030517578;17.030000686645508;34479;2021-05-20 12:30:00-04:00
17.030000686645508;17.100000381469727;16.979999542236328;17.100000381469727;55560;2021-05-20 13:30:00-04:00
17.100000381469727;17.219999313354492;17.059999465942383;17.219999313354492;51047;2021-05-20 14:30:00-04:00
17.219999313354492;17.260000228881836;17.18000030517578;17.260000228881836;169560;2021-05-20 15:30:00-04:00
17.3700008392334;17.5;17.219999313354492;17.329999923706055;57713;2021-05-21 09:30:00-04:00
17.350000381469727;17.469999313354492;17.329999923706055;17.34000015258789;90090;2021-05-21 10:30:00-04:00
17.329999923706055;17.350000381469727;17.239999771118164;17.309999465942383;71049;2021-05-21 11:30:00-04:00
17.318899154663086;17.354999542236328;17.229999542236328;17.270000457763672;78459;2021-05-21 12:30:00-04:00
17.270000457763672;17.350000381469727;17.260000228881836;17.31999969482422;38951;2021-05-21 13:30:00-04:00
17.309999465942383;17.389999389648438;17.290000915527344;17.360000610351562;68149;2021-05-21 14:30:00-04:00
17.360000610351562;17.440000534057617;17.350000381469727;17.360000610351562;95614;2021-05-21 15:30:00-04:00
17.450000762939453;17.469999313354492;17.260000228881836;17.360000610351562;32405;2021-05-24 09:30:00-04:00
17.360000610351562;17.43000030517578;17.34000015258789;17.40999984741211;35833;2021-05-24 10:30:00-04:00
17.40999984741211;17.434999465942383;17.3700008392334;17.3799991607666;23209;2021-05-24 11:30:00-04:00
17.3799991607666;17.399999618530273;17.350000381469727;17.399999618530273;29872;2021-05-24 12:30:00-04:00
17.395000457763672;17.40999984741211;17.3700008392334;17.3799991607666;33927;2021-05-24 13:30:00-04:00
17.389999389648438;17.479999542236328;17.3799991607666;17.440000534057617;56860;2021-05-24 14:30:00-04:00
17.440000534057617;17.450000762939453;17.3799991607666;17.420000076293945;60057;2021-05-24 15:30:00-04:00
17.420000076293945;17.5;17.329999923706055;17.329999923706055;0;2021-05-25 09:30:00-04:00
17.329999923706055;17.34000015258789;17.229999542236328;17.290000915527344;32829;2021-05-25 10:30:00-04:00
17.299999237060547;17.389999389648438;17.280000686645508;17.375;24633;2021-05-25 11:30:00-04:00
17.375;17.3799991607666;17.329999923706055;17.360000610351562;20141;2021-05-25 12:30:00-04:00
17.354999542236328;17.354999542236328;17.25;17.255800247192383;29743;2021-05-25 13:30:00-04:00
17.260000228881836;17.290000915527344;17.170000076293945;17.18000030517578;54610;2021-05-25 14:30:00-04:00
17.18000030517578;17.18000030517578;17.049999237060547;17.100000381469727;102219;2021-05-25 15:30:00-04:00
17.420000076293945;17.468299865722656;17.225000381469727;17.399999618530273;184313;2021-05-26 09:30:00-04:00
17.395000457763672;17.399999618530273;17.149999618530273;17.235000610351562;74187;2021-05-26 10:30:00-04:00
17.219999313354492;17.450000762939453;17.219999313354492;17.438100814819336;43453;2021-05-26 11:30:00-04:00
17.43000030517578;17.459999084472656;17.3799991607666;17.399999618530273;102825;2021-05-26 12:30:00-04:00
17.399999618530273;17.43000030517578;17.350000381469727;17.399999618530273;80360;2021-05-26 13:30:00-04:00
17.395000457763672;17.469999313354492;17.385000228881836;17.46500015258789;73901;2021-05-26 14:30:00-04:00
17.46500015258789;17.520000457763672;17.420000076293945;17.459999084472656;131995;2021-05-26 15:30:00-04:00
17.690000534057617;17.799999237060547;17.639999389648438;17.790000915527344;71481;2021-05-27 09:30:00-04:00
17.774999618530273;17.915000915527344;17.770000457763672;17.8799991607666;57465;2021-05-27 10:30:00-04:00
17.850000381469727;17.959999084472656;17.84000015258789;17.95949935913086;57586;2021-05-27 11:30:00-04:00
17.959999084472656;17.985000610351562;17.920000076293945;17.934999465942383;36806;2021-05-27 12:30:00-04:00
17.940000534057617;18.03499984741211;17.920000076293945;18.03499984741211;51252;2021-05-27 13:30:00-04:00
18.040000915527344;18.1299991607666;18.040000915527344;18.1200008392334;65614;2021-05-27 14:30:00-04:00
18.1200008392334;18.1299991607666;18.06999969482422;18.1299991607666;138004;2021-05-27 15:30:00-04:00
18.1200008392334;18.25;17.8700008392334;17.889999389648438;33826;2021-05-28 09:30:00-04:00
17.884000778198242;17.979999542236328;17.8799991607666;17.969999313354492;32876;2021-05-28 10:30:00-04:00
17.969999313354492;18.030000686645508;17.950000762939453;17.979000091552734;29697;2021-05-28 11:30:00-04:00
17.979999542236328;18.049999237060547;17.940000534057617;18.049999237060547;27227;2021-05-28 12:30:00-04:00
18.049999237060547;18.075000762939453;18.02949905395508;18.075000762939453;34522;2021-05-28 13:30:00-04:00
18.06999969482422;18.145000457763672;18.06999969482422;18.145000457763672;71131;2021-05-28 14:30:00-04:00
18.13999938964844;18.190000534057617;18.1299991607666;18.149999618530277;98067;2021-05-28 15:30:00-04:00
18.200000762939453;18.450000762939453;18.15999984741211;18.299999237060547;97465;2021-06-01 09:30:00-04:00
18.315000534057617;18.43000030517578;18.270000457763672;18.399999618530277;57716;2021-06-01 10:30:00-04:00
18.399999618530277;18.46999931335449;18.38999938964844;18.450000762939453;30265;2021-06-01 11:30:00-04:00
18.450000762939453;18.459999084472656;18.290000915527344;18.299999237060547;36333;2021-06-01 12:30:00-04:00
18.309999465942383;18.350000381469727;18.25;18.350000381469727;53602;2021-06-01 13:30:00-04:00
18.34000015258789;18.38999938964844;18.31999969482422;18.375;51438;2021-06-01 14:30:00-04:00
18.372499465942383;18.399999618530277;18.31999969482422;18.32999992370605;127222;2021-06-01 15:30:00-04:00
18.43000030517578;18.43000030517578;18.114999771118164;18.16080093383789;57259;2021-06-02 09:30:00-04:00
18.170000076293945;18.190000534057617;18.09000015258789;18.11000061035156;39202;2021-06-02 10:30:00-04:00
18.11000061035156;18.149999618530277;18.059999465942383;18.09000015258789;48196;2021-06-02 11:30:00-04:00
18.07999992370605;18.170000076293945;18.065000534057617;18.15999984741211;33277;2021-06-02 12:30:00-04:00
18.155000686645508;18.25;18.149999618530277;18.209999084472656;36855;2021-06-02 13:30:00-04:00
18.21999931335449;18.21999931335449;18.170000076293945;18.19499969482422;36950;2021-06-02 14:30:00-04:00
18.190000534057617;18.209999084472656;18.1299991607666;18.18000030517578;77558;2021-06-02 15:30:00-04:00
18.11000061035156;18.11000061035156;17.920000076293945;18.049999237060547;41948;2021-06-03 09:30:00-04:00
18.059999465942383;18.350000381469727;18.059999465942383;18.299999237060547;59452;2021-06-03 10:30:00-04:00
18.29829978942871;18.459999084472656;18.295000076293945;18.3799991607666;71946;2021-06-03 11:30:00-04:00
18.38500022888184;18.450000762939453;18.3700008392334;18.43000030517578;52874;2021-06-03 12:30:00-04:00
18.420000076293945;18.5;18.405000686645508;18.43000030517578;55552;2021-06-03 13:30:00-04:00
18.43000030517578;18.43000030517578;18.31999969482422;18.3700008392334;54805;2021-06-03 14:30:00-04:00
18.3700008392334;18.420000076293945;18.31999969482422;18.34000015258789;89192;2021-06-03 15:30:00-04:00
18.51000022888184;18.6299991607666;18.405000686645508;18.59000015258789;57002;2021-06-04 09:30:00-04:00
18.59000015258789;18.780000686645508;18.59000015258789;18.69499969482422;56324;2021-06-04 10:30:00-04:00
18.69499969482422;18.76000022888184;18.61000061035156;18.65999984741211;51373;2021-06-04 11:30:00-04:00
18.65999984741211;18.940000534057617;18.649999618530277;18.899999618530277;77167;2021-06-04 12:30:00-04:00
18.899999618530277;18.899999618530277;18.729999542236328;18.739999771118164;90971;2021-06-04 13:30:00-04:00
18.739999771118164;18.780000686645508;18.709999084472656;18.71999931335449;65036;2021-06-04 14:30:00-04:00
18.71999931335449;18.809999465942383;18.709999084472656;18.799999237060547;94552;2021-06-04 15:30:00-04:00
18.920000076293945;18.920000076293945;18.770000457763672;18.78499984741211;35123;2021-06-07 09:30:00-04:00
18.780000686645508;18.780000686645508;18.670000076293945;18.670000076293945;32751;2021-06-07 10:30:00-04:00
18.68000030517578;18.729999542236328;18.600000381469727;18.604999542236328;30102;2021-06-07 11:30:00-04:00
18.600000381469727;18.600000381469727;18.48500061035156;18.540000915527344;39392;2021-06-07 12:30:00-04:00
18.530000686645508;18.57999992370605;18.51499938964844;18.520000457763672;27942;2021-06-07 13:30:00-04:00
18.530000686645508;18.530000686645508;18.420000076293945;18.43000030517578;38807;2021-06-07 14:30:00-04:00
18.43000030517578;18.489999771118164;18.350000381469727;18.399999618530277;125967;2021-06-07 15:30:00-04:00
18.32999992370605;18.32999992370605;18.020000457763672;18.21999931335449;24556;2021-06-08 09:30:00-04:00
18.239999771118164;18.334999084472656;18.200000762939453;18.270000457763672;54613;2021-06-08 10:30:00-04:00
18.31999969482422;18.32999992370605;18.26000022888184;18.325000762939453;78579;2021-06-08 11:30:00-04:00
18.34000015258789;18.34000015258789;18.28499984741211;18.29990005493164;35075;2021-06-08 12:30:00-04:00
18.299999237060547;18.334999084472656;18.295000076293945;18.295000076293945;40339;2021-06-08 13:30:00-04:00
18.299999237060547;18.309999465942383;18.25;18.28499984741211;68930;2021-06-08 14:30:00-04:00
18.290000915527344;18.309999465942383;18.25;18.26000022888184;99064;2021-06-08 15:30:00-04:00
18.170000076293945;18.170000076293945;17.959999084472656;18.049999237060547;15533;2021-06-09 09:30:00-04:00
18.040000915527344;18.149999618530277;18.040000915527344;18.09000015258789;25735;2021-06-09 10:30:00-04:00
18.09499931335449;18.13999938964844;18.06999969482422;18.084999084472656;19968;2021-06-09 11:30:00-04:00
18.08009910583496;18.1299991607666;18.07999992370605;18.1200008392334;18515;2021-06-09 12:30:00-04:00
18.11000061035156;18.15999984741211;18.07999992370605;18.11000061035156;38708;2021-06-09 13:30:00-04:00
18.1200008392334;18.200000762939453;18.09000015258789;18.125;39672;2021-06-09 14:30:00-04:00
18.1200008392334;18.170000076293945;18.100000381469727;18.149999618530277;73149;2021-06-09 15:30:00-04:00
18.270000457763672;18.290000915527344;18.049999237060547;18.06999969482422;67112;2021-06-10 09:30:00-04:00
18.06999969482422;18.06999969482422;17.969999313354492;18.040000915527344;48539;2021-06-10 10:30:00-04:00
18.045000076293945;18.11000061035156;18.030000686645508;18.09499931335449;37772;2021-06-10 11:30:00-04:00
18.100000381469727;18.15999984741211;18.100000381469727;18.13999938964844;37326;2021-06-10 12:30:00-04:00
18.1299991607666;18.200000762939453;18.1200008392334;18.155000686645508;61987;2021-06-10 13:30:00-04:00
18.149999618530277;18.184999465942383;18.12820053100586;18.145000457763672;60159;2021-06-10 14:30:00-04:00
18.145000457763672;18.15999984741211;18.1299991607666;18.149999618530277;169624;2021-06-10 15:30:00-04:00
18.229999542236328;18.32999992370605;18.100000381469727;18.21999931335449;23807;2021-06-11 09:30:00-04:00
18.209999084472656;18.23500061035156;18.1299991607666;18.145000457763672;46983;2021-06-11 10:30:00-04:00
18.13500022888184;18.25;18.13500022888184;18.209999084472656;46500;2021-06-11 11:30:00-04:00
18.21999931335449;18.34000015258789;18.170000076293945;18.32999992370605;68156;2021-06-11 12:30:00-04:00
18.32999992370605;18.440000534057617;18.32999992370605;18.424999237060547;54991;2021-06-11 13:30:00-04:00
18.43000030517578;18.475000381469727;18.40999984741211;18.459999084472656;80856;2021-06-11 14:30:00-04:00
18.450000762939453;18.46999931335449;18.38999938964844;18.43000030517578;84980;2021-06-11 15:30:00-04:00
18.440000534057617;18.530000686645508;18.11000061035156;18.13500022888184;0;2021-06-14 09:30:00-04:00
18.149999618530277;18.18919944763184;18.100000381469727;18.1299991607666;32857;2021-06-14 10:30:00-04:00
18.1299991607666;18.1299991607666;18.059999465942383;18.100000381469727;35182;2021-06-14 11:30:00-04:00
18.09000015258789;18.100000381469727;18.030000686645508;18.059999465942383;40505;2021-06-14 12:30:00-04:00
18.059999465942383;18.06999969482422;18.010000228881836;18.040000915527344;55270;2021-06-14 13:30:00-04:00
18.030000686645508;18.03499984741211;17.915000915527344;17.940000534057617;49929;2021-06-14 14:30:00-04:00
17.940000534057617;18.030000686645508;17.940000534057617;18.0;100711;2021-06-14 15:30:00-04:00
18.030000686645508;18.1299991607666;17.950000762939453;17.959999084472656;41159;2021-06-15 09:30:00-04:00
17.940000534057617;18.1200008392334;17.899999618530273;18.07999992370605;46788;2021-06-15 10:30:00-04:00
18.06999969482422;18.15999984741211;18.010000228881836;18.1299991607666;13471;2021-06-15 11:30:00-04:00
18.145000457763672;18.200000762939453;18.1299991607666;18.13999938964844;27370;2021-06-15 12:30:00-04:00
18.1200008392334;18.15999984741211;18.100000381469727;18.13999938964844;31132;2021-06-15 13:30:00-04:00
18.1299991607666;18.170000076293945;18.09000015258789;18.11000061035156;19100;2021-06-15 14:30:00-04:00
18.100000381469727;18.125;18.06999969482422;18.06999969482422;38489;2021-06-15 15:30:00-04:00
18.059999465942383;18.059999465942383;17.799999237060547;17.850000381469727;28405;2021-06-16 09:30:00-04:00
17.850000381469727;18.065000534057617;17.850000381469727;18.049999237060547;25551;2021-06-16 10:30:00-04:00
18.059999465942383;18.13999938964844;18.049999237060547;18.059999465942383;28107;2021-06-16 11:30:00-04:00
18.059999465942383;18.06999969482422;17.924999237060547;17.924999237060547;30815;2021-06-16 12:30:00-04:00
17.93000030517578;17.950000762939453;17.81999969482422;17.920000076293945;30695;2021-06-16 13:30:00-04:00
17.920000076293945;17.969999313354492;17.860000610351562;17.950000762939453;40163;2021-06-16 14:30:00-04:00
17.93000030517578;17.979999542236328;17.889999389648438;17.93000030517578;44288;2021-06-16 15:30:00-04:00
17.969999313354492;17.969999313354492;17.459999084472656;17.459999084472656;0;2021-06-17 09:30:00-04:00
17.459999084472656;17.489999771118164;17.149999618530273;17.170000076293945;59654;2021-06-17 10:30:00-04:00
17.170000076293945;17.174999237060547;16.850000381469727;16.8700008392334;102338;2021-06-17 11:30:00-04:00
16.850000381469727;17.020000457763672;16.850000381469727;16.959999084472656;51408;2021-06-17 12:30:00-04:00
16.950000762939453;17.06999969482422;16.920000076293945;17.020000457763672;99206;2021-06-17 13:30:00-04:00
17.010000228881836;17.100000381469727;16.959999084472656;17.09000015258789;56044;2021-06-17 14:30:00-04:00
17.100000381469727;17.270000457763672;17.09000015258789;17.25;192718;2021-06-17 15:30:00-04:00
17.010000228881836;17.174999237060547;16.899999618530273;17.059999465942383;64454;2021-06-18 09:30:00-04:00
17.049999237060547;17.18000030517578;17.049999237060547;17.110000610351562;40200;2021-06-18 10:30:00-04:00
17.1200008392334;17.209999084472656;17.1200008392334;17.170000076293945;32685;2021-06-18 11:30:00-04:00
17.18000030517578;17.18000030517578;17.0049991607666;17.010000228881836;33593;2021-06-18 12:30:00-04:00
17.020000457763672;17.06999969482422;17.010000228881836;17.018299102783203;24317;2021-06-18 13:30:00-04:00
17.010000228881836;17.06999969482422;16.940000534057617;17.049999237060547;46931;2021-06-18 14:30:00-04:00
17.049999237060547;17.114999771118164;16.989999771118164;17.084999084472656;159498;2021-06-18 15:30:00-04:00
17.290000915527344;17.56999969482422;17.290000915527344;17.485000610351562;45878;2021-06-21 09:30:00-04:00
17.479999542236328;17.530000686645508;17.40999984741211;17.479999542236328;47047;2021-06-21 10:30:00-04:00
17.479999542236328;17.6299991607666;17.479999542236328;17.53499984741211;33039;2021-06-21 11:30:00-04:00
17.530500411987305;17.559999465942383;17.510000228881836;17.540000915527344;31086;2021-06-21 12:30:00-04:00
17.540000915527344;17.579999923706055;17.490400314331055;17.5;38535;2021-06-21 13:30:00-04:00
17.5;17.506999969482422;17.3799991607666;17.40999984741211;49725;2021-06-21 14:30:00-04:00
17.405000686645508;17.440000534057617;17.3799991607666;17.40999984741211;47362;2021-06-21 15:30:00-04:00
17.329999923706055;17.354999542236328;17.040000915527344;17.15999984741211;32282;2021-06-22 09:30:00-04:00
17.15999984741211;17.3700008392334;17.145000457763672;17.350000381469727;37323;2021-06-22 10:30:00-04:00
17.350000381469727;17.420000076293945;17.280000686645508;17.399999618530273;34282;2021-06-22 11:30:00-04:00
17.395000457763672;17.485000610351562;17.3700008392334;17.456300735473633;31048;2021-06-22 12:30:00-04:00
17.459999084472656;17.479999542236328;17.440000534057617;17.459999084472656;59272;2021-06-22 13:30:00-04:00
17.466800689697266;17.59000015258789;17.424999237060547;17.59000015258789;68821;2021-06-22 14:30:00-04:00
17.59000015258789;17.600000381469727;17.520000457763672;17.56999969482422;74667;2021-06-22 15:30:00-04:00
17.639999389648438;17.729999542236328;17.510000228881836;17.729999542236328;0;2021-06-23 09:30:00-04:00
17.729999542236328;17.760000228881836;17.670000076293945;17.760000228881836;25153;2021-06-23 10:30:00-04:00
17.760000228881836;17.799999237060547;17.719999313354492;17.780000686645508;23087;2021-06-23 11:30:00-04:00
17.774999618530273;17.799999237060547;17.7450008392334;17.799999237060547;17592;2021-06-23 12:30:00-04:00
17.80500030517578;17.829999923706055;17.760000228881836;17.770000457763672;22347;2021-06-23 13:30:00-04:00
17.770000457763672;17.799999237060547;17.714799880981445;17.729999542236328;32780;2021-06-23 14:30:00-04:00
17.729999542236328;17.729999542236328;17.600000381469727;17.600000381469727;48343;2021-06-23 15:30:00-04:00
17.729999542236328;17.774999618530273;17.520000457763672;17.649999618530273;29276;2021-06-24 09:30:00-04:00
17.65999984741211;17.75;17.614999771118164;17.729999542236328;45582;2021-06-24 10:30:00-04:00
17.731000900268555;17.75;17.649999618530273;17.709999084472656;34131;2021-06-24 11:30:00-04:00
17.709999084472656;17.8700008392334;17.69499969482422;17.829999923706055;22660;2021-06-24 12:30:00-04:00
17.829999923706055;17.90999984741211;17.829999923706055;17.905000686645508;21198;2021-06-24 13:30:00-04:00
17.90999984741211;17.969999313354492;17.889999389648438;17.940000534057617;29401;2021-06-24 14:30:00-04:00
17.940000534057617;18.020000457763672;17.920000076293945;17.940000534057617;54762;2021-06-24 15:30:00-04:00
18.040000915527344;18.100000381469727;17.93000030517578;18.06999969482422;20712;2021-06-25 09:30:00-04:00
18.040000915527344;18.040000915527344;17.940000534057617;18.030000686645508;19627;2021-06-25 10:30:00-04:00
18.020000457763672;18.020000457763672;17.90999984741211;17.90999984741211;18521;2021-06-25 11:30:00-04:00
17.90999984741211;17.920000076293945;17.84000015258789;17.860000610351562;16869;2021-06-25 12:30:00-04:00
17.8700008392334;17.87019920349121;17.790000915527344;17.844999313354492;29101;2021-06-25 13:30:00-04:00
17.844999313354492;18.020000457763672;17.844999313354492;18.0;137763;2021-06-25 14:30:00-04:00
17.9950008392334;18.020000457763672;17.899999618530273;18.010000228881836;228461;2021-06-25 15:30:00-04:00
17.899999618530273;17.94499969482422;17.56999969482422;17.770000457763672;46151;2021-06-28 09:30:00-04:00
17.760000228881836;17.84000015258789;17.670000076293945;17.739999771118164;40066;2021-06-28 10:30:00-04:00
17.7450008392334;17.829999923706055;17.729999542236328;17.760000228881836;23629;2021-06-28 11:30:00-04:00
17.760000228881836;17.8799991607666;17.729999542236328;17.770000457763672;72298;2021-06-28 12:30:00-04:00
17.780000686645508;17.950000762939453;17.780000686645508;17.93000030517578;20877;2021-06-28 13:30:00-04:00
17.93000030517578;17.940000534057617;17.850000381469727;17.899999618530273;40348;2021-06-28 14:30:00-04:00
17.899999618530273;17.950000762939453;17.84000015258789;17.950000762939453;82866;2021-06-28 15:30:00-04:00
18.020000457763672;18.059999465942383;17.920000076293945;17.950000762939453;0;2021-06-29 09:30:00-04:00
17.959999084472656;18.020000457763672;17.8799991607666;17.989999771118164;22009;2021-06-29 10:30:00-04:00
18.0049991607666;18.13999938964844;17.989999771118164;18.11000061035156;51715;2021-06-29 11:30:00-04:00
18.114999771118164;18.209999084472656;18.100000381469727;18.190000534057617;69727;2021-06-29 12:30:00-04:00
18.190000534057617;18.20499992370605;18.059999465942383;18.059999465942383;46223;2021-06-29 13:30:00-04:00
18.059999465942383;18.100000381469727;18.020000457763672;18.075000762939453;64447;2021-06-29 14:30:00-04:00
18.06999969482422;18.06999969482422;18.024999618530277;18.049999237060547;73027;2021-06-29 15:30:00-04:00
17.959999084472656;18.11000061035156;17.90999984741211;18.084999084472656;36582;2021-06-30 09:30:00-04:00
18.084999084472656;18.114999771118164;17.940000534057617;18.0;50128;2021-06-30 10:30:00-04:00
18.0;18.040000915527344;17.969999313354492;18.0;89741;2021-06-30 11:30:00-04:00
18.020000457763672;18.049999237060547;17.969999313354492;17.989999771118164;50737;2021-06-30 12:30:00-04:00
18.0;18.03499984741211;17.950000762939453;18.020000457763672;38507;2021-06-30 13:30:00-04:00
18.020000457763672;18.065000534057617;17.989999771118164;18.049999237060547;109423;2021-06-30 14:30:00-04:00
18.045000076293945;18.08970069885254;18.020000457763672;18.049999237060547;59170;2021-06-30 15:30:00-04:00
18.15999984741211;18.15999984741211;18.0;18.030000686645508;64953;2021-07-01 09:30:00-04:00
18.030000686645508;18.084999084472656;18.0;18.040000915527344;63134;2021-07-01 10:30:00-04:00
18.059999465942383;18.07999992370605;18.010000228881836;18.059999465942383;39760;2021-07-01 11:30:00-04:00
18.049999237060547;18.07999992370605;18.0;18.06999969482422;223561;2021-07-01 12:30:00-04:00
18.07999992370605;18.07999992370605;17.979999542236328;17.989999771118164;38693;2021-07-01 13:30:00-04:00
18.0;18.05500030517578;18.0;18.024999618530277;62751;2021-07-01 14:30:00-04:00
18.020999908447266;18.049999237060547;18.0;18.040000915527344;99685;2021-07-01 15:30:00-04:00
17.760000228881836;17.780000686645508;17.739999771118164;17.774999618530273;376653;2021-07-07 14:30:00-04:00
17.489999771118164;17.600000381469727;17.31999969482422;17.3700008392334;110591;2021-07-08 09:30:00-04:00
17.399999618530273;17.66670036315918;17.350000381469727;17.649999618530273;123838;2021-07-08 10:30:00-04:00
17.65999984741211;17.84000015258789;17.65999984741211;17.81999969482422;65759;2021-07-08 11:30:00-04:00
17.809999465942383;17.84000015258789;17.729999542236328;17.770000457763672;42811;2021-07-08 12:30:00-04:00
17.760000228881836;17.760000228881836;17.639999389648438;17.670000076293945;87554;2021-07-08 13:30:00-04:00
17.670000076293945;17.690000534057617;17.6299991607666;17.649999618530273;74358;2021-07-08 14:30:00-04:00
17.670000076293945;17.719999313354492;17.600000381469727;17.649999618530273;115749;2021-07-08 15:30:00-04:00
17.989999771118164;18.1299991607666;17.850000381469727;18.040000915527344;0;2021-07-09 09:30:00-04:00
18.040000915527344;18.07999992370605;17.93000030517578;17.989999771118164;32965;2021-07-09 10:30:00-04:00
18.0;18.0049991607666;17.899999618530273;17.90999984741211;26075;2021-07-09 11:30:00-04:00
17.917999267578125;17.969999313354492;17.900999069213867;17.954999923706055;15818;2021-07-09 12:30:00-04:00
17.954999923706055;18.01499938964844;17.950000762939453;18.0;27040;2021-07-09 13:30:00-04:00
17.989999771118164;18.030000686645508;17.959999084472656;18.020000457763672;70458;2021-07-09 14:30:00-04:00
18.024999618530277;18.030000686645508;17.969999313354492;18.010000228881836;110048;2021-07-09 15:30:00-04:00
17.829999923706055;18.239999771118164;17.795000076293945;18.209999084472656;0;2021-07-12 09:30:00-04:00
18.200000762939453;18.24799919128418;18.09000015258789;18.20499992370605;126991;2021-07-12 10:30:00-04:00
18.200000762939453;18.280000686645508;18.18000030517578;18.229999542236328;29843;2021-07-12 11:30:00-04:00
18.21999931335449;18.225000381469727;18.13999938964844;18.13999938964844;42971;2021-07-12 12:30:00-04:00
18.149999618530277;18.170000076293945;18.08989906311035;18.165000915527344;68344;2021-07-12 13:30:00-04:00
18.172800064086918;18.280000686645508;18.172800064086918;18.280000686645508;31155;2021-07-12 14:30:00-04:00
18.28499984741211;18.295000076293945;18.21500015258789;18.21999931335449;73853;2021-07-12 15:30:00-04:00
18.15999984741211;18.26000022888184;18.13999938964844;18.170000076293945;0;2021-07-13 09:30:00-04:00
18.18000030517578;18.200000762939453;17.989999771118164;18.059999465942383;100269;2021-07-13 10:30:00-04:00
18.049999237060547;18.13999938964844;18.010000228881836;18.059999465942383;25096;2021-07-13 11:30:00-04:00
18.084999084472656;18.100000381469727;18.059999465942383;18.065000534057617;8741;2021-07-13 12:30:00-04:00
18.06999969482422;18.229999542236328;18.049999237060547;18.209999084472656;72003;2021-07-13 13:30:00-04:00
18.190000534057617;18.229999542236328;18.100000381469727;18.11000061035156;47332;2021-07-13 14:30:00-04:00
18.11000061035156;18.18000030517578;18.07999992370605;18.09000015258789;68998;2021-07-13 15:30:00-04:00
18.1200008392334;18.36000061035156;18.040000915527344;18.07999992370605;28156;2021-07-14 09:30:00-04:00
18.059999465942383;18.06999969482422;17.90999984741211;17.969999313354492;36705;2021-07-14 10:30:00-04:00
17.969999313354492;18.0;17.920000076293945;17.989999771118164;18246;2021-07-14 11:30:00-04:00
17.979999542236328;18.06999969482422;17.979999542236328;18.040000915527344;18722;2021-07-14 12:30:00-04:00
18.020000457763672;18.059999465942383;18.010000228881836;18.020000457763672;20796;2021-07-14 13:30:00-04:00
18.020000457763672;18.020000457763672;17.969999313354492;17.985000610351562;28982;2021-07-14 14:30:00-04:00
17.979999542236328;18.0;17.93000030517578;17.950000762939453;72762;2021-07-14 15:30:00-04:00
17.850000381469727;17.989999771118164;17.770000457763672;17.959999084472656;23804;2021-07-15 09:30:00-04:00
17.959999084472656;18.020000457763672;17.889999389648438;17.940000534057617;47389;2021-07-15 10:30:00-04:00
17.940000534057617;17.9950008392334;17.899999618530273;17.920000076293945;35714;2021-07-15 11:30:00-04:00
17.90999984741211;17.969999313354492;17.84000015258789;17.88010025024414;70852;2021-07-15 12:30:00-04:00
17.8799991607666;17.8799991607666;17.729999542236328;17.790000915527344;108159;2021-07-15 13:30:00-04:00
17.795000076293945;17.844999313354492;17.770000457763672;17.84000015258789;23191;2021-07-15 14:30:00-04:00
17.84000015258789;17.854999542236328;17.809999465942383;17.81999969482422;63762;2021-07-15 15:30:00-04:00
17.889999389648438;18.0;17.700000762939453;17.700000762939453;0;2021-07-16 09:30:00-04:00
17.729999542236328;17.799999237060547;17.65999984741211;17.709999084472656;89834;2021-07-16 10:30:00-04:00
17.700000762939453;17.790000915527344;17.700000762939453;17.7450008392334;18483;2021-07-16 11:30:00-04:00
17.729999542236328;17.760000228881836;17.690000534057617;17.690000534057617;18838;2021-07-16 12:30:00-04:00
17.65999984741211;17.670000076293945;17.610000610351562;17.6200008392334;28037;2021-07-16 13:30:00-04:00
17.639999389648438;17.65999984741211;17.600000381469727;17.600000381469727;40292;2021-07-16 14:30:00-04:00
17.594999313354492;17.610000610351562;17.520000457763672;17.520000457763672;72017;2021-07-16 15:30:00-04:00
17.170000076293945;17.190000534057617;16.739999771118164;16.860000610351562;0;2021-07-19 09:30:00-04:00
16.850000381469727;17.020000457763672;16.809999465942383;16.934999465942383;30496;2021-07-19 10:30:00-04:00
16.950000762939453;17.0;16.850000381469727;16.850000381469727;44104;2021-07-19 11:30:00-04:00
16.850000381469727;16.969999313354492;16.84000015258789;16.889999389648438;45197;2021-07-19 12:30:00-04:00
16.8799991607666;16.920000076293945;16.739999771118164;16.760000228881836;95105;2021-07-19 13:30:00-04:00
16.75;16.829999923706055;16.690000534057617;16.799999237060547;105537;2021-07-19 14:30:00-04:00
16.809999465942383;16.915000915527344;16.78499984741211;16.8799991607666;163844;2021-07-19 15:30:00-04:00
17.020000457763672;17.6299991607666;17.020000457763672;17.610000610351562;41864;2021-07-20 09:30:00-04:00
17.600000381469727;17.780000686645508;17.540000915527344;17.68000030517578;43892;2021-07-20 10:30:00-04:00
17.700000762939453;17.809999465942383;17.649999618530273;17.780000686645508;24779;2021-07-20 11:30:00-04:00
17.790000915527344;17.8799991607666;17.760000228881836;17.780000686645508;35037;2021-07-20 12:30:00-04:00
17.770000457763672;17.84000015258789;17.770000457763672;17.774999618530273;31174;2021-07-20 13:30:00-04:00
17.780000686645508;17.809999465942383;17.719999313354492;17.80500030517578;54205;2021-07-20 14:30:00-04:00
17.809999465942383;17.809999465942383;17.6299991607666;17.639999389648438;117054;2021-07-20 15:30:00-04:00
17.94499969482422;17.94499969482422;17.94499969482422;17.94499969482422;0;2021-07-21 15:53:28-04:00
