Date;Open;High;Low;Close;Volume
2012-05-15;2.729343891143799;2.729343891143799;2.729343891143799;2.729343891143799;0
2012-05-18;2.6515649681777598;2.6657066345214844;2.6515649681777598;2.6657066345214844;800
2012-05-21;2.6657066345214844;2.6657066345214844;2.6657066345214844;2.6657066345214844;0
2012-05-23;2.4677231311798096;2.4677231311798096;2.4677231311798096;2.4677231311798096;500
2012-05-24;2.397014856338501;2.4394398562710853;2.276810521280882;2.397014856338501;35600
2012-05-25;2.397014856338501;2.397014856338501;2.397014856338501;2.397014856338501;0
2012-05-31;2.4747939109802246;2.4747939109802246;2.4747939109802246;2.4747939109802246;500
2012-06-01;2.4818646298444493;2.6091397866159967;2.4747937971672496;2.5949981212615967;6700
2012-06-04;2.36873133361983;2.5667150020599365;2.36873133361983;2.5667150020599365;5900
2012-06-05;2.411156415939331;2.411156415939331;2.411156415939331;2.411156415939331;100
2012-06-06;2.411156415939331;2.411156415939331;2.411156415939331;2.411156415939331;0
2012-06-11;2.5596439838409424;2.5596439838409424;2.5596439838409424;2.5596439838409424;42100
2012-06-12;2.5596439838409424;2.5596439838409424;2.5596439838409424;2.5596439838409424;0
2012-06-14;2.6798484617116394;2.6798484617116394;2.510148286819458;2.510148286819458;1900
2012-06-15;2.5525732379475508;2.6515650749206543;2.5525732379475508;2.6515650749206543;700
2012-06-18;2.6515650749206543;2.6515650749206543;2.6515650749206543;2.6515650749206543;0
2012-06-19;2.6444941679184364;2.6444941679184364;2.5667150020599365;2.5667150020599365;200
2012-06-20;2.5949981212615967;2.5949981212615967;2.5949981212615967;2.5949981212615967;1500
2012-06-21;2.6020690005862965;2.616210666194215;2.3475186824798584;2.3475186824798584;1400
2012-06-22;2.3475186824798584;2.3475186824798584;2.3475186824798584;2.3475186824798584;0
2012-06-26;2.538431566955314;2.538431566955314;2.517219066619873;2.517219066619873;1500
2012-06-27;2.580856791364017;2.580856791364017;2.510148286819458;2.510148286819458;10600
2012-06-28;2.510148286819458;2.510148286819458;2.510148286819458;2.510148286819458;0
2012-07-05;2.729343891143799;2.729343891143799;2.729343891143799;2.729343891143799;62700
2012-07-16;2.8283357069767603;2.8283357069767603;2.7717690467834473;2.7717690467834473;140400
2012-07-17;2.7717690467834473;2.7717690467834473;2.7717690467834473;2.7717690467834473;0
2012-07-23;2.7646985054016113;2.7646985054016113;2.7646985054016113;2.7646985054016113;300
2012-07-24;2.7646985054016113;2.7646985054016113;2.7646985054016113;2.7646985054016113;0
2012-07-30;3.203090749960924;3.203090749960924;2.9131860733032227;2.9131860733032227;2000
2012-07-31;2.9131860733032227;2.9131860733032227;2.9131860733032227;2.9131860733032227;0
2012-08-03;3.054602976587461;3.061673641204834;3.054602976587461;3.061673641204834;1300
2012-08-06;3.061673641204834;3.061673641204834;3.061673641204834;3.061673641204834;0
2012-08-08;3.1111695766448975;3.1111695766448975;3.1111695766448975;3.1111695766448975;8000
2012-08-09;3.1111695766448975;3.1111695766448975;3.1111695766448975;3.1111695766448975;0
2012-08-22;3.061673641204834;3.061673641204834;3.061673641204834;3.061673641204834;100000
2012-09-10;3.1323816776275635;3.1323816776275635;3.1323816776275635;3.1323816776275635;11000
2012-09-11;3.1323816776275635;3.1323816776275635;3.1323816776275635;3.1323816776275635;0
2012-09-21;3.259657144546509;3.259657144546509;3.259657144546509;3.259657144546509;2000
2012-09-24;3.259657144546509;3.259657144546509;3.259657144546509;3.259657144546509;0
2012-09-28;3.2879409790039062;3.2879409790039062;3.2879409790039062;3.2879409790039062;5000
2012-10-01;3.2384448051452637;3.2384448051452637;3.2384448051452637;3.2384448051452637;1000
2012-10-02;3.2384448051452637;3.2384448051452637;3.2384448051452637;3.2384448051452637;0
2012-10-03;3.259657144546509;3.259657144546509;3.259657144546509;3.259657144546509;12900
2012-10-10;3.3515777319491957;3.3515777319491957;3.3232944011688232;3.3232944011688232;12300
2012-10-11;3.3091530799865723;3.3091530799865723;3.3091530799865723;3.3091530799865723;1000
2012-10-12;3.3940038681030273;3.3940038681030273;3.3940038681030273;3.3940038681030273;10000
2012-10-15;3.3940038681030273;3.3940038681030273;3.3940038681030273;3.3940038681030273;0
2012-11-07;2.941469192504883;2.941469192504883;2.941469192504883;2.941469192504883;300
2012-11-08;3.0051072847692986;3.2879409790039062;3.0051072847692986;3.2879409790039062;3100
2012-11-09;3.2525864883777267;3.2525864883777267;3.245515823364258;3.245515823364258;2100
2012-11-12;3.2879412885047654;3.358649634428354;3.2172329425811768;3.2172329425811768;1400
2012-11-13;3.2879409790039062;3.2879409790039062;3.1818783015204337;3.2879409790039062;20100
2012-11-14;3.245515224200801;3.2525858879089355;3.203090230460357;3.2525858879089355;12600
2012-11-15;3.2525858879089355;3.2525858879089355;3.2525858879089355;3.2525858879089355;2200
2012-11-16;3.1818779071487535;3.1818779071487535;3.0404612461410414;3.1111695766448975;1000
2012-11-26;3.1111695766448975;3.1111695766448975;3.1111695766448975;3.1111695766448975;1800
2012-11-27;3.181878089904785;3.181878089904785;3.181878089904785;3.181878089904785;200
2012-11-28;3.181878089904785;3.181878089904785;3.181878089904785;3.181878089904785;0
2012-11-29;3.2525858879089355;3.2525858879089355;3.2525858879089355;3.2525858879089355;200
2012-11-30;3.1889490919432624;3.1889490919432624;3.181878089904785;3.181878089904785;1400
2012-12-05;3.210160732269287;3.210160732269287;3.210160732269287;3.210160732269287;100
2012-12-06;3.210160732269287;3.210160732269287;3.210160732269287;3.210160732269287;0
2012-12-07;3.3232944011688232;3.3232944011688232;3.3232944011688232;3.3232944011688232;1700
2012-12-10;3.2879409790039062;3.2879409790039062;3.2879409790039062;3.2879409790039062;200
2012-12-11;3.295011644348694;3.295011644348694;3.2879409790039062;3.2879409790039062;5100
2012-12-12;3.2879409790039062;3.2879409790039062;3.2879409790039062;3.2879409790039062;0
2012-12-13;3.2172329425811768;3.2172329425811768;3.2172329425811768;3.2172329425811768;100
2012-12-14;3.2172329425811768;3.2172329425811768;3.2172329425811768;3.2172329425811768;500
2012-12-17;3.358649634428354;3.4293579803519427;3.2172329425811768;3.2172329425811768;2400
2012-12-18;3.3515775399699708;3.853607138311041;3.2525858879089355;3.2525858879089355;2700
2012-12-19;3.2525858879089355;3.2525858879089355;3.2525858879089355;3.2525858879089355;0
2012-12-26;3.4010735498354565;3.4010735498354565;3.3657195568084717;3.3657195568084717;1500
2012-12-27;3.3657195568084717;3.3657195568084717;3.3657195568084717;3.3657195568084717;0
2012-12-28;3.3869320986647184;3.4647114276885986;3.351577766245527;3.4647114276885986;1600
2012-12-31;3.4647114276885986;3.4647114276885986;3.4647114276885986;3.4647114276885986;1000
2013-01-02;3.4647114276885986;3.4647114276885986;3.4647114276885986;3.4647114276885986;0
2013-01-03;3.5354199409484863;3.5354199409484863;3.5354199409484863;3.5354199409484863;200
2013-01-04;3.5849159832295676;3.726332647648044;3.5566326503458723;3.5707743167877197;1800
2013-01-07;3.5707743167877197;3.5707743167877197;3.5707743167877197;3.5707743167877197;0
2013-01-08;3.471782772021153;3.535420447977213;3.4293577671051025;3.4293577671051025;1400
2013-01-09;3.415215754527764;3.500065755806532;3.415215754527764;3.4434990882873535;1900
2013-01-10;3.4434990882873535;3.4434990882873535;3.4434990882873535;3.4434990882873535;0
2013-01-11;3.40107453388867;3.40107453388867;3.3940038681030273;3.3940038681030273;4200
2013-01-14;3.5354198900018106;3.5354198900018106;3.478853225708008;3.478853225708008;700
2013-01-15;3.5495620486540918;3.5495620486540918;3.500066041946411;3.500066041946411;1300
2013-01-16;3.42228627204895;3.42228627204895;3.42228627204895;3.42228627204895;200
2013-01-17;3.42228627204895;3.42228627204895;3.42228627204895;3.42228627204895;0
2013-01-29;3.5707743167877197;3.712190981206196;3.500065647414558;3.5707743167877197;2700
2013-01-30;3.570774478539565;3.6344118118286133;3.570774478539565;3.6344118118286133;12500
2013-01-31;3.5849159832295676;3.599057649671415;3.5707743167877197;3.5707743167877197;9700
2013-02-01;3.584916114807129;3.584916114807129;3.584916114807129;3.584916114807129;0
2013-02-04;3.5354199409484863;3.5354199409484863;3.5354199409484863;3.5354199409484863;1000
2013-02-05;3.5354199409484863;3.5354199409484863;3.5354199409484863;3.5354199409484863;0
2013-02-06;3.641482782650692;3.641482782650692;3.584916114807129;3.584916114807129;1000
2013-02-07;3.5707741937741786;3.6414825235475075;3.535419860305558;3.5778448581695557;2100
2013-02-08;3.5778448581695557;3.5778448581695557;3.5778448581695557;3.5778448581695557;0
2013-02-19;3.726332902908325;3.726332902908325;3.726332902908325;3.726332902908325;200
2013-02-20;3.726332902908325;3.726332902908325;3.726332902908325;3.726332902908325;0
2013-02-21;3.5000658268146796;3.5283491611480717;3.492995161813302;3.5283491611480713;1500
2013-02-22;3.5283491611480717;3.5283491611480717;3.5283491611480717;3.5283491611480713;0
2013-03-07;3.5354199409484863;3.5354199409484863;3.5354199409484863;3.5354199409484863;30000
2013-03-11;3.535419502074196;3.6909778118133545;3.535419502074196;3.6909778118133545;2800
2013-03-12;3.6273406436339397;3.6273406436339397;3.5990573133929025;3.606127977371216;37800
2013-03-13;3.570774494322826;3.641482830047607;3.570774494322826;3.6414828300476074;7600
2013-03-14;3.641482830047607;3.641482830047607;3.641482830047607;3.6414828300476074;0
2013-03-18;3.641482830047607;3.641482830047607;3.641482830047607;3.6414828300476074;2400
2013-03-26;3.6061282203690634;3.6061282203690634;3.478853225708008;3.478853225708008;2400
2013-03-27;3.5566324222473753;3.5566324222473753;3.4647114276885986;3.4647114276885986;1700
2013-04-03;3.464711888596812;3.535420225677574;3.3374365446874936;3.4576408863067627;57000
2013-04-04;3.464711888596812;3.464711888596812;3.39400355151605;3.4576408863067627;1000
2013-04-05;3.4576408863067627;3.4576408863067627;3.4576408863067627;3.4576408863067627;200
2013-04-08;3.500066041946411;3.500066041946411;3.500066041946411;3.500066041946411;400
2013-04-09;3.500066041946411;3.500066041946411;3.500066041946411;3.500066041946411;0
2013-04-10;3.500066041946411;3.500066041946411;3.500066041946411;3.500066041946411;2500
2013-04-11;3.669766426086426;3.669766426086426;3.669766426086426;3.669766426086426;600
2013-04-12;3.521277904510498;3.521277904510498;3.521277904510498;3.521277904510498;200
2013-04-15;3.7121912362022282;3.7121912362022282;3.5919868946075435;3.591986894607544;1100
2013-04-16;3.5707743167877197;3.5707743167877197;3.5707743167877197;3.5707743167877197;300
2013-04-18;3.662695392941406;3.662695392941406;3.500066041946411;3.500066041946411;600
2013-04-24;3.3374364376068115;3.3374364376068115;3.3374364376068115;3.3374364376068115;210900
2013-04-25;3.5283490701827707;3.5637034057700014;3.5283490701827707;3.5495617389678955;3000
2013-04-26;3.5495617389678955;3.5495617389678955;3.5495617389678955;3.5495617389678955;0
2013-04-29;3.5424909591674805;3.5424909591674805;3.5424909591674805;3.5424909591674805;100
2013-04-30;3.662695169448853;3.662695169448853;3.662695169448853;3.6626951694488525;100
2013-05-01;3.662695169448853;3.662695169448853;3.662695169448853;3.6626951694488525;0
2013-05-03;3.500066041946411;3.500066041946411;3.500066041946411;3.500066041946411;1000
2013-05-08;3.4293574839084413;3.507136821746826;3.4293574839084413;3.507136821746826;600
2013-05-09;3.507136821746826;3.507136821746826;3.507136821746826;3.507136821746826;0
2013-05-10;3.5354195693011476;3.549561234091797;3.507136239719849;3.521277904510498;5100
2013-05-13;3.4434990882873535;3.4434990882873535;3.4434990882873535;3.4434990882873535;100
2013-05-14;3.5424909591674805;3.5424909591674805;3.5424909591674805;3.5424909591674805;200
2013-05-15;3.5424909591674805;3.5424909591674805;3.5424909591674805;3.5424909591674805;0
2013-05-16;3.5071371113665126;3.5071371113665126;3.394003764923711;3.4293577671051025;1900
2013-05-17;3.4293577671051025;3.4293577671051025;3.4293577671051025;3.4293577671051025;0
2013-05-20;3.478853225708008;3.478853225708008;3.478853225708008;3.478853225708008;4500
2013-05-21;3.478853225708008;3.478853225708008;3.478853225708008;3.478853225708008;0
2013-05-22;3.5283488883831278;3.5283488883831278;3.478853225708008;3.478853225708008;700
2013-05-24;3.556632757186889;3.556632757186889;3.556632757186889;3.5566327571868896;200
2013-05-28;3.6485531330108643;3.6485531330108643;3.6485531330108643;3.6485531330108643;800
2013-05-29;3.570774494322826;3.7121911657723885;3.3869324842744546;3.6414828300476074;24300
2013-05-31;3.690978496472984;3.7546161672072573;3.6061284936032463;3.6414828300476074;3200
2013-06-03;3.8394657142142834;3.8677490451460943;3.7899700536655643;3.8041117191314697;600
2013-06-04;3.8041117191314697;3.8041117191314697;3.8041117191314697;3.8041117191314697;0
2013-06-05;3.782899572550631;3.782899572550631;3.690978565799911;3.726332902908325;3000
2013-06-06;3.761686679223019;3.7687573432922368;3.761686679223019;3.7687573432922363;200
2013-06-07;3.761687501726352;3.761687501726352;3.7546164989471436;3.7546164989471436;400
2013-06-10;3.754616214581649;3.754616214581649;3.698049545288086;3.698049545288086;1800
2013-06-11;3.698049545288086;3.698049545288086;3.698049545288086;3.698049545288086;0
2013-06-14;3.6414829152541026;3.676836915361766;3.556632910398973;3.599057912826538;17900
2013-06-17;3.591987153779123;3.6202704906463623;3.5778454853455033;3.6202704906463623;5400
2013-06-18;3.669766426086426;3.669766426086426;3.6344120871203893;3.669766426086426;7600
2013-06-19;3.712190937995911;3.712190937995911;3.5354199409484863;3.5354199409484863;10300
2013-06-20;3.4434994354104527;3.5778454528932633;3.372791093883702;3.4293577671051025;11200
2013-06-21;3.471781930539054;3.535419591070771;3.3940029422934948;3.42228627204895;31700
2013-06-24;3.386932215475092;3.386932215475092;3.323294549791337;3.3445072174072266;4400
2013-06-25;3.3445077518509656;3.4081454277038574;3.3445077518509656;3.4081454277038574;300
2013-06-26;3.584916229482887;3.613199564309407;3.5495618923677634;3.591986894607544;2600
2013-06-27;3.6061290214695174;3.676837367544608;3.556633347798949;3.563704013824463;3500
2013-06-28;3.5495616237570693;3.5495616237570693;3.5424909591674805;3.5424909591674805;200
2013-07-02;3.5071371113665126;3.535420447977213;3.4081454332290613;3.4293577671051025;14600
2013-07-03;3.4152162026239337;3.4152162026239337;3.3940038681030273;3.3940038681030273;700
2013-07-05;3.3232951872627314;3.3940038681030273;3.259657846536035;3.3940038681030273;15300
2013-07-08;3.302082044768029;3.302082044768029;3.2950110435485844;3.295011043548584;300
2013-07-09;3.2950110435485844;3.2950110435485844;3.2950110435485844;3.295011043548584;0
2013-07-10;3.2808693782735907;3.3232943740985714;3.203090387843073;3.295011043548584;5100
2013-07-12;3.3091530799865723;3.3091530799865723;3.3091530799865723;3.3091530799865723;100
2013-07-15;3.295011536327801;3.3020825386047363;3.295011536327801;3.3020825386047363;500
2013-07-16;3.3232944011688232;3.3232944011688232;3.3232944011688232;3.3232944011688232;300
2013-07-17;3.4081451517841166;3.507136821746826;3.3940034846465865;3.507136821746826;2000
2013-07-18;3.3091530799865723;3.3091530799865723;3.3091530799865723;3.3091530799865723;300
2013-07-19;3.3091530799865723;3.3091530799865723;3.3091530799865723;3.3091530799865723;0
2013-07-22;3.21016141195846;3.3091530799865723;3.21016141195846;3.3091530799865723;1900
2013-07-23;3.3020823729636293;3.386932373046875;3.3020823729636293;3.386932373046875;6000
2013-07-24;3.386932373046875;3.386932373046875;3.386932373046875;3.386932373046875;0
2013-07-29;3.3162240819991182;3.3162240819991182;3.3091530799865723;3.3091530799865723;6900
2013-07-30;3.273798819664464;3.2879404853949494;3.273798819664464;3.280869483947754;2100
2013-07-31;3.2808694839477535;3.2808694839477535;3.2808694839477535;3.280869483947754;0
2013-08-01;3.1465237140655518;3.1465237140655518;3.1465237140655518;3.1465237140655518;300
2013-08-02;3.1465237140655518;3.1465237140655518;3.1465237140655518;3.1465237140655518;0
2013-08-05;3.2879407062830888;3.386932373046875;3.2879407062830888;3.386932373046875;400
2013-08-06;3.3798619886338463;3.3798619886338463;3.2879409790039062;3.2879409790039062;12400
2013-08-08;3.3374361007106303;3.4647114276885986;3.3374361007106303;3.4647114276885986;12900
2013-08-12;3.492994758758391;3.492994758758391;3.4647114276885986;3.4647114276885986;10100
2013-08-14;3.252586557896737;3.252586557896737;3.1960198879241943;3.1960198879241943;3800
2013-08-15;3.1818782681187314;3.1818782681187314;3.082886594183167;3.1182405948638916;13500
2013-08-16;3.0899569058925134;3.1253112396918534;2.9768235771968894;2.9980359077453613;14300
2013-08-19;2.9768233673867357;3.0546026939649527;2.715202226053568;2.729343891143799;49200
2013-08-20;2.7222732573058708;2.8071234226226807;2.7222732573058708;2.8071234226226807;1400
2013-08-21;2.743485927581787;2.8283359243942754;2.7364149259321215;2.743485927581787;3400
2013-08-22;2.7929816246032715;2.7929816246032715;2.7859107918759496;2.7929816246032715;1000
2013-08-23;2.814194679260254;2.814194679260254;2.814194679260254;2.814194679260254;1100
2013-08-26;2.821264929362144;2.828335762023926;2.821264929362144;2.828335762023926;3100
2013-08-27;2.7929819063913075;2.82833607359485;2.715202569961548;2.715202569961548;1600
2013-08-28;2.715202569961548;2.715202569961548;2.715202569961548;2.715202569961548;0
2013-08-29;2.8424779334135977;2.8424779334135977;2.722273588180542;2.722273588180542;200
2013-08-30;2.750556602744325;2.9343984205326024;2.750556602744325;2.828335762023926;2900
2013-09-03;2.828335762023926;2.828335762023926;2.828335762023926;2.828335762023926;100
2013-09-04;2.884903098805816;2.92732810471014;2.828336424266718;2.906115770339966;11000
2013-09-05;2.89904463773962;2.920257308324732;2.8919739723205566;2.8919739723205566;3600
2013-09-06;2.9838944076719542;2.9838944076719542;2.89197374157457;2.9131860733032227;4900
2013-09-09;2.8707610726819834;2.9414694070507155;2.8707610726819834;2.9131860733032227;20000
2013-09-10;2.96975264862819;3.0121779850966393;2.906115318253363;2.934398651123047;3000
2013-09-11;2.934398651123047;2.934398651123047;2.934398651123047;2.934398651123047;0
2013-09-16;3.019249028608213;3.019249028608213;2.948540687561035;2.948540687561035;1900
2013-09-17;3.111169616722741;3.111169616722741;3.0051069510187083;3.0333902835845947;7300
2013-09-18;3.111169755339688;3.181878089904785;3.0546030876876102;3.181878089904785;1200
2013-09-19;3.1111696336019214;3.153594632680921;2.9838942992010016;3.040461301803589;19500
2013-09-20;3.111169755339688;3.181878089904785;3.0687447546006297;3.181878089904785;2900
2013-09-23;3.1111693655639314;3.1394526958465576;3.1111693655639314;3.1394526958465576;300
2013-09-24;3.1606650957679716;3.2101610934531064;3.1606650957679716;3.2030904293060303;1200
2013-09-25;3.2172329425811768;3.2172329425811768;3.2172329425811768;3.2172329425811768;200
2013-09-26;3.2030910928300576;3.2030910928300576;3.16066575050354;3.16066575050354;2700
2013-09-27;3.1040990295370783;3.1040990295370783;3.0828866958618164;3.0828866958618164;1300
2013-09-30;3.0899570822867495;3.0899570822867495;3.0404614167388466;3.047532081604004;3500
2013-10-01;3.111169929593328;3.1182405948638916;3.0546032587730054;3.1182405948638916;6400
2013-10-02;3.160664919199466;3.160664919199466;3.1535942554473877;3.1535942554473877;1000
2013-10-03;3.0333902445086984;3.1111695766448975;3.0333902445086984;3.1111695766448975;300
2013-10-04;3.082886334150899;3.104098665337346;3.0758153323128;3.0899569988250732;3200
2013-10-07;3.047531974806166;3.061673641204834;3.047531974806166;3.061673641204834;7500
2013-10-08;3.16066575050354;3.16066575050354;3.16066575050354;3.16066575050354;400
2013-10-09;3.1960198879241943;3.1960198879241943;3.1960198879241943;3.1960198879241943;1200
2013-10-10;3.1960198879241943;3.1960198879241943;3.1960198879241943;3.1960198879241943;0
2013-10-15;3.2243027687072754;3.2243027687072754;3.2243027687072754;3.2243027687072754;100
2013-10-16;3.3162240982055664;3.3162240982055664;3.3162240982055664;3.3162240982055664;200
2013-10-17;3.2950115589257245;3.3303658962249756;3.2950115589257245;3.3303658962249756;400
2013-10-18;3.1889490958331415;3.3162240982055664;3.1889490958331415;3.3162240982055664;1100
2013-10-21;3.309152883768715;3.365719885023116;3.3020822193393613;3.3445072174072266;8100
2013-10-22;3.316224105745148;3.3374364376068115;3.316224105745148;3.3374364376068115;6400
2013-10-23;3.3091533122022265;3.316224314710971;3.231374307589776;3.2879409790039062;4600
2013-10-24;3.302082044768029;3.302082044768029;3.287940379493035;3.295011043548584;1700
2013-10-25;3.316224486505402;3.3657204951388464;3.316224486505402;3.358649492263794;1200
2013-10-28;3.4647120404386063;3.500066041946411;3.4647120404386063;3.500066041946411;300
2013-10-29;3.4647114276885986;3.4647114276885986;3.379861434479221;3.4647114276885986;1800
2013-10-30;3.4982659816741943;3.4982659816741943;3.4982659816741943;3.4982659816741943;0
2013-10-31;3.276947498321533;3.276947498321533;3.276947498321533;3.276947498321533;100
2013-11-01;3.3197836875915527;3.3197836875915527;3.3197836875915527;3.3197836875915527;200
2013-11-04;3.334061872194587;3.362619119630277;3.3126437664031982;3.3126437664031982;1600
2013-11-05;3.205554105839943;3.2840867110971206;3.155579090118408;3.155579090118408;48300
2013-11-06;3.176996643566591;3.18413612557878;3.169857501983642;3.1698575019836426;14300
2013-11-07;3.169857501983642;3.169857501983642;3.169857501983642;3.1698575019836426;0
2013-11-08;3.148439645767212;3.148439645767212;3.148439645767212;3.148439645767212;1200
2013-11-11;3.1413004398345947;3.184136313143294;3.1413004398345947;3.1413004398345947;3700
2013-11-12;3.1413004398345947;3.1413004398345947;3.1413004398345947;3.1413004398345947;0
2013-11-13;3.098464651027212;3.098464651027212;3.055628776550293;3.055628776550293;2400
2013-11-14;3.0627679187484786;3.077046543574118;3.055628776550293;3.055628776550293;700
2013-11-15;3.055628776550293;3.055628776550293;3.055628776550293;3.055628776550293;0
2013-11-18;3.0770465690914954;3.1912755686438925;3.055628801890057;3.0699074268341064;9400
2013-11-19;3.069907426834107;3.069907426834107;3.069907426834107;3.0699074268341064;0
2013-11-20;3.1056036949157715;3.1056036949157715;3.1056036949157715;3.1056036949157715;400
2013-11-21;3.1056036949157715;3.1056036949157715;3.1056036949157715;3.1056036949157715;0
2013-11-25;3.0556286584916097;3.0556286584916097;2.962817430496216;2.962817430496216;2600
2013-11-26;2.962817430496216;2.962817430496216;2.962817430496216;2.962817430496216;0
2013-12-02;2.898563648465698;2.912842273712158;2.898563648465698;2.912842273712158;500
2013-12-03;2.912842273712158;2.912842273712158;2.912842273712158;2.912842273712158;0
2013-12-11;2.9413995742797856;2.9413995742797856;2.8914245552810334;2.941399574279785;3800
2013-12-12;2.912842273712158;2.9342603817964887;2.912842273712158;2.912842273712158;1300
2013-12-13;2.934260456364262;2.9556782245635986;2.934260456364262;2.9556782245635986;500
2013-12-16;2.962817494352612;3.027071134755655;2.9556780118471275;2.969956636428833;7500
2013-12-17;2.969956636428833;2.969956636428833;2.969956636428833;2.969956636428833;0
2013-12-18;2.984235579565878;2.984235579565878;2.8557279446128474;2.90570330619812;7000
2013-12-19;2.9485391845157967;2.9485391845157967;2.8557279446128474;2.90570330619812;2100
2013-12-20;2.919981305852146;2.9271204471588135;2.919981305852146;2.9271204471588135;1000
2013-12-23;2.9556780981373616;2.9556780981373616;2.8842849731445312;2.8842849731445312;500
2013-12-24;2.8842849731445312;2.8842849731445312;2.8842849731445312;2.8842849731445312;0
2013-12-26;2.9153144359588623;2.9153144359588623;2.9153144359588623;2.9153144359588623;0
2013-12-27;2.9153144359588623;2.9153144359588623;2.9153144359588623;2.9153144359588623;0
2013-12-30;2.85036931892709;2.994691848754883;2.85036931892709;2.994691848754883;1700
2013-12-31;2.9441785989689206;2.9441785989689206;2.8575851917266846;2.8575851917266846;3800
2014-01-02;2.92253041267395;2.92253041267395;2.92253041267395;2.92253041267395;1700
2014-01-03;2.92253041267395;2.92253041267395;2.92253041267395;2.92253041267395;0
2014-01-06;2.9080983720011133;2.9441787886305093;2.8864498467501676;2.936962842941284;8900
2014-01-07;2.8864497502882043;2.9874753952026367;2.8864497502882043;2.9874753952026367;1800
2014-01-08;2.9080982639100945;2.9225304988437486;2.857585269596494;2.8936660289764404;3000
2014-01-09;2.8720176219940186;2.8792337397559806;2.8720176219940186;2.8720176219940186;2900
2014-01-10;2.850369225578902;2.8864498138427734;2.850369225578902;2.8864498138427734;300
2014-01-13;2.8864498138427734;2.8864498138427734;2.8864498138427734;2.8864498138427734;0
2014-01-14;2.8575853217719183;2.8575853217719183;2.81428861618042;2.81428861618042;3800
2014-01-15;2.8431530346628398;2.8936660289764404;2.8142885647955316;2.8936660289764404;13800
2014-01-16;2.77820785614169;2.81428861618042;2.742127268148775;2.81428861618042;11900
2014-01-17;2.7854239946581174;2.9946917506802038;2.7854239946581174;2.8864498138427734;25200
2014-01-21;2.7493435892351457;2.9153144783324114;2.7493435892351457;2.7637758255004883;8200
2014-01-22;2.734910994595544;2.749343228969731;2.6843981742858887;2.6843981742858887;4900
2014-01-23;2.698830655851703;2.821504831314087;2.6771823023076036;2.821504831314087;6700
2014-01-24;2.655534139765326;2.7349114418029785;2.6338857846641477;2.7349114418029785;9000
2014-01-27;2.677182111928778;2.7493432852776096;2.6699659945938947;2.7060465812683105;5300
2014-01-28;2.669966037070502;2.7421272115673485;2.641101567271763;2.6916143894195557;8500
2014-01-29;2.6338856311237078;2.684398456748515;2.626669513177307;2.669966220855713;12400
2014-01-30;2.619453119602046;2.6843981742858887;2.568940127246586;2.6843981742858887;6800
2014-01-31;2.561724108329668;2.7204788645815148;2.4246177044695525;2.467914581298828;32800
2014-02-03;2.4390501976013184;2.4390501976013184;2.294727671179177;2.4390501976013184;19100
2014-02-04;2.3885369300842285;2.4390499204213314;2.3885369300842285;2.3885369300842285;3100
2014-02-05;2.345240366751358;2.3813209533691406;2.345240366751358;2.3813209533691406;1700
2014-02-06;2.4679142856965592;2.4679142856965592;2.381320714455839;2.446265935897827;5200
2014-02-07;2.6338855707911697;2.6338855707911697;2.3885372221419097;2.4101855754852295;12400
2014-02-10;2.4390498192982495;2.446265935897827;2.4390498192982495;2.446265935897827;700
2014-02-11;2.410185295032548;2.4246175289154053;2.410185295032548;2.4246175289154053;2400
2014-02-12;2.4606983720155133;2.467914489210159;2.3957531452178955;2.3957531452178955;10700
2014-02-13;2.3380241117929232;2.3885369300842285;2.3380241117929232;2.3885369300842285;3700
2014-02-14;2.4390501544368743;2.612236976623535;2.4101855120266165;2.612236976623535;10400
2014-02-18;2.431833928828549;2.525643632028753;2.3885372221419097;2.4101855754852295;14900
2014-02-19;2.4101855754852295;2.4101855754852295;2.4101855754852295;2.4101855754852295;0
2014-02-20;2.453482151031494;2.453482151031494;2.453482151031494;2.453482151031494;100
2014-02-21;2.482346773147583;2.482346773147583;2.482346773147583;2.482346773147583;300
2014-02-24;2.482346773147583;2.482346773147583;2.482346773147583;2.482346773147583;0
2014-02-25;2.4246175289154053;2.4246175289154053;2.4246175289154053;2.4246175289154053;400
2014-02-26;2.4029692284111928;2.5112111568450928;2.4029692284111928;2.5112111568450928;500
2014-02-27;2.5112111568450928;2.5112111568450928;2.5112111568450928;2.5112111568450928;0
2014-02-28;2.503995125163626;2.503995125163626;2.4029693103762835;2.482346773147583;2300
2014-03-03;2.482346773147583;2.482346773147583;2.482346773147583;2.482346773147583;1500
2014-03-04;2.3596728030649228;2.482346980095384;2.3596728030649228;2.4318339824676514;2200
2014-03-05;2.3741048822221775;2.496779051154471;2.3741048822221775;2.467914581298828;3600
2014-03-06;2.467914581298828;2.467914581298828;2.467914581298828;2.467914581298828;0
2014-03-07;2.4895627354784104;2.525643319925327;2.39575304387063;2.453482151031494;48100
2014-03-10;2.467914581298828;2.467914581298828;2.467914581298828;2.467914581298828;1000
2014-03-11;2.482346773147583;2.482346773147583;2.482346773147583;2.482346773147583;700
2014-03-12;2.5689401626586914;2.5689401626586914;2.5689401626586914;2.5689401626586914;100
2014-03-13;2.460698507210207;2.612236976623535;2.460698507210207;2.612236976623535;500
2014-03-14;2.619453065082061;2.662749767303467;2.619453065082061;2.662749767303467;1000
2014-03-17;2.5905885696411133;2.5905885696411133;2.5905885696411133;2.5905885696411133;100
2014-03-18;2.6411016421996805;2.6916144657805194;2.58337252891862;2.626669406890869;4700
2014-03-19;2.590588751399479;2.669966220855713;2.446266392471459;2.669966220855713;6000
2014-03-20;2.6338855245452746;2.6338855245452746;2.460698528793725;2.626669406890869;3300
2014-03-21;2.626669406890869;2.626669406890869;2.626669406890869;2.626669406890869;0
2014-03-24;2.633885407919479;2.7421271679427264;2.633885407919479;2.7060465812683105;4000
2014-03-25;2.698830638484468;2.698830638484468;2.648317813873291;2.648317813873291;500
2014-03-26;2.633885145187378;2.633885145187378;2.633885145187378;2.633885145187378;100
2014-03-27;2.633885145187378;2.633885145187378;2.633885145187378;2.633885145187378;0
2014-03-31;2.706046635809752;2.7276949882507324;2.706046635809752;2.7276949882507324;500
2014-04-01;2.7276949882507324;2.7276949882507324;2.7276949882507324;2.7276949882507324;13500
2014-04-02;2.713262698603194;2.720478815938077;2.7060465812683105;2.7060465812683105;2300
2014-04-03;2.7060465812683105;2.7060465812683105;2.7060465812683105;2.7060465812683105;300
2014-04-04;2.7060465812683105;2.7060465812683105;2.7060465812683105;2.7060465812683105;0
2014-04-07;2.7782081520053343;2.8864500995570572;2.7349114418029785;2.7349114418029785;6300
2014-04-08;2.81428861618042;2.9369627874021464;2.81428861618042;2.81428861618042;1800
2014-04-09;2.799856260112286;2.814288494686407;2.763775501631178;2.792639970779419;10800
2014-04-10;2.857585332637618;2.944178744149878;2.8503692150115967;2.8503692150115967;3300
2014-04-11;2.8720175129571777;2.8720175129571777;2.828720808029175;2.828720808029175;700
2014-04-14;2.8287206676144625;2.8359367847442627;2.8287206676144625;2.8359367847442627;1100
2014-04-15;2.8359367847442627;2.8359367847442627;2.8359367847442627;2.8359367847442627;0
2014-04-16;2.8142885303637675;2.8431529998779297;2.8142885303637675;2.8431529998779297;1500
2014-04-17;2.8431529018740624;2.8936658938284663;2.8359367847442627;2.8359367847442627;3200
2014-04-21;2.936962636056871;3.037988277231059;2.843152940063605;2.944178581237793;21600
2014-04-22;2.8575853432316762;2.9874754609816137;2.8215047549678047;2.8864498138427734;9400
2014-04-23;2.900881974397456;2.9225304988437486;2.886449739463802;2.8936660289764404;1700
2014-04-24;2.929746408420417;3.225607392986389;2.8359368824993894;2.8431529998779297;8500
2014-04-25;2.8575851917266846;2.8575851917266846;2.8575851917266846;2.8575851917266846;2000
2014-04-28;2.879233729015125;2.936962842941284;2.879233729015125;2.936962842941284;1900
2014-04-29;2.8720177277921444;2.929746672014435;2.843153255680999;2.9153144359588623;6800
2014-04-30;2.9153142844538706;2.9153142844538706;2.8864498138427734;2.8864498138427734;2300
2014-05-01;2.944178581237793;2.944178581237793;2.893665932696505;2.944178581237793;1300
2014-05-02;2.8864499202942016;3.0163400428344485;2.8864499202942016;2.929746627807617;10500
2014-05-05;3.0091238021850586;3.016339747351259;3.0091238021850586;3.0091238021850586;5300
2014-05-06;2.9874752415778034;3.081284936220187;2.958610773086548;2.958610773086548;14100
2014-05-07;3.0596364759861343;3.081284999847412;3.045204241442487;3.081284999847412;3800
2014-05-08;3.0812850777796834;3.117365837097168;3.07406913237116;3.117365837097168;6000
2014-05-09;3.1462302636561597;3.1462302636561597;3.0596365113031223;3.131798028945923;2700
2014-05-12;3.1750949067261574;3.2328238487243652;3.1750949067261574;3.2328238487243652;1900
2014-05-13;3.182310852430115;3.254472374019511;3.167878616930563;3.2328238487243652;10900
2014-05-14;3.2544723302717102;3.2833368008828074;2.9225305741524608;3.24725604057312;15500
2014-05-15;3.1750948217423023;3.2616882324218746;3.1390140619133335;3.261688232421875;10900
2014-05-16;3.2761205111842173;3.297769036188356;3.2328238052675715;3.24725604057312;25800
2014-05-19;3.290552623668802;3.290552623668802;3.2256073951721196;3.225607395172119;300
2014-05-20;3.211175246628992;3.2472560065607627;3.1967430114746094;3.1967430114746094;12200
2014-05-21;3.3122013051237142;3.3122013051237142;3.2183916026393535;3.297769069671631;2100
2014-05-22;3.297769069671631;3.297769069671631;3.2689045987674636;3.297769069671631;3100
2014-05-23;3.297769069671631;3.297769069671631;3.297769069671631;3.297769069671631;0
2014-05-28;3.2761201961188036;3.2761201961188036;3.2472557282836108;3.254472017288208;700
2014-05-29;3.319416832675374;3.377145767211914;3.319416832675374;3.377145767211914;1600
2014-05-30;3.391578139283775;3.391578139283775;3.2328235628282322;3.3122010231018066;3600
2014-06-02;3.3122010231018066;3.3122010231018066;3.3122010231018066;3.3122010231018066;0
2014-06-03;3.2039594083910576;3.254472405168779;3.2039594083910576;3.240039825439453;400
2014-06-04;3.232823783748696;3.232823783748696;3.1390140828412463;3.1750948429107666;1200
2014-06-05;3.2111752903274144;3.2111752903274144;3.1823108196258545;3.1823108196258545;1300
2014-06-06;3.2111754417419434;3.2111754417419434;3.1678787336480614;3.2111754417419434;4400
2014-06-09;3.24725604057312;3.24725604057312;3.24725604057312;3.24725604057312;100
2014-06-10;3.24725604057312;3.24725604057312;3.24725604057312;3.24725604057312;0
2014-06-12;3.3843625780361113;3.434875575591866;3.283336927016246;3.3627140522003174;700
2014-06-13;3.2689042550262943;3.2977687228952224;3.1895267963409424;3.1895267963409424;1200
2014-06-16;3.1895267963409424;3.1895267963409424;3.1895267963409424;3.1895267963409424;0
2014-06-17;3.319417218377226;3.319417218377226;3.088501453399658;3.088501453399658;1300
2014-06-18;3.3194171818133986;3.3194171818133986;2.8936660727798977;3.0379884243011475;2900
2014-06-19;3.0379884243011475;3.0379884243011475;3.0379884243011475;3.0379884243011475;0
2014-06-20;3.016339778900147;3.016339778900147;3.016339778900147;3.0163397789001465;1100
2014-06-23;3.0668532848358154;3.0668532848358154;3.0668532848358154;3.0668532848358154;200
2014-06-24;3.0668532848358154;3.0668532848358154;3.0668532848358154;3.0668532848358154;0
2014-06-25;3.06685302143454;3.1534464359283447;3.06685302143454;3.1534464359283447;3500
2014-06-26;3.1534464359283447;3.1534464359283447;3.1534464359283447;3.1534464359283447;0
2014-06-27;3.0307722091674805;3.0307722091674805;3.0307722091674805;3.0307722091674805;1000
2014-06-30;3.2400397293076226;3.2400397293076226;3.1750948429107666;3.1750948429107666;500
2014-07-01;3.102933168411255;3.102933168411255;3.102933168411255;3.102933168411255;100
2014-07-02;2.9369625887090836;3.0740689858523758;2.6555336773121043;3.0235559940338135;3700
2014-07-03;3.023555994033814;3.023555994033814;3.023555994033814;3.0235559940338135;0
2014-07-07;3.124581703478354;3.124581703478354;3.081284999847412;3.081284999847412;400
2014-07-08;3.102933168411255;3.102933168411255;3.102933168411255;3.102933168411255;800
2014-07-09;3.102933168411255;3.102933168411255;3.102933168411255;3.102933168411255;0
2014-07-16;3.1390139742552328;3.1390139742552328;2.973043103041702;3.131798028945923;1700
2014-07-17;3.0668527653037647;3.081284999847412;3.0668527653037647;3.081284999847412;600
2014-07-18;2.965827157732392;3.1317980289459233;2.5256434829327463;3.131798028945923;3900
2014-07-21;3.1317980289459233;3.1317980289459233;3.1317980289459233;3.131798028945923;0
2014-07-22;3.1245816548006085;3.1606624126434326;3.1245816548006085;3.1606624126434326;900
2014-07-23;3.2400398055219326;3.2400398055219326;3.160662682048435;3.1678786277770996;400
2014-07-24;3.1750948429107666;3.1750948429107666;3.1750948429107666;3.1750948429107666;100
2014-07-25;3.102933688710756;3.102933688710756;3.088501453399658;3.088501453399658;1500
2014-07-28;3.124582290649414;3.124582290649414;3.124582290649414;3.124582290649414;200
2014-07-29;3.218391481457853;3.2977689455013453;3.0307720835535297;3.117365837097168;42200
2014-07-30;3.1750943328667685;3.2111747430487383;3.0885009355201523;3.102933168411255;6300
2014-07-31;3.23282367191758;3.23282367191758;3.1317980289459233;3.131798028945923;2100
2014-08-01;3.1390145279051653;3.1390145279051653;3.0596370509526944;3.124582290649414;1800
2014-08-04;3.1606624126434326;3.1606624126434326;3.1606624126434326;3.1606624126434326;100
2014-08-05;3.095717191696167;3.095717191696167;3.095717191696167;3.095717191696167;100
2014-08-06;3.146230459213257;3.146230459213257;3.146230459213257;3.146230459213257;200
2014-08-07;3.1390140703660223;3.1390140703660223;3.0235561891490224;3.0379884243011475;11100
2014-08-08;3.095717191696167;3.095717191696167;3.095717191696167;3.095717191696167;300
2014-08-11;3.095717191696167;3.095717191696167;3.095717191696167;3.095717191696167;0
2014-08-12;3.088501295866575;3.088501295866575;3.016339778900147;3.0163397789001465;400
2014-08-13;3.016339778900147;3.016339778900147;3.016339778900147;3.0163397789001465;0
2014-08-15;3.016339778900147;3.016339778900147;3.016339778900147;3.0163397789001465;800
2014-08-18;3.1390139380220012;3.1390139380220012;3.081284999847412;3.081284999847412;3200
2014-08-19;3.1534467651609166;3.1534467651609166;3.124582290649414;3.124582290649414;300
2014-08-20;3.1317976341934606;3.146229867084563;3.0957168799199164;3.102933168411255;900
2014-08-21;3.081284999847412;3.081284999847412;3.081284999847412;3.081284999847412;100
2014-08-22;3.081284999847412;3.081284999847412;3.081284999847412;3.081284999847412;0
2014-08-25;3.0379881755366904;3.059636354446411;3.0379881755366904;3.059636354446411;400
2014-08-26;3.095717191696167;3.095717191696167;3.095717191696167;3.095717191696167;200
2014-08-27;3.102933168411255;3.102933168411255;3.102933168411255;3.102933168411255;300
2014-08-28;3.0379879483555055;3.124581345702122;3.0379879483555055;3.102933168411255;1400
2014-09-02;2.9946917924462224;3.0307722091674805;2.9441787961264976;3.0307722091674805;2500
2014-09-03;3.0957171114180793;3.0957171114180793;3.023555941566343;3.059636354446411;5300
2014-09-04;3.1390139742552328;3.1462302636561597;3.1317980289459233;3.131798028945923;800
2014-09-08;3.1390139380220012;3.1390139380220012;3.081284999847412;3.081284999847412;700
2014-09-10;3.081284999847412;3.081284999847412;3.081284999847412;3.081284999847412;800
2014-09-12;2.9802594069266357;3.1245817547304067;2.915314178369129;3.0019075870513916;3000
2014-09-15;2.9730432706614884;2.9730432706614884;2.742127330232882;2.8720176219940186;2500
2014-09-16;2.900881767272949;2.900881767272949;2.900881767272949;2.900881767272949;100
2014-09-17;2.886449716117568;2.886449716117568;2.872017481300645;2.8792335987091064;4000
2014-09-18;2.8792335987091064;2.8792335987091064;2.8792335987091064;2.8792335987091064;0
2014-09-19;2.8503691172564705;2.8503691172564705;2.807072412985227;2.8431529998779297;12100
2014-09-22;2.8503690811217077;2.8503690811217077;2.792639970779419;2.792639970779419;2000
2014-09-23;2.872017656250319;2.872017656250319;2.821504831314087;2.821504831314087;5300
2014-09-24;2.8575852779811766;2.9441786878371823;2.8070724555651734;2.828720808029175;4700
2014-09-25;2.807072420568614;2.8215046553646843;2.778207778930664;2.778207778930664;2800
2014-09-26;2.778207778930664;2.778207778930664;2.778207778930664;2.778207778930664;0
2014-09-29;2.7060466894922737;2.7565595128566347;2.7060466894922737;2.7493433952331543;10100
2014-09-30;2.6916144008490983;2.7349111057310593;2.6699660484081176;2.7276949882507324;14700
2014-10-01;2.6771823388021136;2.7565596362125246;2.669966220855713;2.669966220855713;34500
2014-10-02;2.669966220855713;2.669966220855713;2.669966220855713;2.669966220855713;0
2014-10-03;2.655533790588379;2.655533790588379;2.655533790588379;2.655533790588379;2000
2014-10-06;2.7565592887831794;2.9008818015669995;2.662749767303467;2.662749767303467;6100
2014-10-07;2.698830657974517;2.7204790115356445;2.6699661865596807;2.7204790115356445;14200
2014-10-08;2.655533650266566;2.6771820013772687;2.655533650266566;2.662749767303467;2500
2014-10-09;2.5978047847747803;2.6122370201977434;2.5978047847747803;2.5978047847747803;3000
2014-10-10;2.576156267334971;2.576156267334971;2.5328595638275146;2.5328595638275146;8000
2014-10-13;2.5833724522010026;2.5905885696411133;2.5833724522010026;2.5905885696411133;2400
2014-10-14;2.5905885696411133;2.5905885696411133;2.5905885696411133;2.5905885696411133;0
2014-10-15;2.5472917423077917;2.5472917423077917;2.4967789226600132;2.5112111568450928;7100
2014-10-16;2.475130797212995;2.475130797212995;2.3596727411521776;2.3741049766540527;23100
2014-10-17;2.381321007885292;2.4029693603515625;2.381321007885292;2.4029693603515625;16000
2014-10-20;2.3308081074484552;2.3308081074484552;2.309159755706787;2.309159755706787;7300
2014-10-21;2.2947275638580322;2.3019436812393606;2.2947275638580322;2.2947275638580322;2200
2014-10-22;2.2658634291115236;2.2658634291115236;2.09989253277314;2.164837598800659;5800
2014-10-23;2.16483729402105;2.2009178811789054;2.1071083545684814;2.1071083545684814;13400
2014-10-24;2.164837226721227;2.2730791568756104;2.164837226721227;2.2730791568756104;8400
2014-10-27;2.027730715763956;2.128756523132324;2.020514598955201;2.128756523132324;10500
2014-10-28;2.128756523132324;2.128756523132324;2.1143242895148138;2.128756523132324;11400
2014-10-29;2.1287567296686905;2.179269552230835;2.0926761421243016;2.179269552230835;1600
2014-10-30;2.1215407407917684;2.1359729766845703;2.1215407407917684;2.1359729766845703;1700
2014-10-31;2.078243830343719;2.0998921820707404;2.0565953065708915;2.0854599475860596;14500
2014-11-03;2.085460202425619;2.1648375017911294;2.085460202425619;2.157621383666992;14500
2014-11-04;2.1143246136836584;2.1648374390895855;2.0854601420231287;2.0998923778533936;11000
2014-11-05;2.0710277431211384;2.1359729766845703;2.0565955072283364;2.1359729766845703;1600
2014-11-06;2.0565953254699707;2.0565953254699707;2.0565953254699707;2.0565953254699707;1600
2014-11-07;2.1071083545684814;2.1071083545684814;2.1071083545684814;2.1071083545684814;400
2014-11-10;2.157620990367345;2.1792693407936103;2.128756523132324;2.128756523132324;9500
2014-11-11;2.0132985800416554;2.0710275173187256;2.0132985800416554;2.0710275173187256;4600
2014-11-12;2.02051467085297;2.02051467085297;1.998866319656372;1.998866319656372;3400
2014-11-13;1.977217968459774;1.998866319656372;1.977217968459774;1.998866319656372;2100
2014-11-14;1.9627857885206534;2.020514726638794;1.9627857885206534;2.020514726638794;2000
2014-11-17;2.020514726638794;2.020514726638794;2.020514726638794;2.020514726638794;0
2014-11-18;1.984434114837044;1.984434114837044;1.9483535289764404;1.9483535289764404;1200
2014-11-19;1.9772178918125292;1.9844340085983276;1.9772178918125292;1.9844340085983276;8200
2014-11-20;1.9844340085983276;1.9844340085983276;1.9844340085983276;1.9844340085983276;0
2014-11-21;2.092676112202482;2.330808158636365;2.092676112202482;2.2297823429107666;5700
2014-11-24;2.1504052125773723;2.1504052125773723;2.1359729766845703;2.1359729766845703;1900
2014-11-25;2.0926761723357723;2.0926761723357723;1.9772181184810749;2.027730941772461;12800
2014-11-26;2.00608240855111;2.0493791103363037;1.9988662915869109;2.0493791103363037;1000
2014-11-28;1.9700020008680197;2.027730941772461;1.9122730599635784;2.027730941772461;4200
2014-12-01;1.9700021743774416;1.9700021743774416;1.9700021743774416;1.9700021743774414;100
2014-12-02;1.9844343191654532;2.273079379862393;1.9844343191654532;2.0998923778533936;3000
2014-12-03;2.0998923778533936;2.0998923778533936;2.0998923778533936;2.0998923778533936;0
2014-12-04;2.0926759243011475;2.0926759243011475;2.0926759243011475;2.0926759243011475;1000
2014-12-05;2.0926759243011475;2.0926759243011475;2.0926759243011475;2.0926759243011475;0
2014-12-08;2.0926759243011475;2.0926759243011475;2.0926759243011475;2.0926759243011475;3100
2014-12-10;1.8112472295761108;1.8112472295761108;1.8112472295761108;1.8112472295761108;0
2014-12-11;2.0421629349510035;2.0926759243011475;2.020514584677711;2.0926759243011475;9400
2014-12-12;2.1071083545684814;2.1143244720000527;2.09989223713691;2.1071083545684814;14500
2014-12-15;2.0782437872010986;2.5112111568450928;2.0782437872010986;2.5112111568450928;7300
2014-12-16;2.4318337472642066;2.4318337472642066;2.0565953065708915;2.0854599475860596;4200
2014-12-17;2.0638113021850586;2.107108175133259;2.056595185367991;2.0638113021850586;4300
2014-12-18;2.1143244291319725;2.135972780987764;2.1143244291319725;2.1215405464172363;2400
2014-12-19;2.128756523132324;2.128756523132324;2.128756523132324;2.128756523132324;100
2014-12-22;2.0710275767969124;2.19370174407959;2.0710275767969124;2.19370174407959;3800
2014-12-23;2.1792698356956635;2.1792698356956635;2.164837598800659;2.164837598800659;1500
2014-12-24;2.164837598800659;2.164837598800659;2.164837598800659;2.164837598800659;0
2014-12-26;2.1359729766845703;2.1359729766845703;2.1359729766845703;2.1359729766845703;0
2014-12-29;2.157621383666992;2.157621383666992;2.157621383666992;2.157621383666992;100
2014-12-30;2.2586467266082764;2.2586467266082764;2.2586467266082764;2.2586467266082764;500
2014-12-31;2.1576211883414085;2.2081340106375347;2.1215406009870326;2.143188953399658;2300
2015-01-02;2.1576211095139883;2.2730791568756104;2.1576211095139883;2.2730791568756104;23900
2015-01-05;2.30194354057312;2.30194354057312;2.30194354057312;2.30194354057312;5200
2015-01-06;2.3235922829514037;2.366888991889708;2.2875116921694842;2.330808401107788;8100
2015-01-07;2.294727423632751;2.3596724760960726;2.287511306692382;2.30194354057312;2200
2015-01-08;2.352456569671631;2.352456569671631;2.352456569671631;2.352456569671631;200
2015-01-09;2.475130558013916;2.4967789091746098;2.475130558013916;2.475130558013916;1100
2015-01-12;2.4823468387266407;2.5472918964904996;2.4534823686093703;2.5400757789611816;2100
2015-01-13;2.612236965595593;2.6627499605659355;2.5761563777923584;2.5761563777923584;2400
2015-01-14;2.475130501699644;2.475130501699644;2.453482151031494;2.453482151031494;2800
2015-01-15;2.417401595329076;2.417401595329076;2.4029693603515625;2.4029693603515625;900
2015-01-16;2.402969317480289;2.4174015522003174;2.402969317480289;2.4174015522003174;1200
2015-01-20;2.4751306953767838;2.4751306953767838;2.3668887615203857;2.3668887615203857;7500
2015-01-21;2.2947273095158325;2.2947273095158325;2.2586467266082764;2.2586467266082764;1200
2015-01-22;2.2586467266082764;2.2586467266082764;2.2586467266082764;2.2586467266082764;0
2015-01-23;2.1720532811103683;2.1720532811103683;2.150404930114746;2.150404930114746;600
2015-01-26;2.150404930114746;2.150404930114746;2.150404930114746;2.150404930114746;0
2015-01-27;2.0710275173187256;2.0710275173187256;2.0710275173187256;2.0710275173187256;0
2015-01-28;2.0782439708709717;2.0782439708709717;2.0782439708709717;2.0782439708709717;0
2015-01-29;2.0565953254699707;2.0565953254699707;2.0565953254699707;2.0565953254699707;0
2015-01-30;2.2369985903216323;2.2875115871429443;2.2369985903216323;2.2875115871429443;2000
2015-02-02;2.2875115871429443;2.2875115871429443;2.2875115871429443;2.2875115871429443;0
2015-02-04;2.172053098678589;2.172053098678589;2.172053098678589;2.172053098678589;0
2015-02-06;2.2153499126434326;2.2153499126434326;2.2153499126434326;2.2153499126434326;200
2015-02-09;2.1937018415258356;2.208134076900678;2.1937018415258356;2.200917959213257;500
2015-02-10;2.200917959213257;2.200917959213257;2.200917959213257;2.200917959213257;0
2015-02-11;1.8040311336517334;1.8040311336517334;1.8040311336517334;1.8040311336517334;0
2015-02-12;2.186485528945923;2.186485528945923;2.186485528945923;2.186485528945923;0
2015-02-17;2.2730790168280546;2.2802951335906982;2.2730790168280546;2.2802951335906982;400
2015-02-18;2.2802951335906982;2.2802951335906982;2.2802951335906982;2.2802951335906982;0
2015-02-23;2.2802954258207064;2.2802954258207064;2.200917959213257;2.200917959213257;2000
2015-02-24;2.1648371842094254;2.1648371842094254;1.998866319656372;1.998866319656372;2800
2015-02-25;2.0638113021850586;2.0638113021850586;2.0638113021850586;2.0638113021850586;900
2015-02-26;2.0638113021850586;2.0638113021850586;2.0638113021850586;2.0638113021850586;0
2015-02-27;2.0060824872318155;2.446266155449827;1.8834083219832212;2.309159755706787;23600
2015-03-02;2.3524565029086615;2.503995139962372;2.2947275638580322;2.2947275638580322;5200
2015-03-03;2.2947275638580322;2.2947275638580322;2.2947275638580322;2.2947275638580322;0
2015-03-04;2.2369983482554088;2.2369983482554088;2.186485528945923;2.186485528945923;1900
2015-03-05;2.2586469468830552;2.345240354306221;2.1215405464172363;2.1215405464172363;5700
2015-03-06;2.121540452024093;2.121540452024093;2.0493791103363037;2.0493791103363037;3400
2015-03-09;1.9700020433125298;2.027730985460765;1.955569807775471;2.013298749923706;3300
2015-03-10;2.013298749923706;2.013298749923706;2.013298749923706;2.013298749923706;0
2015-03-11;1.8401117324829102;1.8401117324829102;1.8401117324829102;1.8401117324829102;0
2015-03-12;1.9627855644733667;1.9627855644733667;1.8834081115758636;1.9339210987091064;1000
2015-03-13;1.9339210987091064;1.9339210987091064;1.9339210987091064;1.9339210987091064;400
2015-03-16;1.8906243094619548;1.9050567150115965;1.8906243094619548;1.9050567150115967;800
2015-03-17;1.9122728317635203;1.9122728317635203;1.9050567150115965;1.9050567150115967;400
2015-03-18;1.8761920928955078;1.8761920928955078;1.8761920928955078;1.8761920928955078;600
2015-03-19;1.8761920928955078;1.8761920928955078;1.8761920928955078;1.8761920928955078;0
2015-03-20;1.9122729301452637;1.9122729301452637;1.9122729301452637;1.9122729301452637;100
2015-03-23;1.8761920720828662;1.9483534114988497;1.8761920720828662;1.8834081888198853;1000
2015-03-24;1.8834081888198853;1.8834081888198853;1.8834081888198853;1.8834081888198853;0
2015-03-25;1.9050567150115965;1.9050567150115965;1.9050567150115965;1.9050567150115967;100
2015-03-26;1.9050567150115965;1.9050567150115965;1.9050567150115965;1.9050567150115967;0
2015-03-27;1.9555697128619711;2.0349470044632207;1.9555697128619711;2.006082534790039;2100
2015-03-30;1.9411374330520628;1.9411374330520628;1.9411374330520628;1.941137433052063;1000
2015-03-31;1.9411374330520628;1.9411374330520628;1.9411374330520628;1.941137433052063;0
2015-04-01;1.926705387523039;2.034947156906128;1.926705387523039;2.034947156906128;400
2015-04-02;1.9772183377688102;1.9772183377688102;1.9483538641153118;1.9555699825286865;800
2015-04-06;1.955569646148561;1.955569646148561;1.9483535289764404;1.9483535289764404;3600
2015-04-07;1.9483535289764404;1.9483535289764404;1.9483535289764404;1.9483535289764404;0
2015-04-08;2.0638114427786234;2.1071083186763486;2.0565953254699707;2.0565953254699707;5600
2015-04-09;2.056595650042292;2.164837598800659;2.056595650042292;2.164837598800659;3600
2015-04-13;2.128756523132324;2.128756523132324;2.128756523132324;2.128756523132324;0
2015-04-17;2.128756523132324;2.128756523132324;2.128756523132324;2.128756523132324;200
2015-04-22;2.164837598800659;2.20091819103817;2.164837598800659;2.164837598800659;2200
2015-04-24;2.2297826648281784;2.2297826648281784;2.164837598800659;2.164837598800659;200
2015-04-28;2.3668886805697116;2.3668886805697116;2.2514306332080896;2.2730791568756104;2700
2015-04-29;2.2730791568756104;2.2730791568756104;2.2730791568756104;2.2730791568756104;0
2015-05-04;2.2153499126434326;2.2153499126434326;2.2153499126434326;2.2153499126434326;700
2015-05-05;2.1359726399410794;2.172053223984855;2.128756523132324;2.128756523132324;1200
2015-05-06;2.099892229608181;2.2297823429107666;2.099892229608181;2.2297823429107666;1200
2015-05-07;2.2730791568756104;2.2730791568756104;2.2730791568756104;2.2730791568756104;100
2015-05-11;2.186485528945923;2.186485528945923;2.186485528945923;2.186485528945923;1600
2015-05-13;2.222566604614258;2.222566604614258;2.222566604614258;2.222566604614258;100
2015-05-14;2.222566604614258;2.222566604614258;2.222566604614258;2.222566604614258;0
2015-05-18;2.222566604614258;2.222566604614258;2.222566604614258;2.222566604614258;200
2015-05-19;2.1648373172130797;2.179269552230835;2.1648373172130797;2.179269552230835;500
2015-05-20;2.2586467266082764;2.309159542678855;2.2297820882364414;2.2586467266082764;2400
2015-05-21;2.3235920586441967;2.4390501100464625;2.042163133621216;2.042163133621216;2600
2015-05-22;2.2153501945880993;2.3235921319452335;2.200917959213257;2.200917959213257;6200
2015-05-26;2.30194354057312;2.30194354057312;2.30194354057312;2.30194354057312;200
2015-05-27;2.2586467266082764;2.2586467266082764;2.2586467266082764;2.2586467266082764;600
2015-05-29;2.345240366751358;2.3813209533691406;2.345240366751358;2.3813209533691406;200
2015-06-01;2.446266155449827;2.446266155449827;2.309159755706787;2.309159755706787;600
2015-06-02;2.2875116921694842;2.330808401107788;2.2875116921694842;2.330808401107788;300
2015-06-03;2.345240592956543;2.345240592956543;2.345240592956543;2.345240592956543;1600
2015-06-04;2.345240592956543;2.345240592956543;2.345240592956543;2.345240592956543;0
2015-06-08;2.323591709136963;2.323591709136963;2.323591709136963;2.323591709136963;3600
2015-06-09;2.345240637420556;2.345240637420556;2.330808401107788;2.330808401107788;29700
2015-06-10;2.4174019165090685;2.4246180349565707;2.164837598800659;2.164837598800659;14000
2015-06-11;2.4895629670645945;2.612236965595593;2.4174016194123116;2.5761563777923584;8100
2015-06-12;2.6122368535911855;2.6122368535911855;2.5328595638275146;2.5328595638275146;400
2015-06-15;2.6050210357937944;2.6050210357937944;2.5472920911477615;2.5545082092285156;600
2015-06-16;2.5472917423077917;2.61223679614065;2.5112111568450928;2.5112111568450928;1500
2015-06-17;2.561723876191432;2.561723876191432;2.503994941711426;2.503994941711426;1300
2015-06-18;2.503994941711426;2.503994941711426;2.503994941711426;2.503994941711426;0
2015-06-19;2.4751307211973232;2.590588601666405;2.4751307211973232;2.5400757789611816;600
2015-06-22;2.6122370201977434;2.6122370201977434;2.5978047847747803;2.5978047847747803;1400
2015-06-23;2.5472917135031437;2.5617239475250244;2.5472917135031437;2.5617239475250244;2200
2015-06-24;2.626669320915539;2.655533790588379;2.626669320915539;2.655533790588379;700
2015-06-25;2.655533790588379;2.655533790588379;2.655533790588379;2.655533790588379;0
2015-06-26;2.706046810587718;2.706046810587718;2.6627501029093117;2.669966220855713;2700
2015-06-29;2.5833723545074463;2.5833723545074463;2.5833723545074463;2.5833723545074463;500
2015-06-30;2.4895629988485553;2.5256435871124268;2.4895629988485553;2.5256435871124268;200
2015-07-01;2.5256435871124268;2.5256435871124268;2.5256435871124268;2.5256435871124268;0
2015-07-02;2.4174015522003174;2.4174015522003174;2.4174015522003174;2.4174015522003174;100
2015-07-06;2.48956298828125;2.48956298828125;2.48956298828125;2.48956298828125;100
2015-07-07;2.489563098035657;2.489563098035657;2.4318339824676514;2.4318339824676514;600
2015-07-08;2.374104966086155;2.4390501976013184;2.374104966086155;2.4390501976013184;500
2015-07-09;2.4246179371407797;2.4246179371407797;2.3235922829514037;2.330808401107788;1000
2015-07-10;2.3885371695254123;2.48956298828125;2.3885371695254123;2.48956298828125;1000
2015-07-13;2.48956298828125;2.48956298828125;2.48956298828125;2.48956298828125;0
2015-07-14;2.453482303792859;2.5256434771796687;2.3668887236828784;2.482346773147583;1700
2015-07-15;2.5256435871124268;2.5256435871124268;2.4967791165013296;2.5256435871124268;1900
2015-07-17;2.5617239475250244;2.5617239475250244;2.5617239475250244;2.5617239475250244;200
2015-07-20;2.5039952235255387;2.5039952235255387;2.48956298828125;2.48956298828125;300
2015-07-21;2.48956298828125;2.568940282124839;2.460698517792672;2.48956298828125;6800
2015-07-23;2.561724108329668;2.561724108329668;2.467914581298828;2.467914581298828;300
2015-07-24;2.49677921597593;2.49677921597593;2.4318339824676514;2.4318339824676514;1000
2015-07-27;2.4606986072331827;2.4606986072331827;2.359672784805298;2.359672784805298;300
2015-07-28;2.323592121397845;2.323592121397845;2.258647062505857;2.2658631801605225;8200
2015-07-29;2.265863210389991;2.3741049766540527;2.2586470926390536;2.3741049766540527;2100
2015-07-30;2.4174016279467363;2.4174016279467363;2.352456569671631;2.352456569671631;200
2015-07-31;2.352456569671631;2.352456569671631;2.352456569671631;2.352456569671631;0
2015-08-03;2.2875115113965254;2.352456569671631;2.2875115113965254;2.352456569671631;600
2015-08-04;2.352456242167922;2.352456242167922;2.2586467266082764;2.2586467266082764;4100
2015-08-06;2.251430437980975;2.2947273095158325;2.251430437980975;2.2586467266082764;2400
2015-08-10;2.3235922829514037;2.330808401107788;2.3235922829514037;2.330808401107788;200
2015-08-11;2.2730791694706727;2.309159755706787;2.2730791694706727;2.309159755706787;2500
2015-08-12;2.309159755706787;2.309159755706787;2.309159755706787;2.309159755706787;0
2015-08-13;2.2658629020724756;2.2658629020724756;2.2153499126434326;2.2153499126434326;200
2015-08-14;2.2153499126434326;2.2153499126434326;2.2153499126434326;2.2153499126434326;0
2015-08-17;2.28751145420217;2.28751145420217;2.222566225505067;2.2297823429107666;500
2015-08-18;2.2875115871429443;2.2875115871429443;2.2875115871429443;2.2875115871429443;100
2015-08-19;2.30194354057312;2.30194354057312;2.30194354057312;2.30194354057312;100
2015-08-20;2.2297822026739955;2.2369983196258545;2.2297822026739955;2.2369983196258545;2100
2015-08-21;2.301943638459564;2.3380242246956784;2.2730791694706727;2.309159755706787;7000
2015-08-24;2.2586466674338426;2.2586466674338426;2.172053098678589;2.172053098678589;300
2015-08-25;2.8359369621559862;2.8359369621559862;2.2442146323119596;2.2514307498931885;6700
2015-08-26;2.1864857238384143;2.200917959213257;2.1864857238384143;2.200917959213257;1800
2015-08-27;2.186485528945923;2.186485528945923;2.186485528945923;2.186485528945923;100
2015-08-28;2.1215405464172363;2.1215405464172363;2.1215405464172363;2.1215405464172363;100
2015-08-31;2.1215405464172363;2.1215405464172363;2.1215405464172363;2.1215405464172363;0
2015-09-01;2.0782439708709717;2.0782439708709717;2.0782439708709717;2.0782439708709717;100
2015-09-04;2.1864859541431656;2.1864859541431656;2.164837598800659;2.164837598800659;1300
2015-09-08;1.9844342683314906;2.0782439708709717;1.9844342683314906;2.0782439708709717;400
2015-09-09;2.143188898273028;2.143188898273028;2.099892194561445;2.1215405464172363;400
2015-09-11;2.179269552230835;2.179269552230835;2.179269552230835;2.179269552230835;200
2015-09-14;2.2297826648281784;2.2297826648281784;2.164837598800659;2.164837598800659;400
2015-09-15;2.0998920558973038;2.258646797735713;2.0998920558973038;2.128756523132324;5200
2015-09-16;2.1648372325679786;2.2081339359283447;2.1648372325679786;2.2081339359283447;3700
2015-09-17;2.1864854455672904;2.2153499126434326;2.1864854455672904;2.2153499126434326;5200
2015-09-18;2.1287568495139233;2.1648374390895855;2.0998923778533936;2.0998923778533936;400
2015-09-21;2.0638114037303716;2.0638114037303716;1.9483535289764404;1.9483535289764404;3200
2015-09-22;1.991650342941284;1.991650342941284;1.991650342941284;1.9916503429412842;100
2015-09-23;2.013298929835683;2.013298929835683;1.9555699825286865;1.9555699825286865;300
2015-09-24;1.9483534246693353;2.02051459252732;1.9483534246693353;1.9844340085983276;2100
2015-09-25;2.0493792510809943;2.1143244802648113;2.042163133621216;2.042163133621216;900
2015-09-28;2.006082534790039;2.006082534790039;2.006082534790039;2.006082534790039;100
2015-09-29;2.063811518681767;2.063811518681767;1.991650342941284;1.9916503429412842;500
2015-09-30;1.991650342941284;1.991650342941284;1.991650342941284;1.9916503429412842;0
2015-10-02;2.0710275173187256;2.0710275173187256;2.0710275173187256;2.0710275173187256;100
2015-10-05;2.1359728242947655;2.1359728242947655;2.1071083545684814;2.1071083545684814;1000
2015-10-06;2.1071083545684814;2.1071083545684814;2.1071083545684814;2.1071083545684814;0
2015-10-07;2.193701809243357;2.2514307498931885;2.193701809243357;2.2514307498931885;300
2015-10-08;2.316375717403916;2.316375717403916;2.244214377731686;2.2802951335906982;900
2015-10-09;2.3235919902012325;2.3380242246956784;2.309159755706787;2.309159755706787;5600
2015-10-13;2.4895633382591016;2.669966476219242;2.1431892996119655;2.222566604614258;6600
2015-10-15;2.3019438848391123;2.410185655132689;2.3019438848391123;2.345240592956543;2800
2015-10-16;2.309159755706787;2.309159755706787;2.309159755706787;2.309159755706787;1000
2015-10-19;2.30194354057312;2.30194354057312;2.30194354057312;2.30194354057312;2700
2015-10-20;2.3668888687985903;2.4101855754852295;2.3668888687985903;2.4101855754852295;300
2015-10-22;2.48956298828125;2.48956298828125;2.48956298828125;2.48956298828125;400
2015-10-23;2.3668887615203857;2.3668887615203857;2.3668887615203857;2.3668887615203857;100
2015-10-26;2.30915976221333;2.424617638494222;2.085459954873295;2.2442145347595215;31400
2015-10-27;2.3235921523974907;2.4101855654087396;2.3235921523974907;2.3741049766540527;1200
2015-10-28;2.4895629336905603;2.4895629336905603;2.4029693520778204;2.467914581298828;2800
2015-10-29;2.22948774637169;2.399122714996338;2.22948774637169;2.399122714996338;5600
2015-10-30;2.3991226919329196;2.3991226919329196;2.148709260937661;2.2698769569396973;8000
2015-11-02;2.3506553027601704;2.3506553027601704;2.3425774574279785;2.3425774574279785;300
2015-11-03;2.3102662240107144;2.407200574874878;2.3102662240107144;2.407200574874878;500
2015-11-04;2.3102661851657675;2.382966995239258;2.30218833877883;2.382966995239258;500
2015-11-05;2.3506557941436768;2.3506557941436768;2.3506557941436768;2.3506557941436768;100
2015-11-06;2.382966995239258;2.382966995239258;2.382966995239258;2.382966995239258;100
2015-11-09;2.463745594024658;2.463745594024658;2.463745594024658;2.463745594024658;300
2015-11-10;2.479901019674168;2.479901019674168;2.447589635848999;2.447589635848999;1400
2015-11-11;2.4879794120788574;2.4879794120788574;2.423356630235068;2.4879794120788574;1200
2015-11-12;2.455667734146118;2.455667734146118;2.455667734146118;2.455667734146118;200
2015-11-13;2.382966995239258;2.382966995239258;2.382966995239258;2.382966995239258;500
2015-11-16;2.4718233054955743;2.4718233054955743;2.382966995239258;2.382966995239258;3500
2015-11-17;2.382966995239258;2.382966995239258;2.382966995239258;2.382966995239258;1700
2015-11-18;2.3829670086852803;2.391044855117798;2.3829670086852803;2.391044855117798;200
2015-11-19;2.391044855117798;2.391044855117798;2.391044855117798;2.391044855117798;0
2015-11-20;2.4233560702281336;2.431433916091919;2.4233560702281336;2.431433916091919;1200
2015-11-23;2.358733654022217;2.358733654022217;2.358733654022217;2.358733654022217;4100
2015-11-24;2.4314343804570626;2.4314343804570626;2.3829672960179096;2.423356533050537;700
2015-11-25;2.3506557941436768;2.391045029247644;2.3506557941436768;2.3506557941436768;1100
2015-11-27;2.415278434753418;2.4556676675905544;2.415278434753418;2.415278434753418;800
2015-11-30;2.3345000726886176;2.3345000726886176;2.181020788504747;2.213332176208496;6200
2015-12-01;2.2860325946585487;2.2860325946585487;2.237565517425537;2.237565517425537;1100
2015-12-02;2.189098834991455;2.189098834991455;2.189098834991455;2.189098834991455;100
2015-12-03;2.261799137210609;2.2860326766967773;2.261799137210609;2.2860326766967773;900
2015-12-04;2.2698769569396973;2.2698769569396973;2.2698769569396973;2.2698769569396973;400
2015-12-07;2.2617990970611572;2.2617990970611572;2.2617990970611572;2.2617990970611572;2100
2015-12-08;2.2456433359866423;2.2456433359866423;2.221409797668457;2.221409797668457;200
2015-12-09;2.2941103402387943;2.3183438777923584;2.2941103402387943;2.3183438777923584;900
2015-12-10;2.3183438777923584;2.3183438777923584;2.3183438777923584;2.3183438777923584;0
2015-12-11;2.2779546484879503;2.2779546484879503;2.181020498275757;2.181020498275757;2000
2015-12-14;2.205254035828805;2.245643265083886;2.181020498275757;2.181020498275757;4400
2015-12-15;2.181020498275757;2.181020498275757;2.181020498275757;2.181020498275757;0
2015-12-16;2.2375655713391542;2.2698769569396973;2.2375655713391542;2.2698769569396973;800
2015-12-17;2.2294877116531624;2.2617990970611572;2.2294877116531624;2.2617990970611572;4400
2015-12-18;2.2617990970611572;2.2617990970611572;2.2617990970611572;2.2617990970611572;0
2015-12-21;2.2294878700603706;2.2617992577641197;2.181020788504747;2.213332176208496;3400
2015-12-22;2.213332176208496;2.213332176208496;2.213332176208496;2.213332176208496;0
2015-12-28;2.2698769569396973;2.2698769569396973;2.2617991105395614;2.2698769569396973;7100
2015-12-29;2.294110549864551;2.3021883964538574;2.294110549864551;2.3021883964538574;6900
2015-12-30;2.3021883964538574;2.3021883964538574;2.3021883964538574;2.3021883964538574;0
2015-12-31;2.3668110370635986;2.3668110370635986;2.3668110370635986;2.3668110370635986;700
2016-01-04;2.342578026174981;2.342578026174981;2.229487971476497;2.2779550552368164;10200
2016-01-05;2.2860324524537265;2.657613739974339;2.245643223938667;2.2941102981567383;46900
2016-01-06;2.3425777106881074;2.3425777106881074;2.237565517425537;2.237565517425537;4400
2016-01-07;2.2294878569654317;2.2294878569654317;2.205254316329956;2.205254316329956;5600
2016-01-08;2.205254316329956;2.205254316329956;2.205254316329956;2.205254316329956;0
2016-01-11;2.221409825014533;2.253721209836541;2.1729427477815215;2.237565517425537;4100
2016-01-12;2.237565517425537;2.237565517425537;2.237565517425537;2.237565517425537;0
2016-01-13;2.221409916007647;2.423356272008342;2.148709297180176;2.148709297180176;12600
2016-01-14;2.148709297180176;2.148709297180176;2.148709297180176;2.148709297180176;0
2016-01-15;2.1567869186401367;2.1648647643335406;2.1567869186401367;2.1567869186401367;1200
2016-01-19;2.1244756302380896;2.1648648604992426;2.1002418994903564;2.1002418994903564;3200
2016-01-20;2.108320099013895;2.1406316812310706;2.0194637775421143;2.0194637775421143;5300
2016-01-21;2.019463442436485;2.027541288502589;1.9629185199737549;1.9629185199737549;1600
2016-01-22;2.0356192588806152;2.0356192588806152;2.0356192588806152;2.0356192588806152;400
2016-01-25;2.0840861284643104;2.1648647785186768;2.067930436971644;2.1648647785186768;1800
2016-01-26;1.9952299981026977;2.043697076779431;1.8982956481581803;1.9467629194259644;15800
2016-01-27;1.8902178333228674;1.9386851054011875;1.777127981185913;1.777127981185913;7300
2016-01-28;1.8255951274553202;1.9063735962223896;1.7609723524416645;1.8175172805786133;12100
2016-01-29;1.8417509229913265;1.8821401596069336;1.8175173810219623;1.8821401596069336;900
2016-02-01;1.8740619421005247;1.8740619421005247;1.8740619421005247;1.874061942100525;900
2016-02-02;1.8579064745510465;1.8579064745510465;1.7932837009429932;1.7932837009429932;900
2016-02-03;1.857906355248972;1.8659842014312746;1.857906355248972;1.8659842014312744;700
2016-02-04;1.9306070944446856;1.9548406321250327;1.9306070944446856;1.9386849403381348;5400
2016-02-05;1.898295518279852;1.9386849403381345;1.817517059345362;1.9386849403381348;2700
2016-02-08;1.9386849005116007;1.9386849005116007;1.7367385647329352;1.874061942100525;2800
2016-02-09;1.9225293420925407;1.9225293420925407;1.8094393014907835;1.8094393014907837;400
2016-02-10;1.8902177643555764;1.9063734569285349;1.8094393014907835;1.8094393014907837;300
2016-02-11;1.8982956217429674;1.9306071996688843;1.8982956217429674;1.9306071996688843;4200
2016-02-12;1.9790743199640302;2.027541399002075;1.9790743199640302;2.027541399002075;1800
2016-02-16;2.059852513474998;2.059852513474998;2.011385440826416;2.011385440826416;200
2016-02-17;2.100241847174559;2.181020498275757;2.0921640013235425;2.181020498275757;1000
2016-02-23;2.197176335748638;2.382966995239258;1.962918597936391;2.382966995239258;7300
2016-02-24;2.4072003305899377;2.4072003305899377;2.2941102981567383;2.2941102981567383;1400
2016-02-25;2.2779549382363826;2.2779549382363826;2.205254316329956;2.205254316329956;4100
2016-02-29;2.197176218032837;2.197176218032837;2.197176218032837;2.197176218032837;200
2016-03-01;2.172942680170358;2.197176218032837;2.172942680170358;2.197176218032837;500
2016-03-02;2.197176218032837;2.197176218032837;2.197176218032837;2.197176218032837;0
2016-03-03;2.2698771699173212;2.2698771699173212;2.2537214756011963;2.2537214756011963;500
2016-03-04;2.3425774574279785;2.3425774574279785;2.3344996120957866;2.3425774574279785;2300
2016-03-07;2.3506555963375733;2.5364462547727276;2.3506555963375733;2.3748891353607178;9100
2016-03-08;2.3829670220407575;2.399122714996338;2.3829670220407575;2.399122714996338;3100
2016-03-09;2.4637453693918343;2.536446176817939;2.45566752329905;2.471823215484619;2400
2016-03-10;2.447589635848999;2.447589635848999;2.447589635848999;2.447589635848999;100
2016-03-11;2.5445241928100586;2.5445241928100586;2.5445241928100586;2.5445241928100586;100
2016-03-14;2.54452417952148;2.54452417952148;2.528368486341557;2.5364463329315186;7700
2016-03-15;2.5041345288659898;2.5041345288659898;2.4072003785005625;2.431433916091919;2200
2016-03-16;2.407200547982833;2.4960568587405256;2.3587334693877278;2.391044855117798;3000
2016-03-17;2.455667734146118;2.455667734146118;2.455667734146118;2.455667734146118;100
2016-03-18;2.5283684995457643;2.5445241928100586;2.455667687265385;2.5445241928100586;1000
2016-03-21;2.5041346549987793;2.5041346549987793;2.5041346549987793;2.5041346549987793;900
2016-03-22;2.5041347670582677;2.5445241928100586;2.5041347670582677;2.5445241928100586;3700
2016-03-23;2.423356533050537;2.423356533050537;2.423356533050537;2.423356533050537;200
2016-03-24;2.423356533050537;2.423356533050537;2.423356533050537;2.423356533050537;0
2016-03-28;2.4960569073906584;2.54452417952148;2.4960569073906584;2.5364463329315186;300
2016-03-29;2.5364463329315186;2.5364463329315186;2.5364463329315186;2.5364463329315186;0
2016-03-30;2.5364463329315186;2.5364463329315186;2.5364463329315186;2.5364463329315186;500
2016-04-04;2.5526019527784887;2.5526019527784887;2.431434064819013;2.5202903747558594;2900
2016-04-05;2.5687576037509263;2.5687576037509263;2.4960567951202393;2.4960567951202393;4000
2016-04-06;2.617224839577182;2.617224839577182;2.5364463724199773;2.5606799125671387;700
2016-04-07;2.6172247095558325;2.6172247095558325;2.5122125148773193;2.5122125148773193;1000
2016-04-08;2.504134586856922;2.6495360083633166;2.4152782802975388;2.5768353939056396;55700
2016-04-11;2.6495361328125;2.6495361328125;2.641458286382229;2.6495361328125;7500
2016-04-12;2.6495361328125;2.6495361328125;2.6495361328125;2.6495361328125;100
2016-04-13;2.649535950411399;2.681847333908081;2.649535950411399;2.681847333908081;6600
2016-04-14;2.681847333908081;2.681847333908081;2.681847333908081;2.681847333908081;0
2016-04-15;2.76262601617696;2.8110930919647217;2.76262601617696;2.8110930919647217;600
2016-04-18;2.7949375016647227;2.7949375016647227;2.7303147315979004;2.7303147315979004;3100
2016-04-19;2.8272491021587256;2.859560489654541;2.8272491021587256;2.859560489654541;300
2016-04-20;2.859560489654541;2.859560489654541;2.859560489654541;2.859560489654541;0
2016-04-21;2.8434045723975454;2.867638111114502;2.8434045723975454;2.867638111114502;1000
2016-04-22;2.8030151178197125;2.8030151178197125;2.7383923530578613;2.7383923530578613;6800
2016-04-25;2.786859554070841;2.8272487838939755;2.786859554070841;2.8110930919647217;2500
2016-04-26;2.8110930919647217;2.8110930919647217;2.8110930919647217;2.8110930919647217;0
2016-04-27;2.7303146441334896;2.7545481821322375;2.6576138375462057;2.706080913543701;3200
2016-04-28;2.8110930919647217;2.8110930919647217;2.8110930919647217;2.8110930919647217;200
2016-04-29;2.7707039628896646;2.8514824254731925;2.7303147315979004;2.7303147315979004;3600
2016-05-02;2.9241830851752666;2.9241830851752666;2.6899253476170437;2.7545483112335205;5300
2016-05-03;2.75454831123352;2.75454831123352;2.75454831123352;2.7545483112335205;0
2016-05-04;2.681847333908081;2.7222365632789334;2.6333802586630584;2.681847333908081;2900
2016-05-05;2.786859683047338;2.8110932220627527;2.746470451354981;2.7464704513549805;500
2016-05-06;2.76262617111206;2.76262617111206;2.76262617111206;2.7626261711120605;300
2016-05-09;2.714158773422241;2.714158773422241;2.64145815905424;2.714158773422241;4500
2016-05-10;2.7949372722244807;2.8272486546054063;2.73031450746263;2.7383923530578613;19900
2016-05-11;2.827249050140381;2.827249050140381;2.827249050140381;2.827249050140381;300
2016-05-12;2.78685965540637;2.78685965540637;2.7303147315979004;2.7303147315979004;1700
2016-05-13;2.7787818908691406;2.7787818908691406;2.7787818908691406;2.7787818908691406;1000
2016-05-16;2.851482495559577;2.851482495559577;2.7707040309906006;2.7707040309906006;700
2016-05-17;2.746470451354981;2.746470451354981;2.746470451354981;2.7464704513549805;1100
2016-05-18;2.7383923530578613;2.7383923530578613;2.7383923530578613;2.7383923530578613;300
2016-05-19;2.6656918658959614;2.6737697124481197;2.6656918658959614;2.67376971244812;400
2016-05-20;2.6980034149530114;2.7464706897824445;2.625302791595459;2.625302791595459;4000
2016-05-23;2.66569185256958;2.66569185256958;2.66569185256958;2.66569185256958;500
2016-05-24;2.66569185256958;2.66569185256958;2.66569185256958;2.66569185256958;0
2016-05-25;2.625302791595459;2.6980034149530114;2.625302791595459;2.625302791595459;5200
2016-05-26;2.625302791595459;2.625302791595459;2.625302791595459;2.625302791595459;0
2016-05-27;2.641458485674915;2.7464706897824445;2.625302791595459;2.625302791595459;5200
2016-05-31;2.641458176442631;2.649536022536695;2.5849132537841797;2.5849132537841797;300
2016-06-01;2.584913374450717;2.65761399269104;2.584913374450717;2.65761399269104;2800
2016-06-02;2.6576141535997637;2.6576141535997637;2.609147071838379;2.609147071838379;400
2016-06-03;2.6495363584707916;2.681847746943803;2.633380664234286;2.641458511352539;16500
2016-06-06;2.625302791595459;2.625302791595459;2.6172249445557307;2.625302791595459;5200
2016-06-07;2.625302791595459;2.625302791595459;2.625302791595459;2.625302791595459;2300
2016-06-08;2.6414583524120205;2.6899254322052;2.625302659147627;2.6899254322052;6700
2016-06-09;2.66569185256958;2.66569185256958;2.66569185256958;2.66569185256958;2500
2016-06-10;2.584913505201556;2.592991352081299;2.584913505201556;2.592991352081299;700
2016-06-13;2.584913338210069;2.584913338210069;2.5202903747558594;2.5202903747558594;3200
2016-06-14;2.5202903747558594;2.5202903747558594;2.5202903747558594;2.5202903747558594;0
2016-06-15;2.5606798607179027;2.6737697124481197;2.5445241676135857;2.67376971244812;8100
2016-06-16;2.6737697124481197;2.6737697124481197;2.6737697124481197;2.67376971244812;300
2016-06-17;2.6737696990813555;2.6737696990813555;2.625302620010703;2.66569185256958;3400
2016-06-20;2.6737695295453707;2.7707038741314025;2.6656916835457882;2.706080913543701;3100
2016-06-21;2.5929912994300204;2.6253026862929025;2.5606799125671387;2.5606799125671387;1300
2016-06-22;2.5606799125671387;2.5606799125671387;2.5606799125671387;2.5606799125671387;0
2016-06-23;2.7464706334191864;2.956494844733049;2.7464706334191864;2.859560489654541;17400
2016-06-24;2.6737696809167777;2.8353268026457816;2.6737696809167777;2.7707040309906006;16200
2016-06-27;2.770703990370395;2.8918716854474673;2.7222367197485178;2.7464704513549805;16700
2016-06-28;2.851482418636531;2.867638111114502;2.851482418636531;2.867638111114502;1600
2016-06-29;2.9807283305127124;2.9807283305127124;2.827249050140381;2.827249050140381;4400
2016-06-30;2.9241833431071753;2.948417076970332;2.867638413472297;2.9080276489257812;14200
2016-07-01;2.932261072006772;2.9807281494140625;2.9241830331811776;2.9807281494140625;1300
2016-07-05;3.0211170803677434;3.134207109004312;2.9322607806176744;2.9484164714813232;16400
2016-07-06;2.9726502895355225;2.9726502895355225;2.9726502895355225;2.9726502895355225;800
2016-07-07;2.9726502895355225;2.9726502895355225;2.9726502895355225;2.9726502895355225;3000
2016-07-08;2.9888060092926025;3.029195240649723;2.980728163021179;2.9888060092926025;3300
2016-07-11;3.069584621292263;3.1503632805261192;3.069584621292263;3.077662467956543;4700
2016-07-12;3.077662467956543;3.077662467956543;3.077662467956543;3.077662467956543;0
2016-07-13;2.988805995648611;3.0291952268213533;2.964572456944966;2.9807281494140625;4400
2016-07-14;3.1342075871975594;3.1503632805261192;3.069584621292263;3.077662467956543;8700
2016-07-15;3.0776621594176;3.0776621594176;3.029195084290796;3.0372729301452637;2800
2016-07-18;3.0695845680146103;3.0695845680146103;3.045351028442383;3.045351028442383;1400
2016-07-19;3.069584369659424;3.0776622156615128;2.9807280636364446;3.069584369659424;6000
2016-07-20;3.0211173477072317;3.109973655320219;3.0211173477072317;3.101895809173584;1700
2016-07-21;3.101895809173584;3.101895809173584;3.101895809173584;3.101895809173584;0
2016-07-22;3.1584411196758584;3.23114173948141;3.0695846139891283;3.1907525062561035;20800
2016-07-25;3.214986098992536;3.2230639457702637;3.0615068176246525;3.2230639457702637;2200
2016-07-26;3.239219687010684;3.3199981511743455;3.2311416480032675;3.279608726501465;2200
2016-07-27;3.182674600991366;3.271531105041504;3.182674600991366;3.271531105041504;1900
2016-07-28;3.2634528663005997;3.2634528663005997;3.069584369659424;3.069584369659424;10500
2016-07-29;3.2392195084399074;3.2392195084399074;3.174596548080444;3.1745965480804443;2300
2016-08-01;3.311919972785841;3.311919972785841;3.198830127716064;3.1988301277160645;5000
2016-08-02;3.198830127716064;3.198830127716064;3.198830127716064;3.1988301277160645;0
2016-08-03;3.1584410667419434;3.1584410667419434;3.1584410667419434;3.1584410667419434;900
2016-08-04;3.1907525062561035;3.1907525062561035;3.1907525062561035;3.1907525062561035;200
2016-08-05;3.1907525062561035;3.1907525062561035;3.1907525062561035;3.1907525062561035;0
2016-08-08;3.3119199870399267;3.3119199870399267;3.190752295372247;3.2069079875946045;39100
2016-08-09;3.239219719056382;3.2796087589467326;3.231141679969049;3.271531105041504;13000
2016-08-10;3.319998286165325;3.319998286165325;3.1826746989124794;3.2149860858917236;3600
2016-08-11;3.303842629746692;3.303842629746692;3.0938182268428958;3.118051767349243;12600
2016-08-12;3.077662284322914;3.126129361416729;3.077662284322914;3.109973669052124;5600
2016-08-15;3.1584410667419434;3.182674606270985;3.142285373722582;3.1584410667419434;7400
2016-08-16;3.150363120159502;3.1665188126656703;3.11805154255612;3.126129388809204;2400
2016-08-17;3.069584369659424;3.069584369659424;3.069584369659424;3.069584369659424;200
2016-08-18;3.0695845755040128;3.1665189266204834;3.004961803153735;3.1665189266204834;6400
2016-08-19;2.980728256249776;3.045351028442383;2.980728256249776;3.045351028442383;3900
2016-08-22;3.1099738811801907;3.1099738811801907;3.077662494247055;3.093818187713623;1900
2016-08-23;2.9888061801809314;3.093818187713623;2.9888061801809314;3.093818187713623;400
2016-08-24;3.101895809173584;3.101895809173584;3.101895809173584;3.101895809173584;100
2016-08-25;3.101895809173584;3.101895809173584;3.101895809173584;3.101895809173584;200
2016-08-29;2.9888063616054614;3.077662681065282;2.964572819934601;3.061506986618042;2400
2016-08-30;3.101895696981002;3.101895696981002;3.0049615467273942;3.0372729301452637;2800
2016-08-31;3.0534288749664587;3.0534288749664587;3.037273181918307;3.045351028442383;4700
2016-09-01;3.045350905312774;3.045350905312774;2.9726502895355225;2.9726502895355225;5100
2016-09-02;3.004961518829239;3.029195056167656;2.988805827270294;3.0211172103881836;3700
2016-09-06;3.021117582390052;3.0372732759383094;2.948416961422893;2.9564948081970215;3700
2016-09-07;2.948416807814154;2.948416807814154;2.8676381516902723;2.891871690750122;1700
2016-09-08;2.916105031967163;2.916105031967163;2.916105031967163;2.916105031967163;1300
2016-09-09;2.86763801371711;2.8999493975756176;2.8110930919647217;2.8110930919647217;17100
2016-09-12;2.786859683047338;2.786859683047338;2.738392605016509;2.7464704513549805;900
2016-09-13;2.7464706897824445;2.7464706897824445;2.625302791595459;2.625302791595459;8900
2016-09-14;2.6253029040311655;2.6980035305023193;2.6253029040311655;2.6980035305023193;2300
2016-09-15;2.7222366055428666;2.76262602813182;2.689925221544536;2.706080913543701;1100
2016-09-16;2.706080913543701;2.706080913543701;2.706080913543701;2.706080913543701;700
2016-09-19;2.7141592626410436;2.72223711013794;2.7141592626410436;2.7222371101379395;300
2016-09-20;2.75454831123352;2.75454831123352;2.75454831123352;2.7545483112335205;200
2016-09-21;2.7949373861616524;2.835326615784299;2.7949373861616524;2.8030152320861816;900
2016-09-22;2.875716222306925;2.883794069290161;2.875716222306925;2.883794069290161;1000
2016-09-23;2.843404769897461;2.843404769897461;2.843404769897461;2.843404769897461;100
2016-09-26;2.7707041230630693;2.8595604370417016;2.7464705828870786;2.827249050140381;29600
2016-09-27;2.8514826166975253;2.867638310297654;2.8272490762973326;2.843404769897461;18300
2016-09-28;2.82724908926466;2.851482629776001;2.819171242427546;2.851482629776001;1900
2016-09-29;2.851482577012409;2.851482577012409;2.819171190261841;2.819171190261841;6000
2016-09-30;2.8030152320861816;2.8030152320861816;2.8030152320861816;2.8030152320861816;100
2016-10-03;2.835326766277139;2.891871690750122;2.835326766277139;2.891871690750122;700
2016-10-04;2.932261073617432;2.932261073617432;2.7787818024856614;2.867638111114502;6000
2016-10-05;2.8514826427805873;2.8837940302764027;2.8514826427805873;2.859560489654541;8300
2016-10-06;2.8918716635476396;2.8918716635476396;2.8514824321611454;2.875715970993042;17100
2016-10-07;2.867638111114502;2.8918716498314585;2.8434045723975454;2.867638111114502;18400
2016-10-10;2.9080273834566888;2.9080273834566888;2.891871690750122;2.891871690750122;18500
2016-10-11;2.891871690750122;2.891871690750122;2.891871690750122;2.891871690750122;300
2016-10-12;2.924182877772406;2.924182877772406;2.916105031967163;2.916105031967163;3400
2016-10-13;2.8757159709930415;2.8837938172703406;2.8757159709930415;2.875715970993042;6800
2016-10-14;2.899949550628662;2.899949550628662;2.8918717042377042;2.899949550628662;1200
2016-10-17;2.8676379994824157;2.8676379994824157;2.8030152320861816;2.8030152320861816;1200
2016-10-18;2.8837940038977825;2.9080275442979753;2.843404769897461;2.843404769897461;3200
2016-10-19;2.9322611287835443;2.9322611287835443;2.899949550628662;2.899949550628662;700
2016-10-20;2.9403388500213623;2.9484166960684934;2.8918715811475337;2.9403388500213623;3500
2016-10-21;2.95649483124954;2.95649483124954;2.843404782938887;2.851482629776001;11200
2016-10-24;2.9064922401030344;2.9147026624182217;2.791546327690412;2.873650550842285;23400
2016-10-25;2.857229709625244;2.857229709625244;2.799756753350274;2.857229709625244;500
2016-10-26;2.8325984495361167;2.8325984495361167;2.799756760156298;2.824388027191162;1200
2016-10-27;2.7915465807247744;2.7997570037841797;2.758704692735227;2.7997570037841797;8200
2016-10-28;2.7997567567336152;2.840808868408203;2.7997567567336152;2.840808868408203;16100
2016-10-31;2.7997569875536956;2.8325986796009297;2.6437587545774064;2.709442138671875;57600
2016-11-01;2.734073193774097;2.734073193774097;2.5862855911254883;2.5862855911254883;21300
2016-11-02;2.5862855911254883;2.5862855911254883;2.5862855911254883;2.5862855911254883;0
2016-11-03;2.520602228709672;2.6273379242528856;2.5123918056488037;2.5123918056488037;18400
2016-11-04;2.6027064358642225;2.6027064358642225;2.5616541282654763;2.5862855911254883;16300
2016-11-07;2.6519689525803187;2.742283598047379;2.6519689525803187;2.6683897972106934;7600
2016-11-08;2.6590151111209446;2.9828696250915523;2.6590151111209446;2.9828696250915527;20600
2016-11-09;2.73571760246848;2.73571760246848;2.616402728081476;2.641970157623291;53100
2016-11-10;2.684582311924146;2.684582311924146;2.4203851760695585;2.5397000312805176;15700
2016-11-11;2.4715204891159126;2.480042965153201;2.386295525551172;2.4374303817749023;20800
2016-11-14;2.4459529251828336;2.462998080918754;2.394818067550659;2.394818067550659;6100
2016-11-15;2.454475502186991;2.4629979781032576;2.428907871246338;2.428907871246338;4400
2016-11-16;2.454475742583378;2.50561060308923;2.445953062640529;2.4800431728363037;1500
2016-11-17;2.573790555413394;2.6078804642492988;2.5141332149505615;2.5141332149505615;4500
2016-11-18;2.5567450170716475;2.6078798686470392;2.522655116021386;2.548222541809082;1800
2016-11-21;2.57378993185741;2.5993573572900797;2.5397000312805176;2.5397000312805176;2100
2016-11-22;2.5397000312805176;2.5397000312805176;2.5397000312805176;2.5397000312805176;0
2016-11-25;2.505610567697327;2.556745427480896;2.505610567697327;2.5311779975891113;5700
2016-11-28;2.590835405764691;2.590835405764691;2.4800432064982165;2.488565683364868;4300
2016-11-29;2.6164027638950595;2.6164027638950595;2.5311779975891113;2.5311779975891113;900
2016-11-30;2.5397000312805176;2.5397000312805176;2.5397000312805176;2.5397000312805176;100
2016-12-01;2.539700261349656;2.5482227372659225;2.318115684334874;2.428907871246338;14200
2016-12-02;2.462998151779175;2.462998151779175;2.4544756752619543;2.462998151779175;1600
2016-12-05;2.4374303817749023;2.4374303817749023;2.4374303817749023;2.4374303817749023;300
2016-12-06;2.4374305858895537;2.4800431728363037;2.4374305858895537;2.4800431728363037;1400
2016-12-07;2.4970880232462394;2.4970880232462394;2.4459529616596196;2.4544756412506104;6400
2016-12-08;2.445953194086868;2.5141332149505615;2.445953194086868;2.5141332149505615;1800
2016-12-09;2.505610466003418;2.505610466003418;2.505610466003418;2.505610466003418;400
2016-12-12;2.539700474219706;2.556745427480896;2.488565614436137;2.5311779975891113;4300
2016-12-13;2.5567450523376465;2.5737900030978835;2.5567450523376465;2.5567450523376465;3400
2016-12-14;2.599357841161044;2.7101502418518066;2.556745457507625;2.7101502418518066;142700
2016-12-15;2.7101499992606106;2.7101499992606106;2.633447512358383;2.659014940261841;800
2016-12-16;2.667537619421515;2.667537619421515;2.659014940261841;2.659014940261841;1400
2016-12-19;2.6504925654453553;2.6504925654453553;2.624925136566162;2.624925136566162;400
2016-12-20;2.62492517022748;2.6504925994345427;2.5737903118133545;2.5737903118133545;2200
2016-12-21;2.65049253363556;2.6675376892089844;2.65049253363556;2.6675376892089844;4200
2016-12-22;2.6760601997375484;2.701627628637963;2.6078801861445817;2.676060199737549;33500
2016-12-23;2.735717602724791;2.8720772269605797;2.68458274363637;2.812419891357422;37500
2016-12-27;2.8550321090318675;2.9402570724487305;2.8124197289193638;2.9402570724487305;4600
2016-12-28;2.906167548071646;2.906167548071646;2.8038976192474365;2.8038976192474365;500
2016-12-29;2.812419824028121;2.855032205581665;2.607880189379247;2.855032205581665;16000
2016-12-30;2.761284862723152;2.7698073387145996;2.676060102808676;2.7698073387145996;17100
2017-01-03;2.8124197258694346;2.940257069260168;2.8124197258694346;2.8805997371673584;18100
2017-01-04;2.8805999063444436;2.8805999063444436;2.7868524615009744;2.872077226638794;5700
2017-01-05;2.88059956877579;2.897644519805908;2.5908349948800926;2.897644519805908;18700
2017-01-06;2.923212120403729;2.9402570724487305;2.846509633009367;2.9402570724487305;6500
2017-01-09;2.9061671341535886;2.931734561920166;2.8294646476620025;2.931734561920166;20900
2017-01-10;2.8550321059357273;2.8805997371673584;2.8465096299224686;2.8805997371673584;2600
2017-01-11;2.897644658231396;2.948779513764551;2.82094217173981;2.931734561920166;63700
2017-01-12;2.965824535221753;3.1107068324915064;2.701627572240792;2.948779582977295;28300
2017-01-13;2.88059987396515;2.982869590980974;2.88059987396515;2.9743471145629883;8300
2017-01-17;2.940257114488134;3.2385439827323808;2.940257114488134;3.119229316711426;22500
2017-01-18;3.0936618827415354;3.0936618827415354;2.9743470137422627;3.008436918258667;1200
2017-01-19;3.0766167916342306;3.0851392679415666;2.7953748703002934;2.795374870300293;8500
2017-01-20;2.982869279797068;3.238543748855591;2.982869279797068;3.238543748855591;3900
2017-01-23;3.2300216128526977;3.2300216128526977;3.1618418014548144;3.204454183578491;1200
2017-01-24;3.1362744405145775;3.1362744405145775;3.0936620574624505;3.102184534072876;2100
2017-01-25;3.0595719814300537;3.0595719814300537;3.0595719814300537;3.0595719814300537;1500
2017-01-26;3.1107068349997373;3.119229311128838;2.999914442129566;3.008436918258667;54400
2017-01-27;3.1447966486261807;3.2129764556884766;3.127751696860607;3.2129764556884766;10600
2017-01-30;3.2214991709542815;3.2300216474703562;3.153319358825683;3.1533193588256836;11600
2017-01-31;3.153319358825683;3.153319358825683;3.153319358825683;3.1533193588256836;0
2017-02-02;3.1874091625213623;3.1874091625213623;3.1874091625213623;3.1874091625213623;200
2017-02-03;3.1874091625213623;3.1874091625213623;3.1874091625213623;3.1874091625213623;0
2017-02-06;3.238543985045893;3.238543985045893;3.1703641758423555;3.178886651992798;2600
2017-02-07;3.1192295901361358;3.153319497701797;3.0680945255957677;3.0766170024871826;16700
2017-02-08;3.153319324721019;3.153319324721019;3.0595718808662524;3.144796848297119;2800
2017-02-09;3.1447968823096084;3.153319358825683;3.1447968823096084;3.1533193588256836;300
2017-02-10;3.136274099349975;3.136274099349975;3.136274099349975;3.1362740993499756;2100
2017-02-13;3.1277517950901452;3.178886651992798;3.1277517950901452;3.178886651992798;3600
2017-02-14;3.2044541150060866;3.2044541150060866;3.1874091625213623;3.1874091625213623;200
2017-02-15;3.2726339569548983;3.2726339569548983;3.085139274597168;3.085139274597168;11900
2017-02-16;3.3237689166592177;3.357858820921674;3.230021476745605;3.2300214767456055;8600
2017-02-17;3.3749039516596593;3.4089938577262227;3.3067241395265325;3.3237690925598145;6900
2017-02-21;3.2896789164999705;3.374903883127638;3.2470665347820686;3.3663814067840576;11500
2017-02-22;3.383426356567142;3.3919488329034073;3.2470665319950336;3.255589008331299;26900
2017-02-23;3.2896789478258452;3.2982014242505806;3.195931707153756;3.204454183578491;6400
2017-02-24;3.2129764556884766;3.2129764556884766;3.2129764556884766;3.2129764556884766;100
2017-02-27;3.2129764556884766;3.2129764556884766;3.2129764556884766;3.2129764556884766;0
2017-02-28;3.127751834129586;3.357858896255493;3.127751834129586;3.357858896255493;700
2017-03-01;3.3663816540518687;3.3663816540518687;3.1447970496510607;3.195931911468506;4000
2017-03-02;3.1362742690001335;3.1362742690001335;3.119229316711426;3.119229316711426;2300
2017-03-03;3.119229316711426;3.119229316711426;3.119229316711426;3.119229316711426;0
2017-03-06;3.212976322268923;3.3322911828652173;3.212976322268923;3.238543748855591;4900
2017-03-07;3.3663814748095935;3.4856963492226156;3.289678982975555;3.3834264278411865;92300
2017-03-08;3.417516327800277;3.417516327800277;3.3152464126820753;3.3322913646698;3500
2017-03-09;3.272633822063695;3.3493363090255315;3.2214989662170406;3.221498966217041;3800
2017-03-10;3.187409069582287;3.349336316657524;3.187409069582287;3.3322913646698;10700
2017-03-13;3.3067243152648493;3.3152467922344235;3.195931911468506;3.195931911468506;2000
2017-03-14;3.221499067490811;3.3067240331062937;3.1874091625213623;3.1874091625213623;26600
2017-03-15;3.153319358825683;3.153319358825683;3.1021844997292347;3.1533193588256836;2500
2017-03-16;3.187409164077082;3.2896788790353435;3.187409164077082;3.2470664978027344;1200
2017-03-17;3.298201285270518;3.3067239645279893;3.1277517639582357;3.2300214767456055;3000
2017-03-20;3.230021476745605;3.230021476745605;3.230021476745605;3.2300214767456055;0
2017-03-21;3.1874091625213623;3.1874091625213623;3.0936619238553784;3.1874091625213623;18000
2017-03-22;3.161841491175021;3.161841491175021;3.1277515888214107;3.127751588821411;4900
2017-03-23;3.1874091625213623;3.2044541150060866;3.1362743050671895;3.1874091625213623;25400
2017-03-24;3.119229316711426;3.119229316711426;3.119229316711426;3.119229316711426;700
2017-03-27;2.9999142518035273;3.1362740644098133;2.9999142518035273;3.127751588821411;800
2017-03-28;3.068094291936431;3.1874091625213623;3.068094291936431;3.1874091625213623;1100
2017-03-29;3.2300215453096905;3.2470664978027344;3.2300215453096905;3.2470664978027344;800
2017-03-30;3.2470664978027344;3.2470664978027344;3.2470664978027344;3.2470664978027344;0
2017-03-31;3.195931604293682;3.2470664611963347;3.136274271240587;3.178886651992798;2400
2017-04-03;3.153319358825683;3.153319358825683;3.153319358825683;3.1533193588256836;200
2017-04-04;3.23002171345285;3.3493365903071144;3.23002171345285;3.3408141136169434;5300
2017-04-05;3.332291740788671;3.349336694700275;3.3067243099212646;3.3067243099212646;5100
2017-04-06;3.3067243099212646;3.3067243099212646;3.3067243099212646;3.3067243099212646;0
2017-04-10;3.2896788419485454;3.3408139020430574;3.178886651992798;3.178886651992798;3300
2017-04-11;3.31524658203125;3.3322915348896633;3.2811564731225578;3.31524658203125;1200
2017-04-12;3.3152466160431735;3.340814045593096;3.3152466160431735;3.3237690925598145;700
2017-04-13;3.2726339952854033;3.2726339952854033;3.2641115188598633;3.2641115188598633;400
2017-04-17;3.3237691938166867;3.349336624145508;3.3237691938166867;3.349336624145508;4200
2017-04-18;3.340813880426923;3.460128545761109;3.3322914043316243;3.4601285457611084;9000
2017-04-19;3.4942186924474683;3.4942186924474683;3.4004714488983154;3.4004714488983154;2500
2017-04-20;3.4004714488983154;3.4004714488983154;3.4004714488983154;3.4004714488983154;0
2017-04-24;3.4771737043823094;3.4771737043823094;3.3919489383697505;3.391948938369751;900
2017-04-25;3.4345615929314306;3.4345615929314306;3.40899395942688;3.40899395942688;400
2017-04-26;3.40899395942688;3.40899395942688;3.40899395942688;3.40899395942688;0
2017-04-27;3.3578590669972854;3.3578590669972854;3.3408141136169434;3.3408141136169434;700
2017-04-28;3.289679050445556;3.289679050445556;3.289679050445556;3.2896790504455566;300
2017-05-01;3.349336290138307;3.434561252593994;3.2982012313881532;3.434561252593994;4800
2017-05-02;3.383426495525742;3.4004714488983154;3.383426495525742;3.4004714488983154;200
2017-05-04;3.3834264617684946;3.3919489383697505;3.3578590319647272;3.391948938369751;5600
2017-05-05;3.3749039173126216;3.3749039173126216;3.3749039173126216;3.374903917312622;6200
2017-05-08;3.46865116371081;3.5709208750459243;3.383426201073027;3.5538759231567383;5700
2017-05-09;3.4004713466023397;3.4004713466023397;3.349336488022904;3.374903917312622;85600
2017-05-10;3.3749039173126216;3.3749039173126216;3.3749039173126216;3.374903917312622;0
2017-05-11;3.408993790415217;3.4175164699554443;3.408993790415217;3.4175164699554443;25100
2017-05-12;3.451606273651123;3.451606273651123;3.451606273651123;3.451606273651123;1200
2017-05-15;3.5027413368225098;3.5027413368225098;3.485696383622701;3.5027413368225098;56100
2017-05-16;3.5368311405181885;3.5368311405181885;3.519786187813338;3.5368311405181885;5600
2017-05-17;3.494218280139802;3.494218280139802;3.4516061049283544;3.468651056289673;63500
2017-05-18;3.05104926074124;3.1788866042706068;2.9402570724487305;2.9402570724487305;47600
2017-05-19;3.161841630935669;3.170364106900785;3.034004288267082;3.161841630935669;13500
2017-05-22;3.144796986332302;3.144796986332302;3.0084371543727664;3.068094491958618;8500
2017-05-23;3.0936618540825602;3.1192292822330123;3.076616698790402;3.1107068061828613;3500
2017-05-24;3.1533190507166724;3.1533190507166724;3.136274099349975;3.1362740993499756;1300
2017-05-25;3.1533190155866184;3.1533190155866184;3.1277515888214107;3.127751588821411;2100
2017-05-26;3.1277515888214107;3.1277515888214107;3.1277515888214107;3.127751588821411;0
2017-05-31;3.1703644805597833;3.195931911468506;3.1703644805597833;3.195931911468506;3000
2017-06-01;3.195931911468506;3.195931911468506;3.195931911468506;3.195931911468506;0
2017-06-02;3.2300215492113837;3.3919488012827594;3.2300215492113837;3.357858896255493;30200
2017-06-05;3.332291463459814;3.332291463459814;3.2470664978027344;3.2470664978027344;12600
2017-06-06;3.2641115188598633;3.2641115188598633;3.2641115188598633;3.2641115188598633;2000
2017-06-07;3.298201425980971;3.31524658203125;3.298201425980971;3.31524658203125;800
2017-06-08;3.281156471710944;3.281156471710944;3.2044541838810825;3.2641115188598633;4100
2017-06-09;3.2214992369208417;3.3152466837091965;3.2214992369208417;3.2896790504455566;6200
2017-06-12;3.1959315347961312;3.2555888665519395;3.161841630935669;3.161841630935669;4000
2017-06-13;3.1533190155866184;3.1533190155866184;3.1277515888214107;3.127751588821411;1100
2017-06-14;3.161841630935669;3.161841630935669;3.161841630935669;3.161841630935669;300
2017-06-15;3.144796848297119;3.144796848297119;3.144796848297119;3.144796848297119;200
2017-06-16;3.153319526620635;3.195931911468506;3.119229618742338;3.195931911468506;1500
2017-06-19;3.1703644805597833;3.195931911468506;3.1703644805597833;3.195931911468506;900
2017-06-20;3.1788865828659003;3.1788865828659003;3.1533191549705535;3.161841630935669;700
2017-06-21;3.136274099349975;3.136274099349975;3.136274099349975;3.1362740993499756;200
2017-06-22;3.136274099349975;3.136274099349975;3.136274099349975;3.1362740993499756;0
2017-06-26;3.1362743050671895;3.1874091625213623;3.1362743050671895;3.1874091625213623;5100
2017-06-27;3.1959315347961312;3.1959315347961312;3.161841630935669;3.161841630935669;4600
2017-06-28;3.1362743718732187;3.144796848297119;3.1277518954493186;3.144796848297119;900
2017-06-29;3.14479671329015;3.170364141464234;3.14479671329015;3.1703641414642334;4600
2017-06-30;3.2129764556884766;3.2129764556884766;3.1447966486261807;3.2129764556884766;7700
2017-07-03;3.2726338541605684;3.2726338541605684;3.170364141464234;3.1703641414642334;3000
2017-07-05;3.170364312197195;3.170364312197195;3.0936620235443115;3.0936620235443115;2000
2017-07-06;3.1192292822330123;3.1192292822330123;3.1107068061828618;3.1107068061828613;200
2017-07-07;3.09366215946189;3.09366215946189;3.0340046180301066;3.0766170024871826;20000
2017-07-10;3.153319463130281;3.153319463130281;3.068094491958618;3.068094491958618;2300
2017-07-11;3.1277517950901452;3.178886651992798;3.1277517950901452;3.178886651992798;1800
2017-07-12;3.051049437440918;3.153319358825683;3.051049437440918;3.1533193588256836;4700
2017-07-13;3.1277516236666267;3.136274099349975;3.11070667229993;3.1362740993499756;3000
2017-07-17;3.110706840567072;3.119229316711426;3.110706840567072;3.119229316711426;200
2017-07-18;3.2470664962178972;3.2555889724602594;3.1874091625213623;3.1874091625213623;3100
2017-07-19;3.1874091625213623;3.1874091625213623;3.1874091625213623;3.1874091625213623;100
2017-07-20;3.144796848297119;3.144796848297119;3.1021844661776186;3.144796848297119;70300
2017-07-21;3.1277518954493186;3.144796848297119;3.1277518954493186;3.144796848297119;13300
2017-07-24;3.136274099349975;3.144796575033324;3.1277516236666267;3.1362740993499756;2600
2017-07-25;3.144796848297119;3.144796848297119;3.144796848297119;3.144796848297119;1000
2017-07-26;3.144796848297119;3.144796848297119;3.144796848297119;3.144796848297119;0
2017-07-27;3.1362743718732187;3.144796848297119;3.1362743718732187;3.144796848297119;700
2017-07-28;3.1447968486053437;3.2044541835784917;3.1447968486053437;3.204454183578491;26000
2017-07-31;3.212976322268923;3.238543748855591;3.187408895682255;3.238543748855591;5700
2017-08-01;3.178886651992798;3.178886651992798;3.178886651992798;3.178886651992798;300
2017-08-02;3.153319324721019;3.153319324721019;3.144796848297119;3.144796848297119;700
2017-08-07;3.1874090623192712;3.2214989662170406;3.1447966824470597;3.221498966217041;2500
2017-08-08;3.2214989662170406;3.2214989662170406;3.2214989662170406;3.221498966217041;0
2017-08-09;3.2982015609741215;3.306724240944021;3.2896790841960954;3.298201560974121;2300
2017-08-10;3.2129764556884766;3.2129764556884766;3.2129764556884766;3.2129764556884766;600
2017-08-11;3.281156301498413;3.3237688846074187;3.281156301498413;3.281156301498413;1600
2017-08-14;3.272633822063695;3.272633822063695;3.2214989662170406;3.221498966217041;300
2017-08-15;3.204454080444124;3.204454080444124;3.178886651992798;3.178886651992798;2300
2017-08-16;3.178886651992798;3.178886651992798;3.178886651992798;3.178886651992798;0
2017-08-17;3.178886651992798;3.178886651992798;3.178886651992798;3.178886651992798;200
2017-08-24;3.2044538467400336;3.238543748855591;3.1959313712111443;3.238543748855591;6200
2017-08-25;3.2129766616889044;3.31524658203125;3.2129766616889044;3.31524658203125;600
2017-08-28;3.1874091625213623;3.1874091625213623;3.1874091625213623;3.1874091625213623;300
2017-08-30;3.2555890083312993;3.2555890083312993;3.2555890083312993;3.255589008331299;600
2017-08-31;3.2726339952854033;3.281156471710944;3.2129766603066225;3.2641115188598633;3200
2017-09-01;3.2982015609741215;3.2982015609741215;3.2982015609741215;3.298201560974121;200
2017-09-05;3.289679050445556;3.289679050445556;3.289679050445556;3.2896790504455566;200
2017-09-06;3.281156573754967;3.289679050445556;3.2641116203737885;3.2896790504455566;9700
2017-09-07;3.3067241056020436;3.31524658203125;3.3067241056020436;3.31524658203125;400
2017-09-08;3.264111520531978;3.3749039173126216;3.264111520531978;3.374903917312622;2500
2017-09-12;3.3237689912282273;3.357858896255493;3.3237689912282273;3.357858896255493;200
2017-09-13;3.374904052343311;3.40899395942688;3.374904052343311;3.40899395942688;3400
2017-09-14;3.4089938910316913;3.519786290022319;3.4089938910316913;3.5027413368225098;2100
2017-09-15;3.553876296331592;3.6646686984369117;3.553876296331592;3.587966203689575;14000
2017-09-18;3.6135331591335706;3.6646684227068733;3.6050108861271672;3.6305785179138184;5600
2017-09-19;3.596488507923804;3.6646687296033646;3.570921280379754;3.6561460494995117;7100
2017-09-20;3.6220556996525626;3.6220556996525626;3.579443117103168;3.605010747909546;7100
2017-09-21;3.5453532440202915;3.5538759231567383;3.5453532440202915;3.5538759231567383;3700
2017-09-22;3.536831307388129;3.639101028442383;3.536831307388129;3.639101028442383;3000
2017-09-25;3.639101028442383;3.639101028442383;3.639101028442383;3.639101028442383;0
2017-09-27;3.639100855668936;3.639100855668936;3.536831139470138;3.545353412628174;2200
2017-09-28;3.545353412628174;3.545353412628174;3.545353412628174;3.545353412628174;0
2017-10-03;3.596488137671017;3.622055768966675;3.570920912759073;3.622055768966675;1100
2017-10-04;3.5794431477986626;3.5794431477986626;3.5538759231567383;3.5538759231567383;200
2017-10-05;3.5538759231567383;3.5538759231567383;3.5538759231567383;3.5538759231567383;0
2017-10-06;3.605010747341219;3.630578378143566;3.605010747341219;3.6135330200195312;6100
2017-10-09;3.519786357879639;3.519786357879639;3.519786357879639;3.5197863578796387;500
2017-10-10;3.2641113971453217;3.605010847838954;3.2641113971453217;3.5794432163238525;19000
2017-10-11;3.519786187813338;3.630578583586731;3.519786187813338;3.5368311405181885;4100
2017-10-12;3.6036949157714844;3.6036949157714844;3.6036949157714844;3.6036949157714844;0
2017-10-13;3.603694543204054;3.9510386703923426;3.603694543204054;3.7773663997650146;14600
2017-10-16;3.7947338407308293;3.7947338407308293;3.5689604120115432;3.6644797325134277;8300
2017-10-17;3.664479732513428;3.664479732513428;3.664479732513428;3.6644797325134277;0
2017-10-20;3.4908080588150145;3.542909622192383;3.4908080588150145;3.542909622192383;3100
2017-10-23;3.5168591181490925;3.5168591181490925;3.4994919300079346;3.4994919300079346;200
2017-10-24;3.508175193170058;3.508175193170058;3.343186704621663;3.35187029838562;7800
2017-10-25;3.3518702983856206;3.3518702983856206;3.3518702983856206;3.35187029838562;0
2017-10-26;3.508175160282537;3.516858960998294;3.3692376613616943;3.3692376613616943;1000
2017-10-27;3.54290965242032;3.577644028301584;3.395288554924947;3.4039721488952637;1900
2017-10-30;3.508175101116737;3.508175101116737;3.3431866168975835;3.343186616897583;1800
2017-10-31;3.395288379440697;3.4300227535267274;3.3431866112784507;3.3866047859191895;1800
2017-11-01;3.273717730149644;3.2824013233184814;3.273717730149644;3.2824013233184814;900
2017-11-02;3.2824013233184814;3.2824013233184814;3.2824013233184814;3.2824013233184814;0
2017-11-03;3.152147630885338;3.291085130626925;2.9958427366428473;3.2563507556915283;6100
2017-11-06;3.291085159277872;3.421339273452759;3.291085159277872;3.421339273452759;1200
2017-11-07;3.317135810852051;3.317135810852051;3.317135810852051;3.317135810852051;3400
2017-11-08;3.456073448741602;3.456073448741602;3.334502935409546;3.334502935409546;1600
2017-11-09;3.360553972010472;3.4039721488952632;3.334503190099524;3.4039721488952637;2900
2017-11-10;3.4039721488952632;3.4039721488952632;3.4039721488952632;3.4039721488952637;0
2017-11-13;3.456073393728425;3.456073393728425;3.2824013233184814;3.2824013233184814;1900
2017-11-14;3.1781982493561247;3.238983402380735;3.1347800758767796;3.1695146560668945;8300
2017-11-15;3.1695147440247213;3.2824014599174536;3.160831150494511;3.1781983375549316;4200
2017-11-16;3.221616153105333;3.221616153105333;3.1868817806243896;3.1868817806243896;500
2017-11-17;3.0826785906852527;3.247667074203491;2.7874362046788264;3.247667074203491;5000
2017-11-20;3.0913620877713663;3.117412867456535;2.9524245961171345;3.100045680999756;6000
2017-11-21;3.2216163559789317;3.325819479983704;3.12609661860802;3.230299949645996;10300
2017-11-22;3.2563505438119686;3.2824013233184814;3.2216161711366187;3.2824013233184814;2900
2017-11-24;3.2042489847989435;3.2824013233184814;3.1608310189547555;3.2824013233184814;5600
2017-11-28;3.169514672096376;3.3171357587598647;3.169514672096376;3.2650341987609863;2700
2017-11-29;3.2650341987609863;3.2650341987609863;3.2650341987609863;3.2650341987609863;0
2017-11-30;3.204249055472792;3.2563506156349846;3.1955654621124268;3.1955654621124268;1100
2017-12-01;3.2129326000020124;3.2129326000020124;3.100045680999756;3.100045680999756;500
2017-12-04;3.091362049268606;3.2129325599850973;3.0479440836674265;3.1868817806243896;7300
2017-12-05;3.2650343881088855;3.2910851696190777;3.1608312620681165;3.212932825088501;18700
2017-12-06;3.195565619787549;3.3084523390423395;3.1434638500213623;3.1434638500213623;22300
2017-12-07;3.082678818483679;3.108729600906372;3.0479444419200887;3.108729600906372;1400
2017-12-08;3.1087294252306656;3.2129327560660754;3.091362237930298;3.091362237930298;7700
2017-12-11;3.1521472930908208;3.1521472930908208;3.1521472930908208;3.1521472930908203;200
2017-12-12;3.1521472930908208;3.1521472930908208;3.1521472930908208;3.1521472930908203;0
2017-12-13;3.065311420166156;3.160831156204215;3.004526265344883;3.134780168533325;14200
2017-12-14;3.134780383329065;3.212932937630359;3.065311630201884;3.108729600906372;38200
2017-12-15;3.230299949645996;3.230299949645996;3.230299949645996;3.230299949645996;4900
2017-12-18;3.0479443073272705;3.0479443073272705;3.0479443073272705;3.0479443073272705;600
2017-12-19;3.0479443073272705;3.0479443073272705;3.0479443073272705;3.0479443073272705;0
2017-12-21;3.065311329562939;3.1868818426453545;3.065311329562939;3.1695146560668945;2300
2017-12-22;3.0479442447265788;3.0739950254638586;3.0479442447265788;3.0653114318847656;1000
2017-12-26;3.0566278128528013;3.0566278128528013;2.9958426583053126;3.0392606258392334;1500
2017-12-27;3.073995088599599;3.0913622761144843;2.9697919635102865;3.0479443073272705;6300
2017-12-28;3.0479442193460176;3.0479442193460176;2.9524246907713922;3.0392606258392334;1500
2017-12-29;3.0392606258392334;3.0392606258392334;3.0392606258392334;3.0392606258392334;0
2018-01-02;3.108729256450438;3.108729256450438;3.004526138305664;3.004526138305664;2100
2018-01-03;3.1174130188808498;3.1260966125310334;3.0739950506299305;3.091362237930298;8100
2018-01-04;3.204249143600464;3.204249143600464;3.204249143600464;3.204249143600464;900
2018-01-05;3.325819574400198;3.560276817100132;3.18688207178288;3.5168590545654297;13600
2018-01-08;3.5950110353968734;3.898937016102292;3.5950110353968734;3.7339489459991455;5700
2018-01-09;3.864202577577768;3.864202577577768;3.7513160705566406;3.7513160705566406;500
2018-01-10;3.7513160705566406;3.7513160705566406;3.7513160705566406;3.7513160705566406;0
2018-01-11;3.7513160705566406;3.7513160705566406;3.690530709801884;3.7513160705566406;600
2018-01-12;3.7339488938780656;3.742632280257148;3.603694785660664;3.6644797325134277;6800
2018-01-16;3.733949042593093;3.733949042593093;3.4908080032990747;3.534226179122925;8100
2018-01-17;3.4821243286132817;3.4821243286132817;3.4821243286132817;3.4821243286132812;200
2018-01-18;3.4821245732944552;3.4821245732944552;3.4387063980102544;3.438706398010254;700
2018-01-19;3.4647570537887584;3.4734406471252437;3.4647570537887584;3.473440647125244;1500
2018-01-22;3.3952882289886475;3.3952882289886475;3.3952882289886475;3.3952882289886475;200
2018-01-23;3.386604960954631;3.4039721488952632;3.386604960954631;3.4039721488952637;1700
2018-01-25;3.595011057277962;3.595011057277962;3.4126555919647217;3.4126555919647217;1100
2018-01-26;3.5168586888479423;3.577643632888794;3.5168586888479423;3.577643632888794;300
2018-01-29;3.4647569656372075;3.4647569656372075;3.4647569656372075;3.464756965637207;300
2018-01-30;3.4647569656372075;3.4647569656372075;3.4647569656372075;3.464756965637207;0
2018-01-31;3.4300226804428173;3.5689603808597776;3.082678532917015;3.473440647125244;7300
2018-02-01;3.4126557969120634;3.716582004752849;3.4126557969120634;3.690531015396118;8300
2018-02-02;3.655796433217186;3.664479819803111;3.3084522743856746;3.5081751346588135;16000
2018-02-05;3.4387063099500423;3.4387063099500423;3.4300227165222172;3.430022716522217;1400
2018-02-06;3.447390079498291;3.447390079498291;3.447390079498291;3.447390079498291;300
2018-02-07;3.4560736901371434;3.5168590545654297;3.4560736901371434;3.5168590545654297;2100
2018-02-08;3.6036947542057187;3.6036947542057187;3.4734406471252437;3.473440647125244;1300
2018-02-09;3.499491760594854;3.516858947895253;3.3345030671746567;3.438706398010254;8300
2018-02-12;3.4560733809456887;3.4560733809456887;3.3952882289886475;3.3952882289886475;300
2018-02-13;3.4734406471252437;3.4734406471252437;3.4734406471252437;3.473440647125244;100
2018-02-14;3.5515931222040025;3.5602765083312993;3.5429093220103223;3.560276508331299;800
2018-02-15;3.4908077716827393;3.4908077716827393;3.4908077716827393;3.4908077716827393;300
2018-02-16;3.447390021673879;3.6036949157714844;3.447390021673879;3.6036949157714844;2100
2018-02-20;3.603694807432183;3.603694807432183;3.525542259216309;3.5255422592163086;1400
2018-02-21;3.4734408028512793;3.6036949157714844;3.4734408028512793;3.6036949157714844;6700
2018-02-22;3.6036949157714844;3.6036949157714844;3.6036949157714844;3.6036949157714844;1700
2018-02-23;3.6036949157714844;3.6036949157714844;3.6036949157714844;3.6036949157714844;0
2018-02-26;3.534226329741155;3.6471128463745117;3.534226329741155;3.6471128463745117;1100
2018-02-27;3.638429403305054;3.638429403305054;3.638429403305054;3.6384294033050537;100
2018-02-28;3.638429403305054;3.638429403305054;3.638429403305054;3.6384294033050537;500
2018-03-01;3.5602765083312993;3.5602765083312993;3.5602765083312993;3.560276508331299;100
2018-03-02;3.5602765083312993;3.5602765083312993;3.5602765083312993;3.560276508331299;0
2018-03-05;3.525542259216309;3.525542259216309;3.525542259216309;3.5255422592163086;700
2018-03-06;3.6123783588409424;3.6123783588409424;3.6123783588409424;3.6123783588409424;100
2018-03-07;3.534226329741155;3.6471128463745117;3.5168591414847596;3.6471128463745117;5800
2018-03-08;3.577643694652276;3.6123780672942294;3.5602765083312993;3.560276508331299;3800
2018-03-09;3.525542434399927;3.542909622192383;3.525542434399927;3.542909622192383;1700
2018-03-12;3.482124560834633;3.5081751346588135;3.482124560834633;3.5081751346588135;300
2018-03-13;3.4908080488555573;3.4908080488555573;3.395288516269571;3.447390079498291;6500
2018-03-14;3.447390079498291;3.447390079498291;3.447390079498291;3.447390079498291;0
2018-03-19;3.4647571534827906;3.4647571534827906;3.4126555919647217;3.4126555919647217;200
2018-03-20;3.4126555919647217;3.4126555919647217;3.4126555919647217;3.4126555919647217;0
2018-03-21;3.2997686436709124;3.386604785919189;3.2997686436709124;3.3866047859191895;1600
2018-03-22;3.360553741455078;3.360553741455078;3.360553741455078;3.360553741455078;200
2018-03-23;3.360553741455078;3.360553741455078;3.360553741455078;3.360553741455078;0
2018-03-26;3.395288379440697;3.395288379440697;3.369237598876174;3.3866047859191895;1200
2018-03-27;3.516858922034061;3.516858922034061;3.3779212176193427;3.4126555919647217;1400
2018-03-28;3.4387063980102544;3.4387063980102544;3.4387063980102544;3.438706398010254;300
2018-03-29;3.4560735787339087;3.4560735787339087;3.299768686294555;3.2997686862945557;1100
2018-04-02;3.464757224350272;3.464757224350272;3.3258195170937483;3.35187029838562;1700
2018-04-03;3.395288525956506;3.542909622192383;3.395288525956506;3.542909622192383;2000
2018-04-04;3.56027656842634;3.56027656842634;3.317135748795423;3.334502935409546;1500
2018-04-05;3.2737179301441297;3.325819492340088;3.265034336444803;3.325819492340088;700
2018-04-06;3.325819492340088;3.325819492340088;3.325819492340088;3.325819492340088;0
2018-04-09;3.4039719153611063;3.4039719153611063;3.360553741455078;3.360553741455078;6200
2018-04-11;3.3431866112784507;3.386604785919189;3.2389834890203586;3.3866047859191895;6600
2018-04-12;3.386604785919189;3.386604785919189;3.386604785919189;3.3866047859191895;0
2018-04-17;3.299768686294555;3.299768686294555;3.299768686294555;3.2997686862945557;900
2018-04-18;3.2824014738160026;3.2824014738160026;3.273717880249024;3.2737178802490234;400
2018-04-19;3.3431866168975835;3.3431866168975835;3.3431866168975835;3.343186616897583;400
2018-04-20;3.386604791611298;3.4039719786835034;3.2910850556809668;3.343186616897583;6600
2018-04-23;3.3431866168975835;3.3431866168975835;3.3431866168975835;3.343186616897583;0
2018-04-24;3.4300227714878435;3.4300227714878435;3.273717880249024;3.2737178802490234;500
2018-04-25;3.3605538417302805;3.3605538417302805;3.2650343117598553;3.2997686862945557;7300
2018-04-26;3.299768686294555;3.299768686294555;3.299768686294555;3.2997686862945557;0
2018-05-01;3.3779213150195933;3.3779213150195933;3.212932825088501;3.212932825088501;300
2018-05-02;3.3866047392602807;3.3866047392602807;3.2910850048065186;3.2910850048065186;500
2018-05-03;3.2216163052059823;3.2216163052059823;3.1781983375549316;3.1781983375549316;700
2018-05-04;3.1781983375549316;3.1781983375549316;3.1781983375549316;3.1781983375549316;0
2018-05-07;3.2910850048065186;3.2910850048065186;3.2910850048065186;3.2910850048065186;500
2018-05-08;3.2563507556915283;3.2563507556915283;3.2563507556915283;3.2563507556915283;22500
2018-05-09;3.2563507556915283;3.2563507556915283;3.2563507556915283;3.2563507556915283;200
2018-05-10;3.25635071812618;3.3084522799282303;3.25635071812618;3.2997686862945557;10700
2018-05-11;3.3171359118284727;3.3171359118284727;3.2563507556915283;3.2563507556915283;5800
2018-05-14;3.2997687243607743;3.2997687243607743;3.2563507556915283;3.2563507556915283;2500
2018-05-15;3.256350882868488;3.2737180710144624;3.195565724357576;3.221616506576538;29500
2018-05-16;3.2129327870222824;3.2563507556915283;3.2129327870222824;3.2563507556915283;99800
2018-05-17;3.238983606598693;3.2563507942721546;3.212932825088501;3.212932825088501;25600
2018-05-18;3.2129327819299838;3.2216163756500698;3.0566278879352264;3.11741304397583;10900
2018-05-21;3.1434636079900202;3.1955653737446257;3.1434636079900202;3.1868817806243896;13900
2018-05-22;3.2563506156349846;3.2737178023557156;3.186881868752061;3.1955654621124268;700
2018-05-23;3.3431866168975835;3.3431866168975835;3.3431866168975835;3.343186616897583;100
2018-05-24;3.299768853233425;3.299768853233425;3.221616506576538;3.221616506576538;800
2018-05-25;3.221616418925232;3.221616418925232;3.212932825088501;3.212932825088501;300
2018-05-29;3.1868817806243896;3.2042489668648613;3.1868817806243896;3.1868817806243896;24300
2018-05-30;3.1955654621124268;3.1955654621124268;3.1955654621124268;3.1955654621124268;300
2018-05-31;3.2650342866820448;3.273717880249024;3.2650342866820448;3.2737178802490234;300
2018-06-01;3.343186620668034;3.343186620668034;3.126096574987429;3.134780168533325;4500
2018-06-04;3.1434637102615355;3.1434637102615355;3.0826785564422607;3.0826785564422607;400
2018-06-05;3.11741319504727;3.1521477786440757;3.091362412624577;3.108729600906372;79500
2018-06-06;3.1087294886824965;3.1087294886824965;3.004526362753415;3.0739951133728027;37200
2018-06-07;3.0479441831865137;3.0479441831865137;2.874272108078003;2.874272108078003;4000
2018-06-08;2.9611082842781764;3.0392606258392334;2.9611082842781764;3.0392606258392334;900
2018-06-11;3.021893438825665;3.0392606258392334;3.021893438825665;3.0392606258392334;500
2018-06-12;3.0826785906852527;3.247667074203491;3.0826785906852527;3.247667074203491;2400
2018-06-13;3.117412828629313;3.1955653737446257;3.117412828629313;3.1868817806243896;1600
2018-06-14;3.1174129814415332;3.282401465846761;3.1174129814415332;3.134780168533325;1700
2018-06-15;3.143463977469963;3.143463977469963;3.108729600906372;3.108729600906372;2400
2018-06-18;3.108729600906372;3.108729600906372;3.108729600906372;3.108729600906372;0
2018-06-19;3.1087295155631876;3.238983631134033;3.1087295155631876;3.238983631134033;1700
2018-06-20;3.2389835563147287;3.2389835563147287;3.152147619295515;3.1608312129974365;31400
2018-06-21;3.1695147939765453;3.230299949645996;3.1347802122750843;3.230299949645996;40500
2018-06-22;3.1781984962803933;3.1781984962803933;3.126096725463867;3.126096725463867;1800
2018-06-25;3.1608312129974365;3.3431866807377846;3.1434638185603894;3.1608312129974365;17500
2018-06-26;3.178198449741578;3.238983606598693;3.1608312620681165;3.212932825088501;700
2018-06-27;3.238983631134033;3.238983631134033;3.221616443329015;3.238983631134033;3000
2018-06-28;3.134780206181217;3.134780206181217;3.0739950506299305;3.091362237930298;2000
2018-06-29;3.056628028813826;3.056628028813826;2.969792087610734;3.0132100582122803;18600
2018-07-02;2.9611084934904253;3.021893652332589;2.9611084934904253;3.0132100582122803;2800
2018-07-03;3.0305770323324492;3.0739949998663696;3.0305770323324492;3.0392606258392334;3000
2018-07-05;3.021893588831939;3.039260776707611;3.021893588831939;3.0305771827697754;4500
2018-07-06;3.0913618825862588;3.0913618825862588;3.030576734022067;3.0566275119781494;3800
2018-07-09;3.082678494542977;3.117412867456535;3.082678494542977;3.100045680999756;2200
2018-07-10;3.0826785564422607;3.0826785564422607;3.0826785564422607;3.0826785564422607;900
2018-07-11;3.065311630201884;3.108729600906372;3.065311630201884;3.108729600906372;5500
2018-07-13;3.117412828629313;3.1868817806243896;3.117412828629313;3.1868817806243896;400
2018-07-16;3.1347801685333256;3.1347801685333256;3.1347801685333256;3.134780168533325;200
2018-07-17;3.1347801685333256;3.1347801685333256;3.1347801685333256;3.134780168533325;0
2018-07-18;3.160831348065626;3.221616506576538;3.160831348065626;3.221616506576538;3400
2018-07-19;3.169514838421059;3.1781984322098893;3.1434638500213623;3.1434638500213623;13000
2018-07-20;3.247667012094693;3.2650341987609863;3.247667012094693;3.2650341987609863;300
2018-07-23;3.265034298794819;3.265034298794819;3.204249143600464;3.204249143600464;3100
2018-07-24;3.204249143600464;3.204249143600464;3.204249143600464;3.204249143600464;0
2018-07-25;3.299768686294555;3.299768686294555;3.299768686294555;3.2997686862945557;6700
2018-07-26;3.3084521916102574;3.334502971815866;3.2910850048065186;3.2910850048065186;1100
2018-07-27;3.343186528716607;3.343186528716607;3.334502935409546;3.334502935409546;600
2018-07-30;3.3258194298253776;3.3431866168975835;3.3258194298253776;3.343186616897583;1900
2018-08-02;3.195565724357576;3.2303001006495253;3.195565724357576;3.221616506576538;9100
2018-08-03;3.2737179053935304;3.299768686294555;3.2737179053935304;3.2997686862945557;300
2018-08-06;3.325819342102484;3.334502935409546;3.2824013755671766;3.334502935409546;7300
2018-08-07;3.291084916487319;3.291084916487319;3.2824013233184814;3.2824013233184814;1800
2018-08-08;3.282401536893076;3.282401536893076;3.247667161957679;3.2563507556915283;1100
2018-08-10;3.282401557675849;3.282401557675849;3.1434638500213623;3.1434638500213623;6000
2018-08-13;3.143463438498423;3.143463438498423;3.056627511978149;3.0566275119781494;6200
2018-08-14;3.160831156204215;3.2129327174795916;3.1174129814415332;3.134780168533325;4500
2018-08-15;3.1347800758767796;3.230299809091505;3.1347800758767796;3.1695146560668945;9100
2018-08-16;3.1955655303877997;3.1955655303877997;3.1347801685333256;3.134780168533325;2700
2018-08-17;3.1608310406316757;3.1608310406316757;3.100045680999756;3.100045680999756;9000
2018-08-20;3.1087294252306656;3.134780206181217;3.091362237930298;3.091362237930298;17700
2018-08-21;3.091362186879938;3.091362186879938;3.0392606258392334;3.0392606258392334;36400
2018-08-22;3.0392606886542493;3.0566278760267602;3.0218935012817383;3.0218935012817383;31900
2018-08-23;3.0392605472426406;3.0392605472426406;2.9611082077026367;2.9611082077026367;11900
2018-08-24;3.0479442193460176;3.0479442193460176;3.0045262518120968;3.0392606258392334;3600
2018-08-27;3.004526138305664;3.1260964428079;3.004526138305664;3.004526138305664;23500
2018-08-28;3.091362287288382;3.1434638500213623;3.091362287288382;3.1434638500213623;500
2018-08-29;3.126096725463867;3.126096725463867;3.126096725463867;3.126096725463867;200
2018-08-30;3.0826782899342313;3.0826782899342313;3.056627511978149;3.0566275119781494;600
2018-08-31;3.1000456423888414;3.1868817806243896;3.1000456423888414;3.1868817806243896;600
2018-09-04;3.1434637479206424;3.1434637479206424;3.0392606258392334;3.0392606258392334;6300
2018-09-05;3.0392603266740945;3.073994697282204;3.0392603266740945;3.0566275119781494;4000
2018-09-06;3.0479442193460176;3.0566278128528013;3.0392606258392334;3.0392606258392334;3800
2018-09-07;3.0392605284010292;3.100045680999756;3.0392605284010292;3.100045680999756;200
2018-09-10;3.0826782899342313;3.1000454752382858;3.056627511978149;3.0566275119781494;3500
2018-09-11;3.039260511020589;3.039260511020589;2.9697917655907395;3.004526138305664;32200
2018-09-12;3.0045260843513635;3.0045260843513635;2.909006354067441;2.9524245262145996;6600
2018-09-13;2.9090066830946455;2.952424860152677;2.87427230707479;2.9176902770996094;70800
2018-09-14;2.935057495081189;2.935057495081189;2.8916393206424216;2.900322914123535;3600
2018-09-17;2.9263736532062983;2.987159013748169;2.9263736532062983;2.987159013748169;9700
2018-09-18;2.943741108570271;2.969791889190674;2.943741108570271;2.969791889190674;41500
2018-09-19;2.9697917122601876;2.9958424913285695;2.9524245262145996;2.9524245262145996;2500
2018-09-20;2.9958427582717944;2.9958427582717944;2.9524247892890854;2.978475570678711;4900
2018-09-21;2.9784754827308078;3.0392606375117466;2.969791889190674;2.969791889190674;1900
2018-09-24;2.9524245262145996;2.9524245262145996;2.874271981976265;2.9524245262145996;79300
2018-09-25;2.917689950225117;2.9524245293868017;2.882955578096621;2.909006357192993;32200
2018-09-26;2.9350576400756836;2.9350576400756836;2.9090066513122013;2.9350576400756836;22300
2018-09-27;2.9350576400756836;2.952424827895866;2.9350576400756836;2.9350576400756836;2500
2018-09-28;2.935057405752835;2.935057405752835;2.8916392326354976;2.891639232635498;300
2018-10-01;2.9090066830946455;2.935057672142749;2.865588713069826;2.9176902770996094;36900
2018-10-02;2.935057503757824;3.0392606258392334;2.92637370321784;3.0392606258392334;13800
2018-10-03;2.9350575150301372;3.082678605212417;2.9350575150301372;2.969791889190674;39700
2018-10-04;2.987159126536717;3.0218935012817383;2.987159126536717;3.0218935012817383;8300
2018-10-05;3.0305771067749676;3.15214762588938;3.0305771067749676;3.11741304397583;3000
2018-10-08;3.152147408143447;3.24766693246604;3.152147408143447;3.1868817806243896;1200
2018-10-09;3.2216161711366187;3.2824013233184814;3.1868817984612683;3.2824013233184814;32700
2018-10-10;3.212932664516761;3.212932664516761;3.0826785564422607;3.0826785564422607;118400
2018-10-11;3.117413005829827;3.1955655553874998;2.995842695236206;2.995842695236206;54100
2018-10-12;3.0479443073272705;3.1608312332072317;3.0218935260549427;3.0479443073272705;8200
2018-10-15;3.0653113546737485;3.204249055472792;3.0653113546737485;3.1955654621124268;42800
2018-10-16;3.2302999372251553;3.299768686294555;3.178198375423105;3.2997686862945557;26200
2018-10-17;3.2733872353114353;3.3559097440414782;3.236710661924581;3.2642180919647217;5600
2018-10-18;3.245879859033447;3.3008947200249503;3.200034141540528;3.2000341415405273;2800
2018-10-19;3.200033895076747;3.2825561802082084;3.200033895076747;3.2550487518310547;6200
2018-10-22;3.300894654043225;3.3925863058058607;3.300894654043225;3.319232940673828;3100
2018-10-23;3.337571178198917;3.429262603997128;3.319232674429672;3.3834168910980225;12700
2018-10-24;3.420093468373623;3.438431753570564;3.255048682991547;3.328402042388916;15700
2018-10-25;3.346740484237671;3.3742479133206307;3.328402198182364;3.346740484237671;14400
2018-10-26;3.3650786059383804;3.3925860336778437;3.3650786059383804;3.3834168910980225;5400
2018-10-29;3.401755275079643;3.520954132080078;3.3925861322334554;3.520954132080078;5900
2018-10-30;3.5392925533987634;3.5392925533987634;3.3192328980479333;3.438431978225708;26100
2018-10-31;3.410924507591896;3.4567702230280206;3.383417078330221;3.447601079940796;3000
2018-11-01;3.4659392779362097;3.63098406791687;3.4659392779362097;3.63098406791687;9500
2018-11-02;3.603476793534322;3.7318450175915894;3.4934468559695757;3.649322509765625;53200
2018-11-05;3.6859989898443053;3.7410138479352084;3.6676607038140046;3.7226755619049072;21000
2018-11-06;3.704337085785298;3.704337085785298;3.566799947615806;3.658491373062134;7200
2018-11-07;3.6401533665193644;3.685999082750667;3.6401533665193644;3.649322509765625;1300
2018-11-08;3.6126459367805825;3.649322509765625;3.603476793534322;3.649322509765625;1600
2018-11-09;3.621815081795087;3.621815081795087;3.539292573928833;3.539292573928833;1100
2018-11-12;3.5576310669610347;3.7043373584747314;3.5576310669610347;3.7043373584747314;28800
2018-11-13;3.6034766894180112;3.6034766894180112;3.566800117492676;3.566800117492676;1200
2018-11-14;3.6034765177943373;3.6676605156067668;3.6034765177943373;3.658491373062134;5100
2018-11-15;3.621814925062923;3.63098406791687;3.621814925062923;3.63098406791687;1200
2018-11-16;3.6218149662017822;3.6218149662017822;3.6218149662017822;3.6218149662017822;100
2018-11-19;3.5759692107931866;3.63098406791687;3.5759692107931866;3.63098406791687;600
2018-11-20;3.63098406791687;3.63098406791687;3.63098406791687;3.63098406791687;100
2018-11-21;3.6401534111268297;3.6584916978440734;3.3192329563558207;3.530123472213745;4600
2018-11-23;3.6401532936750156;3.6401532936750156;3.6126458644866943;3.6126458644866943;300
2018-11-26;3.649322405764997;3.676830053329468;3.5301233283509985;3.6768300533294678;40300
2018-11-27;3.612645741380989;3.6768299592428573;3.58513831313002;3.640153169631958;14700
2018-11-28;3.6034768428511157;3.7043374199403494;3.6034768428511157;3.6951684951782227;12000
2018-11-29;3.6676606309599453;3.713506563734632;3.6676606309599453;3.6859989166259766;11700
2018-11-30;3.667660846453355;3.6951684951782227;3.667660846453355;3.6951684951782227;6300
2018-12-03;3.704337085785298;3.722675370874564;3.6584913730621342;3.658491373062134;13600
2018-12-04;3.6859989669084556;3.6859989669084556;3.6218149662017822;3.6218149662017822;1600
2018-12-06;3.6034768880868997;3.6034768880868997;3.511785234608753;3.5759694576263428;9800
2018-12-07;3.6126458962574075;3.6676607551178675;3.530123389357101;3.548461675643921;3400
2018-12-10;3.5576311706526385;3.5759694576263428;3.5576311706526385;3.5759694576263428;1400
2018-12-11;3.6768302545913416;3.6768302545913416;3.5668003141394906;3.5759694576263428;900
2018-12-12;3.667660639332659;3.667660639332659;3.63098406791687;3.63098406791687;300
2018-12-13;3.658491579305581;3.658491579305581;3.502615928649902;3.5026159286499023;2400
2018-12-14;3.5759692604740096;3.5759692604740096;3.5484616129203954;3.566800117492676;1700
2018-12-17;3.566800190904863;3.72267562479578;3.4934468269348145;3.4934468269348145;11400
2018-12-18;3.603476731216038;3.6676607328298685;3.5484616540802825;3.557631015777588;6400
2018-12-19;3.5759694017497092;3.841874777323118;3.5759694017497092;3.750183343887329;167900
2018-12-20;3.7501832712725456;3.8602129892649875;3.7043373368327446;3.7135066986083984;20600
2018-12-21;3.695168483825856;3.750183343887329;3.4842777497042987;3.750183343887329;5500
2018-12-24;3.7501833040841106;3.7501833040841106;3.5851385070418007;3.649322509765625;14900
2018-12-26;3.6676607131958012;3.6676607131958012;3.520954205968508;3.667660713195801;6300
2018-12-27;3.667660639332659;3.676830000796216;3.4659392779362097;3.63098406791687;3000
2018-12-28;3.6401534163381095;3.6951684951782227;3.5301234772675056;3.6951684951782227;5700
2018-12-31;3.695168278068601;3.695168278068601;3.685998916625976;3.6859989166259766;600
2019-01-02;3.7226756449139433;3.7960287906707917;3.7043373584747314;3.7043373584747314;7100
2019-01-03;3.7868595546359374;3.9427351951599117;3.7868595546359374;3.942735195159912;25400
2019-01-04;4.098610398464685;4.098610398464685;3.93356583408476;3.942735195159912;12100
2019-01-07;3.8968895818996194;3.9610738030004202;3.8968895818996194;3.9243972301483154;5900
2019-01-08;3.9610733343086477;4.080271963364258;3.9610733343086477;4.025257110595703;2700
2019-01-09;4.061933912413905;4.144456414916186;4.025257341794937;4.080272197723389;10900
2019-01-10;4.0252578173564935;4.0252578173564935;3.906059167371805;3.979412317276001;13800
2019-01-11;3.9519043486858454;3.997750282287598;3.9519043486858454;3.9977502822875977;400
2019-01-14;3.9977505558541453;3.9977505558541453;3.933566331863403;3.9335663318634033;600
2019-01-15;3.970242485866487;4.080272197723389;3.970242485866487;4.080272197723389;2000
2019-01-16;4.016088498704968;4.0802722799723545;3.92439707030926;4.061933994293213;12400
2019-01-17;3.988580542083333;4.025257110595703;3.869381475808537;4.025257110595703;2300
2019-01-18;4.025257457838334;4.025257457838334;3.8418745994567876;3.841874599456787;1500
2019-01-22;3.80519797544677;3.8418745466186586;3.7776903284582457;3.7960286140441895;23800
2019-01-23;3.7960286288712948;3.9794119226662397;3.7960286288712948;3.961073637008667;4800
2019-01-24;3.851043333285197;3.961073480091015;3.851043333285197;3.942735195159912;1400
2019-01-25;3.970242834259218;3.970242834259218;3.8968896865844727;3.8968896865844727;1500
2019-01-28;3.9427355987828494;4.016088746016517;3.8968896631521845;4.0069193840026855;17100
2019-01-29;3.979412317276001;3.99775060475205;3.979412317276001;3.979412317276001;2300
2019-01-30;3.988580542083333;4.025257110595703;3.9243967657962773;4.025257110595703;1800
2019-01-31;3.970242810385852;4.0069193840026855;3.970242810385852;4.0069193840026855;1300
2019-02-01;4.080272590914091;4.107780240138664;4.0069194426075665;4.098610877990723;5900
2019-02-04;4.098610468900222;4.098610468900222;3.979411833409198;4.034426689147949;3200
2019-02-05;3.9519043486858454;4.025257492673268;3.9519043486858454;3.9977502822875977;700
2019-02-06;3.896889592814097;3.970242738723755;3.896889592814097;3.970242738723755;500
2019-02-07;3.924397230148316;3.9335661547517238;3.8693819336509225;3.9243972301483154;6000
2019-02-08;3.924397230148316;3.924397230148316;3.924397230148316;3.9243972301483154;100
2019-02-11;3.9427354519657785;3.9427354519657785;3.5026159291237944;3.6126458644866943;71500
2019-02-12;3.612645895310763;3.768521547317505;3.612645895310763;3.768521547317505;4100
2019-02-13;3.7960288130786037;3.7960288130786037;3.5943076610565186;3.5943076610565186;4400
2019-02-14;3.7685215486255768;3.896889552644237;3.7685215486255768;3.869381904602051;31500
2019-02-15;3.8785511711330964;3.9152277428094058;3.8418745994567876;3.841874599456787;11900
2019-02-19;3.8693818830330238;3.8968895309218747;3.8693818830330238;3.8785512447357178;6900
2019-02-20;3.9152279735031588;3.9152279735031588;3.667660881491268;3.8968896865844727;170300
2019-02-21;3.832705310660709;3.915227817108032;3.832705310660709;3.8785512447357178;56900
2019-02-22;3.9060588184999396;3.9243971043380945;3.8418745994567876;3.841874599456787;2900
2019-02-25;3.915227838932617;3.915227838932617;3.8143670457369105;3.869381904602051;2200
2019-02-26;3.8968892642225543;3.9427351951599117;3.841874409429246;3.942735195159912;1500
2019-02-27;3.878551266355857;3.8877201908904304;3.805198121202337;3.869381904602051;5500
2019-02-28;3.8693818830330238;3.8785512447357173;3.8693818830330238;3.8785512447357178;500
2019-03-01;3.8785512447357173;3.8785512447357173;3.8785512447357173;3.8785512447357178;100
2019-03-04;3.85104360676709;3.9335661134269895;3.8235363960266113;3.8235363960266113;3800
2019-03-05;3.90605878829956;3.90605878829956;3.90605878829956;3.9060587882995605;200
2019-03-06;3.9060590832860744;3.9060590832860744;3.8143672106604187;3.832705497741699;2100
2019-03-07;3.731844984940472;3.8235364166008403;3.7043373368327446;3.7135066986083984;8200
2019-03-08;3.7226755619049072;3.7501832095599723;3.7226755619049072;3.7226755619049072;3300
2019-03-11;3.7685216421522107;3.7685216421522107;3.6951684951782227;3.6951684951782227;3000
2019-03-12;3.7776903891976716;3.796028675078467;3.722675531555285;3.7868597507476807;14400
2019-03-13;3.7593520069935895;3.915227651596069;3.7593520069935895;3.9152276515960693;4300
2019-03-14;3.906058999337792;3.906058999337792;3.7410139819341293;3.750183343887329;2400
2019-03-15;3.7043373378697018;3.823536417671165;3.7043373378697018;3.8143670558929443;2600
2019-03-18;3.823536608352921;3.933566331863403;3.750183459345933;3.9335663318634033;6400
2019-03-19;3.8602129257417777;3.8602129257417777;3.7135066374993704;3.7226755619049072;6400
2019-03-20;3.6676607829643477;3.924397230148316;3.6676607829643477;3.9243972301483154;6700
2019-03-21;3.7868596152115326;3.832705109663046;3.6951681890892987;3.759351968765259;4000
2019-03-22;3.722675623955399;3.722675623955399;3.6034767627716064;3.6034767627716064;1900
2019-03-25;3.566800117492676;3.612645832399345;3.493446755032392;3.566800117492676;12900
2019-03-26;3.5943076196036223;3.6126459059395906;3.5943076196036223;3.6034767627716064;2300
2019-03-27;3.5668000735321557;3.5668000735321557;3.447600997634322;3.4659392833709717;1700
2019-03-28;3.4384319272191695;3.502615928649902;3.374247925788437;3.5026159286499023;5600
2019-03-29;3.502615928649902;3.502615928649902;3.502615928649902;3.5026159286499023;100
2019-04-01;3.685998977704808;3.6951683392993737;3.676830053329468;3.6768300533294678;1700
2019-04-02;3.6676607641685974;3.7135066986083984;3.6676607641685974;3.7135066986083984;1600
2019-04-03;3.7135066986083984;3.7135066986083984;3.7135066986083984;3.7135066986083984;300
2019-04-04;3.594307639839459;3.7043373584747314;3.594307639839459;3.7043373584747314;1800
2019-04-05;3.6309839454282358;3.6584913730621342;3.6309839454282358;3.658491373062134;2700
2019-04-08;3.704337285350221;3.704337285350221;3.5943075688869617;3.667660713195801;2100
2019-04-09;3.7043372951144318;3.7043372951144318;3.6126458644866943;3.6126458644866943;600
2019-04-10;3.685998999273011;3.722675571427431;3.6676607131958012;3.667660713195801;5500
2019-04-11;3.6584913730621342;3.6584913730621342;3.6584913730621342;3.658491373062134;1300
2019-04-12;3.6493225206989055;3.6584916639726366;3.5851385177827875;3.5943076610565186;2600
2019-04-15;3.649322509765625;3.649322509765625;3.621815080026843;3.649322509765625;1800
2019-04-16;3.5943076610565186;3.5943076610565186;3.5943076610565186;3.5943076610565186;800
2019-04-17;3.575969292235599;3.6126458644866943;3.5668001491728254;3.6126458644866943;2000
2019-04-18;3.6126458644866943;3.6126458644866943;3.6126458644866943;3.6126458644866943;300
2019-04-22;3.5301233180112086;3.6218149662017822;3.5301233180112086;3.6218149662017822;1500
2019-04-23;3.594307463693105;3.594307463693105;3.585138320922851;3.5851383209228516;400
2019-04-24;3.5392924699390615;3.5759692604740096;3.5392924699390615;3.566800117492676;700
2019-04-25;3.5759691319280438;3.594307417231502;3.4109243455873144;3.4842774868011475;7700
2019-04-26;3.566800222290664;3.566800222290664;3.539292573928833;3.539292573928833;5700
2019-04-29;3.5943076610565186;3.5943076610565186;3.5392925828045123;3.5943076610565186;5200
2019-04-30;3.5943076610565186;3.5943076610565186;3.557631087961594;3.5943076610565186;11900
2019-05-01;3.5943076610565186;3.5943076610565186;3.5943076610565186;3.5943076610565186;100
2019-05-02;3.630984118362013;3.630984118362013;3.566800117492676;3.566800117492676;2100
2019-05-03;3.649322509765625;3.649322509765625;3.649322509765625;3.649322509765625;200
2019-05-06;3.557630846624585;3.603476559883231;3.4842774868011475;3.4842774868011475;2800
2019-05-07;3.5301233269577277;3.566800117492676;3.51178504099506;3.566800117492676;3100
2019-05-08;3.548461685154085;3.6034767627716064;3.530123398818117;3.6034767627716064;800
2019-05-09;3.5392926650693095;3.5759694576263428;3.5392926650693095;3.5759694576263428;800
2019-05-10;3.5759694576263428;3.5759694576263428;3.5759694576263428;3.5759694576263428;100
2019-05-13;3.520954132080078;3.566800064920624;3.5026158463877035;3.520954132080078;7600
2019-05-14;3.5392926650693095;3.5759694576263428;3.520954378095605;3.5759694576263428;212900
2019-05-15;3.585138476435638;3.6034767627716064;3.5759693332676545;3.6034767627716064;1900
2019-05-16;3.548461602179307;3.548461602179307;3.5117850303649907;3.5117850303649902;2900
2019-05-17;3.4842774868011475;3.4934466294528765;3.4751083441494184;3.4842774868011475;9700
2019-05-20;3.5117850395207917;3.5117850395207917;3.4567701816558842;3.456770181655884;700
2019-05-21;3.4567701816558842;3.4567701816558842;3.4567701816558842;3.456770181655884;100
2019-05-22;3.3467406050413078;3.5484617589309893;3.3467406050413078;3.530123472213745;1300
2019-05-23;3.520954256444976;3.539292542785084;3.4751085405947064;3.4934468269348145;1300
2019-05-24;3.511785113274922;3.53012339961503;3.4934468269348145;3.4934468269348145;2000
2019-05-28;3.4934468269348145;3.630984193095241;3.4659393974246524;3.4934468269348145;1100
2019-05-29;3.5484617640110026;3.6951684951782227;3.5484617640110026;3.6951684951782227;1600
2019-05-30;3.6859989250405536;3.6859989250405536;3.63098406791687;3.63098406791687;400
2019-05-31;3.6584913730621342;3.6584913730621342;3.6584913730621342;3.658491373062134;200
2019-06-03;3.585138556107619;3.7043374199403494;3.3467406098325356;3.6951684951782227;9500
2019-06-04;3.676829984255796;3.750183126757391;3.676829984255796;3.741013765335083;6400
2019-06-05;3.7776903891976716;3.7868597507476807;3.7135066072244984;3.7868597507476807;6000
2019-06-06;3.731844902038574;3.731844902038574;3.667660682692534;3.731844902038574;8500
2019-06-07;3.759352124629255;3.7776904106140132;3.750183200246489;3.7776904106140137;1800
2019-06-10;3.8327054039354866;3.8327054039354866;3.8051981925964355;3.8051981925964355;3400
2019-06-11;3.7776904106140132;3.7776904106140132;3.7776904106140132;3.7776904106140137;1000
2019-06-12;3.7776904718488957;3.8327053306949397;3.7593521855668808;3.768521547317505;4500
2019-06-13;3.7685214042748814;3.79602861404419;3.750183118688937;3.7960286140441895;1800
2019-06-14;3.8051979004359797;3.8051979004359797;3.759351968765259;3.759351968765259;600
2019-06-17;3.7868597507476807;3.7868597507476807;3.7868597507476807;3.7868597507476807;400
2019-06-18;3.8785511836930686;3.8877201080322266;3.860212897795529;3.8877201080322266;1600
2019-06-19;3.878551399665786;3.9152279735031588;3.878551399665786;3.8968896865844727;3000
2019-06-20;3.9427353993440546;3.9427353993440546;3.7593521033168757;3.7868597507476807;1200
2019-06-21;3.9152278683256716;3.924397230148316;3.8968895818996194;3.9243972301483154;1800
2019-06-24;3.9427356940989045;3.9427356940989045;3.915228044611656;3.9335663318634033;1400
2019-06-25;3.9060588184999396;3.9060588184999396;3.8418745994567876;3.841874599456787;700
2019-06-26;3.832705250339607;3.915227755488148;3.832705250339607;3.8877201080322266;3600
2019-06-27;3.841874693779097;3.915227838932617;3.841874693779097;3.869381904602051;2400
2019-06-28;3.8510436285673584;3.8877202012417724;3.8143670558929443;3.8143670558929443;1100
2019-07-01;3.9427356940989045;3.970242906366897;3.915228044611656;3.9335663318634033;1600
2019-07-02;4.0069194808703905;4.0069194808703905;3.8877203951244077;3.9335663318634033;2300
2019-07-03;4.089441917840304;4.089441917840304;3.8968896865844727;3.8968896865844727;1400
2019-07-05;3.961073658362827;4.080272297170041;3.9060588010935238;3.951904296875;17600
2019-07-08;4.0894415448867;4.0894415448867;3.8968893311914674;4.034426689147949;5200
2019-07-09;4.052765246481739;4.061934171110828;3.9243972411398373;3.970242738723755;4000
2019-07-10;4.1077802305163065;4.1077802305163065;4.04359600728882;4.052765369415283;17100
2019-07-11;4.061934294322495;4.0894419434826315;4.04359600728882;4.052765369415283;16700
2019-07-12;4.052765319633351;4.052765319633351;4.0069193840026855;4.0069193840026855;25400
2019-07-15;4.034426918416703;4.034426918416703;3.8693819046020503;3.869381904602051;3600
2019-07-16;3.887720095442563;3.887720095442563;3.8418745994567876;3.841874599456787;2700
2019-07-17;3.93356606268899;3.997750282287598;3.915227776692134;3.9977502822875977;900
2019-07-18;4.034427130357639;4.034427130357639;3.933566331863403;3.9335663318634033;900
2019-07-19;4.034426832431769;4.034426832431769;3.8877201080322266;3.8877201080322266;600
2019-07-22;3.906058780035949;3.9794119226662397;3.906058780035949;3.961073637008667;1600
2019-07-23;4.034426725376696;4.034426725376696;3.915227651596069;3.9152276515960693;600
2019-07-24;3.933566331863403;4.034427130357639;3.915228044611656;3.9335663318634033;5000
2019-07-25;4.0069191410199805;4.0069191410199805;3.90605878829956;3.9060587882995605;1400
2019-07-26;4.034426801388565;4.034426801388565;3.8327052208485655;3.951904296875;7100
2019-07-29;3.9243970868499582;3.951904296875;3.9243970868499582;3.951904296875;500
2019-07-30;3.9794119226662397;3.9794119226662397;3.961073637008667;3.961073637008667;300
2019-07-31;4.034426779638958;4.034426779638958;3.9519042755702714;3.961073637008667;1900
2019-08-01;3.9427354029440695;3.9427354029440695;3.8877201080322266;3.8877201080322266;1100
2019-08-02;3.8693819046020503;3.9427354869748035;3.8693819046020503;3.869381904602051;700
2019-08-05;3.7410138992848663;3.841874692445564;3.7410138992848663;3.768521547317505;4200
2019-08-06;3.8235363960266113;3.8235363960266113;3.8235363960266113;3.8235363960266113;400
2019-08-07;3.8510436285673584;3.878551276682786;3.7318449859851297;3.8143670558929443;4300
2019-08-08;3.851043536237147;3.8877201080322266;3.7776903926469876;3.8877201080322266;7700
2019-08-09;3.8602129585495604;3.9610737511830405;3.8602129585495604;3.8785512447357178;6700
2019-08-12;3.8968894695906084;3.8968894695906084;3.8143669644420672;3.8877201080322266;1300
2019-08-13;3.8602129800674767;3.8693819046020503;3.83270533202529;3.869381904602051;10800
2019-08-14;3.86938186004511;3.86938186004511;3.6676607131958012;3.667660713195801;5700
2019-08-15;3.658491770469532;3.8327054977416997;3.585138622144409;3.832705497741699;2500
2019-08-16;3.906058999337792;3.906058999337792;3.7410139819341293;3.750183343887329;3300
2019-08-19;3.841874649538909;3.841874649538909;3.6676607131958012;3.667660713195801;2600
2019-08-20;3.658491691841919;3.750183343887329;3.658491691841919;3.750183343887329;1100
2019-08-21;3.8143670457369105;3.8693819046020503;3.7776904731601504;3.869381904602051;3600
2019-08-22;3.7868597722160056;3.7868597722160056;3.7776904106140132;3.7776904106140137;300
2019-08-23;3.7410137480171612;3.832705175719697;3.585138320922851;3.5851383209228516;2300
2019-08-26;3.6034767627716064;3.6034767627716064;3.5943076196036223;3.6034767627716064;800
2019-08-27;3.5759692604740096;3.5759692604740096;3.557630974511342;3.566800117492676;3300
2019-08-28;3.566800117492676;3.5759692604740096;3.5484616129203954;3.566800117492676;700
2019-08-29;3.5668000353823444;3.585138320922851;3.5668000353823444;3.5851383209228516;400
2019-08-30;3.6309841506122416;3.6309841506122416;3.6126458644866943;3.6126458644866943;900
2019-09-03;3.676829876761002;3.713506446939533;3.6584913730621342;3.658491373062134;4800
2019-09-04;3.7593521033168757;3.7868597507476807;3.722675531555285;3.7868597507476807;3000
2019-09-05;3.841874765861331;3.851043690567934;3.786859905963988;3.8051981925964355;4500
2019-09-06;3.796028675078467;3.979411971105646;3.7868597507476807;3.7868597507476807;2900
2019-09-09;4.016088546534228;4.016088546534228;3.8877201080322266;3.8877201080322266;2000
2019-09-10;3.933566331863403;3.933566331863403;3.933566331863403;3.9335663318634033;3800
2019-09-11;3.9243973119744324;4.0069193840026855;3.9243973119744324;4.0069193840026855;800
2019-09-12;3.9243970656935216;3.9977502083238123;3.9243970656935216;3.961073637008667;4100
2019-09-13;3.961073637008667;3.961073637008667;3.961073637008667;3.961073637008667;200
2019-09-16;3.99775004995322;4.006918973809172;3.9427351951599117;3.942735195159912;3800
2019-09-17;3.93356583408476;3.99775004995322;3.93356583408476;3.942735195159912;8100
2019-09-18;3.933566331863403;3.933566331863403;3.933566331863403;3.9335663318634033;300
2019-09-19;3.95190461911515;3.95190461911515;3.933566331863403;3.9335663318634033;1800
2019-09-20;3.896889366185143;3.9335659370069953;3.896889366185143;3.9152276515960693;5200
2019-09-23;3.869381850147315;3.9243971454574447;3.7226755619049072;3.7226755619049072;1000
2019-09-24;3.8510436499884277;3.8510436499884277;3.7043373584747314;3.7043373584747314;700
2019-09-25;3.841874776440025;3.8877202745377604;3.841874776440025;3.851043701171875;2000
2019-09-26;3.970242569627242;3.970242569627242;3.8877200653839723;3.9060587882995605;500
2019-09-27;3.90605883114899;3.90605883114899;3.8877201080322266;3.8877201080322266;400
2019-09-30;3.942735485606261;3.942735485606261;3.768521547317505;3.768521547317505;1500
2019-10-01;3.7868599163911973;3.8785513498059103;3.7868599163911973;3.851043701171875;5600
2019-10-02;3.8510434415540225;3.8693817270006905;3.8510434415540225;3.860212802886963;4500
2019-10-03;3.9243974068471577;3.933566331863403;3.8693821078726605;3.9335663318634033;1700
2019-10-04;3.924397230148316;3.924397230148316;3.924397230148316;3.9243972301483154;400
2019-10-07;3.915227838932617;3.951904411509377;3.8693819046020503;3.869381904602051;2300
2019-10-08;3.8693819046020503;3.8693819046020503;3.8693819046020503;3.869381904602051;200
2019-10-09;3.988580703735352;3.988580703735352;3.97024241873594;3.9885807037353516;500
2019-10-10;3.97941238696058;4.016088962554932;3.9243975235690525;4.016088962554932;1900
2019-10-11;4.016088447793249;4.016088447793249;3.8327051561073544;3.860212802886963;3800
2019-10-14;3.979412317276001;3.9885812424043947;3.970242954928346;3.979412317276001;9800
2019-10-15;4.034426779638958;4.034426779638958;3.961073637008667;3.961073637008667;4200
2019-10-16;3.9427352983220647;3.9427352983220647;3.906058727500212;3.9152276515960693;5100
2019-10-17;3.937479082593913;4.005199554960824;3.898781538009644;3.8987815380096436;3400
2019-10-18;3.8794328523482156;3.947153326227377;3.8794328523482156;3.918130397796631;7400
2019-10-21;3.9181303381562933;3.9858508110046387;3.9181303381562933;3.9858508110046387;1800
2019-10-22;3.9761766787025694;4.063245924489883;3.9761766787025694;4.0438971519470215;5800
2019-10-23;4.08259480344462;4.092269420623779;4.0729206475765976;4.092269420623779;7400
2019-10-24;4.082594450633102;4.092269066976196;4.01487398147583;4.01487398147583;20700
2019-10-25;4.1212927885787645;4.1212927885787645;3.9181304420256633;4.0342230796813965;1900
2019-10-28;4.121292810850123;4.121292810850123;4.092269420623779;4.092269420623779;2400
2019-10-29;4.092269420623779;4.092269420623779;4.092269420623779;4.092269420623779;0
2019-10-30;4.072920473268923;4.072920473268923;4.053571701049805;4.053571701049805;300
2019-10-31;4.005199432373047;4.034222820578485;4.005199432373047;4.005199432373047;1100
2019-11-01;4.053571592278408;4.053571592278408;4.005199432373047;4.005199432373047;2800
2019-11-04;4.005199365132736;4.072920295601105;4.005199365132736;4.01487398147583;2100
2019-11-05;4.06324577331543;4.06324577331543;4.06324577331543;4.06324577331543;200
2019-11-06;4.005199457846479;4.06324577331543;4.005199457846479;4.06324577331543;500
2019-11-07;4.06324577331543;4.06324577331543;4.06324577331543;4.06324577331543;0
2019-11-08;4.014874261417669;4.014874261417669;3.918130397796631;3.918130397796631;3200
2019-11-11;3.91813022193416;3.91813022193416;3.8794326782226562;3.8794326782226562;2900
2019-11-12;3.91813022193416;3.91813022193416;3.8697580616392258;3.8794326782226562;3300
2019-11-13;3.918130330621237;3.918130330621237;3.7730143070220947;3.7730143070220947;75500
2019-11-14;3.91813022193416;3.91813022193416;3.8794326782226562;3.8794326782226562;1200
2019-11-15;3.8794326445811382;3.8794326445811382;3.8213860988616943;3.8213860988616943;2400
2019-11-18;3.8310605847335637;3.9084556735061824;3.811711812540409;3.869758129119873;9600
2019-11-19;3.908455693500151;3.908455693500151;3.898781538009644;3.8987815380096436;600
2019-11-20;3.918130397796631;3.918130397796631;3.918130397796631;3.918130397796631;200
2019-11-21;3.918130397796631;3.918130397796631;3.918130397796631;3.918130397796631;100
2019-11-22;3.850409294634877;3.9084556102752686;3.850409294634877;3.9084556102752686;700
2019-11-25;3.8794327657175094;3.898781538009644;3.8213862181855456;3.8987815380096436;2800
2019-11-26;3.8987814500784084;3.91813022193416;3.8794326782226562;3.8794326782226562;1100
2019-11-27;3.9181303103017786;3.9181303103017786;3.8891069212080165;3.8987815380096436;2100
2019-11-29;3.927804465792286;3.927804465792286;3.8794327657175094;3.8987815380096436;3700
2019-12-02;3.8987814549907585;3.9084556102752686;3.8407349086948113;3.9084556102752686;4600
2019-12-03;3.889106838395138;3.9278043821553994;3.889106838395138;3.9084556102752686;1300
2019-12-04;3.9471531540355302;3.9471531540355302;3.9084556102752686;3.9084556102752686;600
2019-12-05;3.9568278021402263;3.9568278021402263;3.627898216247558;3.6278982162475586;7300
2019-12-06;3.8697581531227496;3.9278044700622563;3.8697581531227496;3.927804470062256;2500
2019-12-09;3.9278044072105414;3.966501951217651;3.9278044072105414;3.9665019512176514;1800
2019-12-10;3.9471534374999697;4.024548530578613;3.9471534374999697;4.024548530578613;4600
2019-12-11;4.082594394683838;4.082594394683838;4.082594394683838;4.082594394683838;500
2019-12-12;4.034222805229068;4.179338823081911;3.9858506455077527;4.130966663360596;4400
2019-12-13;4.247059448325993;4.247059448325993;4.1116180419921875;4.1116180419921875;30400
2019-12-16;4.072920422455073;4.353477846787607;4.072920422455073;4.305105686187744;21100
2019-12-17;4.353478106628664;4.353478106628664;4.334129333496094;4.334129333496094;20300
2019-12-18;4.353477930977822;4.372826703329723;4.256734069218316;4.295431613922119;39800
2019-12-19;4.266408049471113;4.334128980576295;4.2567338943481445;4.2567338943481445;28200
2019-12-20;4.256734026445589;4.392175431547947;4.256734026445589;4.363152503967285;1800
2019-12-23;4.392175568370111;4.52761697769165;4.392175568370111;4.52761697769165;3500
2019-12-24;4.372826438766287;4.372826438766287;4.2664079666137695;4.2664079666137695;2100
2019-12-26;4.43087282008779;4.663058539125766;4.43087282008779;4.566314220428467;19200
2019-12-27;4.595337717169587;4.653384032976501;4.595337717169587;4.614686489105225;2000
2019-12-30;4.605012333792961;4.653384032976501;4.605012333792961;4.614686489105225;2300
2019-12-31;4.643709877664237;4.643709877664237;4.614686489105225;4.614686489105225;1100
2020-01-02;4.566314261937527;4.624361038208008;4.566314261937527;4.624361038208008;1300
2020-01-03;4.605012376719174;4.605012376719174;4.546965599060059;4.546965599060059;1300
2020-01-06;4.643710136413574;4.643710136413574;4.5663145830474;4.643710136413574;1800
2020-01-07;4.643710136413574;4.643710136413574;4.643710136413574;4.643710136413574;200
2020-01-08;4.643710029816392;4.643710029816392;4.595337867736816;4.595337867736816;2200
2020-01-09;4.643709809861133;4.643709809861133;4.614686421725893;4.624361038208008;2000
2020-01-10;4.643710097679153;4.769476890563965;4.643710097679153;4.769476890563965;2200
2020-01-13;4.7888257033612;4.7888257033612;4.634035519251126;4.643710136413574;7900
2020-01-14;4.6437100087962815;4.721105098724366;4.6437100087962815;4.721105098724365;800
2020-01-15;4.7114303061355765;4.7114303061355765;4.6340352190936045;4.682407379150391;2300
2020-01-16;4.711430348783415;4.711430348783415;4.614686489105225;4.614686489105225;2300
2020-01-17;4.624361233567371;4.624361233567371;4.488919364962553;4.537291526794434;4300
2020-01-21;4.459896194395286;4.692081451416016;4.459896194395286;4.692081451416016;600
2020-01-22;4.614686365742439;4.7501277656711975;4.614686365742439;4.692081451416016;25500
2020-01-23;4.8178486824035645;4.8178486824035645;4.8178486824035645;4.8178486824035645;300
2020-01-24;4.8178486824035645;4.8178486824035645;4.8178486824035645;4.8178486824035645;200
2020-01-27;4.566314320483708;4.66305864130083;4.430872917175293;4.430872917175293;11300
2020-01-28;4.430872917175293;4.430872917175293;4.430872917175293;4.430872917175293;0
2020-01-29;4.556640367487546;4.556640367487546;4.48891943217121;4.52761697769165;1400
2020-01-30;4.634035500367533;4.634035500367533;4.198687878676415;4.218036651611328;9400
2020-01-31;4.227710703231525;4.353477954864502;4.227710703231525;4.353477954864502;2200
2020-02-03;4.459896564483643;4.459896564483643;4.411524401268119;4.459896564483643;7500
2020-02-04;4.5372912671868235;4.5372912671868235;4.488919108122624;4.508267879486084;800
2020-02-05;4.643709740341403;4.643709740341403;4.508267879486084;4.508267879486084;1400
2020-02-06;4.3534777374425255;4.411524051917761;4.3534777374425255;4.382501125335693;400
2020-02-07;4.285757087481757;4.353478022797278;4.285757087481757;4.343803405761719;1500
2020-02-10;4.421199069543836;4.421199069543836;4.208362102508545;4.208362102508545;4800
2020-02-11;4.198687630127173;4.37282657623291;4.198687630127173;4.37282657623291;1600
2020-02-12;4.353477752133331;4.508267924589631;4.2567338943481445;4.2567338943481445;2700
2020-02-13;4.266408292161662;4.285757064819336;4.266408292161662;4.285757064819336;200
2020-02-14;4.276082992553711;4.276082992553711;4.276082992553711;4.276082992553711;300
2020-02-18;4.421198889123288;4.421198889123288;4.353477954864502;4.353477954864502;300
2020-02-19;4.430872891601489;4.430872891601489;4.37282657623291;4.37282657623291;300
2020-02-20;4.392175224803563;4.450221538543701;4.392175224803563;4.450221538543701;400
2020-02-21;4.450221538543701;4.450221538543701;4.450221538543701;4.450221538543701;0
2020-02-24;4.430872975862906;4.62436115874882;4.314780342918028;4.363152503967285;4500
2020-02-25;4.43087275231009;4.43087275231009;4.2664079666137695;4.2664079666137695;2600
2020-02-26;4.256734020560266;4.256734020560266;4.169664315316432;4.1793389320373535;1100
2020-02-27;4.130966966718145;4.130966966718145;4.0729206475765976;4.092269420623779;2900
2020-02-28;3.908455598731561;4.06324577331543;3.8697580550855935;4.06324577331543;5700
2020-03-02;4.140641239097847;4.208361708468198;4.121292467661875;4.198687553405762;9500
2020-03-03;4.101943387874634;4.363152503967285;4.101943387874634;4.363152503967285;3500
2020-03-04;4.488919408380474;4.488919408380474;4.189013201530967;4.285757064819336;2100
2020-03-05;4.372826835090635;4.372826835090635;4.218036651611328;4.218036651611328;1000
2020-03-06;4.005199644399999;4.024548417124207;3.918130397796631;3.918130397796631;1600
2020-03-09;3.889106774789559;3.889106774789559;3.6085493564605717;3.6085493564605713;9000
2020-03-10;3.77301428722431;3.77301428722431;3.7149677396958984;3.743990898132324;1200
2020-03-11;3.589200677832488;3.618223835929516;3.4537590427241334;3.4731078147888184;2000
2020-03-12;3.2312478761409245;3.2312478761409245;2.8249234393177463;3.173201560974121;9600
2020-03-13;2.9216673929558836;3.308643301298681;2.9216673929558836;3.0377602577209473;6700
2020-03-16;3.1828760186850813;3.1828760186850813;2.7862259587691103;2.795900344848633;14100
2020-03-17;2.8055746345400663;2.989387963735914;2.7765512466430664;2.7765512466430664;57100
2020-03-18;2.7862260581444915;2.7862260581444915;2.4282732991240716;2.4766452312469482;32500
2020-03-19;2.418598891149778;2.6798075529415093;2.418598891149778;2.602412462234497;17600
2020-03-20;2.7668770176694792;2.78622602091566;2.5733892917633057;2.5733892917633057;5600
2020-03-23;2.5637147841329977;2.6120867133202035;2.418598765915827;2.4959938526153564;10700
2020-03-24;2.7572026556961613;2.8152492046356206;2.7572026556961613;2.81524920463562;8700
2020-03-25;3.0571089792723742;3.434410264514182;2.911992958391336;3.105480909347534;25400
2020-03-26;3.2699456634013555;3.327991978801774;3.173201573745103;3.2022247314453125;8300
2020-03-27;3.2796201265686364;3.2796201265686364;3.13450410399313;3.1925504207611084;7100
2020-03-30;3.2989688988246293;3.2989688988246293;3.0861321733531475;3.1925504207611084;7800
2020-03-31;3.124829621306492;3.124829621306492;2.979713603215136;2.9893879890441895;2300
2020-04-01;2.9990625381469727;3.1538529504944184;2.9990625381469727;2.9990625381469727;3100
2020-04-02;3.1054809849137706;3.1054809849137706;3.0764578261624482;3.09580659866333;1500
2020-04-03;3.0958065986633296;3.0958065986633296;3.0958065986633296;3.09580659866333;0
2020-04-06;3.066783405495588;3.3763639926910405;3.01841124413067;3.37636399269104;2800
2020-04-07;3.1054809275171262;3.318317651748657;3.1054809275171262;3.3183176517486572;8600
2020-04-08;3.366689646914024;3.366689646914024;3.105480987296174;3.2796201705932617;5100
2020-04-09;3.1538529820327943;3.3376665552855944;3.0571091175079346;3.0571091175079346;12300
2020-04-13;3.192550332696389;3.221573490279791;3.163527175112987;3.173201560974121;11700
2020-04-14;3.1151554166316573;3.3957128526448934;3.1054810302400138;3.2118992805480957;15600
2020-04-15;3.0280859079389764;3.308643341064453;3.0280859079389764;3.308643341064453;1200
2020-04-16;3.3473408222198486;3.3473408222198486;3.3473408222198486;3.3473408222198486;200
2020-04-17;3.444084736976924;3.444084736976924;3.2796201705932617;3.2796201705932617;600
2020-04-20;3.2215736031036593;3.318317695758661;3.2215736031036593;3.250596761703491;4700
2020-04-21;3.2505968145780653;3.2505968145780653;3.1828761100769043;3.1828761100769043;1100
2020-04-22;3.221573655970714;3.3666896820068364;3.221573655970714;3.366689682006836;4800
2020-04-23;3.4731078288948187;3.4731078288948187;3.2892944935337516;3.3183176517486572;9900
2020-04-24;3.318317606016815;3.318317606016815;3.0861321128419097;3.231247901916504;19100
2020-04-27;3.366689658816849;3.366689658816849;3.2118992474882297;3.308643341064453;12100
2020-04-28;3.4634333538269373;3.4827821254730225;3.43441019635781;3.4827821254730225;3900
2020-04-29;3.5795262861620354;3.627898216247558;3.5795262861620354;3.6278982162475586;7900
2020-04-30;3.773014382878361;3.773014382878361;3.560177651626475;3.579526424407959;5000
2020-05-01;3.5795262612549643;3.5795262612549643;3.5698518753051762;3.569851875305176;700
2020-05-04;3.3086431665678986;3.6085493564605717;3.3086431665678986;3.6085493564605713;1200
2020-05-05;3.6956189183672903;3.6956189183672903;3.5795262861620354;3.6278982162475586;600
2020-05-06;3.6956189432722417;3.6956189432722417;3.685944557189941;3.6859445571899414;400
2020-05-07;3.5795262612549643;3.5795262612549643;3.5698518753051762;3.569851875305176;300
2020-05-08;3.656921326140342;3.656921326140342;3.327991975234949;3.3570151329040527;6000
2020-05-11;3.4924566387470595;3.531154414106988;3.3860383908100475;3.4053871631622314;7300
2020-05-12;3.386038303375244;3.6762701118191545;3.386038303375244;3.386038303375244;11800
2020-05-13;3.2892944935337516;3.318317651748657;3.2892944935337516;3.3183176517486572;400
2020-05-14;3.2215736781685593;3.3570153187792213;3.192550518892468;3.240922451019287;13700
2020-05-15;3.3957128524780273;3.3957128524780273;3.3957128524780273;3.3957128524780273;400
2020-05-18;3.5214798994207444;3.569851828535957;3.43441019635781;3.4827821254730225;43600
2020-05-19;3.337666534131017;3.3957128524780273;3.337666534131017;3.3957128524780273;700
2020-05-20;3.5214799202430394;3.5795262355245185;3.4537589884257605;3.511805534362793;2700
2020-05-21;3.5795264130166307;3.5795264130166307;3.5505032539367676;3.5505032539367676;3100
2020-05-22;3.415061636526136;3.4247360229492183;3.415061636526136;3.4247360229492188;400
2020-05-26;3.376363949147283;3.627898216247558;3.376363949147283;3.6278982162475586;10900
2020-05-27;3.6278981666796795;3.7633397997241644;3.6278981666796795;3.6956188678741455;6300
2020-05-28;3.7439908860035374;3.7439908860035374;3.714967727661133;3.714967727661133;1000
2020-05-29;3.598875082449235;3.6956189432722417;3.492456604888369;3.6859445571899414;1700
2020-06-01;3.705293253759069;3.705293253759069;3.6085493949098324;3.6956188678741455;1100
2020-06-02;3.724642125841374;3.743990898132324;3.724642125841374;3.743990898132324;1500
2020-06-03;3.7439909024315914;3.9374790868744007;3.6085494962394087;3.927804470062256;37500
2020-06-04;3.9568278830156687;3.9858508110046387;3.782688700492918;3.9858508110046387;4600
2020-06-05;4.014874223788293;4.121292703429592;3.9181303610739855;4.0438971519470215;13300
2020-06-08;4.082594603908684;4.082594603908684;3.91813027170136;3.995525360107422;12400
2020-06-09;3.8310605602469754;3.956827809354186;3.8117117881774902;3.8117117881774902;2900
2020-06-10;4.063245825080797;4.063245825080797;3.8117117881774902;3.8117117881774902;18600
2020-06-11;3.7826887438278063;3.7826887438278063;2.9797137561745553;3.3376665115356445;14700
2020-06-12;3.4344103367557373;3.6665958366560005;3.4344103367557373;3.6182239055633545;14200
2020-06-15;3.627898315102154;3.676270246505737;3.627898315102154;3.6762702465057373;3600
2020-06-16;3.6375725398496317;3.7633397865695795;3.6375725398496317;3.666595697402954;7100
2020-06-17;3.7052933815301174;3.7052933815301174;3.598875133126296;3.6182239055633545;1500
2020-06-18;3.5214799330033797;3.5408287048339844;3.5214799330033797;3.5408287048339844;700
2020-06-19;3.6859445846270544;3.6859445846270544;3.5601775646209717;3.5601775646209717;1900
2020-06-22;3.6859445196298277;3.6859445196298277;3.598875045776367;3.598875045776367;300
2020-06-23;3.676270158818673;3.6956189309185956;3.6569213867187504;3.65692138671875;800
2020-06-24;3.6665958458592316;3.6665958458592316;3.4634335041046143;3.4634335041046143;1300
2020-06-25;3.492456630885213;3.5601775646209717;3.492456630885213;3.5601775646209717;700
2020-06-26;3.589200735092163;3.589200735092163;3.589200735092163;3.589200735092163;400
2020-06-29;3.743990848452813;3.743990848452813;3.627898216247558;3.6278982162475586;800
2020-06-30;3.618223969970926;3.618223969970926;3.5795264244079585;3.579526424407959;1600
2020-07-01;3.773014295502114;4.179338975814651;3.7052933616796513;4.1116180419921875;40300
2020-07-02;4.208362102508545;4.208362102508545;4.0632460724956;4.208362102508545;4500
2020-07-06;4.2083617498658175;4.2083617498658175;4.092269120107985;4.130966663360596;6400
2020-07-07;4.024548312065567;4.092269245488041;4.024548312065567;4.053571701049805;800
2020-07-08;4.092269135678256;4.092269135678256;4.005199432373047;4.005199432373047;500
2020-07-09;4.014874196181476;4.024548351730823;3.956827878952027;3.9568278789520264;1500
2020-07-10;3.9374789569707893;4.072920358694547;3.9374789569707893;3.9761765003204346;900
2020-07-13;4.072920694408337;4.082594850387596;4.024548530578613;4.024548530578613;1600
2020-07-14;4.005199583434326;4.072920517593794;3.8697581764265125;3.9858508110046387;9500
2020-07-15;3.869758148915882;3.9471532380844208;3.869758148915882;3.8987815380096436;1000
2020-07-16;3.937479139375877;4.092269319945166;3.860083818435669;3.860083818435669;1300
2020-07-17;3.966501951217651;3.966501951217651;3.966501951217651;3.9665019512176514;300
2020-07-20;3.9858508520515827;3.9858508520515827;3.8504094436489718;3.8891069889068604;2600
2020-07-21;3.9665018838274704;3.976176500320434;3.8891067971281803;3.9761765003204346;1900
2020-07-22;4.034223147869016;4.0632460771179355;4.024548530578613;4.024548530578613;1900
2020-07-23;3.985850871675792;4.063245962572622;3.918130397796631;3.918130397796631;6000
2020-07-24;3.985850787001763;3.985850787001763;3.8600837669661647;3.927804470062256;1000
2020-07-27;4.005199432373047;4.179338838983465;3.985850660673123;4.005199432373047;12500
2020-07-28;4.121292703429592;4.121292703429592;4.02454837940416;4.0438971519470215;800
2020-07-29;4.189013059914088;4.189013059914088;3.8891068632034314;3.9665019512176514;9200
2020-07-30;4.072920363978332;4.072920363978332;4.005199432373047;4.005199432373047;1700
2020-07-31;4.159990106028077;4.159990106028077;3.8987814549907585;3.9084556102752686;14400
2020-08-03;3.81171170001245;3.9858506446099757;3.7730141567685553;3.792362928390503;8200
2020-08-04;3.8794327654800975;3.8794327654800975;3.743990898132324;3.743990898132324;800
2020-08-05;3.75366557918789;3.75366557918789;3.685944644354769;3.7052934169769287;3500
2020-08-06;3.6859445448686343;3.7439908611684025;3.6569213867187504;3.65692138671875;5900
2020-08-07;3.6762702228745296;3.6762702228745296;3.5795263606892376;3.6182239055633545;1800
2020-08-10;3.618223742242414;3.647246899587942;3.5795261991150435;3.6085493564605713;4000
2020-08-11;3.6278983035348054;3.6956190072838977;3.618223917284935;3.647247076034546;16600
2020-08-12;3.627898333080832;3.627898333080832;3.5214800834655757;3.521480083465576;2900
2020-08-13;3.4924566765165594;3.676270246505737;3.4924566765165594;3.6762702465057373;6000
2020-08-14;3.7052934169769283;3.7246421895990878;3.7052934169769283;3.7052934169769287;1900
2020-08-17;3.5988749724567146;3.5988749724567146;3.4537589550018306;3.453758955001831;2800
2020-08-18;3.5601774893553877;3.5698518753051762;3.492456557051315;3.569851875305176;2100
2020-08-19;3.6472471291431514;3.6472471291431514;3.5795264244079585;3.579526424407959;400
2020-08-20;3.5021310170395274;3.5601775646209717;3.492456630885213;3.5601775646209717;7900
2020-08-21;3.5021310051299763;3.5311543941497803;3.492456619008562;3.5311543941497803;3100
2020-08-24;3.5698518753051762;3.666595734803058;3.5698518753051762;3.569851875305176;14000
2020-08-25;3.647246938449527;3.6956188678741455;3.6085493949098324;3.6956188678741455;2600
2020-08-26;3.7730143279384225;3.7730143279384225;3.647247076034546;3.647247076034546;6600
2020-08-27;3.647246912748514;3.656921298565265;3.5408286687642496;3.6375725269317627;6700
2020-08-28;3.6762701648729332;3.840734958648682;3.6762701648729332;3.8407349586486816;3200
2020-08-31;3.869758057774087;4.140641324795161;3.724642038345337;3.724642038345337;29000
2020-09-01;3.7923631029394724;3.869758192989482;3.77301433042697;3.8310606479644775;3300
2020-09-02;3.9181303381562933;3.9858508110046387;3.8213862453522935;3.9858508110046387;28500
2020-09-03;4.09226916170546;4.353477811971293;3.985850686023495;4.06324577331543;30800
2020-09-04;4.2567338943481445;4.2567338943481445;4.092269105457776;4.2567338943481445;3800
2020-09-08;4.256734158997342;4.353478022797278;4.179339067957393;4.343803405761719;20600
2020-09-09;4.353478137473992;4.353478137473992;4.024548530578613;4.024548530578613;13500
2020-09-10;3.966501995408213;4.053571701049805;3.918130295515976;4.053571701049805;2600
2020-09-11;4.034223034141876;4.034223034141876;3.908455780778962;3.918130397796631;3000
2020-09-14;3.91813025186432;4.03422288388565;3.91813025186432;3.9665019512176514;2300
2020-09-15;4.082594697032744;4.082594697032744;4.0438971519470215;4.0438971519470215;1500
2020-09-16;4.04389704172198;4.14064136311044;4.04389704172198;4.121292591094971;4900
2020-09-17;4.121292441151867;4.208361681398122;4.121292441151867;4.140641212463379;1000
2020-09-18;4.1406412798293;4.1406412798293;4.130966663360596;4.130966663360596;600
2020-09-21;4.053571587019725;4.053571587019725;3.976176500320434;3.9761765003204346;700
2020-09-22;4.0438969705267604;4.0438969705267604;3.9665018838274704;3.9761765003204346;1100
2020-09-23;3.927804445699337;3.9568278346446277;3.869758129119873;3.869758129119873;4500
2020-09-24;3.918130397796631;3.918130397796631;3.918130397796631;3.918130397796631;300
2020-09-25;3.869758129119873;3.8891069013130277;3.840734970830141;3.869758129119873;3500
2020-09-28;3.908455601446939;3.908455601446939;3.724642038345337;3.724642038345337;7200
2020-09-29;3.8117117630610804;3.8117117630610804;3.7439908306085568;3.7536654472351074;3500
2020-09-30;3.8504093569267184;3.8891069013130277;3.8504093569267184;3.869758129119873;9800
2020-10-01;3.869758014878292;3.869758014878292;3.7246419970581353;3.792362928390503;3700
2020-10-02;3.75366548405564;3.8504093447145755;3.75366548405564;3.8407349586486816;1900
2020-10-05;3.8891067865002396;3.927804329744134;3.792362928390503;3.792362928390503;1500
2020-10-06;3.8987816058768967;3.8987816058768967;3.869758216277916;3.8891069889068604;1300
2020-10-07;3.8987815180651637;3.8987815180651637;3.8020374264438317;3.869758129119873;800
2020-10-08;3.8987814549907585;3.9084556102752686;3.8987814549907585;3.9084556102752686;1300
2020-10-09;3.9665019259156606;3.9665019259156606;3.9084556102752686;3.9084556102752686;1800
2020-10-12;3.8794327210762454;3.9665019647333715;3.8117117881774902;3.8117117881774902;6200
2020-10-13;3.8213860370693657;4.01487398147583;3.8213860370693657;4.01487398147583;1900
2020-10-14;3.9084556549950453;4.014874132208938;3.9084556549950453;3.995525360107422;3600
2020-10-15;3.9858508833160995;4.014874273142736;3.7633399963378906;3.7633399963378906;14000
2020-10-16;3.8987816058768967;3.95682792376373;3.743990963534213;3.8891069889068604;3900
2020-10-19;4.0;4.019999980926514;3.940000057220459;3.9700000286102295;3400
2020-10-20;3.9800000190734863;4.019999980926514;3.9800000190734863;3.990000009536743;4700
2020-10-21;4.050000190734863;4.170000076293945;4.010000228881836;4.170000076293945;11400
2020-10-22;4.179999828338623;4.179999828338623;4.119999885559082;4.150000095367432;2000
2020-10-23;4.130000114440918;4.159999847412109;4.099999904632568;4.099999904632568;4900
2020-10-26;4.139999866485596;4.170000076293945;4.050000190734863;4.170000076293945;11700
2020-10-27;4.139999866485596;4.139999866485596;4.039999961853027;4.039999961853027;1400
2020-10-28;3.940000057220459;3.940000057220459;3.8299999237060547;3.8299999237060547;2900
2020-10-29;3.869999885559082;3.9100000858306885;3.869999885559082;3.9100000858306885;1800
2020-10-30;3.869999885559082;3.869999885559082;3.869999885559082;3.869999885559082;300
2020-11-02;3.880000114440918;3.990000009536743;3.880000114440918;3.940000057220459;800
2020-11-03;4.039999961853027;4.039999961853027;3.759999990463257;3.8499999046325684;8200
2020-11-04;3.7699999809265137;3.8399999141693115;3.7699999809265137;3.799999952316284;1000
2020-11-05;3.950000047683716;4.03000020980835;3.930000066757202;4.03000020980835;14200
2020-11-06;3.940000057220459;4.019999980926514;3.940000057220459;4.019999980926514;600
2020-11-09;4.179999828338623;4.28000020980835;4.159999847412109;4.179999828338623;3200
2020-11-10;4.21999979019165;4.349999904632568;4.21999979019165;4.349999904632568;5000
2020-11-11;4.510000228881836;4.559999942779541;4.449999809265137;4.53000020980835;1900
2020-11-12;4.539999961853027;4.599999904632568;4.46999979019165;4.46999979019165;4300
2020-11-13;4.449999809265137;4.550000190734863;4.440000057220459;4.550000190734863;4700
2020-11-16;4.550000190734863;4.619999885559082;4.550000190734863;4.610000133514404;3100
2020-11-17;4.590000152587891;4.75;4.550000190734863;4.630000114440918;5200
2020-11-18;4.699999809265137;4.809999942779541;4.699999809265137;4.809999942779541;7900
2020-11-19;4.800000190734863;5.050000190734863;4.789999961853027;4.980000019073486;29600
2020-11-20;4.96999979019165;4.96999979019165;4.789999961853027;4.840000152587891;5300
2020-11-23;4.929999828338623;4.929999828338623;4.809999942779541;4.829999923706055;4900
2020-11-24;4.909999847412109;4.940000057220459;4.840000152587891;4.889999866485596;4000
2020-11-25;5.0;5.0;4.889999866485596;4.96999979019165;1800
2020-11-27;5.019999980926514;5.019999980926514;4.980000019073486;4.980000019073486;4800
2020-11-30;5.039999961853027;5.210000038146973;5.039999961853027;5.119999885559082;72100
2020-12-01;5.199999809265137;5.340000152587891;5.099999904632568;5.269999980926514;37000
2020-12-02;5.130000114440918;5.179999828338623;5.050000190734863;5.170000076293945;26800
2020-12-03;5.170000076293945;5.28000020980835;5.119999885559082;5.119999885559082;16600
2020-12-04;5.170000076293945;5.179999828338623;5.010000228881836;5.119999885559082;18900
2020-12-07;5.010000228881836;5.139999866485596;5.010000228881836;5.139999866485596;6500
2020-12-08;5.139999866485596;5.150000095367432;5.130000114440918;5.130000114440918;1300
2020-12-09;5.190000057220459;5.239999771118164;5.050000190734863;5.050000190734863;3200
2020-12-10;5.0;5.119999885559082;4.920000076293945;5.099999904632568;10000
2020-12-11;5.090000152587891;5.090000152587891;4.929999828338623;5.010000228881836;4200
2020-12-14;4.989999771118164;5.110000133514404;4.980000019073486;5.079999923706055;6400
2020-12-15;5.150000095367432;5.150000095367432;5.03000020980835;5.119999885559082;6500
2020-12-16;5.179999828338623;5.179999828338623;5.090000152587891;5.179999828338623;2800
2020-12-17;5.079999923706055;5.159999847412109;5.079999923706055;5.119999885559082;4800
2020-12-18;5.090000152587891;5.170000076293945;5.090000152587891;5.130000114440918;19900
2020-12-21;5.019999980926514;5.019999980926514;4.900000095367432;5.0;8400
2020-12-22;5.0;5.050000190734863;4.989999771118164;4.989999771118164;700
2020-12-23;5.070000171661377;5.099999904632568;4.940000057220459;5.099999904632568;1900
2020-12-24;5.019999980926514;5.090000152587891;4.929999828338623;4.929999828338623;6000
2020-12-28;4.860000133514404;4.860000133514404;4.710000038146973;4.789999961853027;14500
2020-12-29;4.809999942779541;4.840000152587891;4.809999942779541;4.829999923706055;1900
2020-12-30;4.920000076293945;4.949999809265137;4.849999904632568;4.849999904632568;4800
2020-12-31;4.880000114440918;5.0;4.880000114440918;5.0;600
2021-01-04;5.070000171661377;5.070000171661377;4.760000228881836;5.050000190734863;12700
2021-01-05;4.769999980926514;4.940000057220459;4.739999771118164;4.929999828338623;15400
2021-01-06;4.940000057220459;5.090000152587891;4.829999923706055;5.090000152587891;18100
2021-01-07;5.079999923706055;5.079999923706055;4.920000076293945;4.929999828338623;8100
2021-01-08;5.010000228881836;5.03000020980835;4.96999979019165;4.96999979019165;1700
2021-01-11;4.920000076293945;4.920000076293945;4.840000152587891;4.900000095367432;7800
2021-01-12;4.96999979019165;5.090000152587891;4.869999885559082;5.090000152587891;5900
2021-01-13;5.090000152587891;5.099999904632568;5.010000228881836;5.099999904632568;10200
2021-01-14;5.119999885559082;5.420000076293945;5.119999885559082;5.420000076293945;8200
2021-01-15;5.409999847412109;5.480000019073486;5.150000095367432;5.480000019073486;13100
2021-01-19;5.21999979019165;5.21999979019165;5.0;5.03000020980835;36300
2021-01-20;5.150000095367432;5.329999923706055;5.110000133514404;5.260000228881836;87200
2021-01-21;5.199999809265137;5.71999979019165;5.010000228881836;5.119999885559082;78800
2021-01-22;5.050000190734863;5.059999942779541;4.860000133514404;4.889999866485596;71700
2021-01-25;5.0;5.289999961853027;4.960000038146973;5.28000020980835;33100
2021-01-26;5.28000020980835;5.510000228881836;5.269999980926514;5.349999904632568;40700
2021-01-27;5.400000095367432;5.460000038146973;5.25;5.389999866485596;8800
2021-01-28;5.440000057220459;5.440000057220459;4.96999979019165;5.099999904632568;14200
2021-01-29;4.960000038146973;4.960000038146973;4.820000171661377;4.820000171661377;24600
2021-02-01;4.800000190734863;5.0;4.800000190734863;4.809999942779541;29500
2021-02-02;4.989999771118164;5.019999980926514;4.849999904632568;4.849999904632568;4800
2021-02-03;4.849999904632568;4.889999866485596;4.599999904632568;4.739999771118164;36300
2021-02-04;4.510000228881836;4.539999961853027;4.300000190734863;4.449999809265137;73000
2021-02-05;4.380000114440918;4.559999942779541;4.300000190734863;4.53000020980835;57900
2021-02-08;4.599999904632568;4.78000020980835;4.519999980926514;4.78000020980835;73500
2021-02-09;4.78000020980835;4.78000020980835;4.440000057220459;4.679999828338623;33100
2021-02-10;4.489999771118164;4.510000228881836;4.320000171661377;4.480000019073486;46100
2021-02-11;4.480000019073486;4.570000171661377;4.429999828338623;4.449999809265137;13900
2021-02-12;4.5;4.510000228881836;4.440000057220459;4.460000038146973;39400
2021-02-16;4.460000038146973;4.710000038146973;4.449999809265137;4.630000114440918;22100
2021-02-17;4.650000095367432;4.670000076293945;4.320000171661377;4.349999904632568;47000
2021-02-18;4.400000095367432;4.400000095367432;4.309999942779541;4.340000152587891;31700
2021-02-19;4.400000095367432;4.400000095367432;4.309999942779541;4.400000095367432;10700
2021-02-22;4.300000190734863;4.429999828338623;4.230000019073486;4.429999828338623;27400
2021-02-23;4.380000114440918;4.460000038146973;4.21999979019165;4.460000038146973;35500
2021-02-24;4.5;4.550000190734863;4.349999904632568;4.550000190734863;35700
2021-02-25;4.599999904632568;4.599999904632568;4.150000095367432;4.260000228881836;53500
2021-02-26;4.300000190734863;4.300000190734863;4.079999923706055;4.159999847412109;26800
2021-03-01;4.21999979019165;4.21999979019165;4.059999942779541;4.159999847412109;15500
2021-03-02;4.170000076293945;4.260000228881836;4.090000152587891;4.260000228881836;20900
2021-03-03;4.21999979019165;4.21999979019165;4.019999980926514;4.130000114440918;23400
2021-03-04;4.400000095367432;4.400000095367432;4.019999980926514;4.199999809265137;20900
2021-03-05;4.230000019073486;4.230000019073486;4.019999980926514;4.110000133514404;8500
2021-03-08;4.179999828338623;4.179999828338623;4.0;4.159999847412109;23400
2021-03-09;4.059999942779541;4.059999942779541;3.890000104904175;3.9700000286102295;25200
2021-03-10;4.059999942779541;4.130000114440918;3.940000057220459;4.119999885559082;66900
2021-03-11;4.0;4.179999828338623;4.0;4.119999885559082;19300
2021-03-12;4.130000114440918;4.179999828338623;4.070000171661377;4.179999828338623;8400
2021-03-15;4.179999828338623;4.400000095367432;4.039999961853027;4.400000095367432;39200
2021-03-16;4.400000095367432;4.400000095367432;4.289999961853027;4.289999961853027;13400
2021-03-17;4.289999961853027;4.380000114440918;4.110000133514404;4.380000114440918;45800
2021-03-18;4.380000114440918;4.380000114440918;4.170000076293945;4.21999979019165;37200
2021-03-19;4.300000190734863;4.349999904632568;4.25;4.28000020980835;10900
2021-03-22;4.309999942779541;4.309999942779541;4.170000076293945;4.260000228881836;10100
2021-03-23;4.269999980926514;4.269999980926514;4.130000114440918;4.130000114440918;4200
2021-03-24;4.239999771118164;4.239999771118164;4.070000171661377;4.079999923706055;19800
2021-03-25;4.130000114440918;4.179999828338623;3.990000009536743;4.019999980926514;25300
2021-03-26;3.9600000381469727;4.03000020980835;3.950000047683716;4.0;79900
2021-03-29;3.940000057220459;4.0;3.8499999046325684;3.859999895095825;60700
2021-03-30;3.9100000858306885;4.019999980926514;3.869999885559082;3.9700000286102295;19000
2021-03-31;4.019999980926514;4.119999885559082;3.9600000381469727;4.110000133514404;6500
2021-04-01;4.179999828338623;4.269999980926514;4.050000190734863;4.269999980926514;19700
2021-04-05;4.269999980926514;4.269999980926514;4.130000114440918;4.210000038146973;33300
2021-04-06;4.300000190734863;4.400000095367432;4.28000020980835;4.380000114440918;21900
2021-04-07;4.320000171661377;4.400000095367432;4.269999980926514;4.300000190734863;7800
2021-04-08;4.389999866485596;4.429999828338623;4.309999942779541;4.380000114440918;7600
2021-04-09;4.340000152587891;4.5;4.320000171661377;4.440000057220459;16600
2021-04-12;4.5;4.610000133514404;4.449999809265137;4.579999923706055;21300
2021-04-13;4.579999923706055;4.579999923706055;4.409999847412109;4.409999847412109;10900
2021-04-14;4.5;4.539999961853027;4.429999828338623;4.5;6600
2021-04-15;4.550000190734863;4.739999771118164;4.539999961853027;4.670000076293945;37600
2021-04-16;4.659999847412109;4.960000038146973;4.659999847412109;4.909999847412109;32200
2021-04-19;4.96999979019165;5.389999866485596;4.940000057220459;5.28000020980835;65800
2021-04-20;5.309999942779541;5.449999809265137;5.28000020980835;5.340000152587891;46900
2021-04-21;5.409999847412109;5.409999847412109;4.789999961853027;4.900000095367432;17100
2021-04-22;5.340000152587891;5.559999942779541;5.300000190734863;5.550000190734863;107800
2021-04-23;5.550000190734863;5.610000133514404;5.199999809265137;5.199999809265137;109200
2021-04-26;5.400000095367432;5.610000133514404;5.380000114440918;5.610000133514404;18500
2021-04-27;5.420000076293945;5.610000133514404;5.409999847412109;5.440000057220459;8800
2021-04-28;5.429999828338623;5.679999828338623;5.429999828338623;5.650000095367432;28100
2021-04-29;5.71999979019165;6.059999942779541;5.710000038146973;6.010000228881836;41800
2021-04-30;6.150000095367432;6.380000114440918;6.099999904632568;6.260000228881836;40500
2021-05-03;6.420000076293945;6.570000171661377;6.179999828338623;6.46999979019165;30600
2021-05-04;6.420000076293945;6.449999809265137;6.25;6.289999961853027;30100
2021-05-05;6.309999942779541;6.730000019073486;6.309999942779541;6.699999809265137;50300
2021-05-06;6.75;6.75;6.519999980926514;6.599999904632568;33200
2021-05-07;6.650000095367432;6.809999942779541;6.570000171661377;6.659999847412109;17800
2021-05-10;6.800000190734863;6.800000190734863;6.400000095367432;6.539999961853027;21800
2021-05-11;6.460000038146973;6.460000038146973;6.190000057220459;6.329999923706055;46600
2021-05-12;6.340000152587891;6.409999847412109;6.170000076293945;6.210000038146973;11400
2021-05-13;6.199999809265137;6.409999847412109;6.070000171661377;6.159999847412109;11000
2021-05-14;6.159999847412109;6.28000020980835;6.090000152587891;6.110000133514404;6400
2021-05-17;6.210000038146973;6.210000038146973;5.800000190734863;6.079999923706055;22200
2021-05-18;6.019999980926514;6.139999866485596;5.980000019073486;6.079999923706055;10700
2021-05-19;6.050000190734863;6.150000095367432;5.849999904632568;5.940000057220459;6600
2021-05-20;5.849999904632568;5.960000038146973;5.849999904632568;5.940000057220459;13400
2021-05-21;5.909999847412109;5.920000076293945;5.699999809265137;5.769999980926514;37600
2021-05-24;5.809999942779541;5.809999942779541;5.619999885559082;5.679999828338623;18400
2021-05-25;5.690000057220459;5.78000020980835;5.670000076293945;5.710000038146973;11600
2021-05-26;5.670000076293945;5.769999980926514;5.599999904632568;5.769999980926514;13200
2021-05-27;5.940000057220459;5.980000019073486;5.829999923706055;5.980000019073486;19000
2021-05-28;5.980000019073486;6.090000152587891;5.909999847412109;6.050000190734863;9200
2021-06-01;6.230000019073486;6.46999979019165;6.230000019073486;6.46999979019165;15900
2021-06-02;6.53000020980835;6.75;6.400000095367432;6.679999828338623;30600
2021-06-03;6.53000020980835;6.590000152587891;6.300000190734863;6.380000114440918;7600
2021-06-04;6.699999809265137;6.829999923706055;6.570000171661377;6.730000019073486;12000
2021-06-07;6.670000076293945;6.78000020980835;6.659999847412109;6.739999771118164;17600
2021-06-08;6.71999979019165;6.71999979019165;6.579999923706055;6.579999923706055;12900
2021-06-09;6.539999961853027;6.590000152587891;6.349999904632568;6.360000133514404;12500
2021-06-10;6.349999904632568;6.400000095367432;6.349999904632568;6.400000095367432;3900
2021-06-11;6.409999847412109;6.409999847412109;6.159999847412109;6.159999847412109;4100
2021-06-14;6.710000038146973;6.710000038146973;6.179999828338623;6.179999828338623;8300
2021-06-15;6.159999847412109;6.550000190734863;6.159999847412109;6.539999961853027;5500
2021-06-16;6.559999942779541;6.559999942779541;6.230000019073486;6.269999980926514;8400
2021-06-17;6.230000019073486;6.28000020980835;6.090000152587891;6.130000114440918;10800
2021-06-18;6.179999828338623;6.179999828338623;6.010000228881836;6.070000171661377;4700
2021-06-21;6.070000171661377;6.119999885559082;6.039999961853027;6.119999885559082;4900
2021-06-22;6.090000152587891;6.110000133514404;6.079999923706055;6.079999923706055;1000
2021-06-23;6.139999866485596;6.260000228881836;6.139999866485596;6.199999809265137;4800
2021-06-24;6.289999961853027;6.289999961853027;6.150000095367432;6.150000095367432;3300
2021-06-25;6.269999980926514;6.269999980926514;5.920000076293945;5.920000076293945;15700
2021-06-28;5.920000076293945;6.050000190734863;5.889999866485596;5.989999771118164;2500
2021-06-29;6.079999923706055;6.079999923706055;5.900000095367432;5.989999771118164;7400
2021-06-30;6.099999904632568;6.099999904632568;5.849999904632568;6.070000171661377;10200
2021-07-01;6.130000114440918;6.130000114440918;5.889999866485596;5.909999847412109;5800
2021-07-02;5.96999979019165;6.0;5.920000076293945;6.0;1300
2021-07-06;6.019999980926514;6.139999866485596;5.800000190734863;6.050000190734863;36800
2021-07-07;5.860000133514404;5.860000133514404;5.670000076293945;5.840000152587891;39700
2021-07-08;5.650000095367432;5.710000038146973;5.650000095367432;5.650000095367432;4200
2021-07-09;5.650000095367432;5.659999847412109;5.510000228881836;5.510000228881836;2400
2021-07-12;5.639999866485596;5.639999866485596;5.5;5.610000133514404;11200
2021-07-13;5.619999885559082;5.619999885559082;5.519999980926514;5.579999923706055;900
2021-07-14;5.650000095367432;5.650000095367432;5.539999961853027;5.610000133514404;2700
2021-07-15;5.639999866485596;5.639999866485596;5.610000133514404;5.610000133514404;900
2021-07-16;5.579999923706055;5.659999847412109;5.579999923706055;5.599999904632568;4400
2021-07-19;5.550000190734863;5.559999942779541;5.400000095367432;5.400000095367432;15000
2021-07-20;5.340000152587891;5.489999771118164;5.340000152587891;5.440000057220459;8200
