Date;Open;High;Low;Close;Volume
1996-02-15;13.0;13.25;12.0;12.75;1507100
1996-02-16;12.5;12.75;12.25;12.75;421000
1996-02-20;12.5;12.75;12.5;12.5;129200
1996-02-21;12.5;12.875;12.5;12.5;94000
1996-02-22;12.5;13.25;12.5;12.875;158200
1996-02-23;12.75;15.375;12.75;13.625;174700
1996-02-26;13.625;13.625;12.5;13.25;395300
1996-02-27;12.625;13.25;12.625;13.0;87900
1996-02-28;13.25;13.5;12.625;13.5;68400
1996-02-29;13.5;13.5;13.0;13.0;224600
1996-03-01;13.5;13.5;13.0;13.5;114200
1996-03-04;13.0;13.5;13.0;13.375;102500
1996-03-05;13.5;13.5;13.25;13.25;67400
1996-03-06;13.25;13.5;13.1875;13.375;56000
1996-03-07;13.25;13.5;13.25;13.5;31700
1996-03-08;12.75;14.125;12.75;13.25;114000
1996-03-11;13.25;14.0;13.25;13.25;12200
1996-03-12;13.25;14.0;13.25;14.0;18200
1996-03-13;14.0;14.25;13.625;14.25;69400
1996-03-14;14.75;15.5;14.5;15.0;115000
1996-03-15;15.75;15.75;15.0;15.5;79900
1996-03-18;15.0;16.0;15.0;16.0;73300
1996-03-19;15.25;16.0;15.25;15.5;27200
1996-03-20;15.25;16.5;15.25;15.75;61300
1996-03-21;16.5;17.0;16.0;16.75;56900
1996-03-22;17.0;17.0;16.25;16.5;10000
1996-03-25;16.5;17.5;16.5;17.0;26700
1996-03-26;17.5;17.5;17.0;17.0;77700
1996-03-27;17.5;17.5;16.5;16.5;42500
1996-03-28;16.0;17.0;16.0;16.0;54700
1996-03-29;16.0;16.25;15.5;16.25;47800
1996-04-01;16.25;16.25;15.5;16.25;72800
1996-04-02;15.5;16.25;15.5;16.0;26700
1996-04-03;15.5;16.25;15.5;15.5;25200
1996-04-04;15.5;16.25;15.5;16.0;39600
1996-04-08;15.5;16.0;15.0;15.0;19100
1996-04-09;16.0;16.0;15.0;15.0;1400
1996-04-10;15.0;16.0;15.0;15.375;125400
1996-04-11;15.375;16.0;15.0;15.375;30100
1996-04-12;15.5;16.0;15.0;15.375;253100
1996-04-15;15.5;15.5;14.75;15.375;94100
1996-04-16;15.5;15.75;15.5;15.5;12300
1996-04-17;15.5;17.75;15.0;17.75;40100
1996-04-18;17.75;17.75;17.0;17.25;43200
1996-04-19;17.0;17.75;17.0;17.75;27900
1996-04-22;17.75;18.0;17.0;17.5;16500
1996-04-23;18.0;18.5;17.5;17.75;32800
1996-04-24;17.5;18.25;17.5;18.25;13400
1996-04-25;18.25;18.25;17.5;18.25;6400
1996-04-26;18.25;18.25;17.5;18.0;4300
1996-04-29;17.875;19.0;17.5;19.0;17200
1996-04-30;19.0;19.0;18.375;19.0;37700
1996-05-01;19.5;19.5;18.5;19.0;7100
1996-05-02;19.5;19.5;18.5;19.0;18200
1996-05-03;18.5;19.5;18.5;19.5;5900
1996-05-06;18.5;19.5;18.5;19.5;20400
1996-05-07;18.5;19.5;18.5;18.5;4800
1996-05-08;18.5;19.5;17.75;18.75;25800
1996-05-09;17.75;18.75;17.75;18.75;7300
1996-05-10;18.75;18.75;17.75;18.0;32200
1996-05-13;18.0;18.75;18.0;18.75;2700
1996-05-14;18.75;19.0;17.75;19.0;28400
1996-05-15;18.5;19.5;18.5;19.5;26600
1996-05-16;19.5;19.5;18.5;19.5;9400
1996-05-17;19.0;19.5;19.0;19.5;3000
1996-05-20;19.0;20.0;19.0;19.0;2700
1996-05-21;19.0;20.0;19.0;20.0;24800
1996-05-22;20.0;20.75;19.0;19.75;11100
1996-05-23;20.75;20.75;19.75;19.75;8600
1996-05-24;19.75;20.75;19.75;19.75;17500
1996-05-28;20.75;20.75;19.75;20.375;34700
1996-05-29;20.75;20.75;20.75;20.75;6200
1996-05-30;19.75;20.75;19.75;20.25;16100
1996-05-31;20.75;20.75;19.75;20.75;5900
1996-06-03;20.75;20.75;19.75;20.0;9400
1996-06-04;20.75;20.75;19.75;20.0;16800
1996-06-05;20.75;20.75;19.75;20.75;900
1996-06-06;20.75;20.75;19.75;19.75;11900
1996-06-07;19.75;20.75;19.75;20.75;13500
1996-06-10;20.75;20.75;19.75;19.75;226500
1996-06-11;19.75;20.75;19.75;20.5;6200
1996-06-12;19.75;20.75;19.75;20.75;1200
1996-06-13;19.875;20.75;19.75;20.5;3300
1996-06-14;20.375;20.75;19.75;19.75;11800
1996-06-17;19.75;20.75;19.75;19.75;7600
1996-06-18;19.75;19.875;19.75;19.75;5400
1996-06-19;19.75;19.75;19.75;19.75;12900
1996-06-20;19.75;20.75;19.25;19.25;13600
1996-06-21;19.25;19.5;18.5;18.5;35700
1996-06-24;18.5;19.5;18.0;18.0;16200
1996-06-25;17.25;17.75;16.25;16.25;35100
1996-06-26;16.25;17.25;16.25;16.375;38600
1996-06-27;16.25;17.5;16.25;17.25;73100
1996-06-28;18.0;19.0;17.625;19.0;14900
1996-07-01;20.0;20.75;20.0;20.25;36000
1996-07-02;20.0;20.75;20.0;20.0;12600
1996-07-03;20.0;20.375;19.25;19.25;7800
1996-07-05;19.25;19.25;19.25;19.25;6500
1996-07-08;19.25;19.5;18.25;18.25;17900
1996-07-09;18.5;18.5;17.75;17.75;3100
1996-07-10;17.75;17.75;17.75;17.75;300
1996-07-11;17.75;17.75;16.0;16.5;24400
1996-07-12;16.5;16.5;16.25;16.25;15600
1996-07-15;17.0;17.75;16.25;17.75;7200
1996-07-16;17.5;17.5;15.0;15.0;116100
1996-07-17;15.5;15.625;15.25;15.375;4700
1996-07-18;15.25;16.5;15.25;15.625;5100
1996-07-19;15.625;15.625;15.625;15.625;0
1996-07-23;15.25;15.25;14.875;15.0;102600
1996-07-24;15.0;16.0;15.0;15.0;12500
1996-07-25;15.5;15.5;15.0;15.0;1000
1996-07-26;15.0;16.0;15.0;16.0;2700
1996-07-29;15.5;16.0;15.375;16.0;4200
1996-07-30;16.0;16.0;16.0;16.0;300
1996-07-31;15.0;15.0;15.0;15.0;1500
1996-08-01;16.0;16.0;15.5;15.5;800
1996-08-02;15.5;15.5;15.5;15.5;0
1996-08-07;16.0;16.0;15.0;16.0;1900
1996-08-08;16.0;16.0;15.0;15.75;4800
1996-08-09;15.75;15.75;15.75;15.75;0
1996-08-13;15.0;15.0;15.0;15.0;500
1996-08-14;15.125;15.375;15.125;15.125;57200
1996-08-15;15.25;16.0;15.0;15.0;36600
1996-08-16;15.0;16.0;15.0;15.0;18900
1996-08-19;15.25;15.25;14.75;14.75;30900
1996-08-20;14.75;15.0;14.75;15.0;3300
1996-08-21;14.75;15.5;14.5;15.5;56900
1996-08-23;14.5;15.0;14.0;14.625;7400
1996-08-26;15.0;15.0;14.0;14.0;6100
1996-08-27;14.5;14.625;14.0;14.0;36400
1996-08-28;14.75;14.75;14.0;14.0;1500
1996-08-29;14.0;14.25;14.0;14.0;160400
1996-08-30;15.0;15.0;14.0;14.0;5000
1996-09-03;14.0;14.0;14.0;14.0;1400
1996-09-04;13.75;14.5;13.75;13.75;4700
1996-09-05;12.5;12.5;9.875;10.0;324800
1996-09-06;10.0;10.0;8.5;8.75;86600
1996-09-09;9.5625;9.625;8.625;9.0;712200
1996-09-10;9.625;9.625;8.625;8.625;85600
1996-09-11;9.625;9.625;9.5;9.625;4900
1996-09-12;8.625;9.625;8.625;8.875;19900
1996-09-13;8.625;9.625;8.625;9.625;3900
1996-09-16;8.625;9.0;8.625;8.75;11600
1996-09-17;9.0;9.0;8.625;8.875;56500
1996-09-18;8.875;8.875;8.375;8.75;7700
1996-09-19;8.75;8.75;8.375;8.75;85800
1996-09-20;8.75;8.75;8.375;8.75;7400
1996-09-23;8.75;8.75;8.5;8.5;1500
1996-09-24;8.625;8.625;8.625;8.625;6900
1996-09-25;8.625;9.125;8.5;9.125;149100
1996-09-26;8.75;9.125;8.5;9.125;97500
1996-09-27;8.5;9.75;8.5;9.75;102600
1996-09-30;9.75;9.75;9.0;9.75;65000
1996-10-01;9.0;9.75;9.0;9.75;14200
1996-10-02;9.0;9.75;9.0;9.75;11900
1996-10-03;9.75;9.75;9.375;9.375;40700
1996-10-04;9.75;9.75;9.375;9.75;6600
1996-10-07;9.5;9.75;9.375;9.375;11800
1996-10-08;9.75;9.75;9.125;9.5;56000
1996-10-09;9.75;10.5;9.25;10.25;203400
1996-10-10;10.25;10.25;9.625;10.0;10300
1996-10-11;9.5;10.0;9.5;9.5;9200
1996-10-14;9.5;9.5;9.5;9.5;200
1996-10-15;9.5;10.25;9.25;9.5;13700
1996-10-16;9.875;9.875;8.75;8.75;23500
1996-10-17;8.75;9.25;8.5;8.875;10300
1996-10-18;8.5;8.5;8.5;8.5;5200
1996-10-21;9.0;9.0;8.5;8.5;4200
1996-10-22;8.5;9.5;8.5;8.5;82800
1996-10-23;8.5;9.5;8.5;8.75;39300
1996-10-24;9.5;9.5;8.5;8.75;8600
1996-10-25;8.75;9.0;8.75;8.75;5000
1996-10-28;8.5;9.5;8.5;9.5;900
1996-10-29;9.5;9.5;8.5;9.0;4600
1996-10-30;9.5;9.5;8.5;8.625;2800
1996-10-31;8.625;9.5;8.5;8.875;27700
1996-11-01;8.5;8.5625;8.5;8.5625;2000
1996-11-04;8.5;9.25;8.5;8.625;12200
1996-11-05;8.625;9.25;8.5;9.25;69700
1996-11-06;9.25;9.25;8.375;9.25;175100
1996-11-07;8.75;9.25;8.5;8.5;9200
1996-11-08;8.5;9.25;8.5;9.25;3100
1996-11-11;9.25;9.25;8.5;8.5;21800
1996-11-12;8.25;8.625;8.25;8.625;54400
1996-11-13;8.25;8.5;8.25;8.5;17800
1996-11-14;9.25;9.25;8.25;9.25;4400
1996-11-15;8.5;9.25;8.5;9.25;1800
1996-11-18;8.5;8.5;8.5;8.5;2900
1996-11-19;9.25;9.25;8.25;8.25;2800
1996-11-20;8.75;8.75;8.25;8.75;1200
1996-11-21;8.75;8.75;8.25;8.25;4600
1996-11-22;8.5;8.5;8.25;8.25;5800
1996-11-25;8.25;8.75;8.25;8.75;43000
1996-11-26;8.25;8.5;8.25;8.25;44500
1996-11-27;8.25;8.75;8.25;8.75;1300
1996-11-29;8.25;8.5;8.25;8.5;11500
1996-12-02;8.5;8.625;8.25;8.625;3000
1996-12-03;8.25;8.75;8.25;8.375;18500
1996-12-04;8.75;8.75;7.0;7.4375;42200
1996-12-05;7.375;7.625;7.375;7.5;17700
1996-12-06;7.5;7.75;7.5;7.75;14300
1996-12-09;8.0;8.0;7.375;7.375;31500
1996-12-10;7.375;8.0;7.375;7.625;11300
1996-12-11;7.0;7.375;6.75;7.125;34400
1996-12-12;7.75;7.75;6.75;6.875;69600
1996-12-13;6.75;7.0;6.75;6.875;8900
1996-12-16;6.75;7.125;6.75;6.75;12700
1996-12-17;6.75;7.25;6.25;6.75;78600
1996-12-18;6.75;7.25;6.75;6.75;20700
1996-12-19;6.75;7.25;6.75;7.0;41300
1996-12-20;6.75;7.0;6.5;6.625;73800
1996-12-23;6.5;6.75;6.5;6.5;56100
1996-12-24;6.75;7.25;6.5;7.25;27500
1996-12-26;7.25;7.25;6.5;7.125;21800
1996-12-27;6.875;7.75;6.5;7.75;41800
1996-12-30;7.0;8.0;7.0;7.625;26800
1996-12-31;7.625;8.0;7.625;7.625;30900
1997-01-02;8.0;8.0;7.625;7.875;4800
1997-01-03;7.875;7.875;7.875;7.875;0
1997-01-06;8.0;8.0;8.0;8.0;500
1997-01-07;7.625;8.0;7.625;7.625;9200
1997-01-08;8.0;8.0;7.625;7.625;14900
1997-01-09;8.0;8.0;7.625;8.0;12800
1997-01-10;7.625;7.875;7.625;7.875;6700
1997-01-13;7.375;7.625;7.375;7.625;9900
1997-01-14;7.375;7.625;6.875;7.125;18600
1997-01-15;7.125;7.625;6.875;7.0;154100
1997-01-16;7.625;7.625;6.875;7.625;1200
1997-01-17;6.75;6.875;6.75;6.75;671200
1997-01-20;7.25;7.25;7.0;7.0;4000
1997-01-21;6.75;7.25;6.75;7.0;6600
1997-01-22;6.75;7.125;6.75;7.0;10400
1997-01-23;7.0;7.0;6.625;6.625;18100
1997-01-24;6.625;7.25;6.625;7.25;3500
1997-01-27;7.25;7.25;6.625;6.625;4500
1997-01-28;7.25;7.25;6.625;6.75;27800
1997-01-29;6.8125;6.8125;6.625;6.625;1800
1997-01-30;7.0;7.5;6.875;7.4375;39800
1997-01-31;7.625;7.625;7.375;7.625;19200
1997-02-03;7.375;7.625;7.375;7.625;1800
1997-02-04;7.375;7.5;7.375;7.375;23700
1997-02-05;7.375;7.625;7.375;7.5;11300
1997-02-06;7.375;7.625;7.375;7.625;29000
1997-02-07;7.625;7.625;7.625;7.625;1200
1997-02-10;7.375;7.625;7.375;7.375;12100
1997-02-11;7.375;7.625;7.375;7.375;10500
1997-02-12;7.625;7.625;7.625;7.625;11900
1997-02-13;7.375;7.625;7.375;7.375;6800
1997-02-14;7.5;7.5;7.375;7.375;1000
1997-02-18;7.0;7.25;7.0;7.0;2500
1997-02-19;7.0;7.5;7.0;7.5;1700
1997-02-20;7.0;7.5;7.0;7.5;7100
1997-02-21;7.25;7.5;7.0;7.125;3200
1997-02-24;7.0;7.375;7.0;7.375;4000
1997-02-25;7.0;7.5;6.25;6.25;28200
1997-02-26;6.125;6.75;6.0;6.0;13500
1997-02-27;5.75;6.25;5.25;5.375;9600
1997-02-28;5.75;5.75;5.5;5.75;5500
1997-03-03;5.25;5.75;4.5;5.0;40900
1997-03-04;5.25;5.25;5.25;5.25;400
1997-03-05;5.375;5.625;5.25;5.25;22500
1997-03-06;5.625;6.0;5.25;5.25;9600
1997-03-07;5.625;6.0;5.5;5.5;21200
1997-03-10;6.0;6.0;6.0;6.0;900
1997-03-11;5.75;5.75;5.5;5.5;4200
1997-03-12;6.0;6.0;5.5;5.75;11700
1997-03-13;6.0;6.0;5.75;5.875;5900
1997-03-14;6.0;6.0;6.0;6.0;3900
1997-03-17;6.0;6.4375;6.0;6.0;5900
1997-03-18;6.3125;6.875;6.25;6.875;159600
1997-03-19;7.0;7.0;6.25;6.25;41700
1997-03-20;6.75;6.75;6.0;6.5;41800
1997-03-21;6.5;6.5;6.0;6.0;3200
1997-03-24;6.0;6.125;6.0;6.125;4300
1997-03-25;6.0;6.0;6.0;6.0;1700
1997-03-26;6.25;6.25;5.484375;5.5;17400
1997-03-27;6.0;6.0;5.5;5.5;1500
1997-03-31;6.0;6.0;5.25;5.25;26400
1997-04-01;5.375;5.375;5.25;5.25;700
1997-04-02;5.25;5.25;5.0;5.0;22500
1997-04-03;5.0;5.0;5.0;5.0;6100
1997-04-04;5.25;5.25;5.0;5.0;1200
1997-04-07;5.125;5.375;5.0;5.25;47100
1997-04-08;5.0;5.25;5.0;5.0;14000
1997-04-09;5.5;5.5;5.0;5.25;35900
1997-04-10;5.25;5.25;5.0;5.25;13700
1997-04-11;5.125;5.25;5.0;5.0;26500
1997-04-14;5.25;5.25;4.25;5.0;50600
1997-04-15;5.0;5.0;4.0;4.75;436300
1997-04-16;5.25;5.25;4.75;5.0;10000
1997-04-17;5.0;5.5;5.0;5.5;25800
1997-04-18;5.0;5.5;5.0;5.0;9200
1997-04-21;5.75;6.0;5.5;5.75;6100
1997-04-22;5.5;6.0;5.25;5.25;5100
1997-04-23;5.375;5.625;5.25;5.625;7800
1997-04-24;5.5;5.5;5.5;5.5;2000
1997-04-25;6.25;6.25;5.5;5.5;2200
1997-04-28;5.75;5.75;5.25;5.25;23600
1997-04-29;5.25;5.25;5.25;5.25;5000
1997-04-30;5.5;5.75;5.25;5.25;5700
1997-05-01;5.25;5.25;4.75;4.875;27500
1997-05-02;5.25;5.25;4.75;5.25;22400
1997-05-05;5.25;5.5;5.25;5.5;900
1997-05-06;5.75;6.75;5.5;6.75;22800
1997-05-07;6.75;7.25;6.75;7.25;17000
1997-05-08;7.25;7.25;6.25;6.25;20100
1997-05-09;6.25;6.75;6.25;6.3125;5200
1997-05-12;6.25;6.375;6.25;6.375;120000
1997-05-13;6.75;6.75;6.25;6.25;500
1997-05-14;6.25;6.5;5.75;6.0;8400
1997-05-15;5.5;5.75;5.25;5.25;600
1997-05-16;5.25;6.0;5.25;5.25;12100
1997-05-19;5.375;5.75;5.375;5.75;3800
1997-05-20;5.75;5.75;5.75;5.75;0
1997-05-21;5.625;5.625;5.625;5.625;5600
1997-05-22;5.5;5.75;5.25;5.75;11700
1997-05-23;5.75;5.75;5.375;5.5;61200
1997-05-27;5.75;5.75;5.25;5.25;53700
1997-05-28;5.25;5.75;5.125;5.125;25200
1997-05-29;5.125;5.125;5.125;5.125;4800
1997-05-30;5.5;5.5;5.5;5.5;300
1997-06-02;5.25;5.25;5.125;5.25;15400
1997-06-03;5.125;5.25;5.125;5.125;3600
1997-06-04;5.125;5.25;5.125;5.25;5000
1997-06-05;5.125;5.25;5.0;5.1875;12000
1997-06-06;5.0;5.25;5.0;5.0;4400
1997-06-09;5.5;5.5;5.0;5.5;2400
1997-06-10;5.0;5.5;5.0;5.5;4300
1997-06-11;4.75;5.5;4.75;5.0;800
1997-06-12;5.125;5.125;5.0625;5.125;91800
1997-06-13;4.9375;5.5;4.9375;5.5;2500
1997-06-16;5.5;5.5;5.5;5.5;100
1997-06-17;5.5;5.5;5.0;5.25;12100
1997-06-18;5.5;5.5;5.25;5.25;2400
1997-06-19;5.0;5.375;5.0;5.375;23400
1997-06-20;5.0;5.0;4.75;4.875;1335100
1997-06-23;4.75;5.0;4.75;4.875;30700
1997-06-24;4.875;4.875;4.75;4.75;11100
1997-06-25;5.125;5.5;4.75;5.5;23700
1997-06-26;5.125;5.25;4.75;5.0;20400
1997-06-27;4.75;4.75;4.75;4.75;3700
1997-06-30;5.125;6.0;5.0;6.0;13200
1997-07-01;5.875;5.9375;5.875;5.9375;11200
1997-07-02;5.875;6.375;5.75;6.125;14400
1997-07-03;5.875;6.25;5.75;5.75;5900
1997-07-07;5.75;6.25;5.75;5.75;11400
1997-07-08;5.25;6.0;5.25;5.875;7300
1997-07-09;5.25;6.0;5.25;6.0;1100
1997-07-10;5.75;6.0;5.75;6.0;1200
1997-07-11;5.25;6.0;5.25;5.25;192300
1997-07-14;5.25;6.0;5.25;5.75;1400
1997-07-15;5.25;5.75;5.25;5.75;3300
1997-07-16;5.25;5.375;5.25;5.375;12100
1997-07-17;5.25;5.25;5.125;5.125;20100
1997-07-18;5.125;5.125;5.125;5.125;1700
1997-07-21;5.125;5.125;5.125;5.125;200
1997-07-22;5.25;5.875;5.125;5.125;41300
1997-07-23;5.5;6.0;5.5;5.625;6400
1997-07-24;5.125;5.25;5.125;5.25;300
1997-07-25;5.25;5.25;5.125;5.25;214700
1997-07-28;5.25;5.5;5.0;5.0;24700
1997-07-29;5.5;5.875;5.125;5.25;6800
1997-07-30;5.6875;5.6875;5.6875;5.6875;1000
1997-07-31;5.875;5.875;5.5625;5.5625;3000
1997-08-01;5.25;5.875;5.25;5.875;52100
1997-08-04;5.8125;5.875;5.25;5.25;6100
1997-08-05;5.875;5.875;5.875;5.875;400
1997-08-06;5.625;5.625;5.25;5.25;3000
1997-08-07;5.25;5.5;5.25;5.5;1700
1997-08-08;5.25;5.75;5.25;5.5;90200
1997-08-11;5.625;5.75;5.625;5.75;4000
1997-08-12;5.75;5.75;5.25;5.5;22100
1997-08-13;5.5;6.0;5.5;5.625;4800
1997-08-14;5.625;6.25;5.5;5.625;58600
1997-08-15;6.125;6.125;5.5;5.5;3100
1997-08-18;5.5;5.5;5.5;5.5;0
1997-08-19;5.5;6.25;5.5;6.25;5000
1997-08-20;6.375;6.375;5.75;5.875;32900
1997-08-21;6.375;6.5;5.5;5.75;61600
1997-08-22;5.875;5.875;5.875;5.875;4600
1997-08-25;5.875;5.875;5.25;5.25;22300
1997-08-26;5.875;5.875;5.25;5.375;10800
1997-08-27;5.25;5.5;5.25;5.375;1200
1997-08-28;5.875;5.875;5.875;5.875;1500
1997-08-29;5.625;5.625;5.25;5.625;8300
1997-09-02;5.5;5.875;5.5;5.875;1800
1997-09-03;5.875;5.875;5.5;5.5;77500
1997-09-04;5.875;5.875;5.875;5.875;1800
1997-09-05;5.25;5.625;5.25;5.25;83400
1997-09-08;5.25;5.5625;5.25;5.5625;32200
1997-09-09;5.25;5.75;5.125;5.75;27400
1997-09-10;5.625;5.625;5.125;5.625;53500
1997-09-11;5.25;5.625;5.0;5.125;145800
1997-09-12;5.3125;5.375;5.0625;5.0625;3900
1997-09-15;5.0625;5.125;5.0625;5.125;1700
1997-09-16;5.0625;5.375;5.0625;5.375;400
1997-09-17;5.125;5.375;5.125;5.375;4400
1997-09-18;5.0;5.25;5.0;5.125;59300
1997-09-19;5.0;5.125;5.0;5.125;2300
1997-09-22;5.0;5.0;5.0;5.0;1100
1997-09-23;5.25;5.25;5.25;5.25;12500
1997-09-24;5.0;5.25;5.0;5.25;3800
1997-09-25;5.125;5.25;4.875;4.875;283900
1997-09-26;5.0;5.125;5.0;5.125;3500
1997-09-29;5.1875;5.1875;4.875;4.875;16600
1997-09-30;4.875;5.375;4.875;5.375;111500
1997-10-01;5.25;5.625;5.125;5.625;47700
1997-10-02;5.75;5.875;5.25;5.875;54900
1997-10-03;5.5;5.875;5.25;5.25;34700
1997-10-06;5.25;5.375;5.25;5.375;4000
1997-10-07;5.5;5.5;5.0625;5.375;240100
1997-10-08;5.375;5.375;5.375;5.375;200
1997-10-09;5.5;5.5;5.375;5.5;9400
1997-10-10;5.5;5.5;5.375;5.5;14900
1997-10-13;5.25;5.5;5.25;5.5;17300
1997-10-14;5.5;5.5;5.25;5.25;13000
1997-10-15;5.5;5.5;5.25;5.5;2800
1997-10-16;5.5;5.5;5.5;5.5;10700
1997-10-17;5.5;5.5;5.375;5.5;6100
1997-10-20;5.5;5.5;5.25;5.25;4400
1997-10-21;5.375;5.375;4.875;5.125;494300
1997-10-22;5.0625;5.375;5.0625;5.375;38300
1997-10-23;5.25;5.25;5.0;5.0;6000
1997-10-24;5.0;5.25;5.0;5.0;87800
1997-10-27;5.25;5.25;4.75;4.75;76200
1997-10-28;4.75;5.0;4.75;5.0;1200
1997-10-29;4.875;5.0;4.875;4.875;3500
1997-10-30;5.0;5.0;4.75;4.875;54000
1997-10-31;4.75;5.0;4.75;4.875;54700
1997-11-03;5.0;5.0;5.0;5.0;6900
1997-11-04;4.75;4.75;4.75;4.75;6600
1997-11-05;5.0;5.0;4.5;4.5;6000
1997-11-06;4.5;4.5;4.5;4.5;1000
1997-11-07;4.625;4.75;4.5;4.5;62600
1997-11-10;4.5;4.625;4.5;4.5;9700
1997-11-11;4.625;4.625;4.5;4.5;13200
1997-11-12;4.5;4.5;4.5;4.5;0
1997-11-13;4.5;4.625;4.25;4.25;26500
1997-11-14;4.5;4.5;4.25;4.375;6300
1997-11-17;4.375;4.375;4.375;4.375;7200
1997-11-18;4.25;4.375;4.25;4.375;8000
1997-11-19;4.25;4.25;4.25;4.25;3300
1997-11-20;4.15625;4.5;4.125;4.25;22800
1997-11-21;4.375;4.375;4.125;4.375;7900
1997-11-24;4.625;4.9375;4.25;4.9375;25600
1997-11-25;4.9375;4.9375;4.9375;4.9375;3000
1997-11-26;4.5;4.9375;4.5;4.5;12900
1997-12-01;4.875;4.9375;4.875;4.9375;3500
1997-12-02;5.0;5.125;4.5;4.5;38300
1997-12-03;4.5;4.5;4.125;4.375;167200
1997-12-04;4.5;4.5;4.125;4.125;40100
1997-12-05;4.125;4.5;3.8125;4.125;44600
1997-12-08;4.25;4.25;4.125;4.25;7000
1997-12-09;4.125;4.375;4.0;4.0;49800
1997-12-10;4.25;4.25;3.8125;3.8125;19800
1997-12-11;3.8125;4.125;3.8125;3.875;7200
1997-12-12;4.125;4.125;3.625;3.625;261700
1997-12-15;3.625;4.0;3.4375;3.625;80500
1997-12-16;3.625;3.75;3.375;3.375;52900
1997-12-17;3.375;3.375;3.0625;3.25;544400
1997-12-18;3.25;3.3125;3.0625;3.25;79900
1997-12-19;3.0625;3.25;3.0;3.125;234500
1997-12-22;3.25;3.375;3.0625;3.125;134900
1997-12-23;3.375;3.375;3.125;3.125;234900
1997-12-24;3.3125;3.3125;3.125;3.25;28400
1997-12-26;3.25;3.25;3.125;3.125;136200
1997-12-29;3.1875;3.3125;3.125;3.125;204800
1997-12-30;3.125;3.75;3.0;3.5;932000
1997-12-31;3.5;3.75;3.5;3.5;115900
1998-01-02;4.0;4.0;3.5;3.5;52000
1998-01-05;3.75;4.0;3.5;3.8125;43600
1998-01-06;3.8125;3.875;3.625;3.625;30700
1998-01-07;3.625;3.625;3.625;3.625;200
1998-01-08;3.875;3.875;3.5;3.875;147900
1998-01-09;3.9375;3.9375;3.875;3.875;3300
1998-01-12;4.0;4.0;3.625;3.75;7400
1998-01-13;4.0;4.0;3.875;4.0;50500
1998-01-14;3.75;4.0;3.75;4.0;57500
1998-01-15;3.875;3.875;3.875;3.875;1000
1998-01-16;4.0;4.125;3.9375;4.125;14600
1998-01-20;4.125;4.3125;4.125;4.3125;7500
1998-01-21;4.25;4.5;4.125;4.5;14800
1998-01-22;4.75;5.1875;4.5625;5.125;36900
1998-01-23;5.25;5.25;4.875;5.0;33900
1998-01-26;4.8125;5.0;4.8125;5.0;1500
1998-01-27;5.0;5.0;4.75;4.75;139900
1998-01-28;4.75;5.0;4.6875;5.0;1900
1998-01-29;4.75;4.75;4.6875;4.6875;5300
1998-01-30;4.6875;4.6875;4.6875;4.6875;200
1998-02-02;4.75;4.875;4.6875;4.75;61100
1998-02-03;4.75;4.75;4.75;4.75;1100
1998-02-04;4.75;4.75;4.75;4.75;0
1998-02-05;4.5;4.8125;4.5;4.75;32000
1998-02-06;4.625;4.75;4.625;4.75;4900
1998-02-10;4.5;4.75;4.5;4.75;1200
1998-02-11;4.625;4.625;4.5;4.5;5800
1998-02-12;4.75;4.75;4.75;4.75;1200
1998-02-13;4.5;4.5;4.5;4.5;400
1998-02-17;4.75;4.75;4.75;4.75;300
1998-02-18;4.5;4.75;4.5;4.5625;25500
1998-02-19;4.75;4.75;4.625;4.75;167100
1998-02-20;4.8125;4.8125;4.625;4.75;59900
1998-02-23;4.8125;5.0;4.75;4.875;40300
1998-02-24;4.875;5.0625;4.875;5.0;36100
1998-02-25;5.0;5.125;5.0;5.125;45200
1998-02-26;5.125;5.1875;5.0;5.1875;19100
1998-02-27;5.15625;5.4375;5.15625;5.4375;36500
1998-03-02;5.5;5.75;5.3125;5.6875;31900
1998-03-03;5.75;6.6875;5.75;6.375;101300
1998-03-04;6.5;6.5625;5.875;6.421875;135100
1998-03-05;6.375;6.5;6.0;6.0;22100
1998-03-06;6.25;6.25;6.25;6.25;3500
1998-03-09;6.25;6.25;5.9375;6.0;18800
1998-03-10;6.0;6.125;5.75;5.75;19800
1998-03-11;5.75;6.0;5.75;6.0;5600
1998-03-12;6.125;6.5;6.0;6.25;36500
1998-03-13;6.25;6.375;6.0;6.125;12400
1998-03-16;6.0;6.375;6.0;6.0;3000
1998-03-17;6.375;6.5;6.0;6.0;32800
1998-03-18;6.0;7.0;5.875;6.625;51100
1998-03-19;7.0;7.25;6.5;7.125;29700
1998-03-20;7.25;7.875;7.25;7.8125;50100
1998-03-23;7.625;7.875;7.0;7.0;41800
1998-03-24;7.375;7.375;7.0;7.125;13000
1998-03-25;6.875;7.125;5.875;6.875;70800
1998-03-26;7.125;7.5;7.0;7.0;42500
1998-03-27;7.25;7.375;7.125;7.375;8200
1998-03-30;7.125;7.5;7.125;7.125;7700
1998-03-31;7.125;7.75;7.125;7.75;26200
1998-04-01;7.625;7.625;7.375;7.5;41100
1998-04-02;7.375;7.5;7.375;7.5;13800
1998-04-03;7.5;7.5;7.375;7.375;39600
1998-04-06;7.5;7.5;7.0;7.0;9200
1998-04-07;7.125;7.125;6.5;6.625;20900
1998-04-08;6.5;7.0;6.5;7.0;12600
1998-04-09;7.0;7.0;6.625;7.0;1400
1998-04-13;6.625;6.875;6.625;6.625;6300
1998-04-14;7.0;7.0;6.625;6.75;19600
1998-04-15;6.9375;6.9375;6.625;6.75;10500
1998-04-16;6.625;6.9375;6.625;6.625;8100
1998-04-17;6.875;6.875;6.5;6.6875;52500
1998-04-20;6.75;6.75;6.4375;6.4375;29500
1998-04-21;6.5625;6.5625;6.4375;6.4375;26100
1998-04-22;6.375;6.375;6.25;6.375;41700
1998-04-23;6.3125;6.75;6.3125;6.75;37400
1998-04-24;6.75;6.75;6.5;6.5;24400
1998-04-27;6.375;6.5625;6.375;6.5625;34900
1998-04-28;6.5;6.625;6.375;6.5;30700
1998-04-29;6.5;6.5;6.375;6.375;6700
1998-04-30;6.375;6.625;6.375;6.5;41200
1998-05-01;6.5;6.75;6.5;6.75;2200
1998-05-04;6.75;6.75;6.5;6.625;17500
1998-05-05;6.75;6.875;6.5;6.5;31300
1998-05-06;6.5;6.625;6.5;6.625;4500
1998-05-07;6.5;6.75;6.375;6.375;11900
1998-05-08;6.375;6.5;6.375;6.5;5500
1998-05-11;6.375;6.375;6.375;6.375;1100
1998-05-12;6.375;6.625;6.375;6.4375;12100
1998-05-13;6.625;6.625;6.375;6.375;500
1998-05-14;6.375;6.75;6.25;6.75;34800
1998-05-15;6.375;6.5;6.375;6.375;4500
1998-05-18;6.5;6.5;6.25;6.5;108400
1998-05-20;6.375;6.375;6.25;6.25;8000
1998-05-21;6.75;6.75;6.5;6.5;22500
1998-05-22;6.75;7.0;6.75;7.0;45500
1998-05-26;7.0;7.375;6.875;6.875;64400
1998-05-27;6.875;6.875;6.875;6.875;6500
1998-05-28;7.125;7.125;7.125;7.125;100
1998-05-29;6.75;7.0;6.75;7.0;7000
1998-06-01;6.875;7.0;6.875;7.0;1700
1998-06-02;7.125;7.25;6.8125;7.125;24500
1998-06-03;7.25;7.25;6.8125;7.125;74500
1998-06-04;7.0;7.125;7.0;7.125;57400
1998-06-05;7.0;7.0;7.0;7.0;2400
1998-06-08;7.25;7.25;7.0;7.0;4800
1998-06-09;6.875;7.125;6.875;7.125;10400
1998-06-10;7.125;7.125;7.0;7.125;13300
1998-06-11;7.0;7.125;6.875;7.0;6000
1998-06-12;6.875;6.875;6.8125;6.8125;17500
1998-06-15;6.875;7.0;6.625;7.0;17500
1998-06-16;6.875;7.0625;6.875;7.0625;6900
1998-06-17;6.75;7.125;6.75;6.875;2900
1998-06-18;6.75;6.75;6.75;6.75;6500
1998-06-19;6.75;6.875;6.75;6.875;1200
1998-06-22;7.0;7.125;6.875;7.125;53200
1998-06-23;7.375;7.375;7.0;7.25;61400
1998-06-24;7.25;7.25;7.0;7.25;14800
1998-06-25;7.0;7.25;6.8125;6.8125;12900
1998-06-26;7.125;7.125;6.8125;7.125;400
1998-06-29;7.125;7.125;6.8125;6.8125;35500
1998-06-30;6.875;7.0;6.875;7.0;8100
1998-07-01;7.0;7.125;7.0;7.0;2800
1998-07-02;7.0;7.125;7.0;7.0;1300
1998-07-06;7.0;7.125;7.0;7.0;3000
1998-07-07;6.75;6.75;6.5625;6.5625;3200
1998-07-08;6.625;6.75;6.625;6.75;7100
1998-07-09;6.75;7.0;6.75;7.0;3500
1998-07-10;6.75;6.75;6.75;6.75;1000
1998-07-13;7.0;7.0;6.75;6.75;2700
1998-07-14;6.75;6.75;6.5;6.5;15400
1998-07-15;6.5;6.5;6.5;6.5;800
1998-07-16;6.5625;6.5625;6.5625;6.5625;200
1998-07-17;6.625;6.75;6.625;6.75;900
1998-07-20;6.5625;6.625;6.5625;6.625;6300
1998-07-21;6.5625;6.5625;6.5;6.5;19700
1998-07-22;6.5625;6.5625;6.5625;6.5625;400
1998-07-23;6.5625;6.5625;6.5;6.5;11500
1998-07-24;6.5;6.5625;6.375;6.375;16100
1998-07-27;6.1875;6.25;5.875;6.125;10000
1998-07-28;5.875;5.875;5.75;5.75;4100
1998-07-29;5.625;5.625;5.625;5.625;200
1998-07-30;5.625;5.625;5.5;5.5;5700
1998-07-31;5.5;5.75;5.5;5.75;3000
1998-08-03;5.75;5.75;5.5;5.5625;19900
1998-08-04;5.5;5.5;4.5;4.75;19700
1998-08-05;5.0;5.0;4.625;4.625;4200
1998-08-06;4.75;5.0;4.75;5.0;9100
1998-08-07;5.125;5.25;4.9375;5.25;7000
1998-08-10;5.5;5.5;5.25;5.25;3600
1998-08-11;5.25;5.25;5.25;5.25;100
1998-08-12;5.25;5.5;5.25;5.25;5300
1998-08-14;5.625;6.0;5.5;6.0;16700
1998-08-17;5.875;6.125;5.875;6.0;11000
1998-08-18;6.0625;6.0625;5.875;6.0;21600
1998-08-19;5.875;5.875;5.5;5.625;22500
1998-08-20;5.625;5.625;5.5;5.5;7500
1998-08-21;5.5;5.5;5.5;5.5;4000
1998-08-25;5.5;6.0;5.5;5.59375;5000
1998-08-26;5.59375;5.75;5.5;5.5;24300
1998-08-27;5.625;5.875;5.5;5.75;2200
1998-08-28;5.5;5.5;5.5;5.5;1800
1998-08-31;5.5;5.5;4.0;4.125;30300
1998-09-01;4.375;4.5625;3.875;4.5625;18600
1998-09-02;4.5;4.6875;4.5;4.5;51800
1998-09-03;4.75;4.75;4.5;4.5;19200
1998-09-04;4.625;4.625;4.5;4.5;6400
1998-09-08;4.75;4.75;4.0625;4.25;22000
1998-09-09;4.5;4.5;4.0;4.0;18000
1998-09-10;4.0;4.0;3.5;3.75;39900
1998-09-11;3.75;3.75;3.75;3.75;3300
1998-09-14;4.0;4.0;4.0;4.0;3800
1998-09-15;3.9375;4.0;3.9375;4.0;5600
1998-09-16;4.0;4.0;3.6875;3.9375;7300
1998-09-17;3.6875;3.875;3.625;3.875;4800
1998-09-18;3.875;3.875;3.25;3.25;17500
1998-09-21;3.5;3.5;3.0;3.375;48400
1998-09-22;3.25;3.5;3.25;3.5;6300
1998-09-23;3.75;3.75;3.75;3.75;1000
1998-09-24;3.75;3.75;3.5;3.5;1900
1998-09-25;3.5;3.90625;3.5;3.75;22200
1998-09-28;3.5;3.90625;3.5;3.90625;9900
1998-09-29;3.90625;3.90625;3.90625;3.90625;1000
1998-09-30;3.75;3.9375;3.75;3.9375;6300
1998-10-01;3.5625;3.5625;3.5625;3.5625;300
1998-10-02;3.5625;3.9375;3.5625;3.9375;2500
1998-10-05;3.625;3.625;3.625;3.625;300
1998-10-06;3.5625;3.5625;3.5625;3.5625;7800
1998-10-07;3.3125;3.6875;3.3125;3.6875;2200
1998-10-08;3.5625;3.75;3.4375;3.4375;2300
1998-10-09;3.1875;3.5;3.0;3.5;16200
1998-10-12;3.375;3.5;3.375;3.5;800
1998-10-13;3.375;3.375;3.375;3.375;3900
1998-10-14;3.375;3.375;3.375;3.375;3000
1998-10-15;3.5;3.5;3.25;3.5;5100
1998-10-16;3.25;3.5;3.25;3.5;8700
1998-10-19;3.25;3.5;3.25;3.5;2400
1998-10-20;3.75;3.75;3.5;3.5;1500
1998-10-21;3.875;3.9375;3.625;3.75;32500
1998-10-22;3.625;4.0;3.625;3.75;77800
1998-10-23;3.9375;3.9375;3.75;3.9375;20300
1998-10-26;3.75;3.75;3.75;3.75;200
1998-10-27;3.75;4.0;3.75;3.875;31300
1998-10-28;4.0;4.0;4.0;4.0;10300
1998-10-29;3.9375;3.9375;3.9375;3.9375;3400
1998-10-30;3.875;4.0;3.875;3.9375;39200
1998-11-02;4.25;4.25;4.125;4.25;11800
1998-11-03;4.25;4.375;4.25;4.375;800
1998-11-04;4.25;4.375;4.125;4.375;23300
1998-11-05;4.5;4.5;4.125;4.125;8400
1998-11-06;4.375;5.25;4.25;5.25;82400
1998-11-09;5.75;5.75;5.1875;5.1875;18000
1998-11-10;5.6875;5.6875;5.25;5.6875;4000
1998-11-11;5.5;5.5;4.75;5.5;30000
1998-11-12;5.0;5.5;5.0;5.25;41600
1998-11-13;5.1875;5.25;5.1875;5.25;3400
1998-11-16;5.125;5.125;5.0;5.0;9400
1998-11-17;5.125;5.125;5.0;5.0;5500
1998-11-18;5.0;5.375;5.0;5.375;2300
1998-11-19;5.0;5.15625;4.625;4.75;19600
1998-11-20;4.75;4.75;4.75;4.75;700
1998-11-23;4.8125;4.8125;4.625;4.625;2700
1998-11-24;4.625;4.625;4.5;4.5;11700
1998-11-25;4.5;4.5;4.4375;4.4375;5300
1998-11-27;4.1875;4.25;4.1875;4.25;1600
1998-11-30;4.125;4.125;4.0;4.0;17200
1998-12-01;4.25;4.25;4.0;4.0;15300
1998-12-02;4.0;4.0;3.875;4.0;11200
1998-12-03;4.0;4.75;3.75;4.75;19400
1998-12-04;5.0;5.25;5.0;5.25;10400
1998-12-07;5.25;5.25;5.0;5.125;1200
1998-12-08;5.0;5.0;4.75;4.9375;9600
1998-12-09;4.75;4.75;4.375;4.375;7100
1998-12-10;4.0;4.25;4.0;4.25;8500
1998-12-11;4.375;4.5;4.125;4.125;8000
1998-12-14;4.25;4.5;4.125;4.5;24000
1998-12-15;4.3125;4.3125;4.125;4.25;21200
1998-12-16;4.25;4.25;4.125;4.125;4400
1998-12-17;4.125;4.125;4.0;4.125;43300
1998-12-18;4.0625;4.375;4.0;4.375;35600
1998-12-21;4.3125;4.3125;4.3125;4.3125;1100
1998-12-22;4.375;4.5;4.375;4.5;8600
1998-12-23;4.5;5.0;4.5;4.75;6100
1998-12-24;4.75;5.0;4.75;5.0;6500
1998-12-28;5.0;5.0;4.875;5.0;47200
1998-12-29;5.0;5.125;5.0;5.125;15300
1998-12-30;5.0625;5.625;5.0625;5.625;21300
1998-12-31;5.75;6.25;5.75;6.0;61000
1999-01-04;6.125;6.125;5.9375;6.0;52000
1999-01-05;6.125;6.125;5.9375;5.9375;700
1999-01-06;6.125;6.125;4.6875;5.125;36100
1999-01-07;5.0;5.125;5.0;5.125;2100
1999-01-08;4.625;5.125;4.625;5.125;1000
1999-01-11;5.125;5.125;4.375;4.6875;44100
1999-01-12;4.75;5.0;4.75;5.0;9300
1999-01-13;4.75;4.875;4.6875;4.875;13000
1999-01-14;4.875;4.875;4.875;4.875;0
1999-01-15;5.0;5.5;4.75;5.375;32100
1999-01-19;5.5;5.5;4.875;5.5;6500
1999-01-20;5.125;5.625;5.125;5.375;4900
1999-01-21;5.1875;5.5;5.0625;5.1875;21600
1999-01-22;4.875;4.875;4.875;4.875;4600
1999-01-25;4.875;4.875;4.875;4.875;5700
1999-01-26;4.875;5.0;4.75;4.875;35200
1999-01-27;4.75;4.875;4.75;4.875;15400
1999-01-28;4.875;4.875;4.4375;4.4375;365700
1999-01-29;5.0;5.5;4.4375;5.25;192300
1999-02-01;5.25;5.5;5.0;5.0;8400
1999-02-02;5.125;5.125;5.125;5.125;2700
1999-02-03;5.0;5.125;5.0;5.0;15800
1999-02-04;4.875;4.875;4.875;4.875;1000
1999-02-05;5.0;5.0;5.0;5.0;2700
1999-02-08;4.8125;5.125;4.8125;5.0;8500
1999-02-09;4.8125;5.125;4.8125;5.125;6200
1999-02-10;4.875;5.0;4.875;4.9375;3600
1999-02-11;4.9375;5.0;4.9375;4.9375;3700
1999-02-12;4.9375;5.0;4.75;4.75;15100
1999-02-16;4.75;4.75;4.75;4.75;500
1999-02-17;4.5;4.6875;4.0;4.6875;13900
1999-02-18;4.625;4.6875;4.5;4.6875;4700
1999-02-19;4.53125;4.6875;4.5;4.5;111100
1999-02-22;4.625;4.625;4.625;4.625;2000
1999-02-23;4.625;4.625;4.625;4.625;0
1999-02-24;4.53125;4.53125;4.5;4.5;4100
1999-02-25;4.5;4.5;4.375;4.375;32000
1999-02-26;4.25;4.25;4.0;4.0;9400
1999-03-01;4.0;4.0;4.0;4.0;5500
1999-03-02;3.875;4.0;3.875;3.875;28100
1999-03-03;4.25;4.25;3.75;3.75;2200
1999-03-04;3.5;3.5;3.5;3.5;1400
1999-03-05;3.875;4.25;3.875;4.25;5100
1999-03-08;4.25;4.625;4.25;4.625;6500
1999-03-09;4.75;4.75;4.75;4.75;600
1999-03-10;4.75;4.75;4.375;4.375;15600
1999-03-11;4.25;4.5;4.0;4.5;86400
1999-03-12;4.5;4.5;4.0;4.125;170700
1999-03-15;4.5;4.5;4.5;4.5;100
1999-03-16;4.25;4.5;4.25;4.25;700
1999-03-17;4.5;4.5;4.5;4.5;500
1999-03-22;4.5;4.5;4.25;4.25;900
1999-03-23;4.25;4.25;4.25;4.25;0
1999-03-24;4.375;4.375;4.375;4.375;1000
1999-03-25;4.25;4.25;4.25;4.25;1900
1999-03-26;4.25;4.25;4.0;4.0;6700
1999-03-29;4.125;4.125;3.75;3.875;11300
1999-03-30;3.875;3.875;3.8125;3.8125;700
1999-03-31;3.75;3.875;3.75;3.75;3900
1999-04-01;3.8125;3.8125;3.5;3.5;7200
1999-04-05;3.5;3.5;3.5;3.5;5000
1999-04-06;3.5;3.5;3.5;3.5;1500
1999-04-07;4.0;4.0;4.0;4.0;2000
1999-04-08;3.625;4.25;3.625;3.625;4800
1999-04-09;4.125;4.125;3.75;3.75;2100
1999-04-12;3.75;3.75;3.5;3.5;6200
1999-04-13;3.875;3.875;3.5;3.5;3700
1999-04-14;3.875;3.875;3.5;3.5;13700
1999-04-15;3.875;3.875;3.875;3.875;200
1999-04-16;3.5625;3.5625;3.25;3.375;7400
1999-04-19;3.375;4.0;3.375;4.0;2300
1999-04-20;3.5;4.0;3.5;3.5;7600
1999-04-21;4.0;4.125;3.9375;4.125;6600
1999-04-22;4.125;4.125;4.125;4.125;0
1999-04-23;4.0625;4.0625;4.0625;4.0625;2000
1999-04-26;3.9375;3.9375;3.75;3.75;4500
1999-04-27;4.0;4.125;3.5625;4.125;5900
1999-04-28;3.5625;3.75;3.5625;3.75;20300
1999-04-29;4.0;4.25;3.5625;3.75;29300
1999-04-30;3.75;3.75;3.75;3.75;0
1999-05-05;3.1875;3.5;3.0625;3.5;26000
1999-05-06;3.5;3.625;3.5;3.625;800
1999-05-07;3.5;3.53125;3.375;3.53125;6600
1999-05-10;3.5;3.53125;3.125;3.25;74800
1999-05-11;3.4375;3.65625;3.375;3.65625;3800
1999-05-12;3.5;3.75;3.375;3.375;5100
1999-05-13;3.5625;3.5625;3.5625;3.5625;100
1999-05-14;3.125;3.125;3.125;3.125;300
1999-05-17;3.5;3.5;3.5;3.5;50900
1999-05-18;3.625;3.625;3.5625;3.625;9700
1999-05-19;3.5;3.5;3.5;3.5;1100
1999-05-20;3.625;3.625;3.625;3.625;1300
1999-05-21;3.625;3.75;3.625;3.625;6300
1999-05-24;3.625;3.625;3.625;3.625;2000
1999-05-25;3.9375;3.9375;3.5625;3.5625;1100
1999-05-26;3.3125;3.6875;3.3125;3.5;111800
1999-05-27;3.625;3.75;3.5625;3.75;52200
1999-05-28;3.75;4.0;3.625;4.0;12700
1999-06-01;4.0;4.0;3.8125;3.8125;1500
1999-06-02;3.75;3.875;3.75;3.75;3000
1999-06-04;4.0;4.0;4.0;4.0;3400
1999-06-07;3.9375;4.0;3.875;4.0;28600
1999-06-08;4.0;4.0;3.9375;4.0;9900
1999-06-09;4.0;4.0625;4.0;4.0;40000
1999-06-10;3.875;3.9375;3.875;3.9375;2000
1999-06-11;4.03125;4.03125;3.875;4.0;25100
1999-06-14;4.0;4.0;4.0;4.0;500
1999-06-15;4.03125;4.03125;4.0;4.0;5500
1999-06-16;4.0;4.0625;4.0;4.0625;27900
1999-06-17;4.0;4.0;3.9375;3.9375;1700
1999-06-18;3.9375;3.9375;3.9375;3.9375;0
1999-06-21;4.0625;4.0625;3.9375;4.0625;1300
1999-06-22;3.875;3.9375;3.875;3.875;15700
1999-06-23;3.875;3.875;3.875;3.875;0
1999-06-24;3.875;3.875;3.75;3.75;10600
1999-06-25;3.8125;3.875;3.8125;3.875;1800
1999-06-28;3.875;3.875;3.75;3.75;4800
1999-07-01;3.75;3.75;3.625;3.625;4600
1999-07-02;3.5;3.5;3.5;3.5;2600
1999-07-07;3.5;3.5;3.5;3.5;500
1999-07-08;3.5;3.5;3.5;3.5;7400
1999-07-09;3.75;3.75;3.75;3.75;700
1999-07-12;3.75;3.875;3.75;3.75;3800
1999-07-13;3.6875;3.6875;3.6875;3.6875;1000
1999-07-14;3.6875;4.0;3.6875;4.0;4100
1999-07-15;3.6875;4.0;3.6875;4.0;27900
1999-07-16;3.75;3.875;3.625;3.625;25900
1999-07-19;3.5625;3.625;3.0625;3.0625;20200
1999-07-20;3.1875;3.5;3.1875;3.375;15400
1999-07-21;3.34375;3.5;2.875;3.125;151200
1999-07-22;3.25;3.25;3.125;3.125;25000
1999-07-23;3.0;3.25;3.0;3.1875;86600
1999-07-26;3.1875;3.25;3.125;3.25;25200
1999-07-27;3.25;3.25;3.25;3.25;4000
1999-07-28;3.25;3.25;3.25;3.25;2100
1999-07-29;3.375;3.375;3.375;3.375;100
1999-07-30;3.125;3.125;3.0;3.0;8600
1999-08-02;2.875;2.9375;2.75;2.9375;35700
1999-08-03;2.75;2.875;2.75;2.875;4900
1999-08-04;2.875;3.0;2.875;2.9375;41900
1999-08-05;2.9375;3.0625;2.9375;3.0;4700
1999-08-06;2.9375;3.0;2.75;2.875;13100
1999-08-09;2.875;2.9375;2.8125;2.875;16100
1999-08-10;2.875;2.875;2.75;2.8125;46500
1999-08-11;2.8125;2.8125;2.8125;2.8125;0
1999-08-12;2.75;2.75;2.75;2.75;17200
1999-08-13;2.75;2.75;2.625;2.625;13000
1999-08-16;2.75;3.375;2.75;3.375;10800
1999-08-17;3.375;3.375;3.125;3.375;3300
1999-08-18;3.34375;3.375;3.34375;3.375;2700
1999-08-19;3.5;3.5;3.5;3.5;6300
1999-08-20;3.25;3.25;3.25;3.25;1900
1999-08-23;3.1875;3.4375;3.1875;3.375;1800
1999-08-24;3.625;10.0;3.375;8.40625;1001200
1999-08-25;7.75;7.9375;5.8125;6.3125;833900
1999-08-26;6.125;6.25;5.0;5.0;283700
1999-08-27;5.21875;5.375;4.4375;4.8125;95300
1999-08-30;4.875;5.25;4.8125;5.0625;50700
1999-08-31;5.0625;5.0625;4.5;4.5;39700
1999-09-01;4.5625;4.75;4.5;4.75;10400
1999-09-02;4.75;4.75;4.5;4.75;11800
1999-09-03;4.75;5.0;4.5625;4.875;16200
1999-09-07;4.75;4.9375;4.625;4.9375;21100
1999-09-08;4.75;5.0;4.5;4.5;18000
1999-09-09;4.8125;5.375;4.75;5.0;54200
1999-09-10;5.5;6.1875;5.375;5.75;51500
1999-09-13;5.875;5.9375;5.75;5.875;5500
1999-09-14;5.875;6.0;4.8125;5.375;31100
1999-09-15;5.5625;6.5;5.5625;5.8125;43100
1999-09-16;6.0;6.25;5.75;6.0;37600
1999-09-17;6.0;6.0;5.78125;5.9375;6400
1999-09-20;5.96875;6.1875;5.9375;6.125;53400
1999-09-21;6.125;6.125;5.53125;5.75;7800
1999-09-22;6.15625;6.25;5.75;5.9375;40800
1999-09-23;6.0625;6.375;5.625;5.625;21300
1999-09-24;5.75;5.875;5.75;5.875;10800
1999-09-27;5.75;6.125;5.53125;5.5625;12000
1999-09-28;5.53125;5.53125;5.0;5.1875;21800
1999-09-29;5.0;5.0;4.9375;5.0;4500
1999-09-30;5.125;5.125;5.0625;5.125;16800
1999-10-01;4.9375;5.0;4.9375;5.0;2100
1999-10-04;5.0;5.1875;5.0;5.1875;2900
1999-10-05;5.1875;5.1875;5.0;5.0625;3700
1999-10-06;5.0625;5.1875;5.0;5.0;9700
1999-10-07;4.8125;4.9375;4.4375;4.8125;14800
1999-10-08;4.875;5.125;4.875;5.125;6600
1999-10-11;5.125;5.25;4.9375;5.0625;8400
1999-10-12;5.0;5.25;5.0;5.25;15300
1999-10-13;5.125;5.125;5.125;5.125;1500
1999-10-15;5.125;5.5;5.125;5.3125;5400
1999-10-18;5.3125;5.9375;5.1875;5.8125;15000
1999-10-19;5.6875;5.8125;5.375;5.59375;33200
1999-10-20;5.375;5.375;5.1875;5.3125;17000
1999-10-21;5.1875;5.1875;5.15625;5.1875;3100
1999-10-22;5.125;5.1875;5.125;5.125;15500
1999-10-25;5.0625;5.0625;4.9375;5.0;45700
1999-10-26;4.9375;5.375;4.9375;5.0625;28100
1999-10-27;5.0;5.0625;5.0;5.0625;26200
1999-10-28;5.0;5.0;4.875;5.0;3000
1999-10-29;4.875;4.9375;4.4375;4.4375;18300
1999-11-01;4.5625;4.875;4.5625;4.6875;40700
1999-11-02;4.6875;5.0;4.6875;5.0;62000
1999-11-03;4.875;5.75;4.875;5.5;36100
1999-11-04;5.1875;5.9375;5.1875;5.9375;28900
1999-11-05;5.9375;5.9375;5.5625;5.75;14400
1999-11-08;5.5;5.9375;5.5;5.9375;12000
1999-11-09;5.625;5.9375;5.0;5.25;39400
1999-11-10;5.3125;5.5;5.25;5.5;7000
1999-11-11;5.8125;5.875;5.5;5.875;4200
1999-11-12;5.625;5.875;5.625;5.875;18100
1999-11-15;5.875;6.0625;5.625;6.0625;40200
1999-11-16;6.0;6.5;6.0;6.25;52800
1999-11-17;6.0;6.25;6.0;6.0;8900
1999-11-18;6.0;6.0;5.9375;5.9375;2600
1999-11-19;6.0;6.1875;5.75;6.1875;11500
1999-11-22;6.1875;6.25;6.0;6.25;7500
1999-11-23;5.875;6.25;5.875;6.25;1600
1999-11-24;5.875;6.25;5.875;6.125;5600
1999-11-26;6.125;6.125;6.125;6.125;100
1999-11-29;5.875;6.25;5.0;6.25;25600
1999-11-30;6.125;6.4375;6.0625;6.1875;48900
1999-12-01;6.125;6.3125;6.125;6.3125;22500
1999-12-02;6.25;6.3125;6.125;6.125;21400
1999-12-03;6.3125;7.5;6.25;6.75;248600
1999-12-06;6.5625;7.1875;6.5625;6.875;54400
1999-12-07;6.9375;7.0;6.125;6.375;13300
1999-12-08;6.3125;6.625;6.0;6.4375;18500
1999-12-09;6.4375;7.1875;6.4375;7.1875;32900
1999-12-10;6.75;7.5;6.75;7.25;37800
1999-12-13;7.0625;7.875;7.0;7.75;84000
1999-12-14;7.875;8.8125;7.6875;8.5;157400
1999-12-15;8.5;8.625;8.375;8.375;152100
1999-12-16;8.5;8.5;7.3125;7.75;104700
1999-12-17;7.75;7.75;7.3125;7.75;30400
1999-12-20;7.75;7.9375;7.5;7.625;45800
1999-12-21;7.6875;7.6875;7.5;7.625;4400
1999-12-22;7.5;7.625;7.0;7.0;42500
1999-12-23;7.0625;7.625;7.0;7.625;37100
1999-12-27;7.25;7.3125;7.25;7.3125;21300
1999-12-28;7.5;7.625;7.4375;7.5;40900
1999-12-29;7.5;7.5625;7.5;7.5;63400
1999-12-30;7.5625;7.5625;7.5;7.5625;32300
1999-12-31;7.5;7.625;7.5;7.5;25200
2000-01-03;7.625;7.625;7.5;7.625;27700
2000-01-04;7.5;7.5625;7.5;7.5;20500
2000-01-05;7.5;7.5625;7.5;7.5625;39200
2000-01-06;7.5;7.625;7.5;7.5;11700
2000-01-07;7.5;7.6875;7.5;7.625;7900
2000-01-10;7.5;7.625;7.5;7.5;29600
2000-01-11;7.75;7.78125;7.375;7.5;15300
2000-01-12;7.5;7.5;7.3125;7.3125;2400
2000-01-13;7.5625;7.5625;7.25;7.25;12000
2000-01-14;7.375;7.375;6.9375;6.9375;90700
2000-01-18;6.875;6.875;6.625;6.75;17900
2000-01-19;7.125;7.125;6.75;7.0;2500
2000-01-20;6.8125;7.0;6.625;6.625;5100
2000-01-21;6.375;6.625;5.625;6.46875;47300
2000-01-24;6.59375;6.59375;6.1875;6.25;9300
2000-01-25;6.5;6.5625;6.4375;6.5625;7300
2000-01-26;6.59375;6.71875;6.3125;6.5;20600
2000-01-27;6.5;6.84375;6.5;6.75;10000
2000-01-28;6.40625;6.5;6.3125;6.5;30000
2000-01-31;6.3125;6.75;6.3125;6.625;24300
2000-02-01;6.375;6.5;6.375;6.5;9300
2000-02-02;6.375;6.625;6.375;6.5625;72700
2000-02-03;6.703125;6.75;6.5625;6.625;38100
2000-02-04;6.703125;6.703125;6.5625;6.5625;1100
2000-02-07;6.5625;6.5625;6.5625;6.5625;1700
2000-02-08;6.703125;6.71875;6.5;6.6875;11300
2000-02-09;6.5625;6.6875;6.5;6.625;55700
2000-02-10;6.59375;6.75;6.5625;6.75;88300
2000-02-11;6.5625;6.75;6.5625;6.625;26900
2000-02-14;6.65625;6.75;6.5625;6.625;108300
2000-02-15;6.5625;6.5625;6.5625;6.5625;3300
2000-02-16;6.5625;6.75;6.5625;6.625;30200
2000-02-17;6.65625;6.75;6.5625;6.5625;18200
2000-02-18;6.5625;6.75;6.4375;6.75;19800
2000-02-22;6.3125;6.5625;5.78125;5.875;24700
2000-02-23;5.9375;6.25;5.75;6.25;29000
2000-02-24;6.0625;6.5;6.0625;6.125;5500
2000-02-25;6.0625;6.0625;5.375;5.5625;48000
2000-02-28;5.46875;5.5625;5.4375;5.4375;9200
2000-02-29;5.5;5.875;5.0625;5.875;53900
2000-03-01;5.875;6.1875;5.5;6.1875;39100
2000-03-02;5.84375;6.25;5.8125;6.0;11100
2000-03-03;5.8125;6.375;5.625;6.3125;21200
2000-03-06;6.25;6.375;6.0625;6.125;20300
2000-03-07;6.3125;6.3125;5.75;6.03125;16000
2000-03-08;5.75;6.0;5.0625;5.625;39800
2000-03-09;5.625;5.875;5.5;5.625;26000
2000-03-10;5.5625;6.0;5.5625;5.875;9200
2000-03-13;5.84375;5.875;5.8125;5.8125;7000
2000-03-14;5.875;5.875;5.375;5.625;46700
2000-03-15;5.5;5.5625;5.125;5.5;29700
2000-03-16;5.375;5.625;5.375;5.625;21300
2000-03-17;5.625;5.75;5.5625;5.75;17100
2000-03-20;5.75;5.875;5.625;5.75;9400
2000-03-21;5.75;5.75;5.25;5.625;24400
2000-03-22;5.375;5.515625;5.375;5.515625;3100
2000-03-23;5.375;6.0;5.375;5.75;10500
2000-03-24;5.75;6.0;5.625;6.0;24400
2000-03-27;6.0;6.0;5.75;6.0;6100
2000-03-28;6.0;6.5;5.75;6.4375;39100
2000-03-29;6.4375;6.5;6.0;6.125;19100
2000-03-30;6.125;7.5;6.0625;7.1875;79500
2000-03-31;7.09375;7.5;6.75;6.75;13400
2000-04-03;6.75;6.75;6.71875;6.734375;6000
2000-04-04;6.46875;6.625;6.375;6.5;30300
2000-04-05;6.75;7.0;6.375;6.375;6600
2000-04-06;6.5;6.625;6.1875;6.1875;7400
2000-04-07;6.0625;6.5;6.0625;6.5;1700
2000-04-10;6.125;6.34375;6.125;6.34375;3700
2000-04-11;6.0625;6.5;6.0625;6.125;1500
2000-04-12;5.84375;6.0;5.8125;5.8125;10800
2000-04-13;5.8125;6.0;5.5625;6.0;7400
2000-04-14;6.0;6.5;5.875;5.875;13200
2000-04-17;5.875;5.9375;5.8125;5.875;17400
2000-04-18;5.9375;5.9375;5.9375;5.9375;500
2000-04-19;6.0;6.0;5.25;6.0;21200
2000-04-20;5.875;6.125;5.875;6.125;8000
2000-04-24;5.9375;5.9375;5.9375;5.9375;5100
2000-04-25;6.125;6.125;5.9375;6.125;4400
2000-04-26;5.875;6.125;5.875;6.0;6300
2000-04-27;5.875;5.875;5.875;5.875;2000
2000-04-28;5.875;6.125;5.875;6.125;5400
2000-05-01;5.90625;6.0625;5.90625;6.0625;1400
2000-05-02;5.5;5.8125;5.375;5.75;5700
2000-05-03;5.5;5.75;5.5;5.75;4600
2000-05-05;6.0;6.75;6.0;6.375;9900
2000-05-08;6.4375;6.75;6.25;6.3125;4500
2000-05-09;6.3125;6.3125;6.3125;6.3125;0
2000-05-10;6.3125;6.5;5.625;5.625;29100
2000-05-11;5.625;6.0;5.625;6.0;39400
2000-05-12;6.0;6.0;6.0;6.0;0
2000-05-15;5.625;6.0;5.625;5.6875;6000
2000-05-16;5.875;5.921875;5.75;5.75;4400
2000-05-17;5.625;6.0;5.625;5.75;35700
2000-05-18;5.8125;5.8125;5.8125;5.8125;3200
2000-05-19;5.6875;5.75;5.375;5.75;34900
2000-05-22;5.5;5.75;5.375;5.375;4000
2000-05-23;5.375;5.5;5.375;5.5;19800
2000-05-24;5.25;5.375;5.0;5.0;4400
2000-05-25;5.0;5.0;4.75;4.9375;21500
2000-05-26;5.0;5.125;4.875;5.125;17700
2000-05-30;5.1875;5.3125;5.1875;5.3125;1100
2000-05-31;5.0625;5.25;5.0;5.25;8500
2000-06-01;5.125;6.0625;5.125;6.0625;33300
2000-06-02;5.8125;6.0;5.625;5.75;5700
2000-06-05;5.9375;5.9375;5.9375;5.9375;100
2000-06-06;5.75;5.75;5.5;5.625;9800
2000-06-07;5.625;6.0;5.625;6.0;4200
2000-06-08;5.875;5.9375;5.25;5.75;11900
2000-06-09;5.5;5.75;5.375;5.75;41300
2000-06-13;5.5;5.5;5.375;5.375;11300
2000-06-14;5.25;5.25;5.03125;5.03125;5600
2000-06-15;5.03125;5.125;4.875;4.9375;35500
2000-06-16;4.875;4.921875;4.5;4.5;53000
2000-06-19;4.5;4.5;4.5;4.5;5700
2000-06-20;4.5625;4.9375;4.5;4.875;20800
2000-06-21;4.8125;4.8125;4.5;4.5625;6600
2000-06-22;4.875;5.5;4.75;5.5;11200
2000-06-23;5.46875;5.5;5.0625;5.5;6400
2000-06-26;5.46875;5.484375;5.1875;5.1875;4000
2000-06-27;5.5;5.5;5.0625;5.0625;4200
2000-06-28;5.4375;5.4375;5.125;5.375;8100
2000-06-29;5.125;5.375;5.0625;5.375;13300
2000-06-30;5.1875;5.9375;4.6875;5.4375;18700
2000-07-03;5.25;5.25;5.25;5.25;600
2000-07-05;5.25;5.25;5.25;5.25;4400
2000-07-06;5.25;5.25;5.125;5.125;1500
2000-07-07;5.125;5.125;5.125;5.125;300
2000-07-10;5.5;5.5;5.125;5.125;1400
2000-07-11;5.5;5.5625;5.25;5.5625;3900
2000-07-12;5.5625;5.5625;5.25;5.25;7000
2000-07-13;5.25;5.25;5.25;5.25;0
2000-07-14;5.125;5.375;5.125;5.125;6400
2000-07-17;4.875;4.96875;4.875;4.96875;300
2000-07-18;4.96875;4.96875;4.75;4.75;16800
2000-07-19;4.75;4.75;4.75;4.75;2000
2000-07-20;5.0625;5.0625;5.0625;5.0625;500
2000-07-21;4.625;5.0;4.625;5.0;6200
2000-07-24;4.8125;4.8125;4.8125;4.8125;500
2000-07-25;4.625;4.625;4.625;4.625;1000
2000-07-26;5.0;5.0;5.0;5.0;400
2000-07-27;4.625;4.625;4.5;4.5;2900
2000-07-28;4.25;4.375;4.0;4.25;3300
2000-07-31;4.875;5.0;4.75;4.75;21700
2000-08-01;5.28125;5.5;5.125;5.125;25900
2000-08-02;5.0;5.0;5.0;5.0;300
2000-08-03;5.0;5.125;5.0;5.0;3400
2000-08-04;5.0;5.0;5.0;5.0;0
2000-08-07;4.8125;4.8125;4.8125;4.8125;400
2000-08-08;4.8125;4.8125;4.75;4.75;11400
2000-08-09;4.5;5.125;4.125;5.125;13200
2000-08-10;5.1875;5.1875;4.375;5.0;17100
2000-08-11;5.1875;5.25;5.0;5.0;10600
2000-08-14;5.5;5.5;5.125;5.125;27000
2000-08-15;5.0;5.0;4.625;4.75;18700
2000-08-16;4.5625;5.96875;4.5625;5.1875;40300
2000-08-17;5.1875;5.25;4.5625;5.25;31900
2000-08-18;5.0;5.125;5.0;5.0625;3500
2000-08-21;5.0625;5.25;5.0625;5.25;900
2000-08-22;5.125;5.125;4.625;4.625;25400
2000-08-23;4.75;4.75;4.5;4.5;12000
2000-08-24;4.75;5.0;4.5625;4.625;38700
2000-08-25;4.625;4.75;4.53125;4.625;27200
2000-08-28;4.6875;4.9375;4.625;4.625;1900
2000-08-29;4.6875;4.6875;4.3125;4.5625;11200
2000-08-30;4.5625;4.9375;4.5625;4.75;14300
2000-08-31;4.875;5.9375;4.875;5.9375;43700
2000-09-01;5.875;5.875;5.0625;5.0625;9200
2000-09-05;5.046875;5.1875;5.0;5.125;26800
2000-09-06;5.0625;5.0625;5.0;5.0;9000
2000-09-07;5.125;5.3125;5.0;5.125;25300
2000-09-08;5.21875;5.3125;5.15625;5.25;97000
2000-09-11;5.5;6.625;5.375;5.875;68600
2000-09-12;6.21875;6.25;5.375;5.75;26700
2000-09-13;5.75;5.75;5.375;5.5;17700
2000-09-14;5.375;5.4375;5.375;5.375;62200
2000-09-15;5.375;5.375;5.3125;5.3125;63800
2000-09-18;5.40625;5.40625;5.3125;5.3125;8500
2000-09-19;5.4375;5.4375;5.4375;5.4375;4200
2000-09-20;5.4375;5.8125;5.375;5.5625;16700
2000-09-21;5.5625;5.6875;5.375;5.375;20200
2000-09-22;5.375;5.375;5.0625;5.0625;4000
2000-09-25;5.25;5.5625;5.125;5.5;24700
2000-09-26;5.5625;5.5625;5.25;5.375;2500
2000-09-27;5.4375;5.5;5.0625;5.4375;10700
2000-09-28;5.25;5.4375;5.125;5.125;6700
2000-09-29;5.125;5.5625;5.125;5.5625;14400
2000-10-02;5.53125;5.53125;5.0;5.125;10900
2000-10-03;5.375;5.375;5.375;5.375;2700
2000-10-04;5.1875;5.1875;5.0625;5.0625;700
2000-10-05;5.3125;5.5;5.3125;5.5;16600
2000-10-06;5.375;5.4375;5.375;5.4375;5900
2000-10-09;5.0;5.0;4.75;4.75;9400
2000-10-10;4.875;4.875;4.6875;4.6875;11400
2000-10-11;4.75;5.125;4.4375;4.6875;168900
2000-10-12;4.6875;4.6875;4.5;4.5;6100
2000-10-13;4.5;4.625;4.375;4.375;43100
2000-10-16;4.75;4.75;4.25;4.25;4100
2000-10-18;4.6875;4.75;4.625;4.75;50300
2000-10-19;4.625;4.75;4.5;4.75;13500
2000-10-20;4.9375;4.96875;4.9375;4.96875;3100
2000-10-23;4.75;5.0;4.75;4.75;5300
2000-10-24;4.875;5.0;4.75;4.875;33800
2000-10-25;4.75;4.875;4.75;4.875;5000
2000-10-27;4.75;4.75;4.75;4.75;1400
2000-10-30;4.5;4.625;4.5;4.625;9700
2000-10-31;4.5625;4.5625;4.4375;4.4375;14100
2000-11-01;4.453125;4.5;4.3125;4.5;20000
2000-11-02;4.5;4.5;4.25;4.5;2000
2000-11-03;4.5;4.5;4.5;4.5;3000
2000-11-06;4.59375;4.59375;4.25;4.25;9400
2000-11-08;4.5;4.5;4.1875;4.375;9200
2000-11-09;4.25;4.25;4.25;4.25;4500
2000-11-10;4.25;4.25;4.25;4.25;800
2000-11-13;3.875;4.0625;3.875;4.0625;5000
2000-11-14;3.9375;4.3125;3.9375;4.3125;6900
2000-11-15;4.3125;4.3125;4.125;4.125;2200
2000-11-16;4.125;4.3125;4.125;4.25;12100
2000-11-17;4.375;4.5;4.25;4.375;3600
2000-11-20;4.265625;4.265625;4.25;4.25;1200
2000-11-21;4.125;4.125;4.0;4.0;2000
2000-11-22;4.0;4.21875;4.0;4.0;7500
2000-11-24;4.0;4.0;4.0;4.0;5300
2000-11-27;3.875;3.9375;3.875;3.9375;5100
2000-11-28;3.9375;3.9375;3.8125;3.8125;7100
2000-11-29;3.8125;3.8125;3.5;3.75;10300
2000-11-30;3.6875;3.75;3.6875;3.6875;4100
2000-12-01;3.734375;3.734375;3.3125;3.484375;6100
2000-12-04;3.46875;3.46875;3.375;3.375;7300
2000-12-05;3.6875;3.75;3.375;3.6875;6600
2000-12-06;3.625;3.625;3.3125;3.375;18400
2000-12-07;3.375;3.5;3.375;3.375;3300
2000-12-08;3.375;3.4375;3.25;3.25;7600
2000-12-11;3.25;3.625;3.25;3.375;4300
2000-12-12;3.375;3.75;3.375;3.375;1200
2000-12-13;3.375;3.375;3.125;3.25;13300
2000-12-14;3.0;3.5625;2.5;3.5;50800
2000-12-15;3.25;3.5;3.25;3.25;12100
2000-12-18;3.4375;3.4375;3.25;3.25;1900
2000-12-19;3.34375;3.34375;2.75;3.0;13600
2000-12-20;2.875;3.0;2.75;3.0;197800
2000-12-21;3.0;3.0;2.5;2.75;29900
2000-12-22;2.75;3.125;2.75;2.75;18500
2000-12-26;2.8125;3.0625;2.6875;3.0625;15700
2000-12-27;2.8125;3.0;2.8125;3.0;14900
2000-12-28;3.0;3.3125;3.0;3.0625;66600
2000-12-29;3.15625;3.25;2.625;2.8125;108800
2001-01-02;3.0;3.25;3.0;3.25;5600
2001-01-03;3.5;4.0;3.5;3.6875;31300
2001-01-04;3.625;3.75;3.4375;3.4375;2800
2001-01-05;3.75;3.8125;3.75;3.8125;6700
2001-01-08;3.75;3.75;3.125;3.375;11900
2001-01-09;3.625;3.625;3.125;3.625;14300
2001-01-10;3.859375;3.859375;3.375;3.625;5200
2001-01-11;3.8125;3.875;3.625;3.875;10200
2001-01-12;3.75;4.0625;3.75;4.0625;24500
2001-01-16;4.0625;4.125;3.875;4.0;32300
2001-01-17;4.125;4.125;4.0;4.0;13300
2001-01-18;3.875;4.125;3.875;4.0;29500
2001-01-19;4.25;4.25;3.8125;3.8125;47200
2001-01-22;3.78125;4.0;3.78125;3.875;46800
2001-01-23;4.0;4.125;3.875;4.0;33200
2001-01-24;4.0;4.0;3.875;4.0;50200
2001-01-25;4.0;4.125;3.9375;4.125;11400
2001-01-26;4.0;4.0625;4.0;4.0625;6000
2001-01-29;4.0;4.0;4.0;4.0;7000
2001-01-30;4.4375;4.4375;4.3125;4.3125;7900
2001-01-31;4.375;4.375;3.5;3.75;45800
2001-02-01;4.0;4.0;4.0;4.0;2200
2001-02-02;4.0;4.125;3.75;4.125;7000
2001-02-06;3.875;3.875;3.875;3.875;1300
2001-02-07;4.0;4.5;4.0;4.5;5500
2001-02-08;4.25;4.25;4.25;4.25;500
2001-02-09;4.125;4.125;4.125;4.125;800
2001-02-12;4.125;4.125;4.125;4.125;200
2001-02-13;4.25;4.25;4.09375;4.09375;2200
2001-02-14;4.1875;4.1875;4.1875;4.1875;1000
2001-02-15;4.1875;4.25;4.1875;4.1875;5000
2001-02-16;4.1875;4.1875;4.1875;4.1875;1100
2001-02-20;4.1875;4.1875;3.9375;3.9375;3900
2001-02-21;4.0;4.0625;3.875;3.875;66000
2001-02-22;3.875;3.875;3.875;3.875;2100
2001-02-23;3.875;3.9375;3.75;3.9375;3000
2001-02-26;4.0;4.0;4.0;4.0;8700
2001-02-27;4.0;4.0;4.0;4.0;13100
2001-02-28;4.0;4.0;3.875;4.0;17100
2001-03-01;4.0;4.03125;4.0;4.0;6000
2001-03-02;4.0;4.0;3.75;3.75;16100
2001-03-05;4.0;4.0;3.875;3.875;7500
2001-03-06;3.6875;3.96875;3.6875;3.96875;7200
2001-03-07;4.0;4.0;4.0;4.0;9000
2001-03-08;3.71875;3.9375;3.71875;3.9375;2600
2001-03-09;3.8125;3.8125;3.75;3.75;22700
2001-03-12;3.5625;3.6875;3.5625;3.625;30400
2001-03-13;3.6875;3.75;3.625;3.75;49300
2001-03-14;3.75;3.9375;3.625;3.9375;29500
2001-03-15;3.625;3.75;3.625;3.75;6000
2001-03-16;3.75;3.75;3.75;3.75;3500
2001-03-19;3.5;3.65625;3.5;3.65625;20800
2001-03-20;3.5625;3.5625;3.5;3.5625;12300
2001-03-21;3.78125;3.8125;3.5;3.5;24400
2001-03-22;3.5;3.5;3.5;3.5;300
2001-03-23;3.5;3.625;3.5;3.5;92900
2001-03-26;3.5;3.625;3.4375;3.5;800
2001-03-27;3.5;3.625;3.375;3.4375;6300
2001-03-28;3.375;3.375;3.3125;3.34375;2500
2001-03-29;3.3125;3.5;3.3125;3.5;1100
2001-03-30;3.4375;3.625;3.4375;3.625;5000
2001-04-02;3.625;3.6875;3.375;3.625;7600
2001-04-03;3.375;3.625;3.375;3.375;5200
2001-04-04;3.5;3.5;3.3125;3.375;9300
2001-04-05;3.375;3.5625;3.375;3.5;6700
2001-04-06;3.546875;3.8125;3.546875;3.8125;800
2001-04-09;3.5;3.75;3.5;3.75;10900
2001-04-12;3.75;3.75;3.75;3.75;5000
2001-04-16;3.75;3.75;3.75;3.75;3200
2001-04-17;3.8499999046325684;3.8499999046325684;3.799999952316284;3.799999952316284;3500
2001-04-18;3.950000047683716;3.950000047683716;3.5399999618530273;3.9000000953674316;5400
2001-04-19;3.5399999618530273;3.6500000953674316;3.5399999618530273;3.6500000953674316;4300
2001-04-20;3.6500000953674316;3.75;3.5399999618530273;3.5399999618530273;10500
2001-04-23;3.799999952316284;3.799999952316284;3.5999999046325684;3.7899999618530273;5100
2001-04-24;3.7799999713897705;3.7799999713897705;3.7799999713897705;3.7799999713897705;600
2001-04-25;3.7799999713897705;3.7799999713897705;3.7799999713897705;3.7799999713897705;100
2001-04-26;3.7799999713897705;3.7799999713897705;3.5199999809265137;3.75;15300
2001-04-27;3.549999952316284;3.549999952316284;3.4000000953674316;3.4000000953674316;81900
2001-04-30;3.549999952316284;3.7300000190734863;3.549999952316284;3.700000047683716;7800
2001-05-01;3.5;3.5;3.4000000953674316;3.5;800
2001-05-02;3.319999933242798;3.319999933242798;3.319999933242798;3.319999933242798;600
2001-05-03;3.1500000953674316;3.490000009536743;3.069999933242798;3.1500000953674316;101400
2001-05-04;3.0199999809265137;3.9000000953674316;3.0199999809265137;3.5;536600
2001-05-07;3.75;3.75;3.369999885559082;3.369999885559082;2900
2001-05-08;3.5;3.5;3.5;3.5;1000
2001-05-09;3.5;3.5;3.5;3.5;0
2001-05-10;3.700000047683716;3.700000047683716;3.5;3.5;3900
2001-05-11;3.5;3.5;3.4200000762939453;3.4200000762939453;300
2001-05-14;3.4200000762939453;3.4200000762939453;3.0899999141693115;3.0899999141693115;3400
2001-05-15;3.0899999141693115;3.0899999141693115;3.0899999141693115;3.0899999141693115;0
2001-05-16;3.25;3.5;3.25;3.5;1600
2001-05-17;3.5;3.7200000286102295;3.5;3.6500000953674316;3500
2001-05-18;3.4000000953674316;3.4000000953674316;3.200000047683716;3.200000047683716;1200
2001-05-21;3.2100000381469727;3.549999952316284;3.1500000953674316;3.549999952316284;7400
2001-05-22;3.25;3.8499999046325684;3.200000047683716;3.8499999046325684;6100
2001-05-23;3.450000047683716;3.8499999046325684;3.450000047683716;3.8499999046325684;300
2001-05-24;3.9000000953674316;4.0;3.5;3.75;5200
2001-05-25;3.799999952316284;3.799999952316284;3.5999999046325684;3.799999952316284;11200
2001-05-29;3.799999952316284;3.799999952316284;3.799999952316284;3.799999952316284;5000
2001-05-30;3.8499999046325684;3.8499999046325684;3.8499999046325684;3.8499999046325684;1800
2001-05-31;3.8499999046325684;4.0;3.8499999046325684;3.9800000190734863;8800
2001-06-01;3.9800000190734863;4.050000190734863;3.9800000190734863;4.0;23600
2001-06-04;3.6600000858306885;3.990000009536743;3.6600000858306885;3.950000047683716;3800
2001-06-05;3.950000047683716;4.0;3.700000047683716;4.0;14800
2001-06-06;3.9600000381469727;4.0;3.9600000381469727;4.0;12100
2001-06-07;4.0;4.03000020980835;4.0;4.0;21500
2001-06-08;3.9000000953674316;3.9000000953674316;3.9000000953674316;3.9000000953674316;1000
2001-06-11;3.950000047683716;3.950000047683716;3.950000047683716;3.950000047683716;1500
2001-06-12;3.950000047683716;4.0;3.950000047683716;4.0;10000
2001-06-13;3.990000009536743;3.990000009536743;3.799999952316284;3.990000009536743;5400
2001-06-14;4.0;4.039999961853027;3.75;3.950000047683716;15600
2001-06-15;3.75;3.799999952316284;3.75;3.75;2600
2001-06-18;3.8399999141693115;3.8499999046325684;3.75;3.75;1100
2001-06-19;3.8499999046325684;4.0;3.8499999046325684;4.0;1100
2001-06-20;3.8499999046325684;3.8499999046325684;3.799999952316284;3.799999952316284;8300
2001-06-21;3.799999952316284;4.0;3.799999952316284;3.799999952316284;10900
2001-06-22;3.8399999141693115;3.9000000953674316;3.8399999141693115;3.9000000953674316;1100
2001-06-25;3.950000047683716;3.950000047683716;3.950000047683716;3.950000047683716;45000
2001-06-26;4.0;4.0;3.9000000953674316;3.9000000953674316;6400
2001-06-27;3.759999990463257;3.9000000953674316;3.759999990463257;3.9000000953674316;1100
2001-06-28;3.950000047683716;3.990000009536743;3.9000000953674316;3.990000009536743;9000
2001-06-29;3.9700000286102295;3.9700000286102295;3.9000000953674316;3.9000000953674316;13000
2001-07-02;3.9000000953674316;3.9000000953674316;3.9000000953674316;3.9000000953674316;3000
2001-07-03;3.9000000953674316;3.950000047683716;3.9000000953674316;3.9000000953674316;3600
2001-07-05;3.950000047683716;3.950000047683716;3.700000047683716;3.9000000953674316;3200
2001-07-06;3.700000047683716;3.9000000953674316;3.700000047683716;3.9000000953674316;200
2001-07-10;3.700000047683716;3.8499999046325684;3.700000047683716;3.700000047683716;4700
2001-07-11;3.700000047683716;3.819999933242798;3.5;3.819999933242798;2200
2001-07-12;3.8499999046325684;3.859999895095825;3.8499999046325684;3.8499999046325684;4300
2001-07-13;3.799999952316284;3.799999952316284;3.799999952316284;3.799999952316284;2000
2001-07-16;3.799999952316284;4.510000228881836;3.5999999046325684;4.480000019073486;150400
2001-07-17;4.420000076293945;4.679999828338623;4.25;4.480000019073486;27900
2001-07-18;4.480000019073486;4.699999809265137;4.400000095367432;4.5;25200
2001-07-19;4.5;5.150000095367432;4.5;5.050000190734863;85900
2001-07-20;4.989999771118164;5.21999979019165;4.900000095367432;5.199999809265137;15600
2001-07-23;5.159999847412109;5.269999980926514;5.050000190734863;5.239999771118164;121200
2001-07-24;5.239999771118164;5.25;5.090000152587891;5.090000152587891;12600
2001-07-25;5.230000019073486;5.25;5.070000171661377;5.239999771118164;35500
2001-07-26;5.230000019073486;5.239999771118164;5.179999828338623;5.239999771118164;4400
2001-07-27;5.0;5.150000095367432;5.0;5.150000095367432;2700
2001-07-30;5.25;5.25;5.050000190734863;5.099999904632568;9600
2001-07-31;5.050000190734863;5.119999885559082;4.949999809265137;5.119999885559082;30000
2001-08-01;5.0;5.150000095367432;5.0;5.150000095367432;10200
2001-08-02;5.150000095367432;5.150000095367432;5.150000095367432;5.150000095367432;0
2001-08-06;5.119999885559082;5.150000095367432;5.050000190734863;5.150000095367432;400
2001-08-07;5.099999904632568;5.099999904632568;4.269999980926514;4.71999979019165;23700
2001-08-08;4.550000190734863;4.800000190734863;4.5;4.789999961853027;6800
2001-08-09;4.650000095367432;4.800000190734863;4.599999904632568;4.800000190734863;5600
2001-08-10;4.599999904632568;5.0;4.5;4.5;5300
2001-08-13;4.5;4.599999904632568;4.150000095367432;4.599999904632568;3100
2001-08-14;4.550000190734863;4.599999904632568;4.300000190734863;4.599999904632568;1800
2001-08-15;4.590000152587891;4.599999904632568;4.400000095367432;4.599999904632568;1000
2001-08-16;4.449999809265137;5.210000038146973;4.449999809265137;5.199999809265137;1453100
2001-08-17;5.25;5.25;4.900000095367432;5.050000190734863;70200
2001-08-20;5.0;5.190000057220459;4.949999809265137;5.190000057220459;106700
2001-08-21;5.099999904632568;5.099999904632568;5.0;5.050000190734863;117300
2001-08-22;5.039999961853027;5.039999961853027;4.949999809265137;5.0;4800
2001-08-23;4.849999904632568;5.099999904632568;4.849999904632568;5.0;189300
2001-08-24;4.900000095367432;4.900000095367432;4.800000190734863;4.900000095367432;4200
2001-08-27;4.75;4.949999809265137;4.75;4.949999809265137;2200
2001-08-28;4.849999904632568;4.989999771118164;4.849999904632568;4.989999771118164;3200
2001-08-29;4.989999771118164;4.989999771118164;4.489999771118164;4.670000076293945;19700
2001-08-30;4.75;4.75;4.489999771118164;4.659999847412109;17800
2001-08-31;4.539999961853027;4.539999961853027;4.25;4.460000038146973;10100
2001-09-04;4.25;4.420000076293945;4.210000038146973;4.420000076293945;41300
2001-09-05;4.25;4.25;4.25;4.25;3000
2001-09-07;4.25;4.25;3.890000104904175;4.199999809265137;6300
2001-09-10;3.950000047683716;4.0;3.9000000953674316;4.0;27500
2001-09-17;3.9100000858306885;4.0;3.75;4.0;26300
2001-09-18;3.9000000953674316;4.0;3.4700000286102295;4.0;35000
2001-09-19;3.9000000953674316;3.9000000953674316;3.9000000953674316;3.9000000953674316;3200
2001-09-20;3.7300000190734863;3.9000000953674316;3.7300000190734863;3.9000000953674316;800
2001-09-21;3.8499999046325684;3.9000000953674316;3.680000066757202;3.9000000953674316;26600
2001-09-24;3.7200000286102295;3.75;3.6500000953674316;3.75;35000
2001-09-25;3.9000000953674316;3.9000000953674316;3.700000047683716;3.75;10300
2001-09-26;3.75;3.75;3.75;3.75;100
2001-09-27;3.5999999046325684;3.7100000381469727;3.5999999046325684;3.7100000381469727;1500
2001-09-28;3.799999952316284;3.950000047683716;3.799999952316284;3.950000047683716;24500
2001-10-01;3.950000047683716;4.090000152587891;3.5299999713897705;3.5299999713897705;23600
2001-10-02;3.6700000762939453;3.700000047683716;3.6700000762939453;3.700000047683716;2200
2001-10-03;3.700000047683716;3.700000047683716;3.6600000858306885;3.6600000858306885;22100
2001-10-04;3.6600000858306885;3.700000047683716;3.6600000858306885;3.690000057220459;2400
2001-10-05;3.7100000381469727;3.759999990463257;3.630000114440918;3.700000047683716;50900
2001-10-08;3.7100000381469727;3.7200000286102295;3.700000047683716;3.700000047683716;2400
2001-10-09;3.700000047683716;3.700000047683716;3.5999999046325684;3.5999999046325684;2900
2001-10-10;3.75;3.75;3.4000000953674316;3.5;4400
2001-10-11;3.549999952316284;3.549999952316284;3.450000047683716;3.4800000190734863;2500
2001-10-12;3.5;3.5999999046325684;3.5;3.5;5400
2001-10-15;3.609999895095825;3.6600000858306885;3.4600000381469727;3.509999990463257;4400
2001-10-16;3.549999952316284;3.799999952316284;3.3499999046325684;3.700000047683716;1452800
2001-10-17;3.75;3.799999952316284;3.75;3.75;6000
2001-10-18;3.75;3.75;3.2200000286102295;3.4000000953674316;21100
2001-10-19;3.450000047683716;3.450000047683716;3.3499999046325684;3.3499999046325684;25600
2001-10-22;3.450000047683716;3.5999999046325684;3.450000047683716;3.5999999046325684;5000
2001-10-23;3.450000047683716;3.5;3.3499999046325684;3.4000000953674316;62800
2001-10-24;3.5;3.75;3.4000000953674316;3.75;5800
2001-10-25;3.5999999046325684;3.5999999046325684;3.5999999046325684;3.5999999046325684;300
2001-10-26;3.5999999046325684;4.0;3.5999999046325684;3.9000000953674316;101600
2001-10-29;3.9000000953674316;4.059999942779541;3.880000114440918;3.9000000953674316;23600
2001-10-30;3.869999885559082;3.990000009536743;3.819999933242798;3.9000000953674316;34600
2001-10-31;3.859999895095825;3.859999895095825;3.859999895095825;3.859999895095825;400
2001-11-01;3.859999895095825;3.859999895095825;3.859999895095825;3.859999895095825;0
2001-11-02;3.9000000953674316;4.210000038146973;3.859999895095825;4.0;11600
2001-11-05;4.0;4.0;3.8399999141693115;3.8399999141693115;1500
2001-11-06;3.9000000953674316;3.950000047683716;3.819999933242798;3.8499999046325684;16600
2001-11-07;3.8399999141693115;3.9000000953674316;3.4000000953674316;3.549999952316284;18900
2001-11-08;3.8499999046325684;3.8499999046325684;3.6500000953674316;3.8499999046325684;6600
2001-11-09;3.8499999046325684;3.950000047683716;3.3499999046325684;3.3499999046325684;4600
2001-11-12;3.5299999713897705;3.5999999046325684;3.3499999046325684;3.5799999237060547;8100
2001-11-13;3.5799999237060547;3.5999999046325684;3.4000000953674316;3.5;32200
2001-11-14;3.5;3.5;3.450000047683716;3.450000047683716;3200
2001-11-15;3.450000047683716;3.5;3.25;3.25;48900
2001-11-16;3.299999952316284;3.450000047683716;3.299999952316284;3.3499999046325684;50300
2001-11-19;3.490000009536743;3.5999999046325684;3.450000047683716;3.5999999046325684;50400
2001-11-20;3.5999999046325684;3.5999999046325684;3.450000047683716;3.5;35600
2001-11-21;3.5;3.5;3.2699999809265137;3.5;7200
2001-11-23;3.5;3.5;3.450000047683716;3.450000047683716;6000
2001-11-26;3.5399999618530273;3.5399999618530273;3.450000047683716;3.450000047683716;10000
2001-11-27;3.5;3.5199999809265137;3.4000000953674316;3.5199999809265137;14800
2001-11-28;3.5;3.5;3.240000009536743;3.299999952316284;260900
2001-11-29;3.299999952316284;3.3499999046325684;3.2699999809265137;3.3499999046325684;34200
2001-11-30;3.450000047683716;3.4700000286102295;3.2300000190734863;3.2799999713897705;77600
2001-12-03;3.25;3.450000047683716;3.200000047683716;3.450000047683716;36100
2001-12-04;3.319999933242798;3.319999933242798;3.200000047683716;3.299999952316284;1500
2001-12-05;3.440000057220459;3.5;3.299999952316284;3.430000066757202;22900
2001-12-06;3.450000047683716;3.450000047683716;2.809999942779541;3.049999952316284;104500
2001-12-07;3.049999952316284;3.1500000953674316;3.049999952316284;3.1500000953674316;2800
2001-12-10;3.2799999713897705;3.2799999713897705;3.0999999046325684;3.180000066757202;29500
2001-12-11;3.2799999713897705;3.4000000953674316;3.25;3.3499999046325684;11700
2001-12-12;3.299999952316284;3.299999952316284;3.049999952316284;3.200000047683716;49300
2001-12-13;3.0999999046325684;3.0999999046325684;3.049999952316284;3.049999952316284;11900
2001-12-14;3.0999999046325684;3.2300000190734863;3.049999952316284;3.0999999046325684;49100
2001-12-17;3.049999952316284;3.359999895095825;3.049999952316284;3.3499999046325684;61900
2001-12-18;3.200000047683716;3.5399999618530273;3.069999933242798;3.5399999618530273;271300
2001-12-19;3.5899999141693115;3.5899999141693115;3.3499999046325684;3.490000009536743;72300
2001-12-20;3.4000000953674316;3.5;3.4000000953674316;3.5;1500
2001-12-21;3.4000000953674316;3.450000047683716;3.4000000953674316;3.450000047683716;6200
2001-12-24;3.5;3.5;3.450000047683716;3.5;15200
2001-12-26;3.509999990463257;3.549999952316284;3.4000000953674316;3.5;51700
2001-12-27;3.450000047683716;3.5999999046325684;3.450000047683716;3.5999999046325684;44200
2001-12-28;3.619999885559082;3.75;3.559999942779541;3.75;21900
2001-12-31;3.819999933242798;4.119999885559082;3.6500000953674316;3.75;28900
2002-01-02;3.950000047683716;4.110000133514404;3.7300000190734863;3.950000047683716;12300
2002-01-03;3.990000009536743;4.25;3.990000009536743;4.099999904632568;66300
2002-01-04;4.099999904632568;4.179999828338623;4.070000171661377;4.070000171661377;36000
2002-01-07;4.230000019073486;5.699999809265137;4.150000095367432;4.150000095367432;55600
2002-01-08;4.099999904632568;4.599999904632568;4.099999904632568;4.5;24400
2002-01-09;4.539999961853027;4.599999904632568;4.400000095367432;4.449999809265137;149700
2002-01-10;4.670000076293945;4.800000190734863;4.289999961853027;4.349999904632568;34900
2002-01-11;4.489999771118164;4.539999961853027;4.369999885559082;4.369999885559082;7600
2002-01-14;4.349999904632568;4.46999979019165;4.25;4.25;11800
2002-01-15;4.300000190734863;4.300000190734863;3.9000000953674316;4.0;14700
2002-01-16;4.099999904632568;4.099999904632568;3.390000104904175;3.9000000953674316;10600
2002-01-17;3.8499999046325684;3.8499999046325684;3.8499999046325684;3.8499999046325684;300
2002-01-18;3.950000047683716;4.0;3.950000047683716;4.0;2900
2002-01-22;3.799999952316284;3.8399999141693115;3.559999942779541;3.799999952316284;4200
2002-01-23;3.75;3.940000057220459;3.450000047683716;3.75;46400
2002-01-24;3.549999952316284;3.690000057220459;3.25;3.690000057220459;13300
2002-01-25;3.7100000381469727;3.7899999618530273;3.5999999046325684;3.75;11900
2002-01-28;3.5999999046325684;3.700000047683716;3.5;3.5999999046325684;6700
2002-01-29;3.5999999046325684;3.7300000190734863;3.549999952316284;3.700000047683716;16900
2002-01-30;3.5;3.5899999141693115;3.3499999046325684;3.5899999141693115;27100
2002-01-31;3.700000047683716;3.740000009536743;3.450000047683716;3.700000047683716;113300
2002-02-01;3.690000057220459;3.7899999618530273;3.549999952316284;3.7899999618530273;8200
2002-02-04;3.5899999141693115;3.9000000953674316;3.3499999046325684;3.890000104904175;16200
2002-02-05;3.700000047683716;3.75;3.630000114440918;3.75;5700
2002-02-06;3.75;3.9000000953674316;3.549999952316284;3.9000000953674316;2100
2002-02-07;3.5;3.6500000953674316;3.450000047683716;3.6500000953674316;121400
2002-02-08;3.5999999046325684;3.5999999046325684;3.5;3.5;8600
2002-02-11;3.5;4.239999771118164;3.450000047683716;3.950000047683716;16200
2002-02-12;3.799999952316284;3.799999952316284;3.690000057220459;3.690000057220459;3100
2002-02-13;3.799999952316284;3.799999952316284;3.609999895095825;3.609999895095825;900
2002-02-14;3.7899999618530273;3.799999952316284;3.5;3.5999999046325684;9700
2002-02-15;3.7899999618530273;3.990000009536743;3.7899999618530273;3.809999942779541;4900
2002-02-19;3.75;3.75;3.299999952316284;3.5999999046325684;30000
2002-02-20;3.5299999713897705;3.6500000953674316;3.5299999713897705;3.6500000953674316;43800
2002-02-21;3.6500000953674316;4.0;3.5999999046325684;3.799999952316284;72100
2002-02-22;3.75;3.799999952316284;3.5999999046325684;3.75;116000
2002-02-25;3.700000047683716;3.799999952316284;3.700000047683716;3.75;32900
2002-02-26;3.7799999713897705;3.799999952316284;3.75;3.799999952316284;52200
2002-02-27;3.700000047683716;3.799999952316284;3.700000047683716;3.799999952316284;13000
2002-02-28;3.7100000381469727;3.7100000381469727;3.6500000953674316;3.6500000953674316;40000
2002-03-01;3.7200000286102295;3.8499999046325684;3.7200000286102295;3.8499999046325684;200
2002-03-04;3.6500000953674316;3.700000047683716;3.5999999046325684;3.5999999046325684;3900
2002-03-05;3.5999999046325684;3.6500000953674316;3.5999999046325684;3.5999999046325684;15200
2002-03-06;3.5999999046325684;3.7899999618530273;3.5999999046325684;3.7899999618530273;11500
2002-03-07;3.6500000953674316;3.6500000953674316;3.6500000953674316;3.6500000953674316;1500
2002-03-08;3.509999990463257;3.509999990463257;3.509999990463257;3.509999990463257;22300
2002-03-11;3.5199999809265137;3.5199999809265137;3.5;3.5;5500
2002-03-12;3.5;3.7799999713897705;3.5;3.640000104904175;3500
2002-03-13;3.7899999618530273;3.8399999141693115;3.5999999046325684;3.6500000953674316;58900
2002-03-14;3.7100000381469727;3.819999933242798;3.7100000381469727;3.799999952316284;17800
2002-03-15;3.700000047683716;3.9200000762939453;3.700000047683716;3.8499999046325684;21900
2002-03-18;3.75;3.869999885559082;3.4800000190734863;3.869999885559082;6100
2002-03-19;3.75;3.869999885559082;3.75;3.8499999046325684;65900
2002-03-20;3.75;3.75;3.6500000953674316;3.6500000953674316;4500
2002-03-21;3.7699999809265137;3.7699999809265137;3.6500000953674316;3.700000047683716;1000
2002-03-22;3.6500000953674316;3.740000009536743;3.5;3.740000009536743;36200
2002-03-25;3.7300000190734863;3.7300000190734863;3.5999999046325684;3.640000104904175;3600
2002-03-26;3.6500000953674316;3.700000047683716;3.5999999046325684;3.700000047683716;11100
2002-03-27;3.700000047683716;3.75;3.700000047683716;3.75;45600
2002-03-28;3.75;3.799999952316284;3.5;3.700000047683716;50300
2002-04-01;3.7799999713897705;3.7799999713897705;3.6500000953674316;3.700000047683716;7400
2002-04-02;3.5999999046325684;3.700000047683716;3.5999999046325684;3.700000047683716;26400
2002-04-03;3.700000047683716;3.700000047683716;3.619999885559082;3.690000057220459;3500
2002-04-04;3.680000066757202;3.690000057220459;3.5999999046325684;3.619999885559082;1100
2002-04-05;3.619999885559082;3.700000047683716;3.5;3.700000047683716;13800
2002-04-08;3.509999990463257;3.8499999046325684;3.509999990463257;3.7699999809265137;21600
2002-04-09;3.8399999141693115;3.8399999141693115;3.5299999713897705;3.5999999046325684;23000
2002-04-10;3.5199999809265137;3.6500000953674316;3.5;3.5;40600
2002-04-11;3.75;3.75;3.6500000953674316;3.700000047683716;27600
2002-04-12;3.5999999046325684;3.690000057220459;3.5199999809265137;3.5999999046325684;8800
2002-04-15;3.5999999046325684;3.5999999046325684;3.5999999046325684;3.5999999046325684;100
2002-04-16;3.5999999046325684;3.7799999713897705;3.549999952316284;3.7100000381469727;117000
2002-04-17;3.799999952316284;3.799999952316284;3.6600000858306885;3.6600000858306885;83300
2002-04-18;3.740000009536743;4.059999942779541;3.559999942779541;3.559999942779541;26300
2002-04-19;3.559999942779541;3.740000009536743;3.559999942779541;3.700000047683716;15300
2002-04-22;3.7200000286102295;3.8499999046325684;3.700000047683716;3.799999952316284;17000
2002-04-23;3.75;3.75;3.700000047683716;3.700000047683716;41300
2002-04-24;3.5999999046325684;3.75;3.5999999046325684;3.75;8400
2002-04-25;3.6500000953674316;3.8399999141693115;3.6500000953674316;3.6500000953674316;4400
2002-04-26;3.6600000858306885;3.8299999237060547;3.6600000858306885;3.8299999237060547;4600
2002-04-29;3.819999933242798;3.8499999046325684;3.619999885559082;3.8499999046325684;8100
2002-04-30;3.799999952316284;3.799999952316284;3.549999952316284;3.799999952316284;66600
2002-05-01;3.799999952316284;3.9000000953674316;3.7899999618530273;3.890000104904175;42600
2002-05-02;3.890000104904175;4.0;3.799999952316284;3.859999895095825;34000
2002-05-03;3.9800000190734863;4.0;3.8399999141693115;3.8399999141693115;19100
2002-05-06;3.809999942779541;3.950000047683716;3.799999952316284;3.940000057220459;10500
2002-05-07;3.930000066757202;3.940000057220459;3.799999952316284;3.799999952316284;30000
2002-05-08;3.950000047683716;3.950000047683716;3.7100000381469727;3.9000000953674316;37200
2002-05-09;3.8499999046325684;3.940000057220459;3.8499999046325684;3.859999895095825;16100
2002-05-10;3.8399999141693115;3.890000104904175;3.7899999618530273;3.8499999046325684;17200
2002-05-13;3.7200000286102295;3.950000047683716;3.7200000286102295;3.759999990463257;27100
2002-05-14;3.930000066757202;4.0;3.7699999809265137;3.990000009536743;68600
2002-05-15;3.950000047683716;4.0;3.609999895095825;3.950000047683716;87800
2002-05-16;3.940000057220459;4.0;3.799999952316284;3.940000057220459;41400
2002-05-17;4.0;4.050000190734863;4.0;4.039999961853027;23500
2002-05-20;4.0;4.050000190734863;3.990000009536743;4.0;4000
2002-05-21;4.0;4.070000171661377;4.0;4.050000190734863;14700
2002-05-22;4.090000152587891;4.099999904632568;4.090000152587891;4.099999904632568;3300
2002-05-23;4.050000190734863;4.139999866485596;4.050000190734863;4.139999866485596;12900
2002-05-24;4.150000095367432;4.150000095367432;4.019999980926514;4.079999923706055;1900
2002-05-28;4.150000095367432;4.190000057220459;4.119999885559082;4.119999885559082;9800
2002-05-29;4.099999904632568;4.25;3.9600000381469727;4.25;5200
2002-05-30;4.239999771118164;4.389999866485596;4.099999904632568;4.130000114440918;16600
2002-05-31;4.130000114440918;4.289999961853027;4.099999904632568;4.210000038146973;12600
2002-06-03;4.360000133514404;4.380000114440918;3.9100000858306885;4.300000190734863;7600
2002-06-04;4.349999904632568;4.389999866485596;4.28000020980835;4.289999961853027;3300
2002-06-05;4.179999828338623;4.400000095367432;4.179999828338623;4.400000095367432;500
2002-06-06;4.28000020980835;4.289999961853027;4.119999885559082;4.119999885559082;16000
2002-06-07;4.130000114440918;4.230000019073486;3.809999942779541;4.0;57800
2002-06-10;4.0;4.099999904632568;3.950000047683716;4.010000228881836;107300
2002-06-11;3.880000114440918;4.010000228881836;3.6500000953674316;3.700000047683716;55100
2002-06-12;4.099999904632568;4.150000095367432;3.799999952316284;3.8399999141693115;14800
2002-06-13;4.230000019073486;4.239999771118164;3.8299999237060547;3.950000047683716;24500
2002-06-14;4.039999961853027;4.039999961853027;3.6600000858306885;4.0;9100
2002-06-17;3.8499999046325684;4.019999980926514;3.5;4.0;12100
2002-06-18;3.9700000286102295;3.9800000190734863;3.940000057220459;3.940000057220459;4000
2002-06-19;3.7100000381469727;3.799999952316284;3.7100000381469727;3.75;3000
2002-06-20;3.75;3.799999952316284;3.7200000286102295;3.7200000286102295;10000
2002-06-21;3.7300000190734863;3.7300000190734863;3.7300000190734863;3.7300000190734863;400
2002-06-24;3.7300000190734863;3.7300000190734863;3.6500000953674316;3.6500000953674316;700
2002-06-25;3.6600000858306885;3.8499999046325684;3.6500000953674316;3.75;6200
2002-06-26;3.7899999618530273;3.8499999046325684;3.7899999618530273;3.799999952316284;6500
2002-06-27;3.799999952316284;3.799999952316284;3.6700000762939453;3.700000047683716;2800
2002-06-28;3.700000047683716;3.7799999713897705;3.700000047683716;3.7799999713897705;6800
2002-07-01;3.7100000381469727;3.890000104904175;3.7100000381469727;3.890000104904175;700
2002-07-02;3.890000104904175;3.9000000953674316;3.75;3.8499999046325684;2100
2002-07-03;3.75;3.9000000953674316;3.7200000286102295;3.9000000953674316;3900
2002-07-05;3.9000000953674316;3.9000000953674316;3.9000000953674316;3.9000000953674316;0
2002-07-08;3.740000009536743;3.740000009536743;3.7300000190734863;3.7300000190734863;500
2002-07-09;3.759999990463257;3.759999990463257;3.6500000953674316;3.6500000953674316;5800
2002-07-10;3.6500000953674316;3.6500000953674316;3.180000066757202;3.4800000190734863;47600
2002-07-11;3.4800000190734863;3.5;3.0999999046325684;3.309999942779541;24100
2002-07-12;3.299999952316284;3.490000009536743;3.0;3.490000009536743;9300
2002-07-15;3.450000047683716;3.450000047683716;3.450000047683716;3.450000047683716;700
2002-07-16;3.450000047683716;3.569999933242798;3.450000047683716;3.569999933242798;13000
2002-07-17;3.5;3.5999999046325684;3.5;3.5;125800
2002-07-18;3.5999999046325684;3.5999999046325684;3.4000000953674316;3.4000000953674316;15900
2002-07-19;3.490000009536743;3.490000009536743;3.359999895095825;3.359999895095825;21000
2002-07-22;3.3499999046325684;3.4000000953674316;3.3499999046325684;3.3499999046325684;5200
2002-07-23;3.359999895095825;3.440000057220459;3.3499999046325684;3.3499999046325684;2000
2002-07-24;3.3499999046325684;3.3499999046325684;3.25;3.25;13700
2002-07-25;3.490000009536743;3.5;3.490000009536743;3.5;2000
2002-07-26;3.390000104904175;3.5;3.259999990463257;3.5;7200
2002-07-29;3.5999999046325684;3.640000104904175;3.4000000953674316;3.549999952316284;400
2002-07-30;3.490000009536743;3.490000009536743;3.490000009536743;3.490000009536743;200
2002-07-31;3.380000114440918;3.380000114440918;3.240000009536743;3.2799999713897705;19100
2002-08-01;3.4000000953674316;3.4000000953674316;3.3499999046325684;3.3499999046325684;3800
2002-08-02;3.3499999046325684;3.3499999046325684;3.3499999046325684;3.3499999046325684;800
2002-08-05;3.3499999046325684;3.3499999046325684;3.3499999046325684;3.3499999046325684;0
2002-08-06;3.3499999046325684;3.440000057220459;3.3499999046325684;3.440000057220459;4600
2002-08-07;3.299999952316284;3.450000047683716;3.299999952316284;3.450000047683716;200100
2002-08-08;3.369999885559082;3.369999885559082;3.3499999046325684;3.3499999046325684;2200
2002-08-09;3.390000104904175;3.4000000953674316;3.0999999046325684;3.109999895095825;25100
2002-08-12;3.190000057220459;3.190000057220459;2.6500000953674316;2.950000047683716;52300
2002-08-13;2.9100000858306885;2.9100000858306885;2.75;2.75;12800
2002-08-14;2.7699999809265137;2.7699999809265137;2.6700000762939453;2.680000066757202;47300
2002-08-15;2.700000047683716;2.700000047683716;2.5999999046325684;2.640000104904175;12600
2002-08-16;2.680000066757202;2.7899999618530273;2.6500000953674316;2.690000057220459;16100
2002-08-19;2.7300000190734863;2.7799999713897705;2.7200000286102295;2.7699999809265137;12300
2002-08-20;2.75;2.7799999713897705;2.1500000953674316;2.4000000953674316;204900
2002-08-21;2.299999952316284;2.299999952316284;2.009999990463257;2.200000047683716;152500
2002-08-22;2.200000047683716;2.200000047683716;2.0299999713897705;2.1500000953674316;104300
2002-08-23;2.180000066757202;2.200000047683716;2.069999933242798;2.1500000953674316;58800
2002-08-26;2.0999999046325684;2.1500000953674316;2.059999942779541;2.1500000953674316;51300
2002-08-27;2.119999885559082;2.1500000953674316;2.0999999046325684;2.1500000953674316;22100
2002-08-28;2.049999952316284;2.0999999046325684;2.0299999713897705;2.0299999713897705;12900
2002-08-29;2.0199999809265137;2.049999952316284;2.0199999809265137;2.0399999618530273;101900
2002-08-30;2.0;2.2300000190734863;2.0;2.1600000858306885;2500
2002-09-03;2.059999942779541;2.0799999237060547;2.0399999618530273;2.049999952316284;193000
2002-09-04;2.0399999618530273;2.049999952316284;1.9800000190734863;1.9900000095367432;260600
2002-09-05;1.9800000190734863;2.0;1.9500000476837158;1.9700000286102295;307900
2002-09-06;1.9800000190734863;1.9800000190734863;1.590000033378601;1.840000033378601;515300
2002-09-09;1.840000033378601;1.9900000095367432;1.8300000429153442;1.909999966621399;157000
2002-09-10;1.9700000286102295;2.390000104904175;1.7699999809265137;1.7699999809265137;285700
2002-09-11;1.840000033378601;2.25;1.7200000286102295;1.75;206800
2002-09-12;1.75;1.75;1.7000000476837158;1.7000000476837158;7300
2002-09-13;1.7100000381469727;1.9199999570846558;1.5099999904632568;1.7699999809265137;117300
2002-09-16;1.9299999475479126;2.0299999713897705;1.8799999952316284;1.940000057220459;31100
2002-09-17;1.9199999570846558;1.9299999475479126;1.840000033378601;1.899999976158142;77000
2002-09-18;1.899999976158142;1.899999976158142;1.8200000524520874;1.850000023841858;65300
2002-09-19;1.8200000524520874;1.8200000524520874;1.7799999713897705;1.7799999713897705;71500
2002-09-20;1.7999999523162842;1.850000023841858;1.600000023841858;1.649999976158142;39700
2002-09-23;1.7999999523162842;1.7999999523162842;1.659999966621399;1.659999966621399;18500
2002-09-24;1.690000057220459;1.850000023841858;1.5499999523162842;1.75;95300
2002-09-25;1.75;1.75;1.600000023841858;1.690000057220459;5600
2002-09-26;1.7000000476837158;1.8899999856948853;1.600000023841858;1.8899999856948853;822600
2002-09-27;1.8899999856948853;2.180000066757202;1.8899999856948853;2.180000066757202;37100
2002-09-30;2.1500000953674316;2.1700000762939453;2.0;2.1700000762939453;32000
2002-10-01;2.1600000858306885;2.2200000286102295;2.009999990463257;2.180000066757202;46200
2002-10-02;2.0999999046325684;2.380000114440918;2.0999999046325684;2.380000114440918;18100
2002-10-03;2.369999885559082;2.369999885559082;2.3399999141693115;2.3499999046325684;2700
2002-10-04;2.309999942779541;2.4000000953674316;2.259999990463257;2.4000000953674316;13100
2002-10-07;2.4000000953674316;2.4000000953674316;2.1500000953674316;2.1500000953674316;1000
2002-10-08;2.4200000762939453;2.4200000762939453;2.0999999046325684;2.3399999141693115;6100
2002-10-09;2.3399999141693115;2.3399999141693115;2.1700000762939453;2.3299999237060547;2200
2002-10-10;2.2100000381469727;2.25;2.190000057220459;2.25;25600
2002-10-11;2.25;2.25;2.1600000858306885;2.25;25400
2002-10-14;2.25;2.2799999713897705;2.25;2.2799999713897705;20800
2002-10-15;2.25;2.25;2.140000104904175;2.2100000381469727;130600
2002-10-16;2.240000009536743;2.25;2.240000009536743;2.25;1200
2002-10-17;2.240000009536743;2.25;2.140000104904175;2.2100000381469727;13100
2002-10-18;2.259999990463257;2.259999990463257;2.259999990463257;2.259999990463257;100
2002-10-21;2.2899999618530273;2.299999952316284;2.25;2.25;14900
2002-10-22;2.25;2.25;2.200000047683716;2.2100000381469727;500
2002-10-23;2.240000009536743;2.25;2.240000009536743;2.25;12900
2002-10-24;2.180000066757202;2.25;2.0;2.25;12800
2002-10-25;2.369999885559082;2.369999885559082;2.190000057220459;2.25;111900
2002-10-28;2.25;2.450000047683716;2.25;2.380000114440918;27200
2002-10-29;2.4000000953674316;2.4000000953674316;2.3299999237060547;2.3399999141693115;17600
2002-10-30;2.299999952316284;2.3399999141693115;2.2300000190734863;2.3399999141693115;1500
2002-10-31;2.259999990463257;2.259999990463257;2.0999999046325684;2.1600000858306885;7800
2002-11-01;2.180000066757202;2.200000047683716;2.119999885559082;2.200000047683716;10100
2002-11-04;2.190000057220459;2.200000047683716;2.009999990463257;2.200000047683716;11500
2002-11-05;2.190000057220459;2.200000047683716;2.0799999237060547;2.190000057220459;4600
2002-11-06;2.190000057220459;2.190000057220459;2.0999999046325684;2.0999999046325684;14900
2002-11-07;2.119999885559082;2.119999885559082;2.009999990463257;2.009999990463257;7800
2002-11-08;2.009999990463257;2.069999933242798;2.0;2.069999933242798;3400
2002-11-11;2.009999990463257;2.0999999046325684;2.0;2.0999999046325684;4800
2002-11-12;2.0899999141693115;2.0999999046325684;2.069999933242798;2.069999933242798;40100
2002-11-13;2.069999933242798;2.069999933242798;2.069999933242798;2.069999933242798;500
2002-11-14;1.9900000095367432;2.0999999046325684;1.899999976158142;2.0999999046325684;2000
2002-11-15;2.0;2.0399999618530273;1.899999976158142;1.9900000095367432;4200
2002-11-18;2.0;2.0;1.899999976158142;2.0;2000
2002-11-19;2.0;2.0;1.899999976158142;1.9600000381469727;8400
2002-11-20;1.899999976158142;1.9600000381469727;1.8600000143051147;1.8600000143051147;7400
2002-11-21;1.899999976158142;1.9199999570846558;1.7999999523162842;1.899999976158142;74600
2002-11-22;1.8300000429153442;1.9800000190734863;1.8300000429153442;1.9500000476837158;33500
2002-11-25;1.840000033378601;1.840000033378601;1.7999999523162842;1.8200000524520874;3000
2002-11-26;1.7899999618530273;1.7999999523162842;1.649999976158142;1.690000057220459;14100
2002-11-27;1.690000057220459;1.7999999523162842;1.649999976158142;1.7999999523162842;21700
2002-11-29;1.7999999523162842;1.7999999523162842;1.75;1.7999999523162842;3400
2002-12-02;1.7599999904632568;1.8200000524520874;1.75;1.8200000524520874;3200
2002-12-03;1.809999942779541;1.850000023841858;1.7699999809265137;1.850000023841858;54100
2002-12-04;1.840000033378601;1.899999976158142;1.8200000524520874;1.850000023841858;49300
2002-12-05;1.8200000524520874;1.8899999856948853;1.6100000143051147;1.8899999856948853;17000
2002-12-06;1.7400000095367432;1.8799999952316284;1.6699999570846558;1.8200000524520874;4400
2002-12-09;1.850000023841858;1.850000023841858;1.8200000524520874;1.840000033378601;17400
2002-12-10;1.7999999523162842;1.7999999523162842;1.7599999904632568;1.7599999904632568;800
2002-12-11;1.690000057220459;1.809999942779541;1.649999976158142;1.809999942779541;4800
2002-12-12;1.809999942779541;1.809999942779541;1.809999942779541;1.809999942779541;100
2002-12-13;1.840000033378601;1.840000033378601;1.7899999618530273;1.7999999523162842;8400
2002-12-16;1.7599999904632568;1.7799999713897705;1.75;1.75;2900
2002-12-17;1.649999976158142;1.850000023841858;1.5399999618530273;1.7300000190734863;69500
2002-12-18;1.7400000095367432;1.7799999713897705;1.7000000476837158;1.7400000095367432;35200
2002-12-19;1.7999999523162842;1.850000023841858;1.7300000190734863;1.8300000429153442;26000
2002-12-20;1.809999942779541;1.8700000047683716;1.690000057220459;1.8700000047683716;36600
2002-12-23;1.8799999952316284;1.9500000476837158;1.8700000047683716;1.8799999952316284;394800
2002-12-24;1.8700000047683716;1.899999976158142;1.850000023841858;1.899999976158142;36000
2002-12-26;1.940000057220459;2.130000114440918;1.940000057220459;2.0;14600
2002-12-27;1.9600000381469727;1.9900000095367432;1.5700000524520874;1.899999976158142;63300
2002-12-30;1.9500000476837158;2.130000114440918;1.7999999523162842;1.9900000095367432;35900
2002-12-31;1.8600000143051147;2.0999999046325684;1.8600000143051147;2.0;5500
2003-01-02;2.109999895095825;2.109999895095825;1.8799999952316284;2.049999952316284;3200
2003-01-03;1.9900000095367432;2.109999895095825;1.9900000095367432;2.109999895095825;2200
2003-01-06;2.130000114440918;2.200000047683716;2.0399999618530273;2.0999999046325684;31300
2003-01-07;2.109999895095825;2.2300000190734863;2.109999895095825;2.2300000190734863;10000
2003-01-08;2.200000047683716;2.4000000953674316;2.200000047683716;2.4000000953674316;20900
2003-01-09;2.4000000953674316;2.509999990463257;2.359999895095825;2.509999990463257;22700
2003-01-10;2.490000009536743;2.740000009536743;2.490000009536743;2.740000009536743;11500
2003-01-13;2.680000066757202;2.7200000286102295;2.3299999237060547;2.6500000953674316;56700
2003-01-14;2.5999999046325684;2.7699999809265137;2.569999933242798;2.75;36400
2003-01-15;2.7100000381469727;2.799999952316284;2.569999933242798;2.799999952316284;21400
2003-01-16;2.5999999046325684;2.799999952316284;2.509999990463257;2.75;9500
2003-01-17;2.6600000858306885;2.799999952316284;2.6600000858306885;2.799999952316284;18400
2003-01-21;2.799999952316284;2.8299999237060547;2.559999942779541;2.8299999237060547;22100
2003-01-22;2.690000057220459;2.8499999046325684;2.690000057220459;2.8399999141693115;8700
2003-01-23;2.4800000190734863;2.990000009536743;2.4800000190734863;2.9000000953674316;58400
2003-01-24;2.759999990463257;2.8499999046325684;2.75;2.75;10100
2003-01-27;2.75;2.75;2.549999952316284;2.6500000953674316;7400
2003-01-28;2.6500000953674316;2.869999885559082;2.6500000953674316;2.8499999046325684;5700
2003-01-29;2.8499999046325684;2.9000000953674316;2.819999933242798;2.8499999046325684;43900
2003-01-30;2.950000047683716;2.950000047683716;2.8499999046325684;2.9000000953674316;34100
2003-01-31;2.809999942779541;3.009999990463257;2.799999952316284;2.9000000953674316;68500
2003-02-03;2.809999942779541;3.0;2.559999942779541;3.0;30300
2003-02-04;2.890000104904175;3.0;2.7699999809265137;2.940000057220459;24000
2003-02-05;2.9700000286102295;3.0;2.9000000953674316;2.9000000953674316;22300
2003-02-06;2.9000000953674316;2.950000047683716;2.8499999046325684;2.9000000953674316;14600
2003-02-07;2.940000057220459;2.940000057220459;2.940000057220459;2.940000057220459;500
2003-02-10;2.859999895095825;2.950000047683716;2.8499999046325684;2.890000104904175;7200
2003-02-11;2.9000000953674316;2.950000047683716;2.7899999618530273;2.9000000953674316;15600
2003-02-12;2.9100000858306885;2.940000057220459;2.8499999046325684;2.930000066757202;11300
2003-02-13;2.8499999046325684;2.950000047683716;2.8499999046325684;2.950000047683716;7700
2003-02-14;2.9100000858306885;2.930000066757202;2.8499999046325684;2.9000000953674316;35500
2003-02-18;2.9100000858306885;2.930000066757202;2.8499999046325684;2.880000114440918;22700
2003-02-19;2.950000047683716;2.950000047683716;2.75;2.8399999141693115;6600
2003-02-20;2.8299999237060547;2.8299999237060547;2.75;2.819999933242798;3700
2003-02-21;2.740000009536743;2.8499999046325684;2.740000009536743;2.8499999046325684;3000
2003-02-24;2.5999999046325684;2.6600000858306885;2.25;2.5799999237060547;36100
2003-02-25;2.549999952316284;2.700000047683716;2.490000009536743;2.700000047683716;14600
2003-02-26;2.809999942779541;2.9000000953674316;2.700000047683716;2.7300000190734863;2200
2003-02-27;2.7200000286102295;2.7300000190734863;2.7200000286102295;2.7300000190734863;7600
2003-02-28;2.7300000190734863;2.7300000190734863;2.700000047683716;2.700000047683716;1900
2003-03-03;2.7100000381469727;2.7100000381469727;2.549999952316284;2.690000057220459;22500
2003-03-04;2.7300000190734863;2.7300000190734863;2.619999885559082;2.619999885559082;6900
2003-03-05;2.700000047683716;2.7899999618530273;2.700000047683716;2.7899999618530273;8200
2003-03-06;2.809999942779541;2.809999942779541;2.75;2.809999942779541;7800
2003-03-07;2.819999933242798;2.9200000762939453;2.75;2.809999942779541;9000
2003-03-10;2.799999952316284;2.859999895095825;2.700000047683716;2.700000047683716;23900
2003-03-11;2.7899999618530273;2.799999952316284;2.4200000762939453;2.75;131800
2003-03-12;2.619999885559082;2.7300000190734863;2.5999999046325684;2.609999895095825;5400
2003-03-13;2.640000104904175;2.640000104904175;2.5199999809265137;2.5999999046325684;111300
2003-03-14;2.690000057220459;2.700000047683716;2.559999942779541;2.5999999046325684;11300
2003-03-17;2.5799999237060547;2.609999895095825;2.5799999237060547;2.609999895095825;1300
2003-03-18;2.5299999713897705;2.609999895095825;2.490000009536743;2.5999999046325684;10600
2003-03-19;2.509999990463257;2.5999999046325684;2.509999990463257;2.549999952316284;32900
2003-03-20;2.549999952316284;2.549999952316284;2.5;2.549999952316284;9400
2003-03-21;2.549999952316284;2.5799999237060547;2.509999990463257;2.5299999713897705;103700
2003-03-24;2.440000057220459;2.5;2.2699999809265137;2.5;9500
2003-03-25;2.490000009536743;2.549999952316284;2.490000009536743;2.5;94100
2003-03-26;2.549999952316284;2.549999952316284;2.4600000381469727;2.549999952316284;27000
2003-03-27;2.549999952316284;2.549999952316284;2.4200000762939453;2.549999952316284;12000
2003-03-28;2.549999952316284;2.549999952316284;2.5399999618530273;2.549999952316284;34200
2003-03-31;2.549999952316284;2.7799999713897705;2.549999952316284;2.75;41200
2003-04-01;2.869999885559082;2.869999885559082;2.740000009536743;2.799999952316284;36000
2003-04-02;2.8499999046325684;2.950000047683716;2.7100000381469727;2.950000047683716;15700
2003-04-03;2.950000047683716;3.0;2.8499999046325684;2.930000066757202;20000
2003-04-04;2.9000000953674316;2.9000000953674316;2.7100000381469727;2.8499999046325684;8000
2003-04-07;2.8499999046325684;2.9700000286102295;2.759999990463257;2.9200000762939453;22800
2003-04-08;2.9800000190734863;2.9800000190734863;2.9200000762939453;2.9800000190734863;14400
2003-04-09;2.880000114440918;2.990000009536743;2.7300000190734863;2.9000000953674316;18500
2003-04-10;2.890000104904175;2.990000009536743;2.75;2.799999952316284;20700
2003-04-11;2.819999933242798;2.9000000953674316;2.7200000286102295;2.890000104904175;28000
2003-04-14;2.890000104904175;2.950000047683716;2.7699999809265137;2.950000047683716;29300
2003-04-15;2.9700000286102295;2.9700000286102295;2.809999942779541;2.890000104904175;23000
2003-04-16;2.990000009536743;2.990000009536743;2.799999952316284;2.890000104904175;14400
2003-04-17;2.890000104904175;2.9100000858306885;2.7799999713897705;2.880000114440918;16600
2003-04-21;2.9000000953674316;2.9800000190734863;2.8399999141693115;2.940000057220459;39300
2003-04-22;2.9800000190734863;3.0;2.940000057220459;2.950000047683716;33000
2003-04-23;2.990000009536743;2.990000009536743;2.8499999046325684;2.880000114440918;24400
2003-04-24;2.9000000953674316;2.9000000953674316;2.8499999046325684;2.9000000953674316;7800
2003-04-25;2.930000066757202;2.950000047683716;2.8499999046325684;2.940000057220459;8500
2003-04-28;2.8399999141693115;2.8499999046325684;2.359999895095825;2.680000066757202;41000
2003-04-29;2.8299999237060547;2.8299999237060547;2.6700000762939453;2.809999942779541;5900
2003-04-30;2.8499999046325684;2.950000047683716;2.75;2.950000047683716;8000
2003-05-01;2.950000047683716;2.950000047683716;2.609999895095825;2.859999895095825;12200
2003-05-02;2.8399999141693115;2.950000047683716;2.799999952316284;2.950000047683716;16100
2003-05-05;2.9000000953674316;2.9800000190734863;2.9000000953674316;2.9700000286102295;18700
2003-05-06;2.9800000190734863;2.9800000190734863;2.9100000858306885;2.950000047683716;31600
2003-05-07;2.9800000190734863;2.9800000190734863;2.930000066757202;2.9800000190734863;15300
2003-05-08;2.9800000190734863;2.990000009536743;2.950000047683716;2.950000047683716;6900
2003-05-09;2.950000047683716;3.0;2.950000047683716;3.0;11600
2003-05-12;3.0;3.0;2.950000047683716;3.0;6700
2003-05-13;3.0;3.0;2.6600000858306885;2.8499999046325684;10400
2003-05-14;2.759999990463257;2.890000104904175;2.7200000286102295;2.890000104904175;5200
2003-05-15;2.9800000190734863;2.9800000190734863;2.9000000953674316;2.940000057220459;13200
2003-05-16;2.940000057220459;2.940000057220459;2.9000000953674316;2.930000066757202;3600
2003-05-19;2.940000057220459;2.940000057220459;2.859999895095825;2.940000057220459;5500
2003-05-20;2.990000009536743;3.0;2.7200000286102295;3.0;37000
2003-05-21;2.9000000953674316;3.0;2.8399999141693115;3.0;9500
2003-05-22;2.990000009536743;3.130000114440918;2.990000009536743;3.0;40700
2003-05-23;3.049999952316284;3.049999952316284;2.950000047683716;2.990000009536743;7700
2003-05-27;2.9100000858306885;3.990000009536743;2.9100000858306885;3.490000009536743;38600
2003-05-28;3.5;3.5;3.299999952316284;3.359999895095825;138600
2003-05-29;3.440000057220459;3.5;3.369999885559082;3.4100000858306885;16700
2003-05-30;3.4100000858306885;3.4100000858306885;3.299999952316284;3.319999933242798;7400
2003-06-02;3.4000000953674316;3.4000000953674316;3.369999885559082;3.390000104904175;6100
2003-06-03;3.4000000953674316;3.5;3.390000104904175;3.490000009536743;382400
2003-06-04;3.5;3.5299999713897705;3.4700000286102295;3.4800000190734863;30000
2003-06-05;3.619999885559082;3.7699999809265137;3.450000047683716;3.6500000953674316;31600
2003-06-06;3.740000009536743;3.809999942779541;3.5;3.5;16800
2003-06-09;4.679999828338623;4.869999885559082;3.630000114440918;3.700000047683716;172400
2003-06-10;3.6500000953674316;3.7699999809265137;3.180000066757202;3.299999952316284;72400
2003-06-11;3.4200000762939453;3.4800000190734863;3.25;3.4700000286102295;14900
2003-06-12;3.5399999618530273;3.6500000953674316;3.390000104904175;3.549999952316284;18000
2003-06-13;3.7899999618530273;3.7899999618530273;3.309999942779541;3.509999990463257;10500
2003-06-16;3.180000066757202;3.4000000953674316;3.1700000762939453;3.3399999141693115;34000
2003-06-17;3.299999952316284;3.3499999046325684;3.259999990463257;3.3499999046325684;18900
2003-06-18;3.4000000953674316;3.799999952316284;3.359999895095825;3.75;50900
2003-06-19;3.799999952316284;3.799999952316284;3.75;3.75;23300
2003-06-20;3.700000047683716;3.8499999046325684;3.700000047683716;3.7200000286102295;28300
2003-06-23;3.759999990463257;3.759999990463257;3.700000047683716;3.740000009536743;44900
2003-06-24;3.7200000286102295;3.799999952316284;3.619999885559082;3.700000047683716;6600
2003-06-25;3.799999952316284;3.799999952316284;3.700000047683716;3.7100000381469727;3200
2003-06-26;3.6600000858306885;3.799999952316284;3.6600000858306885;3.799999952316284;17800
2003-06-27;3.880000114440918;3.880000114440918;3.609999895095825;3.799999952316284;49000
2003-06-30;3.7899999618530273;3.799999952316284;3.5999999046325684;3.6500000953674316;19900
2003-07-01;3.5;3.799999952316284;3.140000104904175;3.75;125200
2003-07-02;3.7300000190734863;3.9800000190734863;3.7300000190734863;3.819999933242798;45000
2003-07-03;3.859999895095825;3.9000000953674316;3.859999895095825;3.9000000953674316;2700
2003-07-07;3.9000000953674316;3.990000009536743;3.799999952316284;3.8499999046325684;47100
2003-07-08;3.9000000953674316;3.9000000953674316;3.8499999046325684;3.880000114440918;12500
2003-07-09;3.8499999046325684;3.990000009536743;3.8499999046325684;3.9000000953674316;30500
2003-07-10;3.890000104904175;3.9000000953674316;3.869999885559082;3.869999885559082;6700
2003-07-11;3.869999885559082;3.869999885559082;3.869999885559082;3.869999885559082;1300
2003-07-14;3.869999885559082;3.890000104904175;3.6500000953674316;3.7300000190734863;21500
2003-07-15;3.700000047683716;3.700000047683716;3.5999999046325684;3.6600000858306885;15700
2003-07-16;3.6600000858306885;3.6600000858306885;3.5999999046325684;3.6600000858306885;10400
2003-07-17;3.559999942779541;3.559999942779541;3.4000000953674316;3.440000057220459;21400
2003-07-18;3.430000066757202;3.450000047683716;3.3499999046325684;3.390000104904175;4000
2003-07-21;3.4000000953674316;3.5;3.4000000953674316;3.5;7100
2003-07-22;3.390000104904175;3.5;3.390000104904175;3.5;2500
2003-07-23;3.299999952316284;3.440000057220459;3.2699999809265137;3.440000057220459;2000
2003-07-24;3.2699999809265137;3.2699999809265137;3.259999990463257;3.259999990463257;1500
2003-07-25;3.309999942779541;3.309999942779541;3.25;3.25;6300
2003-07-28;3.140000104904175;3.390000104904175;3.140000104904175;3.2899999618530273;12300
2003-07-29;3.240000009536743;3.299999952316284;3.009999990463257;3.299999952316284;19600
2003-07-30;3.319999933242798;3.4200000762939453;3.0199999809265137;3.369999885559082;8200
2003-07-31;3.109999895095825;3.390000104904175;3.059999942779541;3.3499999046325684;9700
2003-08-01;3.3499999046325684;3.3499999046325684;3.3499999046325684;3.3499999046325684;2700
2003-08-04;3.3499999046325684;3.3499999046325684;3.200000047683716;3.2100000381469727;2500
2003-08-05;3.2100000381469727;3.4000000953674316;3.2100000381469727;3.3499999046325684;11300
2003-08-06;3.3499999046325684;3.4100000858306885;3.3499999046325684;3.4000000953674316;8600
2003-08-07;3.180000066757202;3.5;3.180000066757202;3.3499999046325684;32100
2003-08-08;3.119999885559082;3.299999952316284;3.119999885559082;3.25;5500
2003-08-11;3.319999933242798;3.5999999046325684;3.319999933242798;3.4000000953674316;4000
2003-08-12;3.3499999046325684;3.4100000858306885;3.259999990463257;3.319999933242798;11700
2003-08-13;3.299999952316284;3.4700000286102295;3.299999952316284;3.319999933242798;63200
2003-08-14;3.5899999141693115;3.609999895095825;3.2699999809265137;3.450000047683716;13000
2003-08-15;3.450000047683716;3.5;3.4000000953674316;3.4000000953674316;6600
2003-08-18;3.609999895095825;3.609999895095825;3.299999952316284;3.4700000286102295;34500
2003-08-19;3.549999952316284;3.700000047683716;3.4600000381469727;3.549999952316284;32000
2003-08-20;3.5;3.559999942779541;3.3299999237060547;3.5;10000
2003-08-21;3.5;3.5399999618530273;3.4000000953674316;3.490000009536743;6300
2003-08-22;3.3499999046325684;3.5;3.3499999046325684;3.4000000953674316;96900
2003-08-25;3.490000009536743;3.6600000858306885;3.490000009536743;3.630000114440918;7800
2003-08-26;3.690000057220459;3.690000057220459;3.5;3.619999885559082;23300
2003-08-27;3.630000114440918;3.6500000953674316;3.5999999046325684;3.640000104904175;15000
2003-08-28;3.680000066757202;3.8499999046325684;3.6500000953674316;3.799999952316284;25600
2003-08-29;3.8299999237060547;3.890000104904175;3.759999990463257;3.859999895095825;15100
2003-09-02;3.869999885559082;4.0;3.869999885559082;4.0;88900
2003-09-03;4.0;4.0;3.9100000858306885;3.990000009536743;40200
2003-09-04;3.890000104904175;4.0;3.880000114440918;3.9800000190734863;10200
2003-09-05;3.9800000190734863;3.9800000190734863;3.940000057220459;3.9800000190734863;2700
2003-09-08;3.9600000381469727;4.0;3.7799999713897705;4.0;31900
2003-09-09;3.9600000381469727;4.0;3.5999999046325684;4.0;18900
2003-09-10;3.9100000858306885;3.9700000286102295;3.9100000858306885;3.9600000381469727;4900
2003-09-11;3.9600000381469727;4.0;3.8299999237060547;3.890000104904175;8000
2003-09-12;3.8399999141693115;3.8399999141693115;3.630000114440918;3.7100000381469727;24500
2003-09-15;3.799999952316284;3.9000000953674316;3.559999942779541;3.75;10400
2003-09-16;3.630000114440918;4.0;3.619999885559082;3.9800000190734863;21600
2003-09-17;3.990000009536743;3.990000009536743;3.7699999809265137;3.8299999237060547;21600
2003-09-18;3.950000047683716;3.990000009536743;3.75;3.759999990463257;31100
2003-09-19;3.799999952316284;3.9800000190734863;3.799999952316284;3.950000047683716;5000
2003-09-22;3.9000000953674316;3.950000047683716;3.759999990463257;3.9000000953674316;25600
2003-09-23;3.890000104904175;3.9000000953674316;3.819999933242798;3.9000000953674316;183300
2003-09-24;3.9000000953674316;3.9000000953674316;3.869999885559082;3.880000114440918;22400
2003-09-25;3.9000000953674316;3.9000000953674316;3.880000114440918;3.880000114440918;36700
2003-09-26;3.9000000953674316;3.9000000953674316;3.880000114440918;3.9000000953674316;95700
2003-09-29;3.9000000953674316;3.9000000953674316;3.9000000953674316;3.9000000953674316;16800
2003-09-30;3.9000000953674316;3.9000000953674316;3.880000114440918;3.9000000953674316;24500
2003-10-01;3.9000000953674316;3.9000000953674316;3.8499999046325684;3.880000114440918;45100
2003-10-02;3.8499999046325684;3.9000000953674316;3.8499999046325684;3.9000000953674316;128500
2003-10-03;3.9100000858306885;4.110000133514404;3.9000000953674316;4.0;152100
2003-10-06;4.090000152587891;4.199999809265137;4.010000228881836;4.199999809265137;93300
2003-10-07;4.199999809265137;4.449999809265137;4.119999885559082;4.289999961853027;226400
2003-10-08;4.199999809265137;4.409999847412109;4.199999809265137;4.210000038146973;47600
2003-10-09;4.239999771118164;4.449999809265137;4.079999923706055;4.329999923706055;65200
2003-10-10;4.349999904632568;4.349999904632568;3.940000057220459;4.269999980926514;25000
2003-10-13;4.340000152587891;4.5;4.110000133514404;4.46999979019165;158700
2003-10-14;4.449999809265137;4.75;4.349999904632568;4.739999771118164;148500
2003-10-15;4.800000190734863;4.960000038146973;4.650000095367432;4.75;42600
2003-10-16;4.739999771118164;4.75;4.570000171661377;4.670000076293945;12000
2003-10-17;4.650000095367432;4.690000057220459;4.46999979019165;4.650000095367432;17400
2003-10-20;4.699999809265137;4.75;4.670000076293945;4.699999809265137;30600
2003-10-21;4.699999809265137;4.699999809265137;4.289999961853027;4.650000095367432;23300
2003-10-22;4.619999885559082;4.75;4.409999847412109;4.599999904632568;16500
2003-10-23;4.579999923706055;4.650000095367432;4.579999923706055;4.650000095367432;13400
2003-10-24;4.650000095367432;4.75;4.650000095367432;4.739999771118164;14300
2003-10-27;4.679999828338623;4.75;4.650000095367432;4.710000038146973;3800
2003-10-28;4.75;4.75;4.619999885559082;4.690000057220459;37700
2003-10-29;4.619999885559082;4.670000076293945;4.400000095367432;4.610000133514404;26800
2003-10-30;4.550000190734863;4.699999809265137;4.429999828338623;4.699999809265137;39300
2003-10-31;4.639999866485596;4.849999904632568;4.590000152587891;4.849999904632568;128900
2003-11-03;4.900000095367432;4.900000095367432;4.579999923706055;4.800000190734863;116200
2003-11-04;4.889999866485596;4.900000095367432;4.690000057220459;4.889999866485596;141800
2003-11-05;4.880000114440918;4.909999847412109;4.800000190734863;4.809999942779541;75800
2003-11-06;4.809999942779541;5.21999979019165;4.809999942779541;5.179999828338623;425000
2003-11-07;5.25;5.449999809265137;5.150000095367432;5.400000095367432;437800
2003-11-10;5.409999847412109;5.429999828338623;5.25;5.309999942779541;49700
2003-11-11;5.349999904632568;5.349999904632568;4.929999828338623;5.070000171661377;86300
2003-11-12;5.139999866485596;5.139999866485596;4.960000038146973;5.099999904632568;9500
2003-11-13;5.289999961853027;5.349999904632568;5.150000095367432;5.25;65000
2003-11-14;5.289999961853027;5.380000114440918;5.289999961853027;5.380000114440918;37500
2003-11-17;5.349999904632568;5.570000171661377;5.340000152587891;5.510000228881836;294100
2003-11-18;5.579999923706055;5.650000095367432;5.440000057220459;5.650000095367432;172800
2003-11-19;5.650000095367432;6.050000190734863;5.650000095367432;6.050000190734863;357800
2003-11-20;6.110000133514404;6.25;6.0;6.230000019073486;292800
2003-11-21;6.25;6.320000171661377;6.150000095367432;6.260000228881836;361700
2003-11-24;6.300000190734863;6.5;6.199999809265137;6.5;157000
2003-11-25;6.5;6.570000171661377;6.340000152587891;6.449999809265137;228600
2003-11-26;6.449999809265137;6.449999809265137;6.409999847412109;6.449999809265137;53000
2003-11-28;6.400000095367432;6.599999904632568;6.400000095367432;6.5;46300
2003-12-01;6.599999904632568;6.599999904632568;6.389999866485596;6.5;155700
2003-12-02;6.400000095367432;6.599999904632568;6.039999961853027;6.369999885559082;151700
2003-12-03;6.320000171661377;6.420000076293945;6.150000095367432;6.289999961853027;64000
2003-12-04;6.420000076293945;6.5;6.329999923706055;6.449999809265137;80200
2003-12-05;6.309999942779541;6.5;6.150000095367432;6.300000190734863;59000
2003-12-08;6.269999980926514;6.710000038146973;6.269999980926514;6.550000190734863;88700
2003-12-09;6.679999828338623;6.739999771118164;6.360000133514404;6.46999979019165;53000
2003-12-10;6.340000152587891;6.5;6.329999923706055;6.46999979019165;48600
2003-12-11;6.460000038146973;6.670000076293945;6.449999809265137;6.510000228881836;32900
2003-12-12;6.599999904632568;6.599999904632568;6.400000095367432;6.480000019073486;87400
2003-12-15;6.449999809265137;6.650000095367432;6.21999979019165;6.480000019073486;41500
2003-12-16;6.239999771118164;6.599999904632568;6.239999771118164;6.429999828338623;36400
2003-12-17;6.230000019073486;6.449999809265137;6.230000019073486;6.349999904632568;54000
2003-12-18;6.230000019073486;6.449999809265137;6.150000095367432;6.420000076293945;50800
2003-12-19;6.309999942779541;6.400000095367432;6.25;6.25;38500
2003-12-22;6.289999961853027;6.289999961853027;6.199999809265137;6.260000228881836;27000
2003-12-23;6.230000019073486;6.409999847412109;6.230000019073486;6.340000152587891;25300
2003-12-24;6.380000114440918;6.75;6.349999904632568;6.5;20600
2003-12-26;6.5;6.53000020980835;6.199999809265137;6.369999885559082;68400
2003-12-29;6.539999961853027;6.539999961853027;6.099999904632568;6.420000076293945;64100
2003-12-30;6.559999942779541;7.050000190734863;6.289999961853027;6.289999961853027;67100
2003-12-31;6.539999961853027;6.690000057220459;6.349999904632568;6.590000152587891;38000
2004-01-02;6.309999942779541;6.579999923706055;6.309999942779541;6.5;19800
2004-01-05;6.550000190734863;6.550000190734863;6.400000095367432;6.409999847412109;80800
2004-01-06;6.510000228881836;6.849999904632568;6.409999847412109;6.710000038146973;212700
2004-01-07;6.699999809265137;6.739999771118164;6.519999980926514;6.650000095367432;87600
2004-01-08;6.570000171661377;6.75;6.5;6.71999979019165;116600
2004-01-09;6.599999904632568;6.699999809265137;6.210000038146973;6.340000152587891;143300
2004-01-12;6.400000095367432;6.699999809265137;6.300000190734863;6.320000171661377;230500
2004-01-13;6.349999904632568;6.369999885559082;5.570000171661377;5.769999980926514;582800
2004-01-14;5.75;5.920000076293945;5.599999904632568;5.820000171661377;102500
2004-01-15;5.800000190734863;6.5;5.650000095367432;6.340000152587891;273000
2004-01-16;6.329999923706055;6.550000190734863;6.099999904632568;6.539999961853027;74700
2004-01-20;6.570000171661377;6.739999771118164;6.300000190734863;6.699999809265137;173200
2004-01-21;6.550000190734863;6.78000020980835;6.550000190734863;6.710000038146973;57100
2004-01-22;6.75;6.75;6.300000190734863;6.53000020980835;116800
2004-01-23;6.5;6.639999866485596;6.5;6.510000228881836;30800
2004-01-26;6.670000076293945;6.670000076293945;6.510000228881836;6.630000114440918;18000
2004-01-27;6.559999942779541;6.570000171661377;6.5;6.510000228881836;19900
2004-01-28;6.519999980926514;6.519999980926514;6.150000095367432;6.460000038146973;76600
2004-01-29;6.5;6.53000020980835;6.210000038146973;6.420000076293945;39800
2004-01-30;6.420000076293945;6.559999942779541;6.420000076293945;6.53000020980835;16000
2004-02-02;6.449999809265137;6.579999923706055;6.25;6.550000190734863;22300
2004-02-03;6.260000228881836;6.550000190734863;6.25;6.380000114440918;18000
2004-02-04;6.429999828338623;6.449999809265137;6.329999923706055;6.420000076293945;9000
2004-02-05;6.139999866485596;6.519999980926514;6.139999866485596;6.46999979019165;33500
2004-02-06;6.510000228881836;6.730000019073486;6.5;6.590000152587891;51200
2004-02-09;6.590000152587891;6.730000019073486;6.570000171661377;6.670000076293945;68200
2004-02-10;6.550000190734863;6.789999961853027;6.550000190734863;6.659999847412109;82900
2004-02-11;6.760000228881836;6.760000228881836;6.519999980926514;6.650000095367432;31400
2004-02-12;6.550000190734863;6.869999885559082;6.550000190734863;6.789999961853027;26300
2004-02-13;6.78000020980835;7.019999980926514;6.699999809265137;7.0;155000
2004-02-17;7.019999980926514;7.650000095367432;6.980000019073486;7.449999809265137;310300
2004-02-18;7.550000190734863;7.699999809265137;7.300000190734863;7.699999809265137;471100
2004-02-19;7.769999980926514;8.1899995803833;7.670000076293945;8.0;333400
2004-02-20;7.900000095367432;7.929999828338623;7.769999980926514;7.820000171661377;133400
2004-02-23;7.949999809265137;8.149999618530273;7.840000152587891;7.949999809265137;262600
2004-02-24;7.949999809265137;7.980000019073486;7.559999942779541;7.860000133514404;127300
2004-02-25;7.849999904632568;8.25;7.699999809265137;8.0;236700
2004-02-26;8.010000228881836;8.050000190734863;7.900000095367432;8.0;165400
2004-02-27;7.949999809265137;8.050000190734863;7.949999809265137;8.020000457763672;47400
2004-03-01;7.920000076293945;8.399999618530273;7.920000076293945;8.25;124400
2004-03-02;8.329999923706055;8.399999618530273;8.130000114440918;8.300000190734863;71700
2004-03-03;8.449999809265137;8.5;8.149999618530273;8.380000114440918;29900
2004-03-04;8.3100004196167;8.380000114440918;8.220000267028809;8.300000190734863;47300
2004-03-05;8.25;8.380000114440918;8.149999618530273;8.350000381469727;75500
2004-03-08;8.319999694824219;8.390000343322754;8.199999809265137;8.3100004196167;66800
2004-03-09;8.260000228881836;8.4399995803833;8.25;8.350000381469727;37400
2004-03-10;8.369999885559082;8.649999618530273;8.25;8.25;46600
2004-03-11;8.140000343322754;8.829999923706055;8.130000114440918;8.800000190734863;204300
2004-03-12;8.75;8.760000228881836;8.510000228881836;8.65999984741211;115700
2004-03-15;8.390000343322754;8.979999542236328;8.369999885559082;8.550000190734863;165200
2004-03-16;8.640000343322754;8.710000038146973;8.5;8.649999618530273;71900
2004-03-17;8.640000343322754;8.819999694824219;8.640000343322754;8.670000076293945;83700
2004-03-18;8.9399995803833;8.9399995803833;8.470000267028809;8.609999656677246;225500
2004-03-19;8.479999542236328;8.649999618530273;8.449999809265137;8.630000114440918;149800
2004-03-22;8.5;8.619999885559082;8.430000305175781;8.59000015258789;89500
2004-03-23;8.649999618530273;8.739999771118164;8.520000457763672;8.520000457763672;111600
2004-03-24;8.600000381469727;8.600000381469727;8.100000381469727;8.300000190734863;339000
2004-03-25;8.25;8.359999656677246;8.149999618530273;8.300000190734863;105700
2004-03-26;8.3100004196167;8.319999694824219;8.229999542236328;8.25;63800
2004-03-29;8.180000305175781;8.359999656677246;8.149999618530273;8.350000381469727;37900
2004-03-30;8.350000381469727;8.359999656677246;8.149999618530273;8.359999656677246;102200
2004-03-31;8.359999656677246;8.699999809265137;8.229999542236328;8.630000114440918;255400
2004-04-01;8.699999809265137;9.15999984741211;8.630000114440918;8.979999542236328;172900
2004-04-02;9.029999732971191;9.09000015258789;8.760000228881836;8.90999984741211;93600
2004-04-05;8.850000381469727;8.949999809265137;8.739999771118164;8.760000228881836;103900
2004-04-06;8.680000305175781;8.789999961853027;8.630000114440918;8.779999732971191;68500
2004-04-07;8.779999732971191;8.789999961853027;8.390000343322754;8.399999618530273;182500
2004-04-08;8.5;8.729999542236328;8.270000457763672;8.65999984741211;258300
2004-04-12;8.600000381469727;8.649999618530273;8.25;8.649999618530273;129600
2004-04-13;8.729999542236328;8.739999771118164;8.479999542236328;8.5600004196167;41400
2004-04-14;8.220000267028809;8.479999542236328;8.149999618530273;8.199999809265137;29600
2004-04-15;8.100000381469727;8.300000190734863;8.0;8.010000228881836;45000
2004-04-16;8.239999771118164;8.239999771118164;8.0;8.1899995803833;57500
2004-04-19;8.25;8.300000190734863;7.960000038146973;8.100000381469727;61100
2004-04-20;8.029999732971191;8.25;8.029999732971191;8.229999542236328;15900
2004-04-21;8.25;8.25;7.610000133514404;7.690000057220459;333600
2004-04-22;7.639999866485596;7.690000057220459;7.269999980926514;7.409999847412109;59800
2004-04-23;7.369999885559082;7.75;7.369999885559082;7.610000133514404;92600
2004-04-26;7.619999885559082;7.739999771118164;7.380000114440918;7.400000095367432;56600
2004-04-27;7.559999942779541;7.559999942779541;6.550000190734863;6.849999904632568;194400
2004-04-28;6.610000133514404;7.0;6.610000133514404;6.949999809265137;44400
2004-04-29;6.650000095367432;6.880000114440918;6.349999904632568;6.5;114100
2004-04-30;6.400000095367432;6.659999847412109;6.070000171661377;6.300000190734863;130300
2004-05-03;6.590000152587891;6.590000152587891;6.210000038146973;6.289999961853027;77600
2004-05-04;6.150000095367432;6.400000095367432;6.150000095367432;6.309999942779541;32700
2004-05-05;6.769999980926514;6.769999980926514;6.300000190734863;6.480000019073486;69200
2004-05-06;6.480000019073486;6.760000228881836;6.25;6.650000095367432;80000
2004-05-07;6.679999828338623;6.699999809265137;6.21999979019165;6.269999980926514;60200
2004-05-10;6.269999980926514;6.269999980926514;5.800000190734863;6.03000020980835;54800
2004-05-11;6.010000228881836;6.539999961853027;5.949999809265137;6.239999771118164;68000
2004-05-12;6.25;6.25;5.96999979019165;6.099999904632568;54000
2004-05-13;6.059999942779541;6.300000190734863;5.949999809265137;6.269999980926514;29600
2004-05-14;6.28000020980835;6.5;6.0;6.25;86700
2004-05-17;6.519999980926514;6.519999980926514;5.980000019073486;6.039999961853027;39600
2004-05-18;6.190000057220459;6.619999885559082;6.110000133514404;6.389999866485596;42200
2004-05-19;6.599999904632568;7.0;6.449999809265137;6.840000152587891;85700
2004-05-20;6.940000057220459;6.949999809265137;6.659999847412109;6.940000057220459;19900
2004-05-21;7.010000228881836;7.010000228881836;6.440000057220459;6.480000019073486;22800
2004-05-24;6.760000228881836;6.989999771118164;6.480000019073486;6.920000076293945;30200
2004-05-25;6.900000095367432;6.989999771118164;6.590000152587891;6.989999771118164;48000
2004-05-26;6.989999771118164;7.130000114440918;6.989999771118164;7.050000190734863;44600
2004-05-27;7.119999885559082;7.119999885559082;6.940000057220459;7.010000228881836;23100
2004-05-28;6.900000095367432;7.099999904632568;6.900000095367432;7.059999942779541;11500
2004-06-01;7.03000020980835;7.03000020980835;6.269999980926514;6.340000152587891;51200
2004-06-02;6.199999809265137;6.400000095367432;5.889999866485596;6.130000114440918;141400
2004-06-03;5.949999809265137;6.25;5.920000076293945;6.199999809265137;60300
2004-06-04;6.260000228881836;6.300000190734863;5.789999961853027;5.789999961853027;108300
2004-06-07;5.800000190734863;6.150000095367432;5.78000020980835;5.980000019073486;161800
2004-06-08;6.199999809265137;6.440000057220459;6.059999942779541;6.150000095367432;82600
2004-06-09;6.199999809265137;6.840000152587891;6.070000171661377;6.699999809265137;97200
2004-06-10;6.71999979019165;6.849999904632568;6.349999904632568;6.539999961853027;44900
2004-06-14;6.840000152587891;6.840000152587891;6.5;6.610000133514404;62400
2004-06-15;6.900000095367432;6.900000095367432;6.550000190734863;6.800000190734863;19600
2004-06-16;6.650000095367432;6.739999771118164;6.409999847412109;6.650000095367432;24300
2004-06-17;6.710000038146973;7.079999923706055;6.710000038146973;7.059999942779541;61400
2004-06-18;7.050000190734863;7.170000076293945;6.929999828338623;7.170000076293945;32200
2004-06-21;7.199999809265137;7.400000095367432;7.139999866485596;7.239999771118164;80200
2004-06-22;7.320000171661377;7.389999866485596;6.5;6.690000057220459;68700
2004-06-23;6.940000057220459;6.940000057220459;6.610000133514404;6.789999961853027;26000
2004-06-24;6.900000095367432;6.989999771118164;6.730000019073486;6.920000076293945;23400
2004-06-25;6.900000095367432;7.050000190734863;6.800000190734863;6.809999942779541;42500
2004-06-28;6.800000190734863;7.079999923706055;6.800000190734863;7.050000190734863;21300
2004-06-29;7.150000095367432;7.150000095367432;6.650000095367432;6.96999979019165;60800
2004-06-30;6.980000019073486;7.019999980926514;6.599999904632568;6.840000152587891;55900
2004-07-01;6.75;6.960000038146973;6.489999771118164;6.789999961853027;17000
2004-07-02;6.789999961853027;6.900000095367432;6.789999961853027;6.900000095367432;4100
2004-07-06;6.599999904632568;6.789999961853027;6.400000095367432;6.789999961853027;13600
2004-07-07;6.75;6.829999923706055;6.670000076293945;6.829999923706055;13800
2004-07-08;6.599999904632568;6.849999904632568;6.5;6.659999847412109;17000
2004-07-09;6.739999771118164;6.739999771118164;6.099999904632568;6.230000019073486;32700
2004-07-12;6.099999904632568;6.300000190734863;5.739999771118164;5.840000152587891;111800
2004-07-13;5.949999809265137;5.980000019073486;5.710000038146973;5.820000171661377;64000
2004-07-14;5.699999809265137;6.289999961853027;5.690000057220459;6.130000114440918;29800
2004-07-15;6.059999942779541;6.199999809265137;6.059999942779541;6.099999904632568;34000
2004-07-16;6.150000095367432;6.409999847412109;6.099999904632568;6.360000133514404;15900
2004-07-19;6.289999961853027;6.289999961853027;6.099999904632568;6.099999904632568;15200
2004-07-20;6.170000076293945;6.179999828338623;6.099999904632568;6.130000114440918;14900
2004-07-21;6.309999942779541;6.539999961853027;6.099999904632568;6.440000057220459;63900
2004-07-22;5.739999771118164;5.789999961853027;5.380000114440918;5.599999904632568;254200
2004-07-23;5.400000095367432;5.630000114440918;5.230000019073486;5.5;104300
2004-07-26;5.400000095367432;6.050000190734863;5.300000190734863;5.900000095367432;70100
2004-07-27;5.670000076293945;5.880000114440918;5.349999904632568;5.659999847412109;66900
2004-07-28;5.679999828338623;5.679999828338623;5.420000076293945;5.53000020980835;15100
2004-07-29;5.349999904632568;5.420000076293945;5.239999771118164;5.340000152587891;19600
2004-07-30;5.309999942779541;6.380000114440918;5.309999942779541;5.599999904632568;85200
2004-08-02;5.599999904632568;5.599999904632568;5.289999961853027;5.5;24000
2004-08-03;5.480000019073486;5.760000228881836;5.269999980926514;5.539999961853027;27900
2004-08-04;5.409999847412109;5.630000114440918;5.400000095367432;5.420000076293945;28000
2004-08-05;5.46999979019165;5.840000152587891;5.349999904632568;5.460000038146973;36700
2004-08-06;5.400000095367432;5.489999771118164;5.25;5.25;46800
2004-08-09;5.25;5.300000190734863;4.809999942779541;5.150000095367432;65300
2004-08-10;5.050000190734863;5.199999809265137;5.010000228881836;5.179999828338623;16400
2004-08-11;5.039999961853027;5.099999904632568;4.869999885559082;5.059999942779541;17900
2004-08-12;4.949999809265137;5.139999866485596;4.730000019073486;4.739999771118164;25000
2004-08-13;4.980000019073486;4.980000019073486;4.550000190734863;4.889999866485596;77900
2004-08-16;4.989999771118164;4.989999771118164;4.309999942779541;4.5;55500
2004-08-17;4.449999809265137;4.760000228881836;4.449999809265137;4.75;33200
2004-08-18;4.840000152587891;5.269999980926514;4.730000019073486;4.75;95400
2004-08-19;4.829999923706055;4.829999923706055;4.489999771118164;4.659999847412109;36700
2004-08-20;4.559999942779541;4.75;4.550000190734863;4.650000095367432;16500
2004-08-23;4.670000076293945;4.670000076293945;4.400000095367432;4.5;16100
2004-08-24;4.460000038146973;4.75;4.420000076293945;4.53000020980835;33400
2004-08-25;4.539999961853027;4.75;4.429999828338623;4.650000095367432;18200
2004-08-26;4.650000095367432;4.650000095367432;4.28000020980835;4.480000019073486;50500
2004-08-27;4.360000133514404;4.739999771118164;4.340000152587891;4.53000020980835;25200
2004-08-30;4.5;4.75;4.5;4.71999979019165;37800
2004-08-31;4.71999979019165;4.75;4.630000114440918;4.75;37100
2004-09-01;4.730000019073486;4.860000133514404;4.730000019073486;4.739999771118164;39100
2004-09-02;4.75;5.320000171661377;4.71999979019165;5.070000171661377;26500
2004-09-03;4.940000057220459;5.099999904632568;4.940000057220459;5.03000020980835;12100
2004-09-07;5.199999809265137;5.389999866485596;5.199999809265137;5.309999942779541;31100
2004-09-08;5.369999885559082;5.389999866485596;5.25;5.309999942779541;26700
2004-09-09;5.610000133514404;7.090000152587891;5.610000133514404;6.5;371300
2004-09-10;7.099999904632568;7.25;6.880000114440918;7.079999923706055;435200
2004-09-13;7.25;7.360000133514404;7.199999809265137;7.300000190734863;224800
2004-09-14;7.360000133514404;7.400000095367432;7.019999980926514;7.25;253400
2004-09-15;7.150000095367432;7.349999904632568;7.150000095367432;7.25;127900
2004-09-16;7.230000019073486;7.75;7.230000019073486;7.639999866485596;182200
2004-09-17;7.730000019073486;7.829999923706055;7.0;7.300000190734863;98600
2004-09-20;7.420000076293945;7.480000019073486;6.869999885559082;7.21999979019165;69400
2004-09-21;7.260000228881836;7.460000038146973;6.949999809265137;7.199999809265137;50300
2004-09-22;7.0;7.389999866485596;6.599999904632568;6.980000019073486;85700
2004-09-23;6.71999979019165;6.940000057220459;6.480000019073486;6.809999942779541;42200
2004-09-24;6.519999980926514;7.0;6.510000228881836;6.940000057220459;36100
2004-09-27;6.989999771118164;7.019999980926514;6.610000133514404;6.730000019073486;26600
2004-09-28;6.550000190734863;7.139999866485596;6.550000190734863;6.659999847412109;43600
2004-09-29;6.599999904632568;7.75;6.599999904632568;7.610000133514404;365000
2004-09-30;7.800000190734863;7.800000190734863;7.25;7.5;72400
2004-10-01;7.429999828338623;7.699999809265137;7.400000095367432;7.670000076293945;86600
2004-10-04;7.460000038146973;8.0;7.460000038146973;7.610000133514404;187900
2004-10-05;7.599999904632568;7.800000190734863;7.230000019073486;7.230000019073486;45500
2004-10-06;7.300000190734863;7.630000114440918;7.300000190734863;7.429999828338623;56400
2004-10-07;7.449999809265137;7.480000019073486;7.25;7.349999904632568;93800
2004-10-08;7.349999904632568;7.599999904632568;7.25;7.489999771118164;76100
2004-10-11;7.670000076293945;7.670000076293945;7.25;7.349999904632568;31300
2004-10-12;7.349999904632568;7.489999771118164;7.269999980926514;7.349999904632568;76100
2004-10-13;7.539999961853027;7.539999961853027;6.800000190734863;6.840000152587891;68100
2004-10-14;7.0;7.03000020980835;6.659999847412109;7.0;42500
2004-10-15;7.130000114440918;7.130000114440918;6.460000038146973;6.679999828338623;46400
2004-10-18;6.5;7.210000038146973;6.5;7.0;45100
2004-10-19;6.900000095367432;6.920000076293945;6.5;6.599999904632568;52800
2004-10-20;6.610000133514404;6.889999866485596;6.5;6.659999847412109;46500
2004-10-21;6.730000019073486;6.730000019073486;6.389999866485596;6.599999904632568;100900
2004-10-22;6.650000095367432;6.739999771118164;6.5;6.699999809265137;82000
2004-10-25;6.619999885559082;7.179999828338623;6.599999904632568;6.75;53000
2004-10-26;6.699999809265137;6.940000057220459;6.599999904632568;6.840000152587891;39000
2004-10-27;6.659999847412109;7.03000020980835;6.659999847412109;6.929999828338623;38200
2004-10-28;6.960000038146973;7.25;6.900000095367432;7.0;56100
2004-10-29;6.900000095367432;7.059999942779541;6.630000114440918;6.860000133514404;41200
2004-11-01;6.860000133514404;6.860000133514404;6.550000190734863;6.599999904632568;16400
2004-11-02;6.599999904632568;6.849999904632568;6.519999980926514;6.650000095367432;46900
2004-11-03;6.889999866485596;7.050000190734863;6.550000190734863;6.610000133514404;24100
2004-11-04;6.619999885559082;7.0;6.619999885559082;6.929999828338623;41600
2004-11-05;6.869999885559082;7.239999771118164;6.789999961853027;6.949999809265137;36600
2004-11-08;7.019999980926514;7.179999828338623;6.820000171661377;6.949999809265137;37800
2004-11-09;7.139999866485596;7.300000190734863;6.829999923706055;7.110000133514404;31300
2004-11-10;7.230000019073486;7.300000190734863;6.889999866485596;7.199999809265137;35100
2004-11-11;7.210000038146973;7.300000190734863;7.010000228881836;7.21999979019165;43900
2004-11-12;7.210000038146973;7.300000190734863;7.0;7.079999923706055;23900
2004-11-15;7.190000057220459;7.28000020980835;7.050000190734863;7.110000133514404;21700
2004-11-16;7.0;7.059999942779541;6.849999904632568;6.949999809265137;36300
2004-11-17;7.070000171661377;7.070000171661377;6.559999942779541;6.650000095367432;90800
2004-11-18;6.650000095367432;6.800000190734863;6.429999828338623;6.519999980926514;61700
2004-11-19;6.570000171661377;6.570000171661377;6.239999771118164;6.260000228881836;45000
2004-11-22;6.190000057220459;6.400000095367432;5.760000228881836;6.039999961853027;104600
2004-11-23;5.949999809265137;6.199999809265137;5.949999809265137;6.050000190734863;135500
2004-11-24;6.099999904632568;6.389999866485596;6.010000228881836;6.170000076293945;28900
2004-11-26;6.050000190734863;6.139999866485596;6.0;6.139999866485596;43700
2004-11-29;6.099999904632568;6.360000133514404;6.0;6.099999904632568;62100
2004-11-30;6.010000228881836;6.440000057220459;6.010000228881836;6.320000171661377;75200
2004-12-01;6.25;6.900000095367432;6.199999809265137;6.710000038146973;176300
2004-12-02;6.670000076293945;6.730000019073486;6.550000190734863;6.710000038146973;65100
2004-12-03;6.739999771118164;6.75;6.610000133514404;6.650000095367432;10000
2004-12-06;6.619999885559082;6.699999809265137;6.619999885559082;6.630000114440918;41400
2004-12-07;6.75;6.769999980926514;6.510000228881836;6.599999904632568;50100
2004-12-08;6.5;6.590000152587891;6.329999923706055;6.329999923706055;39900
2004-12-09;6.380000114440918;6.53000020980835;6.230000019073486;6.269999980926514;28200
2004-12-10;6.260000228881836;6.300000190734863;6.150000095367432;6.170000076293945;37500
2004-12-13;6.210000038146973;6.289999961853027;6.130000114440918;6.25;27600
2004-12-14;6.300000190734863;6.400000095367432;6.239999771118164;6.289999961853027;46800
2004-12-15;6.119999885559082;6.309999942779541;6.119999885559082;6.210000038146973;40700
2004-12-16;6.099999904632568;6.289999961853027;6.099999904632568;6.199999809265137;83600
2004-12-17;6.320000171661377;6.320000171661377;6.139999866485596;6.139999866485596;29500
2004-12-20;6.090000152587891;6.289999961853027;6.090000152587891;6.179999828338623;47100
2004-12-21;6.340000152587891;6.550000190734863;6.239999771118164;6.409999847412109;74500
2004-12-22;6.380000114440918;6.510000228881836;6.260000228881836;6.340000152587891;23700
2004-12-23;6.360000133514404;6.579999923706055;6.360000133514404;6.5;31700
2004-12-27;6.579999923706055;6.820000171661377;6.539999961853027;6.619999885559082;54300
2004-12-28;6.510000228881836;6.769999980926514;6.510000228881836;6.699999809265137;55900
2004-12-29;6.599999904632568;6.650000095367432;6.420000076293945;6.539999961853027;82300
2004-12-30;6.400000095367432;6.690000057220459;6.400000095367432;6.550000190734863;51200
2004-12-31;6.590000152587891;6.929999828338623;6.25;6.840000152587891;46200
2005-01-03;6.840000152587891;6.980000019073486;6.440000057220459;6.550000190734863;52800
2005-01-04;6.519999980926514;6.570000171661377;6.230000019073486;6.239999771118164;75700
2005-01-05;6.619999885559082;6.619999885559082;6.110000133514404;6.440000057220459;234500
2005-01-06;6.400000095367432;6.579999923706055;6.400000095367432;6.5;64500
2005-01-07;6.5;7.190000057220459;6.400000095367432;7.099999904632568;222200
2005-01-10;7.21999979019165;7.21999979019165;6.699999809265137;7.019999980926514;65900
2005-01-11;7.0;7.199999809265137;6.880000114440918;7.059999942779541;45200
2005-01-12;7.0;7.0;6.789999961853027;6.909999847412109;38600
2005-01-13;6.710000038146973;7.090000152587891;6.710000038146973;7.0;35000
2005-01-14;6.880000114440918;7.199999809265137;6.800000190734863;7.139999866485596;80200
2005-01-18;7.139999866485596;7.190000057220459;6.949999809265137;7.010000228881836;35300
2005-01-19;7.039999961853027;7.300000190734863;7.010000228881836;7.300000190734863;190100
2005-01-20;7.400000095367432;7.400000095367432;6.900000095367432;7.150000095367432;75100
2005-01-21;7.010000228881836;7.579999923706055;7.010000228881836;7.539999961853027;1433200
2005-01-24;7.670000076293945;7.71999979019165;7.010000228881836;7.059999942779541;245600
2005-01-25;7.46999979019165;7.46999979019165;6.769999980926514;6.980000019073486;194800
2005-01-26;6.949999809265137;7.119999885559082;6.900000095367432;7.039999961853027;156200
2005-01-27;7.099999904632568;7.300000190734863;6.760000228881836;6.869999885559082;72000
2005-01-28;6.96999979019165;6.980000019073486;6.599999904632568;6.880000114440918;152300
2005-01-31;6.920000076293945;6.949999809265137;6.710000038146973;6.769999980926514;52700
2005-02-01;6.889999866485596;7.150000095367432;6.820000171661377;6.900000095367432;47700
2005-02-02;7.0;7.0;6.769999980926514;6.860000133514404;48000
2005-02-03;6.75;7.099999904632568;6.75;6.769999980926514;42400
2005-02-04;6.889999866485596;7.050000190734863;6.769999980926514;6.989999771118164;19600
2005-02-07;7.110000133514404;7.150000095367432;6.800000190734863;6.820000171661377;28200
2005-02-08;6.840000152587891;7.0;6.760000228881836;6.760000228881836;33400
2005-02-09;6.710000038146973;6.900000095367432;6.670000076293945;6.769999980926514;31500
2005-02-10;6.699999809265137;6.900000095367432;6.599999904632568;6.900000095367432;51900
2005-02-11;6.940000057220459;7.039999961853027;6.610000133514404;6.619999885559082;235200
2005-02-14;6.760000228881836;6.900000095367432;6.260000228881836;6.639999866485596;171400
2005-02-15;6.599999904632568;6.800000190734863;6.480000019073486;6.550000190734863;50200
2005-02-16;6.590000152587891;6.889999866485596;6.400000095367432;6.46999979019165;59000
2005-02-17;6.989999771118164;6.989999771118164;6.559999942779541;6.630000114440918;38400
2005-02-18;6.699999809265137;6.920000076293945;6.349999904632568;6.679999828338623;63500
2005-02-22;6.96999979019165;7.0;6.519999980926514;6.739999771118164;193800
2005-02-23;6.900000095367432;7.340000152587891;6.849999904632568;6.869999885559082;274300
2005-02-24;7.0;7.0;6.409999847412109;6.800000190734863;99400
2005-02-25;6.900000095367432;7.0;6.699999809265137;6.920000076293945;71700
2005-02-28;6.989999771118164;7.059999942779541;6.760000228881836;6.889999866485596;113400
2005-03-01;6.989999771118164;7.019999980926514;6.889999866485596;6.989999771118164;129800
2005-03-02;6.989999771118164;6.989999771118164;6.699999809265137;6.809999942779541;63300
2005-03-03;6.630000114440918;6.980000019073486;6.599999904632568;6.800000190734863;83400
2005-03-04;6.800000190734863;6.849999904632568;6.769999980926514;6.800000190734863;23800
2005-03-07;7.019999980926514;7.190000057220459;6.869999885559082;7.0;391600
2005-03-08;7.090000152587891;7.28000020980835;7.050000190734863;7.130000114440918;73900
2005-03-09;7.210000038146973;7.28000020980835;7.119999885559082;7.119999885559082;40100
2005-03-10;7.099999904632568;7.389999866485596;7.099999904632568;7.309999942779541;29500
2005-03-11;7.369999885559082;7.389999866485596;7.159999847412109;7.199999809265137;31000
2005-03-14;7.449999809265137;8.220000267028809;7.400000095367432;8.0;589300
2005-03-15;8.050000190734863;8.25;7.75;7.960000038146973;135500
2005-03-16;7.800000190734863;8.0;7.75;7.800000190734863;130100
2005-03-17;7.699999809265137;8.0;7.699999809265137;7.800000190734863;66700
2005-03-18;7.900000095367432;8.0;7.849999904632568;7.989999771118164;54300
2005-03-21;7.989999771118164;7.989999771118164;7.690000057220459;7.690000057220459;32600
2005-03-22;7.670000076293945;7.710000038146973;7.449999809265137;7.510000228881836;71200
2005-03-23;7.449999809265137;7.739999771118164;7.25;7.349999904632568;103500
2005-03-24;7.309999942779541;7.670000076293945;7.289999961853027;7.349999904632568;28000
2005-03-28;7.349999904632568;7.559999942779541;7.25;7.440000057220459;42000
2005-03-29;7.559999942779541;7.599999904632568;6.860000133514404;7.119999885559082;125200
2005-03-30;7.0;7.300000190734863;6.5;7.039999961853027;273000
2005-03-31;7.380000114440918;7.5;7.099999904632568;7.28000020980835;102000
2005-04-01;7.480000019073486;7.599999904632568;7.010000228881836;7.159999847412109;67500
2005-04-04;7.03000020980835;7.190000057220459;6.710000038146973;6.710000038146973;65400
2005-04-05;6.869999885559082;6.940000057220459;6.699999809265137;6.900000095367432;43900
2005-04-06;7.019999980926514;7.039999961853027;6.75;6.849999904632568;21400
2005-04-07;6.75;6.789999961853027;6.619999885559082;6.670000076293945;37800
2005-04-08;6.699999809265137;6.699999809265137;6.360000133514404;6.449999809265137;75700
2005-04-11;6.389999866485596;6.460000038146973;6.25;6.409999847412109;73200
2005-04-12;6.269999980926514;6.679999828338623;6.199999809265137;6.46999979019165;65000
2005-04-13;6.5;6.630000114440918;6.269999980926514;6.309999942779541;85700
2005-04-14;6.449999809265137;6.449999809265137;6.190000057220459;6.400000095367432;68600
2005-04-15;6.360000133514404;6.389999866485596;6.090000152587891;6.25;95300
2005-04-18;6.369999885559082;6.389999866485596;6.039999961853027;6.119999885559082;48900
2005-04-19;6.050000190734863;6.590000152587891;6.050000190734863;6.46999979019165;76800
2005-04-20;6.489999771118164;6.539999961853027;6.300000190734863;6.449999809265137;26000
2005-04-21;6.539999961853027;6.539999961853027;6.159999847412109;6.349999904632568;38800
2005-04-22;6.400000095367432;6.710000038146973;6.289999961853027;6.699999809265137;46600
2005-04-25;6.550000190734863;6.670000076293945;6.260000228881836;6.349999904632568;49600
2005-04-26;6.28000020980835;6.369999885559082;6.260000228881836;6.320000171661377;18500
2005-04-27;6.28000020980835;6.570000171661377;6.070000171661377;6.260000228881836;60000
2005-04-28;6.300000190734863;6.329999923706055;6.25;6.28000020980835;4100
2005-04-29;6.269999980926514;6.550000190734863;6.050000190734863;6.400000095367432;63000
2005-05-02;6.539999961853027;6.599999904632568;6.050000190734863;6.5;98000
2005-05-03;6.380000114440918;6.550000190734863;6.269999980926514;6.400000095367432;19300
2005-05-04;6.46999979019165;6.519999980926514;6.25;6.5;45400
2005-05-05;6.550000190734863;6.550000190734863;6.210000038146973;6.239999771118164;24100
2005-05-06;6.21999979019165;6.25;6.119999885559082;6.119999885559082;22500
2005-05-09;6.119999885559082;6.269999980926514;5.769999980926514;6.03000020980835;75600
2005-05-10;6.019999980926514;6.130000114440918;5.989999771118164;6.119999885559082;71400
2005-05-11;6.159999847412109;6.159999847412109;5.909999847412109;6.0;80600
2005-05-12;5.840000152587891;6.03000020980835;5.840000152587891;5.989999771118164;20100
2005-05-13;5.900000095367432;6.099999904632568;5.900000095367432;5.960000038146973;108600
2005-05-16;5.900000095367432;6.150000095367432;5.900000095367432;5.96999979019165;56700
2005-05-17;6.050000190734863;6.099999904632568;5.949999809265137;6.039999961853027;18000
2005-05-18;6.059999942779541;6.289999961853027;5.820000171661377;6.070000171661377;35800
2005-05-19;6.150000095367432;6.309999942779541;6.099999904632568;6.130000114440918;51800
2005-05-20;6.110000133514404;6.230000019073486;6.110000133514404;6.190000057220459;13000
2005-05-23;6.25;6.269999980926514;6.0;6.179999828338623;110900
2005-05-24;6.21999979019165;6.21999979019165;5.989999771118164;6.170000076293945;61400
2005-05-25;6.110000133514404;6.28000020980835;6.099999904632568;6.150000095367432;18600
2005-05-26;6.159999847412109;6.260000228881836;6.070000171661377;6.159999847412109;45000
2005-05-27;6.119999885559082;6.300000190734863;6.010000228881836;6.110000133514404;37900
2005-05-31;6.090000152587891;6.090000152587891;5.980000019073486;6.0;40900
2005-06-01;6.019999980926514;6.050000190734863;5.929999828338623;5.940000057220459;43800
2005-06-02;6.0;6.0;5.900000095367432;5.980000019073486;49000
2005-06-03;5.980000019073486;6.0;5.949999809265137;6.0;17600
2005-06-06;6.0;6.010000228881836;5.900000095367432;6.0;32000
2005-06-07;5.869999885559082;6.150000095367432;5.869999885559082;6.0;27100
2005-06-08;6.050000190734863;6.28000020980835;6.039999961853027;6.269999980926514;118800
2005-06-09;6.429999828338623;6.440000057220459;6.199999809265137;6.289999961853027;55000
2005-06-10;6.25;6.409999847412109;6.239999771118164;6.400000095367432;45600
2005-06-13;6.480000019073486;6.480000019073486;6.150000095367432;6.25;43500
2005-06-14;6.21999979019165;6.369999885559082;6.190000057220459;6.260000228881836;35400
2005-06-15;6.199999809265137;6.329999923706055;6.199999809265137;6.269999980926514;35900
2005-06-16;6.329999923706055;6.380000114440918;6.269999980926514;6.329999923706055;23700
2005-06-17;6.190000057220459;6.449999809265137;6.190000057220459;6.340000152587891;43500
2005-06-20;6.409999847412109;6.559999942779541;6.300000190734863;6.409999847412109;28400
2005-06-21;6.429999828338623;6.5;6.380000114440918;6.46999979019165;23300
2005-06-22;6.5;6.619999885559082;6.349999904632568;6.539999961853027;80400
2005-06-23;6.5;6.599999904632568;6.230000019073486;6.369999885559082;42100
2005-06-24;6.150000095367432;6.369999885559082;6.03000020980835;6.230000019073486;76500
2005-06-27;6.230000019073486;6.239999771118164;6.059999942779541;6.099999904632568;46700
2005-06-28;6.019999980926514;6.5;6.019999980926514;6.300000190734863;57600
2005-06-29;6.429999828338623;6.699999809265137;6.289999961853027;6.460000038146973;85900
2005-06-30;6.460000038146973;6.579999923706055;6.349999904632568;6.489999771118164;89500
2005-07-01;6.510000228881836;6.679999828338623;6.449999809265137;6.650000095367432;139600
2005-07-05;6.699999809265137;6.789999961853027;6.610000133514404;6.679999828338623;54600
2005-07-06;6.809999942779541;6.860000133514404;6.5;6.579999923706055;24500
2005-07-07;6.659999847412109;6.659999847412109;6.449999809265137;6.519999980926514;82300
2005-07-08;6.630000114440918;6.630000114440918;6.380000114440918;6.519999980926514;27400
2005-07-11;6.599999904632568;6.679999828338623;6.389999866485596;6.429999828338623;37100
2005-07-12;6.420000076293945;6.420000076293945;6.28000020980835;6.360000133514404;51400
2005-07-13;6.46999979019165;6.46999979019165;6.360000133514404;6.380000114440918;23400
2005-07-14;6.349999904632568;6.489999771118164;6.340000152587891;6.349999904632568;35600
2005-07-15;6.360000133514404;6.369999885559082;6.019999980926514;6.210000038146973;66900
2005-07-18;6.269999980926514;6.269999980926514;6.110000133514404;6.130000114440918;36200
2005-07-19;6.190000057220459;6.239999771118164;6.079999923706055;6.239999771118164;84600
2005-07-20;6.099999904632568;6.489999771118164;6.099999904632568;6.300000190734863;101400
2005-07-21;6.300000190734863;6.690000057220459;6.300000190734863;6.53000020980835;95300
2005-07-22;6.690000057220459;6.75;6.369999885559082;6.53000020980835;44500
2005-07-25;6.539999961853027;6.639999866485596;6.289999961853027;6.300000190734863;33400
2005-07-26;6.340000152587891;6.420000076293945;6.170000076293945;6.380000114440918;44100
2005-07-27;6.449999809265137;6.690000057220459;6.239999771118164;6.300000190734863;27400
2005-07-28;6.21999979019165;6.449999809265137;6.199999809265137;6.239999771118164;65300
2005-07-29;6.289999961853027;6.289999961853027;6.050000190734863;6.090000152587891;56900
2005-08-01;6.190000057220459;6.25;6.0;6.010000228881836;64400
2005-08-02;6.130000114440918;6.25;5.940000057220459;6.099999904632568;79800
2005-08-03;6.130000114440918;6.25;5.909999847412109;5.949999809265137;59200
2005-08-04;6.050000190734863;6.119999885559082;5.949999809265137;5.949999809265137;91800
2005-08-05;6.130000114440918;6.489999771118164;6.099999904632568;6.389999866485596;129600
2005-08-08;6.429999828338623;6.53000020980835;6.139999866485596;6.380000114440918;417500
2005-08-09;6.420000076293945;6.449999809265137;6.099999904632568;6.230000019073486;26100
2005-08-10;6.199999809265137;6.480000019073486;6.199999809265137;6.199999809265137;21100
2005-08-11;6.199999809265137;6.400000095367432;6.199999809265137;6.260000228881836;26100
2005-08-12;6.269999980926514;6.429999828338623;6.25;6.340000152587891;48400
2005-08-15;6.260000228881836;6.409999847412109;6.25;6.25;32300
2005-08-16;6.300000190734863;6.429999828338623;6.300000190734863;6.400000095367432;30100
2005-08-17;6.429999828338623;6.440000057220459;6.28000020980835;6.360000133514404;28200
2005-08-18;6.400000095367432;6.440000057220459;6.320000171661377;6.380000114440918;18900
2005-08-19;6.380000114440918;6.5;6.380000114440918;6.489999771118164;81800
2005-08-22;6.590000152587891;6.639999866485596;6.449999809265137;6.489999771118164;303900
2005-08-23;6.5;6.659999847412109;6.480000019073486;6.639999866485596;96000
2005-08-24;6.639999866485596;6.739999771118164;6.53000020980835;6.730000019073486;85500
2005-08-25;6.730000019073486;6.980000019073486;6.659999847412109;6.730000019073486;204400
2005-08-26;6.739999771118164;6.78000020980835;6.559999942779541;6.690000057220459;55900
2005-08-29;6.699999809265137;6.75;6.400000095367432;6.579999923706055;49600
2005-08-30;6.550000190734863;6.650000095367432;6.420000076293945;6.53000020980835;36000
2005-08-31;6.550000190734863;6.619999885559082;6.429999828338623;6.539999961853027;60000
2005-09-01;6.510000228881836;6.730000019073486;6.460000038146973;6.619999885559082;75700
2005-09-02;6.599999904632568;6.75;6.53000020980835;6.739999771118164;82600
2005-09-06;6.760000228881836;6.840000152587891;6.650000095367432;6.699999809265137;44400
2005-09-07;6.75;6.800000190734863;6.650000095367432;6.71999979019165;54900
2005-09-08;6.789999961853027;6.849999904632568;6.710000038146973;6.840000152587891;51900
2005-09-09;6.75;6.849999904632568;6.670000076293945;6.840000152587891;91800
2005-09-12;6.809999942779541;6.900000095367432;6.789999961853027;6.889999866485596;54400
2005-09-13;6.849999904632568;7.170000076293945;6.849999904632568;6.980000019073486;157000
2005-09-14;6.949999809265137;7.199999809265137;6.949999809265137;7.039999961853027;40000
2005-09-15;7.079999923706055;7.119999885559082;6.849999904632568;7.039999961853027;55500
2005-09-16;7.019999980926514;7.5;7.0;7.289999961853027;54200
2005-09-19;7.300000190734863;7.449999809265137;7.190000057220459;7.349999904632568;101100
2005-09-20;7.440000057220459;7.639999866485596;7.440000057220459;7.480000019073486;111900
2005-09-21;7.409999847412109;7.440000057220459;7.079999923706055;7.360000133514404;48700
2005-09-22;7.300000190734863;7.360000133514404;7.150000095367432;7.269999980926514;34800
2005-09-23;7.179999828338623;7.699999809265137;7.150000095367432;7.5;128600
2005-09-26;7.650000095367432;7.670000076293945;7.369999885559082;7.460000038146973;72900
2005-09-27;7.489999771118164;7.889999866485596;7.46999979019165;7.860000133514404;245700
2005-09-28;7.860000133514404;8.010000228881836;7.570000171661377;7.889999866485596;351200
2005-09-29;7.809999942779541;7.829999923706055;6.920000076293945;7.269999980926514;179400
2005-09-30;7.25;7.400000095367432;6.880000114440918;7.309999942779541;101900
2005-10-03;6.800000190734863;7.289999961853027;6.800000190734863;7.0;77200
2005-10-04;7.0;7.25;7.0;7.210000038146973;62000
2005-10-05;7.210000038146973;7.21999979019165;6.900000095367432;6.960000038146973;71700
2005-10-06;6.980000019073486;7.019999980926514;6.570000171661377;6.869999885559082;43000
2005-10-07;6.809999942779541;6.960000038146973;6.559999942779541;6.829999923706055;51300
2005-10-10;6.949999809265137;7.130000114440918;6.889999866485596;6.949999809265137;15100
2005-10-11;6.989999771118164;6.989999771118164;6.650000095367432;6.659999847412109;21800
2005-10-12;6.579999923706055;6.579999923706055;6.320000171661377;6.400000095367432;39700
2005-10-13;6.46999979019165;6.940000057220459;6.420000076293945;6.800000190734863;37200
2005-10-14;6.989999771118164;7.150000095367432;6.53000020980835;6.849999904632568;47300
2005-10-17;6.75;6.96999979019165;6.75;6.869999885559082;36800
2005-10-18;6.550000190734863;6.889999866485596;6.539999961853027;6.800000190734863;40900
2005-10-19;6.730000019073486;6.860000133514404;6.550000190734863;6.699999809265137;49200
2005-10-20;6.71999979019165;6.900000095367432;6.510000228881836;6.699999809265137;49000
2005-10-21;6.699999809265137;6.900000095367432;6.440000057220459;6.800000190734863;34300
2005-10-24;6.889999866485596;6.889999866485596;6.639999866485596;6.829999923706055;12600
2005-10-25;6.800000190734863;6.800000190734863;6.53000020980835;6.650000095367432;13300
2005-10-26;6.760000228881836;6.989999771118164;6.480000019073486;6.960000038146973;100700
2005-10-27;6.889999866485596;6.949999809265137;6.650000095367432;6.769999980926514;16400
2005-10-28;6.639999866485596;6.809999942779541;6.570000171661377;6.809999942779541;21900
2005-10-31;6.949999809265137;6.949999809265137;6.650000095367432;6.789999961853027;34400
2005-11-01;6.75;6.800000190734863;6.619999885559082;6.760000228881836;61700
2005-11-02;6.800000190734863;6.889999866485596;6.670000076293945;6.849999904632568;30600
2005-11-03;6.820000171661377;7.03000020980835;6.820000171661377;7.019999980926514;44700
2005-11-04;6.949999809265137;7.019999980926514;6.820000171661377;7.019999980926514;17200
2005-11-07;7.039999961853027;7.139999866485596;6.929999828338623;7.019999980926514;37900
2005-11-08;6.949999809265137;7.079999923706055;6.809999942779541;7.0;60100
2005-11-09;7.050000190734863;7.130000114440918;6.739999771118164;7.0;25000
2005-11-10;7.070000171661377;7.25;6.860000133514404;7.099999904632568;41600
2005-11-11;7.03000020980835;7.829999923706055;7.03000020980835;7.679999828338623;150300
2005-11-14;7.440000057220459;7.440000057220459;7.099999904632568;7.190000057220459;71300
2005-11-15;7.050000190734863;7.099999904632568;6.75;6.829999923706055;50100
2005-11-16;6.849999904632568;7.019999980926514;6.820000171661377;6.989999771118164;34400
2005-11-17;6.920000076293945;7.050000190734863;6.699999809265137;7.010000228881836;87300
2005-11-18;7.050000190734863;7.190000057220459;6.940000057220459;7.0;24400
2005-11-21;7.059999942779541;7.179999828338623;6.889999866485596;7.099999904632568;31600
2005-11-22;7.099999904632568;7.170000076293945;7.0;7.150000095367432;28900
2005-11-23;7.150000095367432;7.239999771118164;7.139999866485596;7.150000095367432;16100
2005-11-25;7.070000171661377;7.21999979019165;7.019999980926514;7.21999979019165;9900
2005-11-28;7.25;7.25;7.070000171661377;7.230000019073486;30300
2005-11-29;7.25;7.25;7.059999942779541;7.150000095367432;22400
2005-11-30;7.179999828338623;7.5;7.179999828338623;7.369999885559082;50800
2005-12-01;7.309999942779541;7.489999771118164;7.300000190734863;7.429999828338623;28100
2005-12-02;7.380000114440918;7.550000190734863;7.360000133514404;7.53000020980835;58400
2005-12-05;7.570000171661377;7.75;7.46999979019165;7.690000057220459;229600
2005-12-06;7.840000152587891;7.840000152587891;7.5;7.590000152587891;31800
2005-12-07;7.599999904632568;7.619999885559082;7.449999809265137;7.619999885559082;44300
2005-12-08;7.670000076293945;7.789999961853027;7.449999809265137;7.53000020980835;49600
2005-12-09;7.449999809265137;7.599999904632568;7.389999866485596;7.599999904632568;10800
2005-12-12;7.699999809265137;7.71999979019165;7.300000190734863;7.349999904632568;46200
2005-12-13;7.369999885559082;7.369999885559082;7.079999923706055;7.239999771118164;53100
2005-12-14;7.199999809265137;7.289999961853027;6.920000076293945;7.190000057220459;59900
2005-12-15;7.289999961853027;7.289999961853027;6.800000190734863;7.099999904632568;32900
2005-12-16;7.0;7.309999942779541;6.980000019073486;7.239999771118164;25300
2005-12-19;7.369999885559082;7.5;7.25;7.320000171661377;14000
2005-12-20;7.119999885559082;7.400000095367432;7.119999885559082;7.369999885559082;55900
2005-12-21;7.420000076293945;7.650000095367432;7.409999847412109;7.480000019073486;25100
2005-12-22;7.5;7.670000076293945;7.46999979019165;7.590000152587891;75000
2005-12-23;7.650000095367432;7.650000095367432;7.5;7.590000152587891;20400
2005-12-27;7.460000038146973;7.610000133514404;7.440000057220459;7.53000020980835;22800
2005-12-28;7.489999771118164;7.619999885559082;7.489999771118164;7.599999904632568;16900
2005-12-29;7.659999847412109;7.78000020980835;7.619999885559082;7.699999809265137;27200
2005-12-30;7.730000019073486;7.800000190734863;7.630000114440918;7.75;13300
2006-01-03;7.800000190734863;7.800000190734863;7.510000228881836;7.71999979019165;61300
2006-01-04;7.599999904632568;7.800000190734863;7.420000076293945;7.75;107200
2006-01-05;7.610000133514404;7.75;6.860000133514404;7.559999942779541;126100
2006-01-06;7.619999885559082;7.619999885559082;7.159999847412109;7.28000020980835;173200
2006-01-09;7.150000095367432;7.230000019073486;6.920000076293945;7.079999923706055;171900
2006-01-10;6.929999828338623;7.110000133514404;6.929999828338623;7.059999942779541;126000
2006-01-11;7.199999809265137;7.199999809265137;6.96999979019165;7.03000020980835;101600
2006-01-12;7.070000171661377;7.070000171661377;6.96999979019165;7.0;166800
2006-01-13;6.949999809265137;7.0;6.809999942779541;6.889999866485596;96800
2006-01-17;6.889999866485596;6.900000095367432;6.659999847412109;6.860000133514404;92500
2006-01-18;6.789999961853027;6.96999979019165;6.739999771118164;6.849999904632568;36800
2006-01-19;6.78000020980835;6.860000133514404;6.699999809265137;6.739999771118164;74000
2006-01-20;6.699999809265137;6.840000152587891;6.699999809265137;6.75;75800
2006-01-23;6.730000019073486;6.760000228881836;6.559999942779541;6.610000133514404;101300
2006-01-24;6.570000171661377;6.590000152587891;6.309999942779541;6.400000095367432;73800
2006-01-25;6.340000152587891;6.5;6.340000152587891;6.46999979019165;22900
2006-01-26;6.409999847412109;6.5;6.320000171661377;6.369999885559082;20400
2006-01-27;6.539999961853027;6.679999828338623;6.400000095367432;6.610000133514404;52200
2006-01-30;6.699999809265137;6.699999809265137;6.480000019073486;6.510000228881836;54200
2006-01-31;6.460000038146973;6.559999942779541;6.460000038146973;6.460000038146973;88100
2006-02-01;6.5;6.510000228881836;6.409999847412109;6.489999771118164;44200
2006-02-02;6.5;6.5;6.460000038146973;6.5;33700
2006-02-03;6.5;6.539999961853027;6.449999809265137;6.5;41800
2006-02-06;6.389999866485596;6.599999904632568;6.230000019073486;6.590000152587891;47400
2006-02-07;6.590000152587891;6.599999904632568;6.5;6.570000171661377;54500
2006-02-08;6.510000228881836;6.590000152587891;6.460000038146973;6.510000228881836;54100
2006-02-09;6.519999980926514;6.590000152587891;6.400000095367432;6.519999980926514;22600
2006-02-10;6.5;6.789999961853027;6.449999809265137;6.730000019073486;78200
2006-02-13;6.739999771118164;6.849999904632568;6.730000019073486;6.78000020980835;54500
2006-02-14;6.75;6.880000114440918;6.71999979019165;6.820000171661377;52400
2006-02-15;6.760000228881836;6.920000076293945;6.760000228881836;6.900000095367432;72600
2006-02-16;6.949999809265137;6.960000038146973;6.75;6.900000095367432;97000
2006-02-17;7.0;7.0;6.71999979019165;6.829999923706055;15200
2006-02-21;6.78000020980835;6.880000114440918;6.760000228881836;6.860000133514404;13100
2006-02-22;6.940000057220459;7.5;6.909999847412109;7.429999828338623;365900
2006-02-23;7.5;7.5;7.150000095367432;7.300000190734863;201100
2006-02-24;7.230000019073486;7.46999979019165;7.230000019073486;7.360000133514404;54400
2006-02-27;7.389999866485596;7.400000095367432;7.260000228881836;7.309999942779541;153500
2006-02-28;7.269999980926514;7.360000133514404;7.199999809265137;7.25;16400
2006-03-01;7.230000019073486;7.400000095367432;7.230000019073486;7.309999942779541;83800
2006-03-02;7.300000190734863;7.400000095367432;7.269999980926514;7.340000152587891;47000
2006-03-03;7.349999904632568;7.400000095367432;7.300000190734863;7.349999904632568;36400
2006-03-06;7.349999904632568;7.349999904632568;7.079999923706055;7.210000038146973;51700
2006-03-07;7.210000038146973;7.25;6.920000076293945;7.059999942779541;42500
2006-03-08;7.010000228881836;7.119999885559082;7.0;7.0;37200
2006-03-09;6.960000038146973;7.019999980926514;6.949999809265137;7.0;18900
2006-03-10;7.070000171661377;7.070000171661377;6.710000038146973;6.980000019073486;347400
2006-03-13;7.0;7.03000020980835;6.96999979019165;7.0;98800
2006-03-14;7.019999980926514;7.019999980926514;6.96999979019165;7.0;22400
2006-03-15;7.039999961853027;7.230000019073486;6.949999809265137;7.179999828338623;241800
2006-03-16;7.230000019073486;7.360000133514404;7.039999961853027;7.239999771118164;78400
2006-03-17;7.210000038146973;7.329999923706055;7.139999866485596;7.25;33800
2006-03-20;7.289999961853027;7.46999979019165;7.21999979019165;7.440000057220459;29700
2006-03-21;7.53000020980835;7.579999923706055;7.449999809265137;7.53000020980835;29000
2006-03-22;7.559999942779541;7.699999809265137;7.539999961853027;7.639999866485596;40200
2006-03-23;7.639999866485596;7.639999866485596;7.420000076293945;7.519999980926514;20900
2006-03-24;7.559999942779541;7.71999979019165;7.429999828338623;7.610000133514404;71000
2006-03-27;7.690000057220459;8.020000457763672;7.650000095367432;7.840000152587891;288800
2006-03-28;7.920000076293945;7.929999828338623;7.610000133514404;7.650000095367432;81900
2006-03-29;7.900000095367432;7.989999771118164;7.320000171661377;7.579999923706055;116900
2006-03-30;7.659999847412109;7.900000095367432;7.579999923706055;7.800000190734863;71000
2006-03-31;7.71999979019165;8.0;7.300000190734863;7.980000019073486;109400
2006-04-03;8.0;8.0;7.809999942779541;8.0;129200
2006-04-04;8.0;8.0;7.940000057220459;7.980000019073486;74000
2006-04-05;8.0;8.0;7.889999866485596;7.949999809265137;45300
2006-04-06;7.949999809265137;8.0600004196167;7.889999866485596;8.0;98800
2006-04-07;8.010000228881836;8.220000267028809;7.980000019073486;8.199999809265137;118400
2006-04-10;8.25;8.25;7.869999885559082;7.989999771118164;91700
2006-04-11;8.039999961853027;8.130000114440918;7.949999809265137;8.100000381469727;83400
2006-04-12;8.020000457763672;8.100000381469727;8.0;8.029999732971191;43500
2006-04-13;8.0600004196167;8.130000114440918;8.039999961853027;8.039999961853027;34300
2006-04-17;8.039999961853027;8.140000343322754;8.0;8.09000015258789;79300
2006-04-18;8.029999732971191;8.069999694824219;7.960000038146973;8.050000190734863;129600
2006-04-19;8.010000228881836;8.079999923706055;7.840000152587891;8.020000457763672;233600
2006-04-20;8.0;8.010000228881836;7.829999923706055;7.840000152587891;28000
2006-04-21;7.820000171661377;8.25;7.820000171661377;8.25;88000
2006-04-24;8.210000038146973;8.979999542236328;8.1899995803833;8.949999809265137;228400
2006-04-25;8.869999885559082;9.220000267028809;8.699999809265137;9.020000457763672;285900
2006-04-26;9.020000457763672;9.149999618530273;8.960000038146973;9.0;148500
2006-04-27;8.90999984741211;9.15999984741211;8.90999984741211;9.119999885559082;86200
2006-04-28;9.100000381469727;9.149999618530273;8.600000381469727;8.75;135100
2006-05-01;8.65999984741211;9.430000305175781;8.5600004196167;8.9399995803833;471300
2006-05-02;9.0;9.0;8.699999809265137;8.90999984741211;114500
2006-05-03;8.899999618530273;8.899999618530273;8.0;8.550000190734863;145100
2006-05-04;8.770000457763672;8.770000457763672;8.319999694824219;8.600000381469727;76900
2006-05-05;8.619999885559082;8.819999694824219;8.479999542236328;8.819999694824219;51400
2006-05-08;8.84000015258789;9.149999618530273;8.819999694824219;8.970000267028809;72500
2006-05-09;9.050000190734863;9.100000381469727;8.890000343322754;9.09000015258789;52500
2006-05-10;9.0600004196167;9.369999885559082;8.850000381469727;9.130000114440918;198800
2006-05-11;9.229999542236328;9.550000190734863;9.229999542236328;9.510000228881836;144500
2006-05-12;9.539999961853027;9.550000190734863;9.119999885559082;9.520000457763672;185200
2006-05-15;9.5;9.539999961853027;9.199999809265137;9.5;137900
2006-05-16;9.5;9.600000381469727;9.25;9.529999732971191;173200
2006-05-17;9.449999809265137;9.640000343322754;9.329999923706055;9.59000015258789;172000
2006-05-18;9.569999694824219;9.649999618530273;9.420000076293945;9.489999771118164;161000
2006-05-19;9.350000381469727;9.350000381469727;8.0;8.800000190734863;351000
2006-05-22;8.770000457763672;8.770000457763672;8.260000228881836;8.470000267028809;105400
2006-05-23;8.4399995803833;8.720000267028809;8.170000076293945;8.1899995803833;86400
2006-05-24;8.199999809265137;8.199999809265137;7.800000190734863;7.889999866485596;128900
2006-05-25;7.889999866485596;8.09000015258789;7.599999904632568;7.809999942779541;258300
2006-05-26;7.900000095367432;8.5;7.900000095367432;8.390000343322754;113300
2006-05-30;8.420000076293945;8.640000343322754;8.260000228881836;8.600000381469727;163600
2006-05-31;8.630000114440918;8.800000190734863;8.449999809265137;8.59000015258789;132400
2006-06-01;8.619999885559082;9.199999809265137;8.399999618530273;9.0;114400
2006-06-02;8.529999732971191;9.09000015258789;8.529999732971191;9.050000190734863;126300
2006-06-05;9.079999923706055;9.100000381469727;8.880000114440918;8.930000305175781;102200
2006-06-06;8.960000038146973;8.979999542236328;8.699999809265137;8.880000114440918;74300
2006-06-07;8.899999618530273;8.949999809265137;8.680000305175781;8.710000038146973;74100
2006-06-08;8.680000305175781;8.739999771118164;8.380000114440918;8.449999809265137;106200
2006-06-09;8.420000076293945;8.649999618530273;8.420000076293945;8.550000190734863;55400
2006-06-12;8.520000457763672;8.869999885559082;8.5;8.630000114440918;99500
2006-06-13;8.65999984741211;8.710000038146973;8.460000038146973;8.5600004196167;60300
2006-06-14;8.529999732971191;8.569999694824219;8.0;8.289999961853027;114600
2006-06-15;8.300000190734863;9.09000015258789;8.300000190734863;8.859999656677246;133700
2006-06-16;8.90999984741211;8.989999771118164;8.649999618530273;8.84000015258789;101200
2006-06-19;8.899999618530273;8.949999809265137;8.5;8.770000457763672;112100
2006-06-20;8.680000305175781;8.770000457763672;8.430000305175781;8.600000381469727;52700
2006-06-21;8.569999694824219;8.9399995803833;8.569999694824219;8.739999771118164;31600
2006-06-22;8.729999542236328;8.84000015258789;8.539999961853027;8.800000190734863;82200
2006-06-23;8.5;9.079999923706055;8.479999542236328;8.880000114440918;149300
2006-06-26;8.90999984741211;9.09000015258789;8.819999694824219;8.989999771118164;127600
2006-06-27;9.15999984741211;9.15999984741211;8.949999809265137;8.949999809265137;115400
2006-06-28;8.989999771118164;9.149999618530273;8.989999771118164;9.09000015258789;249100
2006-06-29;9.149999618530273;9.220000267028809;8.829999923706055;9.220000267028809;148900
2006-06-30;9.220000267028809;9.289999961853027;8.989999771118164;9.25;126500
2006-07-03;9.25;9.300000190734863;9.180000305175781;9.300000190734863;42900
2006-07-05;9.270000457763672;9.319999694824219;8.579999923706055;9.199999809265137;212000
2006-07-06;9.199999809265137;9.260000228881836;8.890000343322754;9.140000343322754;118900
2006-07-07;9.029999732971191;9.130000114440918;8.539999961853027;8.890000343322754;119300
2006-07-10;8.90999984741211;8.90999984741211;7.960000038146973;8.0;190200
2006-07-11;8.0;8.390000343322754;8.0;8.25;158700
2006-07-12;8.220000267028809;8.5;8.170000076293945;8.390000343322754;130400
2006-07-13;8.319999694824219;8.34000015258789;8.0;8.100000381469727;133800
2006-07-14;8.119999885559082;8.279999732971191;8.09000015258789;8.1899995803833;57100
2006-07-17;8.15999984741211;8.34000015258789;8.119999885559082;8.199999809265137;36700
2006-07-18;8.229999542236328;8.34000015258789;8.1899995803833;8.220000267028809;46900
2006-07-19;8.279999732971191;8.569999694824219;8.199999809265137;8.229999542236328;34700
2006-07-20;8.25;8.420000076293945;8.119999885559082;8.25;71600
2006-07-21;8.25;8.319999694824219;8.210000038146973;8.25;48000
2006-07-24;8.199999809265137;8.770000457763672;8.199999809265137;8.75;73600
2006-07-25;9.4399995803833;9.4399995803833;8.779999732971191;8.989999771118164;92900
2006-07-26;9.020000457763672;9.069999694824219;8.8100004196167;8.899999618530273;165400
2006-07-27;8.930000305175781;9.0;8.850000381469727;8.989999771118164;89300
2006-07-28;9.0;9.899999618530273;8.850000381469727;9.619999885559082;299600
2006-07-31;9.819999694824219;9.949999809265137;9.600000381469727;9.6899995803833;157200
2006-08-01;9.720000267028809;10.0;9.420000076293945;9.529999732971191;219400
2006-08-02;9.5;9.600000381469727;9.130000114440918;9.449999809265137;174800
2006-08-03;9.479999542236328;9.6899995803833;9.260000228881836;9.5600004196167;54200
2006-08-04;9.59000015258789;9.710000038146973;9.170000076293945;9.59000015258789;59500
2006-08-07;9.59000015258789;9.59000015258789;9.100000381469727;9.149999618530273;110200
2006-08-08;9.180000305175781;9.399999618530273;9.180000305175781;9.210000038146973;24600
2006-08-09;9.210000038146973;9.210000038146973;8.5;8.850000381469727;253000
2006-08-10;8.850000381469727;9.09000015258789;8.8100004196167;9.039999961853027;54800
2006-08-11;9.039999961853027;9.039999961853027;8.670000076293945;8.8100004196167;46000
2006-08-14;8.850000381469727;9.149999618530273;8.699999809265137;9.149999618530273;86500
2006-08-15;9.149999618530273;9.75;9.0;9.729999542236328;597100
2006-08-16;10.0;10.699999809265137;9.920000076293945;10.670000076293945;506000
2006-08-17;10.680000305175781;10.699999809265137;10.270000457763672;10.59000015258789;377100
2006-08-18;10.789999961853027;11.0;10.5;11.0;323400
2006-08-21;10.699999809265137;11.109999656677246;9.779999732971191;10.260000228881836;392600
2006-08-22;10.289999961853027;10.5;9.960000038146973;10.15999984741211;165900
2006-08-23;10.069999694824219;10.399999618530273;10.010000228881836;10.149999618530273;157800
2006-08-24;10.220000267028809;10.5;10.029999732971191;10.09000015258789;120600
2006-08-25;10.029999732971191;10.300000190734863;9.949999809265137;10.0;209200
2006-08-28;9.949999809265137;10.300000190734863;9.8100004196167;10.119999885559082;250200
2006-08-29;10.140000343322754;10.609999656677246;10.069999694824219;10.460000038146973;265200
2006-08-30;10.6899995803833;10.890000343322754;9.949999809265137;10.1899995803833;243800
2006-08-31;10.1899995803833;10.300000190734863;9.25;10.130000114440918;462400
2006-09-01;10.229999542236328;10.229999542236328;9.75;10.119999885559082;625200
2006-09-05;10.050000190734863;10.4399995803833;10.0;10.380000114440918;157100
2006-09-06;10.300000190734863;10.3100004196167;9.970000267028809;10.109999656677246;93700
2006-09-07;10.039999961853027;10.430000305175781;9.899999618530273;10.25;109900
2006-09-08;10.25;10.289999961853027;10.149999618530273;10.170000076293945;96700
2006-09-11;10.050000190734863;10.75;10.050000190734863;10.630000114440918;214300
2006-09-12;10.649999618530273;10.829999923706055;10.529999732971191;10.800000190734863;169400
2006-09-13;10.84000015258789;11.09000015258789;10.84000015258789;11.029999732971191;222100
2006-09-14;11.050000190734863;11.25;10.720000267028809;10.9399995803833;237900
2006-09-15;11.050000190734863;11.100000381469727;10.829999923706055;11.0;221900
2006-09-18;10.970000267028809;11.1899995803833;10.739999771118164;11.010000228881836;205500
2006-09-19;11.09000015258789;11.239999771118164;10.729999542236328;11.199999809265137;149900
2006-09-20;11.25;11.300000190734863;11.010000228881836;11.149999618530273;268100
2006-09-21;11.300000190734863;11.319999694824219;10.949999809265137;11.09000015258789;198300
2006-09-22;11.050000190734863;11.180000305175781;10.920000076293945;11.0600004196167;137100
2006-09-25;11.180000305175781;11.239999771118164;11.039999961853027;11.149999618530273;117400
2006-09-26;11.149999618530273;11.300000190734863;10.979999542236328;11.100000381469727;178500
2006-09-27;10.760000228881836;10.760000228881836;9.600000381469727;10.109999656677246;626600
2006-09-28;10.09000015258789;10.699999809265137;10.050000190734863;10.550000190734863;218900
2006-09-29;10.5;10.899999618530273;10.279999732971191;10.800000190734863;95400
2006-10-02;10.800000190734863;11.010000228881836;10.5600004196167;10.619999885559082;83400
2006-10-03;10.539999961853027;10.539999961853027;10.010000228881836;10.100000381469727;165300
2006-10-04;10.109999656677246;10.279999732971191;9.829999923706055;10.0;102300
2006-10-05;10.010000228881836;10.279999732971191;9.6899995803833;10.119999885559082;147200
2006-10-06;10.039999961853027;10.149999618530273;9.600000381469727;9.739999771118164;149300
2006-10-09;9.649999618530273;9.960000038146973;9.029999732971191;9.880000114440918;187800
2006-10-10;9.800000190734863;9.859999656677246;9.59000015258789;9.699999809265137;119300
2006-10-11;9.680000305175781;9.699999809265137;9.319999694824219;9.550000190734863;161600
2006-10-12;9.579999923706055;9.600000381469727;9.300000190734863;9.529999732971191;72500
2006-10-13;9.529999732971191;9.770000457763672;9.350000381469727;9.670000076293945;134000
2006-10-16;9.710000038146973;9.90999984741211;9.65999984741211;9.779999732971191;79500
2006-10-17;9.680000305175781;9.800000190734863;9.5600004196167;9.569999694824219;50400
2006-10-18;9.649999618530273;9.75;9.529999732971191;9.729999542236328;79400
2006-10-19;9.649999618530273;10.079999923706055;9.649999618530273;9.800000190734863;136000
2006-10-20;9.899999618530273;9.899999618530273;9.600000381469727;9.6899995803833;82300
2006-10-23;9.710000038146973;9.90999984741211;9.699999809265137;9.779999732971191;87400
2006-10-24;9.789999961853027;9.979999542236328;9.739999771118164;9.899999618530273;73200
2006-10-25;9.949999809265137;9.989999771118164;9.5600004196167;9.699999809265137;81100
2006-10-26;9.779999732971191;9.960000038146973;9.710000038146973;9.930000305175781;61900
2006-10-27;9.890000343322754;9.890000343322754;9.600000381469727;9.630000114440918;36500
2006-10-30;9.619999885559082;9.619999885559082;9.369999885559082;9.390000343322754;70700
2006-10-31;9.390000343322754;9.670000076293945;9.359999656677246;9.460000038146973;51400
2006-11-01;9.420000076293945;9.649999618530273;9.380000114440918;9.539999961853027;160100
2006-11-02;9.539999961853027;9.600000381469727;9.369999885559082;9.470000267028809;97100
2006-11-03;9.550000190734863;9.670000076293945;9.390000343322754;9.640000343322754;168100
2006-11-06;9.640000343322754;9.640000343322754;9.430000305175781;9.550000190734863;45500
2006-11-07;9.520000457763672;9.979999542236328;9.520000457763672;9.84000015258789;57900
2006-11-08;9.729999542236328;9.880000114440918;9.649999618530273;9.770000457763672;53900
2006-11-09;9.800000190734863;10.0;9.739999771118164;9.930000305175781;83000
2006-11-10;9.970000267028809;10.039999961853027;9.760000228881836;9.949999809265137;65100
2006-11-13;10.0;10.079999923706055;9.899999618530273;10.010000228881836;82900
2006-11-14;10.010000228881836;10.010000228881836;9.479999542236328;9.899999618530273;50600
2006-11-15;9.869999885559082;10.199999809265137;9.819999694824219;10.069999694824219;56400
2006-11-16;10.029999732971191;10.199999809265137;9.649999618530273;10.010000228881836;72100
2006-11-17;9.869999885559082;10.09000015258789;9.779999732971191;10.069999694824219;54900
2006-11-20;10.0;10.180000305175781;9.859999656677246;10.130000114440918;65800
2006-11-21;10.119999885559082;10.130000114440918;9.6899995803833;9.90999984741211;67400
2006-11-22;9.949999809265137;9.979999542236328;9.75;9.960000038146973;71000
2006-11-24;9.949999809265137;9.960000038146973;9.770000457763672;9.890000343322754;12400
2006-11-27;9.819999694824219;9.960000038146973;9.75;9.90999984741211;569400
2006-11-28;9.770000457763672;10.0;9.760000228881836;9.90999984741211;136500
2006-11-29;9.949999809265137;10.050000190734863;9.850000381469727;9.949999809265137;92800
2006-11-30;9.90999984741211;10.010000228881836;9.489999771118164;9.579999923706055;208300
2006-12-01;9.539999961853027;9.949999809265137;9.520000457763672;9.6899995803833;42100
2006-12-04;11.3100004196167;11.489999771118164;10.65999984741211;10.949999809265137;398800
2006-12-05;11.039999961853027;11.399999618530273;10.890000343322754;11.039999961853027;232200
2006-12-06;11.079999923706055;11.170000076293945;10.8100004196167;10.84000015258789;68600
2006-12-07;10.84000015258789;10.850000381469727;10.59000015258789;10.729999542236328;137600
2006-12-08;10.829999923706055;11.0;10.710000038146973;10.899999618530273;57300
2006-12-11;10.920000076293945;10.989999771118164;10.8100004196167;10.890000343322754;42600
2006-12-12;10.899999618530273;10.899999618530273;10.6899995803833;10.800000190734863;250700
2006-12-13;10.8100004196167;10.84000015258789;10.670000076293945;10.800000190734863;52500
2006-12-14;10.789999961853027;10.850000381469727;10.670000076293945;10.670000076293945;104800
2006-12-15;10.729999542236328;10.75;10.579999923706055;10.579999923706055;46200
2006-12-18;10.640000343322754;10.75;10.0;10.079999923706055;184100
2006-12-19;10.220000267028809;10.600000381469727;10.100000381469727;10.300000190734863;236300
2006-12-20;10.34000015258789;10.65999984741211;10.3100004196167;10.449999809265137;82100
2006-12-21;10.489999771118164;11.020000457763672;10.369999885559082;11.0;110500
2006-12-22;10.979999542236328;11.25;10.710000038146973;11.109999656677246;125400
2006-12-26;11.119999885559082;11.119999885559082;11.010000228881836;11.109999656677246;97300
2006-12-27;11.09000015258789;11.170000076293945;11.020000457763672;11.109999656677246;109000
2006-12-28;11.109999656677246;11.149999618530273;10.890000343322754;11.109999656677246;87000
2006-12-29;11.079999923706055;11.199999809265137;10.760000228881836;10.760000228881836;41500
2007-01-03;10.699999809265137;11.369999885559082;10.5;11.34000015258789;244600
2007-01-04;11.319999694824219;11.859999656677246;11.300000190734863;11.729999542236328;280200
2007-01-05;11.75;11.819999694824219;11.489999771118164;11.649999618530273;178800
2007-01-08;11.6899995803833;11.84000015258789;11.180000305175781;11.550000190734863;437300
2007-01-09;11.579999923706055;11.699999809265137;11.399999618530273;11.699999809265137;214800
2007-01-10;11.6899995803833;11.850000381469727;11.5;11.819999694824219;139700
2007-01-11;11.75;12.239999771118164;11.75;12.180000305175781;254800
2007-01-12;12.210000038146973;12.449999809265137;12.069999694824219;12.449999809265137;119800
2007-01-16;12.5;12.779999732971191;12.34000015258789;12.640000343322754;223700
2007-01-17;12.649999618530273;12.699999809265137;12.100000381469727;12.270000457763672;474200
2007-01-18;12.319999694824219;12.510000228881836;12.109999656677246;12.130000114440918;180400
2007-01-19;12.0;12.210000038146973;11.670000076293945;12.039999961853027;284800
2007-01-22;12.0;12.050000190734863;11.699999809265137;11.850000381469727;160800
2007-01-23;11.899999618530273;12.100000381469727;11.779999732971191;12.0;147300
2007-01-24;12.0;12.109999656677246;11.920000076293945;12.109999656677246;103900
2007-01-25;12.140000343322754;12.140000343322754;11.890000343322754;11.90999984741211;90400
2007-01-26;11.920000076293945;11.9399995803833;11.4399995803833;11.640000343322754;108700
2007-01-29;11.65999984741211;11.890000343322754;11.5;11.829999923706055;94400
2007-01-30;11.890000343322754;11.890000343322754;11.5600004196167;11.779999732971191;57700
2007-01-31;11.829999923706055;12.300000190734863;11.699999809265137;12.25;134900
2007-02-01;12.25;12.579999923706055;12.130000114440918;12.470000267028809;295000
2007-02-02;12.600000381469727;12.600000381469727;12.220000267028809;12.270000457763672;232200
2007-02-05;12.359999656677246;12.359999656677246;12.09000015258789;12.199999809265137;115200
2007-02-06;12.109999656677246;12.3100004196167;12.09000015258789;12.199999809265137;410700
2007-02-07;12.25;12.289999961853027;12.180000305175781;12.229999542236328;166100
2007-02-08;12.260000228881836;12.300000190734863;12.140000343322754;12.199999809265137;270600
2007-02-09;12.220000267028809;12.5;12.180000305175781;12.350000381469727;198400
2007-02-12;12.989999771118164;13.0;12.569999694824219;12.699999809265137;728500
2007-02-13;12.829999923706055;13.0;12.699999809265137;12.880000114440918;212300
2007-02-14;12.899999618530273;13.039999961853027;12.880000114440918;13.0;345500
2007-02-15;13.0;13.100000381469727;12.949999809265137;13.0600004196167;254500
2007-02-16;13.069999694824219;13.5;13.029999732971191;13.399999618530273;231900
2007-02-20;13.5;13.529999732971191;13.149999618530273;13.380000114440918;380900
2007-02-21;13.390000343322754;13.470000267028809;13.270000457763672;13.380000114440918;112500
2007-02-22;13.430000305175781;13.520000457763672;12.850000381469727;13.319999694824219;360600
2007-02-23;13.449999809265137;13.800000190734863;13.40999984741211;13.779999732971191;233000
2007-02-26;13.779999732971191;13.880000114440918;13.0;13.550000190734863;341500
2007-02-27;13.380000114440918;13.489999771118164;13.210000038146973;13.350000381469727;288400
2007-02-28;13.3100004196167;13.40999984741211;13.010000228881836;13.380000114440918;248600
2007-03-01;13.329999923706055;13.329999923706055;12.5;12.819999694824219;288300
2007-03-02;12.8100004196167;13.479999542236328;12.6899995803833;13.100000381469727;219600
2007-03-05;12.989999771118164;12.989999771118164;12.5;12.510000228881836;152100
2007-03-06;12.5;12.979999542236328;12.40999984741211;12.729999542236328;232900
2007-03-07;12.720000267028809;12.989999771118164;12.609999656677246;12.850000381469727;98300
2007-03-08;12.899999618530273;12.989999771118164;12.600000381469727;12.899999618530273;185000
2007-03-09;13.010000228881836;13.140000343322754;12.6899995803833;13.130000114440918;170600
2007-03-12;13.15999984741211;13.220000267028809;12.920000076293945;13.140000343322754;93300
2007-03-13;13.100000381469727;13.15999984741211;12.239999771118164;12.260000228881836;167400
2007-03-14;12.270000457763672;12.90999984741211;12.270000457763672;12.899999618530273;167400
2007-03-15;12.890000343322754;13.119999885559082;12.800000190734863;13.119999885559082;181600
2007-03-16;13.170000076293945;13.319999694824219;13.039999961853027;13.09000015258789;109400
2007-03-19;13.199999809265137;13.449999809265137;13.149999618530273;13.3100004196167;117100
2007-03-20;13.3100004196167;13.84000015258789;13.3100004196167;13.619999885559082;157500
2007-03-21;13.579999923706055;13.90999984741211;13.579999923706055;13.90999984741211;131800
2007-03-22;13.90999984741211;14.380000114440918;13.890000343322754;14.239999771118164;344700
2007-03-23;14.359999656677246;14.380000114440918;14.069999694824219;14.119999885559082;288500
2007-03-26;14.279999732971191;14.289999961853027;14.0;14.170000076293945;187700
2007-03-27;14.220000267028809;14.220000267028809;14.0;14.109999656677246;218300
2007-03-28;14.5;15.130000114440918;14.119999885559082;14.59000015258789;1188300
2007-03-29;14.699999809265137;14.850000381469727;14.149999618530273;14.510000228881836;331200
2007-03-30;14.489999771118164;14.680000305175781;14.100000381469727;14.180000305175781;278100
2007-04-02;14.25;14.289999961853027;13.390000343322754;13.5600004196167;249400
2007-04-03;13.5600004196167;13.859999656677246;13.550000190734863;13.8100004196167;274200
2007-04-04;13.850000381469727;13.890000343322754;13.359999656677246;13.40999984741211;229900
2007-04-05;13.399999618530273;13.729999542236328;13.399999618530273;13.569999694824219;154300
2007-04-09;13.670000076293945;13.949999809265137;13.319999694824219;13.369999885559082;316600
2007-04-10;13.350000381469727;13.369999885559082;13.100000381469727;13.25;299200
2007-04-11;13.289999961853027;13.369999885559082;12.880000114440918;13.010000228881836;212200
2007-04-12;13.100000381469727;13.149999618530273;12.979999542236328;13.0600004196167;169500
2007-04-13;13.100000381469727;13.15999984741211;13.0;13.100000381469727;153600
2007-04-16;13.100000381469727;13.260000228881836;12.899999618530273;13.050000190734863;341900
2007-04-17;13.0;13.050000190734863;12.779999732971191;12.90999984741211;174200
2007-04-18;12.800000190734863;12.90999984741211;12.6899995803833;12.869999885559082;130200
2007-04-19;12.8100004196167;12.829999923706055;12.430000305175781;12.59000015258789;176900
2007-04-20;12.649999618530273;13.0;12.579999923706055;12.9399995803833;82400
2007-04-23;12.899999618530273;12.979999542236328;12.699999809265137;12.960000038146973;127000
2007-04-24;13.050000190734863;13.050000190734863;12.289999961853027;12.680000305175781;212500
2007-04-25;12.6899995803833;12.880000114440918;12.619999885559082;12.789999961853027;143700
2007-04-26;12.760000228881836;12.920000076293945;12.680000305175781;12.789999961853027;130700
2007-04-27;12.779999732971191;12.90999984741211;12.75;12.859999656677246;79900
2007-04-30;12.859999656677246;12.869999885559082;12.670000076293945;12.710000038146973;188600
2007-05-01;12.630000114440918;12.6899995803833;12.40999984741211;12.539999961853027;199400
2007-05-02;12.510000228881836;12.510000228881836;12.119999885559082;12.210000038146973;201200
2007-05-03;12.199999809265137;12.430000305175781;12.149999618530273;12.40999984741211;137900
2007-05-04;12.420000076293945;12.5;12.010000228881836;12.069999694824219;116300
2007-05-07;12.239999771118164;12.800000190734863;12.239999771118164;12.760000228881836;400200
2007-05-08;12.65999984741211;13.180000305175781;12.479999542236328;13.140000343322754;508400
2007-05-09;13.180000305175781;13.329999923706055;12.739999771118164;13.15999984741211;174900
2007-05-10;13.130000114440918;13.300000190734863;12.84000015258789;12.960000038146973;113200
2007-05-11;13.0;13.3100004196167;12.829999923706055;13.279999732971191;117700
2007-05-14;13.319999694824219;13.470000267028809;13.199999809265137;13.239999771118164;73600
2007-05-15;13.199999809265137;13.3100004196167;13.039999961853027;13.0600004196167;101300
2007-05-16;13.0600004196167;13.140000343322754;12.819999694824219;12.949999809265137;103200
2007-05-17;12.880000114440918;12.979999542236328;12.829999923706055;12.90999984741211;95200
2007-05-18;13.020000457763672;13.5;13.020000457763672;13.380000114440918;196600
2007-05-21;13.5;13.770000457763672;13.430000305175781;13.729999542236328;134600
2007-05-22;13.729999542236328;13.729999542236328;13.539999961853027;13.600000381469727;71200
2007-05-23;13.600000381469727;13.729999542236328;13.5;13.520000457763672;95900
2007-05-24;13.529999732971191;13.699999809265137;13.399999618530273;13.40999984741211;116100
2007-05-25;13.520000457763672;13.600000381469727;13.399999618530273;13.5600004196167;51000
2007-05-29;13.9399995803833;14.170000076293945;13.510000228881836;13.65999984741211;178700
2007-05-30;13.630000114440918;13.670000076293945;13.460000038146973;13.569999694824219;81500
2007-05-31;13.579999923706055;13.6899995803833;13.430000305175781;13.600000381469727;179400
2007-06-01;13.710000038146973;13.8100004196167;13.579999923706055;13.600000381469727;85400
2007-06-04;13.59000015258789;13.6899995803833;13.5;13.630000114440918;177200
2007-06-05;13.630000114440918;13.869999885559082;13.4399995803833;13.479999542236328;78200
2007-06-06;13.399999618530273;13.470000267028809;12.869999885559082;13.199999809265137;146800
2007-06-07;13.210000038146973;13.420000076293945;12.880000114440918;12.979999542236328;80500
2007-06-08;12.890000343322754;13.020000457763672;12.880000114440918;13.020000457763672;83500
2007-06-11;12.930000305175781;13.199999809265137;12.899999618530273;13.09000015258789;59600
2007-06-12;13.029999732971191;13.09000015258789;12.600000381469727;12.770000457763672;121500
2007-06-13;12.779999732971191;12.819999694824219;12.5;12.609999656677246;138000
2007-06-14;12.579999923706055;13.270000457763672;12.5;13.220000267028809;119600
2007-06-15;13.449999809265137;14.0;13.449999809265137;13.510000228881836;201800
2007-06-18;13.460000038146973;13.720000267028809;13.199999809265137;13.319999694824219;108800
2007-06-19;13.289999961853027;13.289999961853027;13.0;13.0600004196167;134400
2007-06-20;13.039999961853027;13.15999984741211;12.850000381469727;12.930000305175781;124700
2007-06-21;12.930000305175781;12.930000305175781;12.600000381469727;12.670000076293945;133900
2007-06-22;12.699999809265137;12.699999809265137;12.329999923706055;12.329999923706055;1895400
2007-06-25;12.300000190734863;12.670000076293945;12.25;12.399999618530273;251300
2007-06-26;12.489999771118164;13.09000015258789;12.380000114440918;12.899999618530273;212000
2007-06-27;12.9399995803833;13.140000343322754;12.5;13.109999656677246;91200
2007-06-28;13.140000343322754;13.390000343322754;13.130000114440918;13.319999694824219;110300
2007-06-29;13.390000343322754;13.649999618530273;13.390000343322754;13.399999618530273;198200
2007-07-02;13.4399995803833;13.6899995803833;13.229999542236328;13.649999618530273;251200
2007-07-03;13.699999809265137;13.699999809265137;13.460000038146973;13.609999656677246;32600
2007-07-05;13.59000015258789;13.75;13.4399995803833;13.680000305175781;106800
2007-07-06;13.680000305175781;13.970000267028809;13.680000305175781;13.770000457763672;89800
2007-07-09;13.819999694824219;13.989999771118164;13.710000038146973;13.880000114440918;76800
2007-07-10;13.779999732971191;13.779999732971191;13.239999771118164;13.5;143000
2007-07-11;13.479999542236328;13.90999984741211;13.479999542236328;13.819999694824219;209900
2007-07-12;13.899999618530273;13.979999542236328;13.779999732971191;13.90999984741211;94100
2007-07-13;13.930000305175781;13.979999542236328;13.720000267028809;13.899999618530273;72600
2007-07-16;13.829999923706055;14.0;13.609999656677246;14.0;173000
2007-07-17;13.989999771118164;13.989999771118164;13.619999885559082;13.739999771118164;119600
2007-07-18;13.649999618530273;13.819999694824219;13.5;13.640000343322754;84100
2007-07-19;13.670000076293945;13.699999809265137;13.5;13.640000343322754;132200
2007-07-20;13.609999656677246;13.609999656677246;13.380000114440918;13.399999618530273;198200
2007-07-23;13.350000381469727;13.9399995803833;13.3100004196167;13.8100004196167;134800
2007-07-24;13.619999885559082;13.859999656677246;12.960000038146973;13.4399995803833;255700
2007-07-25;13.510000228881836;13.510000228881836;12.649999618530273;13.210000038146973;338900
2007-07-26;12.989999771118164;13.140000343322754;11.5600004196167;12.0;619300
2007-07-27;12.0;12.100000381469727;11.140000343322754;11.270000457763672;283600
2007-07-30;11.289999961853027;11.680000305175781;10.470000267028809;11.350000381469727;428200
2007-07-31;11.399999618530273;12.199999809265137;11.399999618530273;11.510000228881836;374600
2007-08-01;11.539999961853027;11.619999885559082;11.109999656677246;11.239999771118164;365700
2007-08-02;11.3100004196167;11.359999656677246;10.829999923706055;10.90999984741211;301400
2007-08-03;10.880000114440918;10.960000038146973;9.970000267028809;10.020000457763672;350800
2007-08-06;10.039999961853027;10.039999961853027;9.600000381469727;9.890000343322754;539400
2007-08-07;9.760000228881836;10.600000381469727;9.720000267028809;10.369999885559082;455700
2007-08-08;10.460000038146973;11.65999984741211;10.359999656677246;11.369999885559082;465000
2007-08-09;11.229999542236328;11.899999618530273;11.0;11.420000076293945;319500
2007-08-10;11.4399995803833;11.510000228881836;10.5;10.829999923706055;271500
2007-08-13;10.960000038146973;11.170000076293945;10.430000305175781;10.6899995803833;343700
2007-08-14;10.6899995803833;10.9399995803833;10.399999618530273;10.550000190734863;252000
2007-08-15;10.510000228881836;11.029999732971191;10.289999961853027;10.699999809265137;152900
2007-08-16;10.699999809265137;11.670000076293945;10.539999961853027;11.670000076293945;230100
2007-08-17;12.079999923706055;12.079999923706055;11.0;11.010000228881836;213900
2007-08-20;11.020000457763672;11.319999694824219;10.630000114440918;11.149999618530273;84200
2007-08-21;11.100000381469727;11.470000267028809;11.020000457763672;11.3100004196167;216900
2007-08-22;11.430000305175781;11.800000190734863;11.390000343322754;11.680000305175781;187200
2007-08-23;11.770000457763672;13.390000343322754;11.149999618530273;13.319999694824219;1606400
2007-08-24;13.399999618530273;14.119999885559082;13.170000076293945;13.890000343322754;854300
2007-08-27;14.109999656677246;14.109999656677246;13.710000038146973;13.850000381469727;389200
2007-08-28;13.9399995803833;13.979999542236328;13.050000190734863;13.15999984741211;347700
2007-08-29;13.300000190734863;13.520000457763672;13.100000381469727;13.5;274200
2007-08-30;13.359999656677246;13.520000457763672;13.220000267028809;13.260000228881836;196200
2007-08-31;13.550000190734863;13.600000381469727;13.3100004196167;13.5;177900
2007-09-04;13.550000190734863;13.729999542236328;13.180000305175781;13.670000076293945;230200
2007-09-05;13.850000381469727;14.0;13.619999885559082;13.710000038146973;234800
2007-09-06;13.829999923706055;13.930000305175781;13.489999771118164;13.75;169000
2007-09-07;13.859999656677246;13.859999656677246;13.319999694824219;13.399999618530273;191100
2007-09-10;13.539999961853027;13.739999771118164;13.149999618530273;13.630000114440918;187600
2007-09-11;13.75;13.75;13.260000228881836;13.619999885559082;210300
2007-09-12;13.619999885559082;13.649999618530273;13.199999809265137;13.300000190734863;141500
2007-09-13;13.350000381469727;13.600000381469727;13.149999618530273;13.319999694824219;259200
2007-09-14;13.399999618530273;13.550000190734863;13.300000190734863;13.529999732971191;161300
2007-09-17;13.619999885559082;13.819999694824219;13.550000190734863;13.770000457763672;210800
2007-09-18;13.850000381469727;14.050000190734863;13.779999732971191;14.0;480900
2007-09-19;14.079999923706055;14.25;13.859999656677246;14.149999618530273;553100
2007-09-20;14.229999542236328;14.25;13.800000190734863;13.84000015258789;319200
2007-09-21;14.039999961853027;14.100000381469727;13.75;14.029999732971191;585900
2007-09-24;14.09000015258789;14.25;14.010000228881836;14.100000381469727;238300
2007-09-25;14.3100004196167;15.180000305175781;14.149999618530273;15.020000457763672;924900
2007-09-26;15.199999809265137;15.65999984741211;15.050000190734863;15.630000114440918;1140600
2007-09-27;15.850000381469727;15.850000381469727;15.5;15.649999618530273;668200
2007-09-28;15.739999771118164;15.850000381469727;15.399999618530273;15.460000038146973;751700
2007-10-01;15.579999923706055;16.270000457763672;15.5;16.0;689900
2007-10-02;16.190000534057617;16.75;15.9399995803833;16.479999542236328;559500
2007-10-03;16.479999542236328;16.600000381469727;15.9399995803833;16.0;487600
2007-10-04;16.200000762939453;16.260000228881836;15.279999732971191;15.350000381469727;809700
2007-10-05;15.550000190734863;16.0;15.529999732971191;15.819999694824219;486900
2007-10-08;16.0;16.25;15.720000267028809;15.8100004196167;201800
2007-10-09;15.9399995803833;16.09000015258789;15.899999618530273;16.0;277400
2007-10-10;16.059999465942383;16.059999465942383;15.569999694824219;15.899999618530273;227600
2007-10-11;15.949999809265137;15.989999771118164;15.380000114440918;15.479999542236328;251300
2007-10-12;15.460000038146973;16.0;15.430000305175781;15.5;538100
2007-10-15;15.479999542236328;15.619999885559082;15.050000190734863;15.25;236100
2007-10-16;15.25;15.25;14.640000343322754;14.920000076293945;288000
2007-10-17;15.15999984741211;15.479999542236328;14.510000228881836;14.819999694824219;187200
2007-10-18;14.770000457763672;15.0;14.510000228881836;14.630000114440918;153600
2007-10-19;14.600000381469727;15.649999618530273;14.380000114440918;14.8100004196167;593400
2007-10-22;14.65999984741211;14.75;14.380000114440918;14.569999694824219;193000
2007-10-23;14.75;15.010000228881836;14.40999984741211;15.0;424600
2007-10-24;14.819999694824219;14.819999694824219;14.210000038146973;14.470000267028809;277600
2007-10-25;14.470000267028809;14.609999656677246;14.100000381469727;14.220000267028809;202500
2007-10-26;14.399999618530273;14.600000381469727;14.0;14.350000381469727;191400
2007-10-29;14.479999542236328;15.020000457763672;14.0;14.569999694824219;705600
2007-10-30;14.579999923706055;15.279999732971191;14.579999923706055;14.970000267028809;270800
2007-10-31;15.09000015258789;15.09000015258789;14.59000015258789;14.859999656677246;139000
2007-11-01;14.670000076293945;14.789999961853027;13.819999694824219;13.850000381469727;194600
2007-11-02;14.09000015258789;14.15999984741211;13.140000343322754;13.170000076293945;455800
2007-11-05;13.850000381469727;13.850000381469727;12.5;12.930000305175781;327200
2007-11-06;12.949999809265137;13.210000038146973;12.399999618530273;12.739999771118164;358700
2007-11-07;12.489999771118164;12.760000228881836;12.239999771118164;12.270000457763672;183900
2007-11-08;12.25;12.579999923706055;12.0;12.529999732971191;258800
2007-11-09;12.600000381469727;12.949999809265137;12.34000015258789;12.449999809265137;220800
2007-11-12;12.489999771118164;12.649999618530273;11.970000267028809;11.979999542236328;183500
2007-11-13;12.010000228881836;12.170000076293945;11.5;11.640000343322754;308500
2007-11-14;11.720000267028809;12.140000343322754;11.609999656677246;11.930000305175781;138300
2007-11-15;11.9399995803833;11.9399995803833;11.550000190734863;11.630000114440918;129100
2007-11-16;11.65999984741211;11.680000305175781;11.270000457763672;11.510000228881836;202000
2007-11-19;11.449999809265137;11.579999923706055;11.109999656677246;11.260000228881836;151400
2007-11-20;11.220000267028809;11.600000381469727;11.130000114440918;11.600000381469727;343100
2007-11-21;11.65999984741211;11.8100004196167;11.199999809265137;11.600000381469727;253100
2007-11-23;11.800000190734863;12.170000076293945;11.600000381469727;11.979999542236328;105600
2007-11-26;12.100000381469727;12.229999542236328;11.800000190734863;11.920000076293945;304500
2007-11-27;11.949999809265137;12.359999656677246;11.789999961853027;12.279999732971191;186600
2007-11-28;12.470000267028809;13.119999885559082;12.40999984741211;13.079999923706055;181400
2007-11-29;13.020000457763672;13.079999923706055;12.680000305175781;12.970000267028809;125800
2007-11-30;13.520000457763672;13.579999923706055;13.010000228881836;13.140000343322754;161100
2007-12-03;13.199999809265137;13.489999771118164;12.649999618530273;12.65999984741211;219300
2007-12-04;12.5600004196167;12.90999984741211;12.5600004196167;12.789999961853027;120000
2007-12-05;13.010000228881836;13.15999984741211;12.069999694824219;12.420000076293945;221600
2007-12-06;12.329999923706055;12.899999618530273;12.229999542236328;12.899999618530273;276200
2007-12-07;12.90999984741211;13.119999885559082;12.899999618530273;13.119999885559082;63100
2007-12-10;13.25;13.90999984741211;13.140000343322754;13.819999694824219;276300
2007-12-11;13.899999618530273;13.970000267028809;13.149999618530273;13.149999618530273;206200
2007-12-12;13.65999984741211;13.949999809265137;13.380000114440918;13.630000114440918;212300
2007-12-13;13.529999732971191;13.529999732971191;12.760000228881836;13.039999961853027;163400
2007-12-14;12.850000381469727;13.149999618530273;12.670000076293945;12.6899995803833;125600
2007-12-17;12.550000190734863;12.65999984741211;11.899999618530273;12.100000381469727;251900
2007-12-18;12.25;13.0;12.220000267028809;13.0;120400
2007-12-19;13.0;13.0600004196167;12.729999542236328;12.970000267028809;155500
2007-12-20;13.0;13.109999656677246;12.399999618530273;13.0;146400
2007-12-21;13.210000038146973;13.739999771118164;13.069999694824219;13.270000457763672;342100
2007-12-24;13.399999618530273;14.0;13.399999618530273;13.850000381469727;196700
2007-12-26;13.869999885559082;13.869999885559082;13.260000228881836;13.630000114440918;144200
2007-12-27;13.5;13.710000038146973;13.0;13.010000228881836;132800
2007-12-28;13.1899995803833;13.5;13.1899995803833;13.449999809265137;115900
2007-12-31;13.40999984741211;13.649999618530273;13.199999809265137;13.399999618530273;152200
2008-01-02;13.380000114440918;13.5;12.779999732971191;12.859999656677246;181900
2008-01-03;13.050000190734863;13.5;12.550000190734863;12.619999885559082;263700
2008-01-04;11.489999771118164;11.829999923706055;10.420000076293945;10.65999984741211;2210900
2008-01-07;10.850000381469727;10.899999618530273;9.989999771118164;10.140000343322754;835200
2008-01-08;10.149999618530273;10.329999923706055;10.0;10.0;599700
2008-01-09;10.140000343322754;10.289999961853027;9.619999885559082;10.029999732971191;545100
2008-01-10;10.029999732971191;10.119999885559082;9.8100004196167;10.039999961853027;391000
2008-01-11;10.109999656677246;10.359999656677246;9.899999618530273;10.300000190734863;602400
2008-01-14;10.449999809265137;10.550000190734863;9.800000190734863;10.260000228881836;862400
2008-01-15;10.15999984741211;10.989999771118164;10.140000343322754;10.40999984741211;367800
2008-01-16;10.40999984741211;10.40999984741211;9.829999923706055;9.970000267028809;257300
2008-01-17;10.079999923706055;10.079999923706055;9.520000457763672;9.520000457763672;152800
2008-01-18;9.479999542236328;9.5;9.180000305175781;9.199999809265137;275600
2008-01-22;8.8100004196167;9.460000038146973;8.510000228881836;8.9399995803833;256700
2008-01-23;8.75;9.319999694824219;8.260000228881836;9.1899995803833;300400
2008-01-24;9.260000228881836;9.470000267028809;9.079999923706055;9.140000343322754;223200
2008-01-25;9.300000190734863;9.970000267028809;9.260000228881836;9.739999771118164;340000
2008-01-28;9.75;9.850000381469727;9.529999732971191;9.84000015258789;208100
2008-01-29;9.9399995803833;9.9399995803833;9.550000190734863;9.600000381469727;81500
2008-01-30;9.5600004196167;9.630000114440918;9.350000381469727;9.350000381469727;132700
2008-01-31;9.239999771118164;9.510000228881836;9.140000343322754;9.319999694824219;126500
2008-02-01;9.420000076293945;9.550000190734863;9.359999656677246;9.489999771118164;204100
2008-02-04;9.529999732971191;9.5600004196167;9.390000343322754;9.460000038146973;229600
2008-02-05;9.380000114440918;9.5;9.010000228881836;9.039999961853027;220800
2008-02-06;9.039999961853027;9.319999694824219;9.039999961853027;9.15999984741211;149700
2008-02-07;9.140000343322754;9.300000190734863;9.100000381469727;9.300000190734863;208100
2008-02-08;9.300000190734863;9.369999885559082;9.100000381469727;9.130000114440918;130500
2008-02-11;9.119999885559082;9.25;9.010000228881836;9.15999984741211;129100
2008-02-12;9.229999542236328;9.4399995803833;9.210000038146973;9.220000267028809;181400
2008-02-13;9.300000190734863;9.34000015258789;9.149999618530273;9.300000190734863;166000
2008-02-14;9.300000190734863;9.520000457763672;9.180000305175781;9.180000305175781;109100
2008-02-15;9.140000343322754;9.369999885559082;9.140000343322754;9.350000381469727;110200
2008-02-19;9.5;9.630000114440918;9.260000228881836;9.449999809265137;149200
2008-02-20;9.34000015258789;9.5600004196167;9.239999771118164;9.449999809265137;129600
2008-02-21;9.489999771118164;9.579999923706055;9.210000038146973;9.319999694824219;110300
2008-02-22;9.319999694824219;9.420000076293945;9.1899995803833;9.390000343322754;106400
2008-02-25;9.399999618530273;9.890000343322754;9.260000228881836;9.800000190734863;146700
2008-02-26;9.770000457763672;9.9399995803833;9.640000343322754;9.84000015258789;146900
2008-02-27;9.739999771118164;9.930000305175781;9.609999656677246;9.890000343322754;94500
2008-02-28;9.829999923706055;9.829999923706055;9.5;9.5600004196167;97600
2008-02-29;9.420000076293945;9.609999656677246;9.270000457763672;9.380000114440918;217000
2008-03-03;9.420000076293945;9.579999923706055;9.380000114440918;9.529999732971191;148500
2008-03-04;9.40999984741211;9.520000457763672;9.300000190734863;9.300000190734863;160400
2008-03-05;9.329999923706055;9.539999961853027;9.3100004196167;9.420000076293945;113300
2008-03-06;9.350000381469727;9.460000038146973;9.220000267028809;9.220000267028809;121400
2008-03-07;9.1899995803833;9.34000015258789;8.899999618530273;8.949999809265137;230200
2008-03-10;8.960000038146973;8.960000038146973;8.520000457763672;8.600000381469727;220400
2008-03-11;8.84000015258789;8.920000076293945;8.5;8.880000114440918;172800
2008-03-12;8.84000015258789;8.869999885559082;8.529999732971191;8.579999923706055;112800
2008-03-13;8.5;8.779999732971191;8.380000114440918;8.75;167500
2008-03-14;8.59000015258789;8.59000015258789;8.050000190734863;8.170000076293945;251700
2008-03-17;8.010000228881836;8.260000228881836;7.760000228881836;8.050000190734863;157100
2008-03-18;8.210000038146973;8.300000190734863;7.869999885559082;8.239999771118164;179400
2008-03-19;8.25;8.460000038146973;8.020000457763672;8.020000457763672;106000
2008-03-20;8.140000343322754;8.15999984741211;7.900000095367432;8.079999923706055;350400
2008-03-24;8.109999656677246;8.239999771118164;8.050000190734863;8.1899995803833;124800
2008-03-25;8.210000038146973;8.479999542236328;8.050000190734863;8.460000038146973;141700
2008-03-26;8.460000038146973;8.649999618530273;8.460000038146973;8.569999694824219;120400
2008-03-27;8.609999656677246;8.710000038146973;8.5;8.5600004196167;93700
2008-03-28;8.600000381469727;8.75;8.329999923706055;8.350000381469727;116300
2008-03-31;8.479999542236328;8.529999732971191;8.369999885559082;8.430000305175781;113400
2008-04-01;8.430000305175781;8.600000381469727;8.390000343322754;8.470000267028809;134000
2008-04-02;8.5;8.520000457763672;7.940000057220459;8.15999984741211;452900
2008-04-03;7.519999980926514;8.09000015258789;7.5;7.769999980926514;405400
2008-04-04;7.769999980926514;7.920000076293945;7.699999809265137;7.760000228881836;326700
2008-04-07;7.710000038146973;7.869999885559082;7.699999809265137;7.769999980926514;231300
2008-04-08;7.75;7.96999979019165;7.75;7.960000038146973;221500
2008-04-09;8.0;8.180000305175781;7.820000171661377;7.840000152587891;131400
2008-04-10;8.0;8.989999771118164;8.0;8.75;425300
2008-04-11;8.720000267028809;8.75;8.479999542236328;8.539999961853027;247500
2008-04-14;8.5;8.670000076293945;8.420000076293945;8.4399995803833;272300
2008-04-15;8.399999618530273;8.449999809265137;8.020000457763672;8.140000343322754;446600
2008-04-16;8.239999771118164;8.550000190734863;8.239999771118164;8.489999771118164;166600
2008-04-17;8.470000267028809;8.569999694824219;7.980000019073486;8.130000114440918;252500
2008-04-18;8.25;8.300000190734863;8.149999618530273;8.25;169400
2008-04-21;8.25;8.289999961853027;8.119999885559082;8.199999809265137;113500
2008-04-22;8.25;8.279999732971191;8.0;8.0;115400
2008-04-23;8.050000190734863;8.100000381469727;7.909999847412109;7.989999771118164;143800
2008-04-24;7.960000038146973;8.199999809265137;7.849999904632568;8.029999732971191;268000
2008-04-25;8.050000190734863;8.289999961853027;7.929999828338623;8.229999542236328;497100
2008-04-28;8.319999694824219;8.319999694824219;8.119999885559082;8.170000076293945;158000
2008-04-29;8.130000114440918;8.210000038146973;8.0;8.170000076293945;233000
2008-04-30;8.1899995803833;8.289999961853027;8.079999923706055;8.109999656677246;156000
2008-05-01;8.119999885559082;8.25;8.119999885559082;8.25;162200
2008-05-02;8.329999923706055;8.520000457763672;8.25;8.449999809265137;203000
2008-05-05;8.4399995803833;8.569999694824219;8.359999656677246;8.479999542236328;125300
2008-05-06;8.430000305175781;8.449999809265137;8.300000190734863;8.369999885559082;116100
2008-05-07;8.399999618530273;8.5;8.210000038146973;8.229999542236328;106200
2008-05-08;8.279999732971191;8.380000114440918;8.109999656677246;8.180000305175781;116500
2008-05-09;8.140000343322754;8.229999542236328;8.100000381469727;8.170000076293945;93600
2008-05-12;8.15999984741211;8.569999694824219;8.15999984741211;8.520000457763672;108300
2008-05-13;8.520000457763672;8.579999923706055;8.270000457763672;8.460000038146973;95500
2008-05-14;8.520000457763672;8.65999984741211;8.40999984741211;8.510000228881836;61700
2008-05-15;8.529999732971191;8.5600004196167;8.369999885559082;8.399999618530273;122800
2008-05-16;8.460000038146973;8.460000038146973;8.25;8.380000114440918;131200
2008-05-19;8.350000381469727;8.380000114440918;8.260000228881836;8.270000457763672;91900
2008-05-20;8.210000038146973;8.359999656677246;8.170000076293945;8.239999771118164;131100
2008-05-21;8.270000457763672;8.520000457763672;7.920000076293945;7.960000038146973;153700
2008-05-22;8.0;8.229999542236328;7.960000038146973;8.020000457763672;119700
2008-05-23;7.960000038146973;8.0600004196167;7.789999961853027;8.039999961853027;124800
2008-05-27;8.079999923706055;8.229999542236328;8.069999694824219;8.100000381469727;73500
2008-05-28;8.130000114440918;8.260000228881836;8.0;8.260000228881836;111000
2008-05-29;8.220000267028809;8.369999885559082;8.149999618530273;8.1899995803833;111400
2008-05-30;8.180000305175781;8.220000267028809;7.980000019073486;8.010000228881836;127700
2008-06-02;8.020000457763672;8.09000015258789;7.889999866485596;8.020000457763672;123800
2008-06-03;8.069999694824219;8.149999618530273;7.96999979019165;8.0;71700
2008-06-04;7.949999809265137;8.1899995803833;7.900000095367432;8.010000228881836;72100
2008-06-05;8.0;8.199999809265137;7.989999771118164;8.199999809265137;104700
2008-06-06;8.130000114440918;8.1899995803833;8.010000228881836;8.020000457763672;94400
2008-06-09;8.010000228881836;8.0600004196167;8.0;8.010000228881836;181700
2008-06-10;8.020000457763672;8.0600004196167;7.980000019073486;8.029999732971191;113800
2008-06-11;7.989999771118164;8.050000190734863;7.900000095367432;7.960000038146973;132100
2008-06-12;8.039999961853027;8.149999618530273;7.889999866485596;7.96999979019165;73800
2008-06-13;8.0;8.15999984741211;8.0;8.050000190734863;101900
2008-06-16;8.039999961853027;8.15999984741211;7.949999809265137;8.140000343322754;91400
2008-06-17;8.140000343322754;8.140000343322754;7.829999923706055;7.849999904632568;145200
2008-06-18;7.900000095367432;7.989999771118164;7.840000152587891;7.889999866485596;194300
2008-06-19;7.889999866485596;7.949999809265137;7.769999980926514;7.929999828338623;117300
2008-06-20;7.909999847412109;7.909999847412109;7.46999979019165;7.53000020980835;300600
2008-06-23;7.550000190734863;7.559999942779541;7.159999847412109;7.269999980926514;184200
2008-06-24;7.230000019073486;7.269999980926514;7.079999923706055;7.090000152587891;98400
2008-06-25;7.079999923706055;7.159999847412109;6.960000038146973;7.0;145600
2008-06-26;6.940000057220459;7.070000171661377;6.699999809265137;6.800000190734863;168200
2008-06-27;6.769999980926514;7.039999961853027;6.519999980926514;6.559999942779541;683400
2008-06-30;6.599999904632568;6.760000228881836;6.449999809265137;6.46999979019165;347100
2008-07-01;6.460000038146973;6.630000114440918;6.369999885559082;6.619999885559082;103200
2008-07-02;6.650000095367432;6.769999980926514;6.340000152587891;6.440000057220459;147400
2008-07-03;6.440000057220459;6.489999771118164;6.28000020980835;6.349999904632568;69500
2008-07-07;6.400000095367432;6.53000020980835;6.300000190734863;6.429999828338623;284300
2008-07-08;6.449999809265137;6.75;6.340000152587891;6.75;218800
2008-07-09;6.739999771118164;6.800000190734863;6.550000190734863;6.579999923706055;114500
2008-07-10;6.550000190734863;6.869999885559082;6.550000190734863;6.769999980926514;111600
2008-07-11;6.71999979019165;7.159999847412109;6.630000114440918;7.139999866485596;130300
2008-07-14;7.179999828338623;7.179999828338623;6.869999885559082;6.989999771118164;146000
2008-07-15;6.960000038146973;7.269999980926514;6.940000057220459;7.110000133514404;101800
2008-07-16;7.159999847412109;7.309999942779541;6.869999885559082;7.289999961853027;116700
2008-07-17;7.329999923706055;7.5;7.039999961853027;7.460000038146973;130800
2008-07-18;7.5;7.820000171661377;7.260000228881836;7.78000020980835;176000
2008-07-21;7.789999961853027;7.989999771118164;7.769999980926514;7.789999961853027;197400
2008-07-22;7.739999771118164;8.1899995803833;7.739999771118164;8.1899995803833;184400
2008-07-23;8.239999771118164;8.479999542236328;8.199999809265137;8.350000381469727;183800
2008-07-24;8.350000381469727;8.5600004196167;8.149999618530273;8.1899995803833;109500
2008-07-25;8.25;8.539999961853027;8.0;8.470000267028809;114400
2008-07-28;8.460000038146973;8.75;8.15999984741211;8.529999732971191;180800
2008-07-29;8.510000228881836;8.869999885559082;8.329999923706055;8.729999542236328;142900
2008-07-30;8.8100004196167;8.970000267028809;8.619999885559082;8.899999618530273;108900
2008-07-31;8.760000228881836;8.890000343322754;8.670000076293945;8.880000114440918;125300
2008-08-01;8.859999656677246;9.0;8.510000228881836;8.550000190734863;99400
2008-08-04;8.5;8.579999923706055;8.0600004196167;8.09000015258789;178600
2008-08-05;8.020000457763672;8.40999984741211;8.010000228881836;8.180000305175781;179200
2008-08-06;8.079999923706055;8.90999984741211;7.789999961853027;8.619999885559082;259700
2008-08-07;8.520000457763672;8.579999923706055;8.449999809265137;8.520000457763672;112900
2008-08-08;8.510000228881836;8.949999809265137;8.050000190734863;8.75;191300
2008-08-11;8.770000457763672;8.970000267028809;8.729999542236328;8.880000114440918;180400
2008-08-12;8.84000015258789;9.170000076293945;8.84000015258789;9.130000114440918;104600
2008-08-13;9.149999618530273;9.75;9.149999618530273;9.720000267028809;124300
2008-08-14;9.619999885559082;9.739999771118164;9.390000343322754;9.489999771118164;112500
2008-08-15;9.640000343322754;9.640000343322754;9.0;9.140000343322754;135200
2008-08-18;9.199999809265137;9.350000381469727;8.789999961853027;8.84000015258789;77100
2008-08-19;8.770000457763672;9.149999618530273;8.770000457763672;9.020000457763672;101100
2008-08-20;9.079999923706055;9.109999656677246;8.84000015258789;9.0;68600
2008-08-21;8.960000038146973;9.239999771118164;8.5;9.220000267028809;161800
2008-08-22;9.260000228881836;9.260000228881836;8.9399995803833;9.079999923706055;85000
2008-08-25;9.020000457763672;9.100000381469727;8.710000038146973;8.819999694824219;77300
2008-08-26;8.800000190734863;9.0;8.800000190734863;8.979999542236328;52200
2008-08-27;8.949999809265137;9.5;8.850000381469727;9.489999771118164;151400
2008-08-28;9.539999961853027;9.9399995803833;9.350000381469727;9.930000305175781;138800
2008-08-29;9.920000076293945;9.920000076293945;9.350000381469727;9.390000343322754;189900
2008-09-02;9.5;9.739999771118164;9.0;9.25;103200
2008-09-03;9.229999542236328;9.329999923706055;9.199999809265137;9.289999961853027;79600
2008-09-04;9.260000228881836;9.350000381469727;8.720000267028809;8.850000381469727;98200
2008-09-05;8.800000190734863;8.800000190734863;8.329999923706055;8.5600004196167;119800
2008-09-08;8.6899995803833;8.859999656677246;8.640000343322754;8.8100004196167;88400
2008-09-09;8.789999961853027;9.010000228881836;8.789999961853027;8.84000015258789;106000
2008-09-10;8.989999771118164;9.15999984741211;8.819999694824219;9.010000228881836;80800
2008-09-11;8.880000114440918;9.15999984741211;8.630000114440918;9.109999656677246;127000
2008-09-12;9.0600004196167;9.180000305175781;8.989999771118164;9.130000114440918;34300
2008-09-15;8.850000381469727;9.119999885559082;8.670000076293945;8.760000228881836;78200
2008-09-16;8.539999961853027;9.15999984741211;8.260000228881836;9.15999984741211;154100
2008-09-17;9.010000228881836;9.069999694824219;8.449999809265137;8.760000228881836;187600
2008-09-18;8.800000190734863;9.0;7.880000114440918;8.920000076293945;251100
2008-09-19;8.949999809265137;9.850000381469727;8.5600004196167;9.680000305175781;503800
2008-09-22;9.649999618530273;9.649999618530273;8.930000305175781;9.239999771118164;134000
2008-09-23;9.199999809265137;9.229999542236328;8.550000190734863;8.579999923706055;116700
2008-09-24;8.619999885559082;8.859999656677246;8.220000267028809;8.220000267028809;104900
2008-09-25;8.199999809265137;8.479999542236328;8.130000114440918;8.260000228881836;83700
2008-09-26;8.220000267028809;8.279999732971191;7.920000076293945;8.079999923706055;88600
2008-09-29;7.920000076293945;8.390000343322754;7.03000020980835;8.149999618530273;168700
2008-09-30;8.199999809265137;8.199999809265137;7.829999923706055;8.1899995803833;125600
2008-10-01;8.300000190734863;8.300000190734863;7.809999942779541;7.849999904632568;88000
2008-10-02;7.789999961853027;8.029999732971191;7.349999904632568;7.550000190734863;311000
2008-10-03;7.650000095367432;7.679999828338623;7.480000019073486;7.659999847412109;342800
2008-10-06;7.53000020980835;7.610000133514404;7.199999809265137;7.559999942779541;284200
2008-10-07;7.610000133514404;7.730000019073486;7.25;7.5;218100
2008-10-08;7.239999771118164;7.71999979019165;6.730000019073486;7.440000057220459;319300
2008-10-09;7.510000228881836;7.53000020980835;6.630000114440918;6.639999866485596;388600
2008-10-10;6.400000095367432;7.820000171661377;6.0;7.389999866485596;329500
2008-10-13;7.71999979019165;8.109999656677246;7.320000171661377;7.989999771118164;290100
2008-10-14;8.239999771118164;8.329999923706055;7.980000019073486;8.100000381469727;210700
2008-10-15;8.0;8.279999732971191;7.929999828338623;8.149999618530273;390700
2008-10-16;8.199999809265137;8.899999618530273;8.0;8.630000114440918;417200
2008-10-17;8.380000114440918;9.520000457763672;8.380000114440918;8.989999771118164;273400
2008-10-20;9.140000343322754;9.390000343322754;8.789999961853027;8.949999809265137;126100
2008-10-21;8.84000015258789;9.229999542236328;8.569999694824219;8.6899995803833;148100
2008-10-22;8.539999961853027;8.75;8.270000457763672;8.34000015258789;98600
2008-10-23;8.390000343322754;8.84000015258789;8.0;8.600000381469727;117600
2008-10-24;7.96999979019165;8.600000381469727;7.75;8.449999809265137;148400
2008-10-27;8.3100004196167;8.5600004196167;7.75;7.75;125300
2008-10-28;7.949999809265137;8.329999923706055;7.579999923706055;8.329999923706055;136200
2008-10-29;8.40999984741211;8.739999771118164;7.920000076293945;8.489999771118164;99300
2008-10-30;8.680000305175781;8.890000343322754;8.4399995803833;8.850000381469727;73100
2008-10-31;8.760000228881836;9.449999809265137;8.050000190734863;9.350000381469727;126400
2008-11-03;9.34000015258789;9.579999923706055;9.100000381469727;9.399999618530273;160800
2008-11-04;9.5;9.569999694824219;9.020000457763672;9.260000228881836;52000
2008-11-05;9.119999885559082;9.329999923706055;8.5;8.569999694824219;77400
2008-11-06;8.539999961853027;8.680000305175781;8.100000381469727;8.270000457763672;77700
2008-11-07;8.350000381469727;8.630000114440918;8.25;8.520000457763672;54300
2008-11-10;8.680000305175781;8.949999809265137;8.119999885559082;8.239999771118164;60500
2008-11-11;8.119999885559082;8.149999618530273;7.610000133514404;7.800000190734863;104900
2008-11-12;7.659999847412109;7.869999885559082;7.300000190734863;7.320000171661377;87700
2008-11-13;7.329999923706055;8.140000343322754;6.880000114440918;8.0600004196167;105700
2008-11-14;7.96999979019165;8.0600004196167;7.440000057220459;7.449999809265137;148900
2008-11-17;7.389999866485596;7.5;7.130000114440918;7.170000076293945;90300
2008-11-18;7.179999828338623;7.460000038146973;7.110000133514404;7.360000133514404;108300
2008-11-19;7.340000152587891;7.340000152587891;6.110000133514404;6.150000095367432;184900
2008-11-20;6.079999923706055;6.25;5.650000095367432;5.809999942779541;174600
2008-11-21;5.900000095367432;6.170000076293945;5.590000152587891;6.130000114440918;268900
2008-11-24;6.150000095367432;6.630000114440918;5.769999980926514;6.53000020980835;240000
2008-11-25;6.590000152587891;6.619999885559082;6.099999904632568;6.599999904632568;90800
2008-11-26;6.46999979019165;7.119999885559082;6.400000095367432;7.110000133514404;127100
2008-11-28;7.039999961853027;7.039999961853027;6.550000190734863;6.940000057220459;87000
2008-12-01;6.75;6.940000057220459;6.03000020980835;6.050000190734863;182700
2008-12-02;6.150000095367432;6.579999923706055;5.880000114440918;6.480000019073486;110000
2008-12-03;6.320000171661377;6.739999771118164;6.179999828338623;6.570000171661377;138900
2008-12-04;6.510000228881836;6.590000152587891;6.0;6.179999828338623;180400
2008-12-05;6.070000171661377;6.369999885559082;5.650000095367432;6.360000133514404;157400
2008-12-08;6.449999809265137;6.53000020980835;6.320000171661377;6.480000019073486;257200
2008-12-09;6.309999942779541;6.659999847412109;6.309999942779541;6.539999961853027;343300
2008-12-10;6.599999904632568;6.909999847412109;6.309999942779541;6.829999923706055;143600
2008-12-11;6.789999961853027;6.909999847412109;6.519999980926514;6.71999979019165;234900
2008-12-12;6.510000228881836;6.949999809265137;6.510000228881836;6.949999809265137;177800
2008-12-15;6.949999809265137;7.139999866485596;6.949999809265137;7.039999961853027;208200
2008-12-16;7.150000095367432;7.25;6.949999809265137;7.099999904632568;259700
2008-12-17;7.079999923706055;7.400000095367432;7.0;7.28000020980835;309800
2008-12-18;7.309999942779541;7.360000133514404;6.909999847412109;7.199999809265137;317400
2008-12-19;7.369999885559082;7.639999866485596;7.010000228881836;7.360000133514404;302600
2008-12-22;7.389999866485596;7.610000133514404;6.949999809265137;7.230000019073486;130800
2008-12-23;7.269999980926514;7.300000190734863;6.900000095367432;6.980000019073486;67900
2008-12-24;6.960000038146973;7.139999866485596;6.619999885559082;6.730000019073486;53700
2008-12-26;6.75;6.949999809265137;6.289999961853027;6.389999866485596;125700
2008-12-29;6.349999904632568;6.380000114440918;5.980000019073486;6.010000228881836;144600
2008-12-30;6.039999961853027;6.289999961853027;5.960000038146973;6.090000152587891;182000
2008-12-31;6.079999923706055;6.789999961853027;6.079999923706055;6.579999923706055;144600
2009-01-02;6.590000152587891;7.079999923706055;6.510000228881836;6.989999771118164;72500
2009-01-05;6.960000038146973;7.300000190734863;6.71999979019165;7.099999904632568;77500
2009-01-06;7.190000057220459;7.860000133514404;7.159999847412109;7.349999904632568;150100
2009-01-07;6.5;6.599999904632568;5.25;5.849999904632568;908500
2009-01-08;5.869999885559082;5.869999885559082;5.590000152587891;5.820000171661377;414800
2009-01-09;5.809999942779541;5.809999942779541;5.579999923706055;5.659999847412109;221600
2009-01-12;5.670000076293945;5.690000057220459;5.519999980926514;5.559999942779541;221400
2009-01-13;5.570000171661377;5.75;5.550000190734863;5.690000057220459;159700
2009-01-14;5.610000133514404;5.769999980926514;5.550000190734863;5.599999904632568;114200
2009-01-15;5.5;5.739999771118164;5.5;5.739999771118164;200300
2009-01-16;5.78000020980835;5.789999961853027;5.340000152587891;5.510000228881836;222200
2009-01-20;5.380000114440918;5.510000228881836;5.260000228881836;5.360000133514404;184400
2009-01-21;5.409999847412109;5.909999847412109;5.25;5.900000095367432;138100
2009-01-22;5.760000228881836;5.760000228881836;5.320000171661377;5.389999866485596;167800
2009-01-23;5.199999809265137;5.5;5.199999809265137;5.449999809265137;183000
2009-01-26;5.320000171661377;5.940000057220459;5.289999961853027;5.880000114440918;225300
2009-01-27;5.650000095367432;5.840000152587891;5.519999980926514;5.570000171661377;198200
2009-01-28;5.610000133514404;5.980000019073486;5.599999904632568;5.980000019073486;246600
2009-01-29;5.849999904632568;5.849999904632568;5.510000228881836;5.619999885559082;183100
2009-01-30;5.659999847412109;5.699999809265137;5.440000057220459;5.5;149000
2009-02-02;5.449999809265137;5.730000019073486;5.400000095367432;5.630000114440918;91500
2009-02-03;5.619999885559082;6.059999942779541;5.619999885559082;5.96999979019165;200400
2009-02-04;5.900000095367432;6.050000190734863;5.519999980926514;5.619999885559082;94600
2009-02-05;5.559999942779541;5.869999885559082;5.5;5.699999809265137;99200
2009-02-06;5.679999828338623;5.869999885559082;5.610000133514404;5.75;81200
2009-02-09;5.710000038146973;6.409999847412109;5.599999904632568;6.230000019073486;211200
2009-02-10;6.170000076293945;6.480000019073486;5.900000095367432;5.900000095367432;166100
2009-02-11;5.909999847412109;5.940000057220459;5.699999809265137;5.769999980926514;84000
2009-02-12;5.670000076293945;5.880000114440918;5.53000020980835;5.849999904632568;109300
2009-02-13;5.789999961853027;6.0;5.75;5.960000038146973;46100
2009-02-17;5.800000190734863;5.900000095367432;5.480000019073486;5.539999961853027;189800
2009-02-18;5.539999961853027;5.639999866485596;5.389999866485596;5.400000095367432;429500
2009-02-19;5.460000038146973;5.679999828338623;5.400000095367432;5.429999828338623;105700
2009-02-20;5.329999923706055;5.599999904632568;5.21999979019165;5.420000076293945;134300
2009-02-23;5.449999809265137;5.449999809265137;5.25;5.260000228881836;132700
2009-02-24;5.199999809265137;5.369999885559082;5.059999942779541;5.320000171661377;107800
2009-02-25;5.300000190734863;5.300000190734863;5.019999980926514;5.070000171661377;95900
2009-02-26;5.110000133514404;5.170000076293945;4.78000020980835;4.829999923706055;104500
2009-02-27;4.789999961853027;4.929999828338623;4.75;4.760000228881836;112800
2009-03-02;4.599999904632568;4.679999828338623;4.329999923706055;4.400000095367432;163200
2009-03-03;4.489999771118164;4.489999771118164;4.170000076293945;4.190000057220459;115700
2009-03-04;4.340000152587891;4.71999979019165;4.21999979019165;4.239999771118164;112700
2009-03-05;4.159999847412109;4.400000095367432;3.869999885559082;3.869999885559082;129900
2009-03-06;3.940000057220459;4.5;3.940000057220459;4.449999809265137;157300
2009-03-09;4.349999904632568;4.989999771118164;4.349999904632568;4.78000020980835;142400
2009-03-10;4.710000038146973;5.25;4.710000038146973;5.090000152587891;122100
2009-03-11;5.099999904632568;5.25;4.699999809265137;4.699999809265137;60300
2009-03-12;4.659999847412109;5.429999828338623;4.46999979019165;5.409999847412109;138600
2009-03-13;5.420000076293945;5.559999942779541;5.309999942779541;5.440000057220459;85000
2009-03-16;5.449999809265137;5.590000152587891;5.239999771118164;5.269999980926514;67900
2009-03-17;5.269999980926514;5.639999866485596;5.269999980926514;5.639999866485596;97800
2009-03-18;5.610000133514404;5.920000076293945;5.510000228881836;5.869999885559082;137600
2009-03-19;5.929999828338623;6.119999885559082;5.840000152587891;6.099999904632568;83700
2009-03-20;6.159999847412109;6.179999828338623;5.820000171661377;6.0;219900
2009-03-23;5.650000095367432;6.329999923706055;5.650000095367432;6.329999923706055;120900
2009-03-24;6.260000228881836;6.260000228881836;6.059999942779541;6.099999904632568;76000
2009-03-25;6.119999885559082;6.239999771118164;5.400000095367432;5.909999847412109;170300
2009-03-26;5.980000019073486;6.25;5.800000190734863;6.199999809265137;105700
2009-03-27;6.110000133514404;6.190000057220459;5.78000020980835;5.800000190734863;80300
2009-03-30;5.739999771118164;5.739999771118164;5.199999809265137;5.489999771118164;84500
2009-03-31;5.579999923706055;5.809999942779541;5.460000038146973;5.570000171661377;91200
2009-04-01;5.53000020980835;6.119999885559082;5.429999828338623;5.679999828338623;119100
2009-04-02;5.800000190734863;5.989999771118164;5.579999923706055;5.860000133514404;259400
2009-04-03;5.829999923706055;6.010000228881836;5.75;5.900000095367432;218800
2009-04-06;5.809999942779541;6.199999809265137;5.760000228881836;6.170000076293945;93300
2009-04-07;6.059999942779541;6.400000095367432;6.059999942779541;6.139999866485596;139100
2009-04-08;6.039999961853027;6.099999904632568;5.650000095367432;5.989999771118164;255900
2009-04-09;6.099999904632568;6.5;6.079999923706055;6.289999961853027;147000
2009-04-13;6.199999809265137;6.269999980926514;6.099999904632568;6.190000057220459;75700
2009-04-14;6.039999961853027;6.110000133514404;5.71999979019165;5.739999771118164;213700
2009-04-15;5.71999979019165;5.869999885559082;5.639999866485596;5.75;216500
2009-04-16;5.820000171661377;6.199999809265137;5.550000190734863;6.159999847412109;218600
2009-04-17;6.179999828338623;6.599999904632568;6.130000114440918;6.559999942779541;231800
2009-04-20;6.519999980926514;6.519999980926514;6.059999942779541;6.300000190734863;152600
2009-04-21;6.199999809265137;6.650000095367432;6.099999904632568;6.610000133514404;118200
2009-04-22;6.489999771118164;6.699999809265137;6.420000076293945;6.449999809265137;104200
2009-04-23;6.480000019073486;6.630000114440918;6.369999885559082;6.550000190734863;108500
2009-04-24;6.559999942779541;6.849999904632568;6.510000228881836;6.78000020980835;88100
2009-04-27;6.619999885559082;6.730000019073486;6.300000190734863;6.550000190734863;129100
2009-04-28;6.510000228881836;7.050000190734863;6.400000095367432;6.800000190734863;198900
2009-04-29;6.730000019073486;6.730000019073486;6.349999904632568;6.480000019073486;163100
2009-04-30;6.550000190734863;6.949999809265137;6.550000190734863;6.760000228881836;87500
2009-05-01;6.71999979019165;6.980000019073486;6.5;6.960000038146973;132000
2009-05-04;6.949999809265137;7.0;6.849999904632568;7.0;88000
2009-05-05;6.940000057220459;6.940000057220459;6.5;6.619999885559082;167300
2009-05-06;6.699999809265137;6.699999809265137;6.300000190734863;6.409999847412109;135100
2009-05-07;6.460000038146973;6.460000038146973;6.019999980926514;6.110000133514404;113700
2009-05-08;6.21999979019165;6.579999923706055;6.0;6.579999923706055;91800
2009-05-11;6.46999979019165;6.480000019073486;6.090000152587891;6.369999885559082;61300
2009-05-12;6.389999866485596;6.480000019073486;6.25;6.329999923706055;39600
2009-05-13;6.260000228881836;6.429999828338623;6.25;6.25;119800
2009-05-14;6.300000190734863;6.610000133514404;6.28000020980835;6.46999979019165;68000
2009-05-15;6.510000228881836;6.53000020980835;6.119999885559082;6.21999979019165;87700
2009-05-18;6.260000228881836;6.309999942779541;6.150000095367432;6.28000020980835;94700
2009-05-19;6.289999961853027;6.420000076293945;6.199999809265137;6.239999771118164;78600
2009-05-20;6.230000019073486;6.340000152587891;6.039999961853027;6.099999904632568;137600
2009-05-21;6.059999942779541;6.309999942779541;6.039999961853027;6.21999979019165;90400
2009-05-22;6.239999771118164;6.320000171661377;6.190000057220459;6.199999809265137;72700
2009-05-26;6.130000114440918;6.889999866485596;6.130000114440918;6.659999847412109;246500
2009-05-27;6.599999904632568;6.599999904632568;6.269999980926514;6.28000020980835;100000
2009-05-28;6.300000190734863;6.639999866485596;6.139999866485596;6.429999828338623;74900
2009-05-29;6.46999979019165;6.809999942779541;6.429999828338623;6.78000020980835;344300
2009-06-01;6.880000114440918;6.989999771118164;6.659999847412109;6.760000228881836;172800
2009-06-02;6.710000038146973;6.849999904632568;6.570000171661377;6.670000076293945;139400
2009-06-03;6.639999866485596;6.949999809265137;6.480000019073486;6.900000095367432;88100
2009-06-04;6.880000114440918;6.940000057220459;6.639999866485596;6.860000133514404;92300
2009-06-05;6.900000095367432;6.900000095367432;6.630000114440918;6.710000038146973;38200
2009-06-08;6.590000152587891;6.809999942779541;6.449999809265137;6.559999942779541;58900
2009-06-09;6.570000171661377;6.920000076293945;6.550000190734863;6.75;76600
2009-06-10;6.769999980926514;6.789999961853027;6.460000038146973;6.630000114440918;74500
2009-06-11;6.670000076293945;6.699999809265137;6.440000057220459;6.460000038146973;79100
2009-06-12;6.440000057220459;7.170000076293945;6.340000152587891;7.070000171661377;94200
2009-06-15;7.0;7.0;6.449999809265137;6.539999961853027;72600
2009-06-16;6.579999923706055;6.670000076293945;6.579999923706055;6.590000152587891;35300
2009-06-17;6.610000133514404;6.929999828338623;6.579999923706055;6.679999828338623;129000
2009-06-18;6.690000057220459;6.949999809265137;6.679999828338623;6.760000228881836;46100
2009-06-19;6.869999885559082;6.920000076293945;6.630000114440918;6.670000076293945;123500
2009-06-22;6.630000114440918;6.630000114440918;6.380000114440918;6.46999979019165;150500
2009-06-23;6.46999979019165;6.550000190734863;6.260000228881836;6.289999961853027;76900
2009-06-24;6.320000171661377;6.739999771118164;6.320000171661377;6.400000095367432;143000
2009-06-25;6.369999885559082;6.639999866485596;6.369999885559082;6.599999904632568;139700
2009-06-26;6.28000020980835;6.670000076293945;6.28000020980835;6.670000076293945;763800
2009-06-29;6.639999866485596;6.739999771118164;6.460000038146973;6.650000095367432;121800
2009-06-30;6.670000076293945;6.949999809265137;6.610000133514404;6.789999961853027;87500
2009-07-01;6.869999885559082;7.119999885559082;6.659999847412109;6.880000114440918;77000
2009-07-02;6.809999942779541;7.070000171661377;6.630000114440918;7.019999980926514;133700
2009-07-06;7.019999980926514;7.099999904632568;6.860000133514404;7.039999961853027;92300
2009-07-07;7.050000190734863;7.050000190734863;6.75;6.75;60800
2009-07-08;6.800000190734863;7.090000152587891;6.679999828338623;6.989999771118164;72600
2009-07-09;7.0;7.090000152587891;6.800000190734863;6.840000152587891;60700
2009-07-10;6.78000020980835;7.03000020980835;6.619999885559082;6.639999866485596;79100
2009-07-13;6.639999866485596;6.760000228881836;6.389999866485596;6.610000133514404;90000
2009-07-14;6.610000133514404;6.960000038146973;6.579999923706055;6.869999885559082;84700
2009-07-15;6.869999885559082;7.070000171661377;6.800000190734863;6.980000019073486;126700
2009-07-16;6.920000076293945;7.0;6.829999923706055;6.900000095367432;82200
2009-07-17;6.920000076293945;6.989999771118164;6.710000038146973;6.849999904632568;60400
2009-07-20;6.860000133514404;6.960000038146973;6.760000228881836;6.849999904632568;47200
2009-07-21;6.860000133514404;6.880000114440918;6.650000095367432;6.78000020980835;46100
2009-07-22;6.730000019073486;6.949999809265137;6.650000095367432;6.809999942779541;120400
2009-07-23;6.789999961853027;7.110000133514404;6.610000133514404;6.75;176300
2009-07-24;6.730000019073486;6.829999923706055;6.699999809265137;6.75;118000
2009-07-27;6.71999979019165;6.920000076293945;6.650000095367432;6.789999961853027;75800
2009-07-28;6.769999980926514;6.840000152587891;6.550000190734863;6.599999904632568;114600
2009-07-29;6.570000171661377;6.659999847412109;6.409999847412109;6.429999828338623;51000
2009-07-30;6.5;6.53000020980835;6.300000190734863;6.349999904632568;116500
2009-07-31;6.309999942779541;6.460000038146973;6.170000076293945;6.320000171661377;167200
2009-08-03;6.389999866485596;6.449999809265137;6.0;6.190000057220459;266200
2009-08-04;6.139999866485596;6.360000133514404;6.039999961853027;6.289999961853027;115600
2009-08-05;6.309999942779541;6.420000076293945;6.099999904632568;6.150000095367432;100300
2009-08-06;6.190000057220459;6.260000228881836;6.019999980926514;6.170000076293945;80600
2009-08-07;6.239999771118164;6.289999961853027;6.130000114440918;6.210000038146973;79000
2009-08-10;6.159999847412109;6.21999979019165;6.099999904632568;6.150000095367432;56900
2009-08-11;6.139999866485596;6.239999771118164;6.039999961853027;6.039999961853027;64300
2009-08-12;6.059999942779541;6.230000019073486;6.010000228881836;6.110000133514404;86800
2009-08-13;6.139999866485596;6.170000076293945;6.0;6.150000095367432;98700
2009-08-14;6.150000095367432;6.230000019073486;5.849999904632568;5.980000019073486;123800
2009-08-17;5.869999885559082;5.989999771118164;5.630000114440918;5.940000057220459;109200
2009-08-18;5.949999809265137;6.130000114440918;5.860000133514404;5.980000019073486;61700
2009-08-19;5.900000095367432;6.150000095367432;5.900000095367432;6.079999923706055;70400
2009-08-20;6.079999923706055;6.139999866485596;5.929999828338623;6.050000190734863;32500
2009-08-21;6.139999866485596;6.239999771118164;6.019999980926514;6.239999771118164;384800
2009-08-24;6.25;6.289999961853027;6.139999866485596;6.239999771118164;121600
2009-08-25;6.25;6.400000095367432;6.199999809265137;6.329999923706055;126100
2009-08-26;6.289999961853027;6.400000095367432;6.079999923706055;6.400000095367432;115500
2009-08-27;6.349999904632568;6.360000133514404;6.0;6.190000057220459;91500
2009-08-28;6.210000038146973;6.239999771118164;6.010000228881836;6.090000152587891;59700
2009-08-31;6.050000190734863;6.179999828338623;6.019999980926514;6.110000133514404;105600
2009-09-01;6.059999942779541;6.329999923706055;6.059999942779541;6.139999866485596;87100
2009-09-02;6.099999904632568;6.199999809265137;6.019999980926514;6.019999980926514;94300
2009-09-03;6.03000020980835;6.190000057220459;6.010000228881836;6.170000076293945;48800
2009-09-04;6.099999904632568;6.25;6.079999923706055;6.239999771118164;73900
2009-09-08;6.239999771118164;6.320000171661377;6.139999866485596;6.300000190734863;56500
2009-09-09;6.269999980926514;6.360000133514404;6.0;6.28000020980835;54300
2009-09-10;6.239999771118164;6.539999961853027;6.170000076293945;6.53000020980835;80000
2009-09-11;6.510000228881836;6.679999828338623;6.409999847412109;6.420000076293945;135000
2009-09-14;6.360000133514404;6.489999771118164;6.21999979019165;6.460000038146973;34800
2009-09-15;6.429999828338623;6.519999980926514;6.269999980926514;6.440000057220459;25300
2009-09-16;6.440000057220459;6.659999847412109;6.360000133514404;6.559999942779541;39200
2009-09-17;6.570000171661377;6.71999979019165;6.539999961853027;6.570000171661377;45600
2009-09-18;6.579999923706055;6.730000019073486;6.53000020980835;6.730000019073486;181800
2009-09-21;6.650000095367432;6.809999942779541;6.650000095367432;6.78000020980835;47400
2009-09-22;6.809999942779541;6.869999885559082;6.670000076293945;6.849999904632568;74700
2009-09-23;6.880000114440918;6.880000114440918;6.639999866485596;6.650000095367432;70700
2009-09-24;6.659999847412109;6.800000190734863;6.550000190734863;6.650000095367432;39300
2009-09-25;6.659999847412109;6.849999904632568;6.539999961853027;6.730000019073486;43900
2009-09-28;6.730000019073486;6.869999885559082;6.510000228881836;6.599999904632568;102800
2009-09-29;6.599999904632568;6.75;6.320000171661377;6.329999923706055;235600
2009-09-30;6.360000133514404;6.650000095367432;6.329999923706055;6.400000095367432;180800
2009-10-01;6.349999904632568;6.570000171661377;6.340000152587891;6.5;97600
2009-10-02;6.400000095367432;6.699999809265137;6.400000095367432;6.639999866485596;99900
2009-10-05;6.650000095367432;6.889999866485596;6.639999866485596;6.880000114440918;135600
2009-10-06;6.949999809265137;6.96999979019165;6.440000057220459;6.579999923706055;193900
2009-10-07;6.550000190734863;6.579999923706055;6.409999847412109;6.440000057220459;46900
2009-10-08;6.5;6.590000152587891;6.409999847412109;6.409999847412109;60800
2009-10-09;6.380000114440918;6.46999979019165;6.380000114440918;6.449999809265137;55600
2009-10-12;6.420000076293945;6.519999980926514;6.420000076293945;6.489999771118164;42300
2009-10-13;6.5;6.590000152587891;6.440000057220459;6.53000020980835;79200
2009-10-14;6.579999923706055;6.940000057220459;6.559999942779541;6.889999866485596;108500
2009-10-15;6.849999904632568;7.03000020980835;6.849999904632568;6.989999771118164;69500
2009-10-16;6.949999809265137;7.03000020980835;6.869999885559082;6.989999771118164;95100
2009-10-19;7.010000228881836;7.019999980926514;6.889999866485596;6.960000038146973;55000
2009-10-20;6.949999809265137;7.010000228881836;6.699999809265137;6.75;77300
2009-10-21;6.710000038146973;6.900000095367432;6.5;6.519999980926514;84100
2009-10-22;6.519999980926514;6.789999961853027;6.420000076293945;6.730000019073486;55800
2009-10-23;6.800000190734863;6.900000095367432;6.769999980926514;6.809999942779541;124900
2009-10-26;6.809999942779541;6.880000114440918;6.639999866485596;6.679999828338623;59700
2009-10-27;6.630000114440918;6.800000190734863;6.519999980926514;6.539999961853027;97500
2009-10-28;6.510000228881836;6.699999809265137;6.510000228881836;6.639999866485596;67800
2009-10-29;6.670000076293945;6.889999866485596;6.579999923706055;6.579999923706055;79700
2009-10-30;6.559999942779541;6.670000076293945;6.5;6.539999961853027;143800
2009-11-02;6.559999942779541;6.570000171661377;6.21999979019165;6.309999942779541;83800
2009-11-03;6.25;6.440000057220459;6.110000133514404;6.349999904632568;53100
2009-11-04;6.360000133514404;6.360000133514404;6.179999828338623;6.260000228881836;57200
2009-11-05;6.300000190734863;6.599999904632568;6.28000020980835;6.590000152587891;54800
2009-11-06;6.5;6.5;6.25;6.340000152587891;37500
2009-11-09;6.369999885559082;6.550000190734863;6.320000171661377;6.550000190734863;56200
2009-11-10;6.519999980926514;6.559999942779541;6.420000076293945;6.440000057220459;44300
2009-11-11;6.400000095367432;6.440000057220459;6.150000095367432;6.289999961853027;80900
2009-11-12;6.260000228881836;6.269999980926514;6.019999980926514;6.039999961853027;65200
2009-11-13;6.079999923706055;6.239999771118164;6.0;6.139999866485596;56800
2009-11-16;6.170000076293945;6.5;6.090000152587891;6.449999809265137;88000
2009-11-17;6.400000095367432;6.420000076293945;6.289999961853027;6.300000190734863;95000
2009-11-18;6.300000190734863;6.400000095367432;6.289999961853027;6.389999866485596;135700
2009-11-19;6.320000171661377;6.389999866485596;6.210000038146973;6.25;117200
2009-11-20;6.199999809265137;6.420000076293945;6.199999809265137;6.300000190734863;81400
2009-11-23;6.340000152587891;6.519999980926514;6.340000152587891;6.5;59300
2009-11-24;6.5;6.5;6.269999980926514;6.480000019073486;33100
2009-11-25;6.480000019073486;6.5;6.349999904632568;6.349999904632568;38100
2009-11-27;6.190000057220459;6.309999942779541;6.139999866485596;6.179999828338623;35100
2009-11-30;6.190000057220459;6.340000152587891;6.050000190734863;6.28000020980835;108500
2009-12-01;6.309999942779541;6.5;6.139999866485596;6.269999980926514;87300
2009-12-02;6.260000228881836;6.400000095367432;6.260000228881836;6.300000190734863;62500
2009-12-03;6.340000152587891;6.400000095367432;6.090000152587891;6.119999885559082;117600
2009-12-04;6.230000019073486;6.340000152587891;6.150000095367432;6.21999979019165;92400
2009-12-07;6.199999809265137;6.320000171661377;6.150000095367432;6.199999809265137;65400
2009-12-08;6.150000095367432;6.320000171661377;6.130000114440918;6.130000114440918;121300
2009-12-09;6.150000095367432;6.369999885559082;6.099999904632568;6.300000190734863;81700
2009-12-10;6.309999942779541;6.489999771118164;6.139999866485596;6.239999771118164;151900
2009-12-11;6.25;6.329999923706055;6.139999866485596;6.159999847412109;73100
2009-12-14;6.179999828338623;6.190000057220459;5.889999866485596;6.150000095367432;137700
2009-12-15;6.119999885559082;6.139999866485596;5.889999866485596;5.889999866485596;95800
2009-12-16;5.920000076293945;6.019999980926514;5.860000133514404;6.010000228881836;51200
2009-12-17;5.960000038146973;6.090000152587891;5.909999847412109;5.989999771118164;84800
2009-12-18;6.039999961853027;6.039999961853027;5.900000095367432;6.0;197900
2009-12-21;6.010000228881836;6.099999904632568;5.809999942779541;5.849999904632568;142200
2009-12-22;5.880000114440918;6.010000228881836;5.849999904632568;5.96999979019165;109900
2009-12-23;5.980000019073486;6.110000133514404;5.980000019073486;6.090000152587891;100500
2009-12-24;6.099999904632568;6.099999904632568;5.960000038146973;6.010000228881836;40400
2009-12-28;6.0;6.039999961853027;5.949999809265137;5.989999771118164;72500
2009-12-29;6.010000228881836;6.070000171661377;5.96999979019165;6.050000190734863;203100
2009-12-30;6.010000228881836;6.360000133514404;6.010000228881836;6.360000133514404;103500
2009-12-31;6.320000171661377;6.570000171661377;6.139999866485596;6.239999771118164;99200
2010-01-04;6.329999923706055;6.5;6.329999923706055;6.380000114440918;68600
2010-01-05;6.389999866485596;6.400000095367432;6.21999979019165;6.269999980926514;60200
2010-01-06;6.239999771118164;6.320000171661377;6.099999904632568;6.239999771118164;178300
2010-01-07;6.21999979019165;6.389999866485596;6.21999979019165;6.309999942779541;132100
2010-01-08;6.309999942779541;6.400000095367432;6.309999942779541;6.380000114440918;38300
2010-01-11;6.369999885559082;6.46999979019165;6.349999904632568;6.360000133514404;36500
2010-01-12;6.300000190734863;6.380000114440918;6.21999979019165;6.289999961853027;50100
2010-01-13;6.320000171661377;6.630000114440918;6.269999980926514;6.590000152587891;101200
2010-01-14;6.550000190734863;6.550000190734863;6.409999847412109;6.5;28500
2010-01-15;6.53000020980835;6.53000020980835;6.349999904632568;6.46999979019165;106300
2010-01-19;6.489999771118164;6.559999942779541;6.300000190734863;6.539999961853027;54500
2010-01-20;6.460000038146973;6.579999923706055;6.420000076293945;6.510000228881836;114600
2010-01-21;6.5;6.539999961853027;6.429999828338623;6.489999771118164;88900
2010-01-22;6.46999979019165;6.539999961853027;6.360000133514404;6.440000057220459;86400
2010-01-25;6.46999979019165;6.480000019073486;6.25;6.25;64900
2010-01-26;6.199999809265137;6.300000190734863;6.130000114440918;6.170000076293945;127800
2010-01-27;6.130000114440918;6.340000152587891;6.099999904632568;6.25;43800
2010-01-28;6.25;6.389999866485596;6.119999885559082;6.320000171661377;86700
2010-01-29;6.360000133514404;6.460000038146973;6.300000190734863;6.349999904632568;94100
2010-02-01;6.360000133514404;6.449999809265137;6.300000190734863;6.369999885559082;40900
2010-02-02;6.349999904632568;6.480000019073486;6.340000152587891;6.340000152587891;74000
2010-02-03;6.320000171661377;6.400000095367432;6.25;6.340000152587891;71600
2010-02-04;6.289999961853027;6.460000038146973;6.079999923706055;6.079999923706055;110200
2010-02-05;6.110000133514404;6.420000076293945;6.010000228881836;6.309999942779541;124500
2010-02-08;6.269999980926514;6.360000133514404;6.079999923706055;6.110000133514404;62900
2010-02-09;6.159999847412109;6.159999847412109;6.039999961853027;6.099999904632568;111500
2010-02-10;6.070000171661377;6.230000019073486;6.010000228881836;6.090000152587891;34000
2010-02-11;6.059999942779541;6.159999847412109;6.0;6.139999866485596;79600
2010-02-12;6.099999904632568;6.190000057220459;6.059999942779541;6.079999923706055;72100
2010-02-16;6.139999866485596;6.340000152587891;6.139999866485596;6.21999979019165;45700
2010-02-17;6.25;6.409999847412109;6.119999885559082;6.179999828338623;172100
2010-02-18;6.170000076293945;6.260000228881836;5.869999885559082;6.079999923706055;361800
2010-02-19;6.079999923706055;6.159999847412109;5.849999904632568;6.070000171661377;353100
2010-02-22;6.070000171661377;6.139999866485596;5.920000076293945;6.139999866485596;141000
2010-02-23;6.150000095367432;6.199999809265137;5.989999771118164;6.119999885559082;153600
2010-02-24;6.150000095367432;6.190000057220459;6.010000228881836;6.130000114440918;149900
2010-02-25;6.039999961853027;6.179999828338623;6.019999980926514;6.179999828338623;55800
2010-02-26;6.150000095367432;6.150000095367432;6.019999980926514;6.059999942779541;57900
2010-03-01;6.070000171661377;6.440000057220459;6.070000171661377;6.420000076293945;133100
2010-03-02;6.409999847412109;6.639999866485596;6.25;6.639999866485596;140400
2010-03-03;6.630000114440918;6.71999979019165;6.570000171661377;6.599999904632568;67600
2010-03-04;6.590000152587891;6.829999923706055;6.579999923706055;6.789999961853027;71200
2010-03-05;6.800000190734863;7.0;6.690000057220459;6.96999979019165;142600
2010-03-08;6.949999809265137;7.050000190734863;6.909999847412109;6.929999828338623;58000
2010-03-09;6.929999828338623;7.010000228881836;6.809999942779541;6.880000114440918;101000
2010-03-10;6.860000133514404;6.940000057220459;6.630000114440918;6.849999904632568;63100
2010-03-11;6.78000020980835;7.0;6.739999771118164;7.0;41800
2010-03-12;7.0;7.019999980926514;6.829999923706055;6.949999809265137;52900
2010-03-15;6.920000076293945;7.0;6.829999923706055;6.960000038146973;37500
2010-03-16;6.960000038146973;7.0;6.849999904632568;6.989999771118164;30700
2010-03-17;6.980000019073486;7.03000020980835;6.880000114440918;6.909999847412109;31200
2010-03-18;6.869999885559082;6.869999885559082;6.670000076293945;6.690000057220459;52800
2010-03-19;6.739999771118164;6.829999923706055;6.440000057220459;6.800000190734863;172900
2010-03-22;6.71999979019165;7.199999809265137;6.679999828338623;7.190000057220459;124000
2010-03-23;7.230000019073486;7.449999809265137;7.199999809265137;7.429999828338623;111900
2010-03-24;7.409999847412109;7.409999847412109;7.190000057220459;7.300000190734863;133700
2010-03-25;7.360000133514404;7.409999847412109;7.050000190734863;7.070000171661377;78200
2010-03-26;7.110000133514404;7.239999771118164;7.019999980926514;7.150000095367432;44600
2010-03-29;7.190000057220459;7.289999961853027;7.039999961853027;7.179999828338623;41700
2010-03-30;7.21999979019165;7.230000019073486;6.96999979019165;7.130000114440918;62400
2010-03-31;6.769999980926514;7.059999942779541;6.590000152587891;6.630000114440918;305700
2010-04-01;6.650000095367432;6.78000020980835;6.380000114440918;6.429999828338623;167500
2010-04-05;6.429999828338623;6.659999847412109;6.340000152587891;6.659999847412109;91600
2010-04-06;6.599999904632568;6.699999809265137;6.570000171661377;6.670000076293945;48200
2010-04-07;6.650000095367432;6.829999923706055;6.539999961853027;6.820000171661377;146500
2010-04-08;6.78000020980835;6.929999828338623;6.769999980926514;6.880000114440918;65000
2010-04-09;6.860000133514404;6.860000133514404;6.710000038146973;6.78000020980835;70400
2010-04-12;6.820000171661377;6.820000171661377;6.679999828338623;6.739999771118164;123100
2010-04-13;6.75;6.820000171661377;6.670000076293945;6.820000171661377;76900
2010-04-14;6.820000171661377;7.03000020980835;6.809999942779541;7.0;69000
2010-04-15;6.980000019073486;7.0;6.869999885559082;6.980000019073486;32200
2010-04-16;7.0;7.03000020980835;6.760000228881836;6.889999866485596;63500
2010-04-19;6.840000152587891;6.880000114440918;6.559999942779541;6.739999771118164;57300
2010-04-20;6.710000038146973;6.889999866485596;6.699999809265137;6.800000190734863;44900
2010-04-21;6.78000020980835;6.800000190734863;6.579999923706055;6.679999828338623;84200
2010-04-22;6.599999904632568;6.599999904632568;6.420000076293945;6.559999942779541;74200
2010-04-23;6.539999961853027;6.559999942779541;6.25;6.400000095367432;181000
2010-04-26;6.369999885559082;6.510000228881836;6.349999904632568;6.46999979019165;40600
2010-04-27;6.429999828338623;6.460000038146973;6.110000133514404;6.21999979019165;110000
2010-04-28;6.21999979019165;6.269999980926514;6.170000076293945;6.239999771118164;113800
2010-04-29;6.269999980926514;6.440000057220459;6.159999847412109;6.429999828338623;121200
2010-04-30;6.449999809265137;6.449999809265137;6.130000114440918;6.130000114440918;86000
2010-05-03;6.119999885559082;6.21999979019165;5.639999866485596;6.099999904632568;394700
2010-05-04;6.050000190734863;6.070000171661377;5.949999809265137;6.010000228881836;104100
2010-05-05;6.010000228881836;6.130000114440918;5.96999979019165;6.059999942779541;97300
2010-05-06;6.050000190734863;6.239999771118164;5.5;5.809999942779541;149900
2010-05-07;5.809999942779541;6.059999942779541;5.619999885559082;5.699999809265137;108200
2010-05-10;5.900000095367432;6.099999904632568;5.690000057220459;5.800000190734863;134600
2010-05-11;5.739999771118164;5.989999771118164;5.659999847412109;5.820000171661377;83800
2010-05-12;5.809999942779541;6.099999904632568;5.809999942779541;6.019999980926514;157300
2010-05-13;5.989999771118164;6.019999980926514;5.869999885559082;5.96999979019165;31500
2010-05-14;5.909999847412109;5.929999828338623;5.710000038146973;5.860000133514404;75500
2010-05-17;5.920000076293945;6.239999771118164;5.920000076293945;6.079999923706055;90600
2010-05-18;6.159999847412109;6.170000076293945;5.960000038146973;6.059999942779541;60000
2010-05-19;6.070000171661377;6.150000095367432;5.860000133514404;6.090000152587891;94200
2010-05-20;5.900000095367432;6.050000190734863;5.75;5.75;101000
2010-05-21;5.800000190734863;5.960000038146973;5.769999980926514;5.909999847412109;110200
2010-05-24;5.889999866485596;6.059999942779541;5.75;5.789999961853027;69200
2010-05-25;5.679999828338623;5.769999980926514;5.619999885559082;5.710000038146973;70600
2010-05-26;5.71999979019165;5.920000076293945;5.610000133514404;5.630000114440918;97800
2010-05-27;5.710000038146973;6.090000152587891;5.639999866485596;6.050000190734863;107600
2010-05-28;6.019999980926514;6.300000190734863;5.989999771118164;6.190000057220459;69500
2010-06-01;6.150000095367432;6.349999904632568;6.019999980926514;6.019999980926514;123600
2010-06-02;6.079999923706055;6.239999771118164;6.0;6.210000038146973;54300
2010-06-03;6.190000057220459;6.380000114440918;6.099999904632568;6.329999923706055;62500
2010-06-04;6.150000095367432;6.199999809265137;5.949999809265137;5.949999809265137;115400
2010-06-07;6.0;6.03000020980835;5.699999809265137;5.710000038146973;102800
2010-06-08;5.71999979019165;5.869999885559082;5.619999885559082;5.820000171661377;64800
2010-06-09;5.880000114440918;6.139999866485596;5.690000057220459;5.800000190734863;161000
2010-06-10;5.869999885559082;6.079999923706055;5.849999904632568;6.059999942779541;86400
2010-06-11;5.989999771118164;6.179999828338623;5.96999979019165;6.119999885559082;42200
2010-06-14;6.170000076293945;6.21999979019165;6.0;6.110000133514404;84100
2010-06-15;6.110000133514404;6.230000019073486;5.980000019073486;6.199999809265137;156700
2010-06-16;6.139999866485596;6.210000038146973;6.070000171661377;6.119999885559082;28300
2010-06-17;6.170000076293945;6.300000190734863;6.039999961853027;6.289999961853027;33600
2010-06-18;6.309999942779541;6.380000114440918;6.150000095367432;6.159999847412109;103000
2010-06-21;6.21999979019165;6.21999979019165;6.099999904632568;6.150000095367432;34300
2010-06-22;6.099999904632568;6.309999942779541;6.0;6.039999961853027;163400
2010-06-23;6.059999942779541;6.21999979019165;6.010000228881836;6.099999904632568;52000
2010-06-24;6.050000190734863;6.090000152587891;6.0;6.019999980926514;47000
2010-06-25;6.050000190734863;6.369999885559082;6.0;6.360000133514404;1110700
2010-06-28;6.349999904632568;6.440000057220459;6.110000133514404;6.349999904632568;51700
2010-06-29;6.25;6.25;6.019999980926514;6.119999885559082;134400
2010-06-30;6.139999866485596;6.210000038146973;5.849999904632568;5.889999866485596;98400
2010-07-01;5.920000076293945;6.010000228881836;5.739999771118164;5.869999885559082;81100
2010-07-02;5.940000057220459;5.940000057220459;5.71999979019165;5.849999904632568;56500
2010-07-06;5.920000076293945;5.929999828338623;5.519999980926514;5.550000190734863;128500
2010-07-07;5.559999942779541;5.949999809265137;5.510000228881836;5.920000076293945;71200
2010-07-08;5.96999979019165;6.050000190734863;5.889999866485596;6.010000228881836;56600
2010-07-09;6.019999980926514;6.369999885559082;5.989999771118164;6.320000171661377;99700
2010-07-12;6.309999942779541;6.360000133514404;6.010000228881836;6.03000020980835;46600
2010-07-13;6.119999885559082;6.369999885559082;6.119999885559082;6.360000133514404;114700
2010-07-14;6.360000133514404;6.75;6.309999942779541;6.739999771118164;97700
2010-07-15;6.769999980926514;6.889999866485596;6.599999904632568;6.71999979019165;77800
2010-07-16;6.699999809265137;6.75;6.510000228881836;6.539999961853027;139100
2010-07-19;6.579999923706055;6.579999923706055;6.329999923706055;6.510000228881836;57700
2010-07-20;6.429999828338623;6.539999961853027;6.429999828338623;6.519999980926514;92100
2010-07-21;6.579999923706055;6.610000133514404;6.409999847412109;6.440000057220459;67200
2010-07-22;6.53000020980835;6.730000019073486;6.460000038146973;6.619999885559082;124500
2010-07-23;6.579999923706055;6.78000020980835;6.53000020980835;6.769999980926514;86600
2010-07-26;6.840000152587891;6.840000152587891;6.639999866485596;6.690000057220459;62900
2010-07-27;6.760000228881836;6.800000190734863;6.510000228881836;6.53000020980835;61100
2010-07-28;6.5;6.550000190734863;6.400000095367432;6.449999809265137;67100
2010-07-29;6.53000020980835;6.53000020980835;6.380000114440918;6.429999828338623;49000
2010-07-30;6.360000133514404;6.519999980926514;6.360000133514404;6.449999809265137;59000
2010-08-02;6.53000020980835;6.579999923706055;6.440000057220459;6.539999961853027;38700
2010-08-03;6.510000228881836;6.559999942779541;6.369999885559082;6.420000076293945;40000
2010-08-04;6.429999828338623;6.75;6.429999828338623;6.5;172300
2010-08-05;6.429999828338623;6.510000228881836;6.300000190734863;6.369999885559082;43300
2010-08-06;6.289999961853027;6.420000076293945;6.179999828338623;6.21999979019165;26500
2010-08-09;6.25;6.269999980926514;6.110000133514404;6.210000038146973;68400
2010-08-10;6.119999885559082;6.260000228881836;5.980000019073486;5.989999771118164;47200
2010-08-11;5.909999847412109;5.960000038146973;5.679999828338623;5.71999979019165;86700
2010-08-12;5.650000095367432;5.78000020980835;5.650000095367432;5.650000095367432;55300
2010-08-13;5.619999885559082;5.760000228881836;5.5;5.5;62300
2010-08-16;5.5;5.730000019073486;5.5;5.610000133514404;65100
2010-08-17;5.679999828338623;5.78000020980835;5.559999942779541;5.619999885559082;121500
2010-08-18;5.619999885559082;5.71999979019165;5.5;5.590000152587891;65900
2010-08-19;5.559999942779541;5.599999904632568;5.440000057220459;5.460000038146973;94200
2010-08-20;5.460000038146973;5.579999923706055;5.329999923706055;5.369999885559082;149400
2010-08-23;5.400000095367432;5.539999961853027;5.400000095367432;5.440000057220459;102600
2010-08-24;5.360000133514404;5.579999923706055;5.360000133514404;5.5;83200
2010-08-25;5.480000019073486;5.599999904632568;5.400000095367432;5.579999923706055;67900
2010-08-26;5.579999923706055;5.599999904632568;5.440000057220459;5.460000038146973;66800
2010-08-27;5.519999980926514;5.880000114440918;5.409999847412109;5.78000020980835;178500
2010-08-30;5.769999980926514;5.769999980926514;5.440000057220459;5.460000038146973;72100
2010-08-31;5.46999979019165;5.590000152587891;5.420000076293945;5.5;69600
2010-09-01;5.559999942779541;5.559999942779541;5.320000171661377;5.349999904632568;293300
2010-09-02;5.329999923706055;5.480000019073486;5.300000190734863;5.46999979019165;45000
2010-09-03;5.5;5.590000152587891;5.460000038146973;5.53000020980835;48900
2010-09-07;5.489999771118164;5.519999980926514;5.320000171661377;5.349999904632568;64000
2010-09-08;5.380000114440918;5.550000190734863;5.380000114440918;5.5;37100
2010-09-09;5.579999923706055;5.619999885559082;5.46999979019165;5.5;55500
2010-09-10;5.559999942779541;5.559999942779541;5.46999979019165;5.539999961853027;46600
2010-09-13;5.570000171661377;5.769999980926514;5.559999942779541;5.730000019073486;84300
2010-09-14;5.690000057220459;5.71999979019165;5.539999961853027;5.579999923706055;57900
2010-09-15;5.570000171661377;5.639999866485596;5.53000020980835;5.559999942779541;39900
2010-09-16;5.539999961853027;5.650000095367432;5.5;5.53000020980835;41200
2010-09-17;5.599999904632568;5.670000076293945;5.5;5.550000190734863;116800
2010-09-20;5.559999942779541;5.849999904632568;5.559999942779541;5.820000171661377;174900
2010-09-21;5.840000152587891;5.840000152587891;5.699999809265137;5.739999771118164;52700
2010-09-22;5.699999809265137;5.829999923706055;5.5;5.590000152587891;66700
2010-09-23;5.570000171661377;5.659999847412109;5.519999980926514;5.550000190734863;90900
2010-09-24;5.630000114440918;5.75;5.570000171661377;5.739999771118164;94600
2010-09-27;5.760000228881836;5.869999885559082;5.5;5.789999961853027;123300
2010-09-28;5.820000171661377;6.159999847412109;5.809999942779541;6.130000114440918;137800
2010-09-29;6.059999942779541;6.300000190734863;5.869999885559082;6.190000057220459;146800
2010-09-30;6.28000020980835;6.309999942779541;6.130000114440918;6.210000038146973;64000
2010-10-01;6.28000020980835;6.420000076293945;6.199999809265137;6.340000152587891;74900
2010-10-04;6.300000190734863;6.360000133514404;5.989999771118164;6.019999980926514;65600
2010-10-05;6.099999904632568;6.440000057220459;6.050000190734863;6.420000076293945;67900
2010-10-06;6.420000076293945;6.420000076293945;6.300000190734863;6.389999866485596;58100
2010-10-07;6.400000095367432;6.440000057220459;6.320000171661377;6.349999904632568;105000
2010-10-08;6.300000190734863;6.429999828338623;6.25;6.380000114440918;50100
2010-10-11;6.300000190734863;6.329999923706055;6.190000057220459;6.21999979019165;38000
2010-10-12;6.179999828338623;6.269999980926514;6.139999866485596;6.260000228881836;17400
2010-10-13;6.300000190734863;6.409999847412109;6.21999979019165;6.380000114440918;55300
2010-10-14;6.349999904632568;6.409999847412109;6.079999923706055;6.389999866485596;116200
2010-10-15;6.489999771118164;6.489999771118164;6.28000020980835;6.28000020980835;106400
2010-10-18;6.309999942779541;6.46999979019165;6.230000019073486;6.400000095367432;52900
2010-10-19;6.289999961853027;6.360000133514404;6.010000228881836;6.110000133514404;58400
2010-10-20;6.159999847412109;6.460000038146973;6.03000020980835;6.309999942779541;50300
2010-10-21;6.360000133514404;6.400000095367432;6.099999904632568;6.170000076293945;67600
2010-10-22;6.170000076293945;6.21999979019165;6.130000114440918;6.159999847412109;38100
2010-10-25;6.21999979019165;6.360000133514404;6.170000076293945;6.190000057220459;65500
2010-10-26;6.139999866485596;6.349999904632568;6.139999866485596;6.28000020980835;53200
2010-10-27;6.269999980926514;6.269999980926514;6.099999904632568;6.199999809265137;35500
2010-10-28;6.230000019073486;6.239999771118164;6.119999885559082;6.210000038146973;47100
2010-10-29;6.150000095367432;6.320000171661377;6.139999866485596;6.289999961853027;56300
2010-11-01;6.349999904632568;6.429999828338623;6.289999961853027;6.360000133514404;66900
2010-11-02;6.400000095367432;6.420000076293945;6.340000152587891;6.400000095367432;74100
2010-11-03;6.369999885559082;6.400000095367432;6.320000171661377;6.400000095367432;42400
2010-11-04;6.400000095367432;6.449999809265137;6.380000114440918;6.440000057220459;95600
2010-11-05;6.409999847412109;6.440000057220459;6.320000171661377;6.409999847412109;102300
2010-11-08;6.400000095367432;6.460000038146973;6.320000171661377;6.400000095367432;68500
2010-11-09;6.389999866485596;6.400000095367432;6.300000190734863;6.329999923706055;50800
2010-11-10;6.320000171661377;6.5;6.300000190734863;6.480000019073486;68300
2010-11-11;6.369999885559082;6.409999847412109;6.269999980926514;6.380000114440918;66100
2010-11-12;6.300000190734863;6.329999923706055;6.269999980926514;6.28000020980835;121900
2010-11-15;6.25;6.320000171661377;6.150000095367432;6.230000019073486;43800
2010-11-16;6.159999847412109;6.25;6.150000095367432;6.21999979019165;61400
2010-11-17;6.199999809265137;6.199999809265137;6.110000133514404;6.170000076293945;35900
2010-11-18;6.25;6.340000152587891;6.199999809265137;6.25;49700
2010-11-19;6.260000228881836;6.300000190734863;6.110000133514404;6.21999979019165;66400
2010-11-22;6.170000076293945;6.21999979019165;6.070000171661377;6.159999847412109;65400
2010-11-23;6.090000152587891;6.190000057220459;6.070000171661377;6.139999866485596;29100
2010-11-24;6.179999828338623;6.260000228881836;6.170000076293945;6.25;48600
2010-11-26;6.159999847412109;6.21999979019165;6.150000095367432;6.159999847412109;9400
2010-11-29;6.050000190734863;6.380000114440918;6.019999980926514;6.300000190734863;70500
2010-11-30;6.210000038146973;6.28000020980835;6.159999847412109;6.260000228881836;76500
2010-12-01;6.380000114440918;6.46999979019165;6.349999904632568;6.400000095367432;107800
2010-12-02;6.380000114440918;6.480000019073486;6.369999885559082;6.409999847412109;42000
2010-12-03;6.349999904632568;6.349999904632568;6.210000038146973;6.25;198500
2010-12-06;6.21999979019165;6.320000171661377;6.21999979019165;6.300000190734863;193800
2010-12-07;6.360000133514404;6.360000133514404;6.139999866485596;6.340000152587891;118400
2010-12-08;6.380000114440918;6.400000095367432;6.289999961853027;6.320000171661377;151000
2010-12-09;6.360000133514404;6.440000057220459;6.260000228881836;6.300000190734863;170300
2010-12-10;6.320000171661377;6.409999847412109;6.269999980926514;6.389999866485596;46500
2010-12-13;6.340000152587891;6.440000057220459;6.329999923706055;6.340000152587891;167000
2010-12-14;6.03000020980835;6.329999923706055;6.019999980926514;6.199999809265137;149700
2010-12-15;6.199999809265137;6.230000019073486;6.050000190734863;6.090000152587891;235100
2010-12-16;6.090000152587891;6.139999866485596;5.699999809265137;5.980000019073486;1557100
2010-12-17;5.96999979019165;6.0;5.829999923706055;5.949999809265137;248200
2010-12-20;5.949999809265137;5.949999809265137;5.650000095367432;5.880000114440918;307300
2010-12-21;5.889999866485596;5.960000038146973;5.889999866485596;5.949999809265137;142700
2010-12-22;5.949999809265137;5.980000019073486;5.860000133514404;5.949999809265137;114100
2010-12-23;5.960000038146973;6.0;5.730000019073486;5.809999942779541;101400
2010-12-27;5.78000020980835;5.809999942779541;5.659999847412109;5.670000076293945;105900
2010-12-28;5.659999847412109;5.78000020980835;5.659999847412109;5.699999809265137;117100
2010-12-29;5.699999809265137;5.760000228881836;5.659999847412109;5.690000057220459;101000
2010-12-30;5.659999847412109;5.869999885559082;5.659999847412109;5.829999923706055;87700
2010-12-31;5.820000171661377;5.980000019073486;5.78000020980835;5.980000019073486;107800
2011-01-03;6.010000228881836;6.21999979019165;5.949999809265137;6.119999885559082;100600
2011-01-04;6.199999809265137;6.289999961853027;5.909999847412109;5.909999847412109;82400
2011-01-05;6.230000019073486;6.710000038146973;6.190000057220459;6.670000076293945;220100
2011-01-06;7.070000171661377;7.079999923706055;6.349999904632568;6.389999866485596;148800
2011-01-07;6.429999828338623;6.440000057220459;6.300000190734863;6.360000133514404;76300
2011-01-10;6.300000190734863;6.480000019073486;6.21999979019165;6.360000133514404;76300
2011-01-11;6.380000114440918;6.400000095367432;6.329999923706055;6.360000133514404;51800
2011-01-12;6.440000057220459;6.829999923706055;6.400000095367432;6.659999847412109;118300
2011-01-13;6.670000076293945;6.730000019073486;6.579999923706055;6.690000057220459;64700
2011-01-14;6.659999847412109;6.760000228881836;6.639999866485596;6.730000019073486;79000
2011-01-18;6.690000057220459;7.019999980926514;6.690000057220459;7.019999980926514;138000
2011-01-19;7.0;7.050000190734863;6.550000190734863;6.610000133514404;89200
2011-01-20;6.599999904632568;6.75;6.5;6.539999961853027;65000
2011-01-21;6.579999923706055;6.769999980926514;6.489999771118164;6.489999771118164;74300
2011-01-24;6.46999979019165;6.550000190734863;6.360000133514404;6.360000133514404;53700
2011-01-25;6.349999904632568;6.590000152587891;6.309999942779541;6.570000171661377;64800
2011-01-26;6.579999923706055;6.920000076293945;6.440000057220459;6.909999847412109;96100
2011-01-27;6.909999847412109;6.909999847412109;6.539999961853027;6.590000152587891;63400
2011-01-28;6.559999942779541;6.590000152587891;6.320000171661377;6.320000171661377;90200
2011-01-31;6.329999923706055;6.409999847412109;6.099999904632568;6.260000228881836;111200
2011-02-01;6.269999980926514;6.360000133514404;6.269999980926514;6.309999942779541;88300
2011-02-02;6.269999980926514;6.320000171661377;6.150000095367432;6.199999809265137;65600
2011-02-03;6.170000076293945;6.300000190734863;6.099999904632568;6.139999866485596;73600
2011-02-04;6.150000095367432;6.21999979019165;6.099999904632568;6.199999809265137;67600
2011-02-07;6.190000057220459;6.53000020980835;6.170000076293945;6.460000038146973;76600
2011-02-08;6.460000038146973;6.460000038146973;6.25;6.389999866485596;35300
2011-02-09;6.340000152587891;6.429999828338623;6.210000038146973;6.349999904632568;69000
2011-02-10;6.28000020980835;6.5;6.28000020980835;6.349999904632568;77500
2011-02-11;6.309999942779541;6.429999828338623;6.309999942779541;6.420000076293945;31200
2011-02-14;6.389999866485596;6.480000019073486;6.329999923706055;6.409999847412109;72500
2011-02-15;6.360000133514404;6.449999809265137;6.300000190734863;6.360000133514404;35800
2011-02-16;6.130000114440918;6.360000133514404;6.059999942779541;6.329999923706055;109500
2011-02-17;6.320000171661377;6.360000133514404;6.260000228881836;6.309999942779541;46500
2011-02-18;6.349999904632568;6.349999904632568;6.289999961853027;6.349999904632568;108600
2011-02-22;6.269999980926514;6.340000152587891;6.119999885559082;6.119999885559082;79100
2011-02-23;6.150000095367432;6.230000019073486;6.059999942779541;6.079999923706055;25400
2011-02-24;6.070000171661377;6.119999885559082;6.050000190734863;6.090000152587891;56300
2011-02-25;6.090000152587891;6.289999961853027;6.090000152587891;6.269999980926514;55200
2011-02-28;6.320000171661377;6.320000171661377;6.050000190734863;6.150000095367432;64200
2011-03-01;6.25;6.25;6.050000190734863;6.099999904632568;41100
2011-03-02;6.079999923706055;6.159999847412109;5.940000057220459;6.010000228881836;64100
2011-03-03;6.039999961853027;6.300000190734863;6.0;6.25;100800
2011-03-04;6.260000228881836;6.300000190734863;6.190000057220459;6.260000228881836;36400
2011-03-07;6.320000171661377;6.320000171661377;5.980000019073486;6.039999961853027;45200
2011-03-08;6.019999980926514;6.190000057220459;6.019999980926514;6.090000152587891;31000
2011-03-09;6.099999904632568;6.150000095367432;6.059999942779541;6.139999866485596;15700
2011-03-10;6.059999942779541;6.059999942779541;5.900000095367432;5.900000095367432;56200
2011-03-11;5.900000095367432;5.96999979019165;5.900000095367432;5.920000076293945;50900
2011-03-14;5.840000152587891;6.050000190734863;5.840000152587891;6.019999980926514;37900
2011-03-15;5.820000171661377;5.989999771118164;5.78000020980835;5.940000057220459;44500
2011-03-16;5.949999809265137;6.090000152587891;5.820000171661377;5.920000076293945;62500
2011-03-17;6.039999961853027;6.039999961853027;5.909999847412109;5.949999809265137;41700
2011-03-18;6.0;6.21999979019165;5.929999828338623;6.170000076293945;142500
2011-03-21;6.25;6.380000114440918;6.139999866485596;6.25;111000
2011-03-22;6.230000019073486;6.309999942779541;6.039999961853027;6.289999961853027;48000
2011-03-23;6.260000228881836;6.349999904632568;6.179999828338623;6.320000171661377;23800
2011-03-24;6.340000152587891;6.400000095367432;6.239999771118164;6.269999980926514;54600
2011-03-25;6.289999961853027;6.510000228881836;6.199999809265137;6.230000019073486;73300
2011-03-28;6.25;6.300000190734863;6.139999866485596;6.139999866485596;47100
2011-03-29;6.179999828338623;6.389999866485596;6.150000095367432;6.380000114440918;89000
2011-03-30;6.349999904632568;6.489999771118164;6.110000133514404;6.46999979019165;130200
2011-03-31;6.480000019073486;6.5;6.360000133514404;6.5;61300
2011-04-01;6.53000020980835;6.590000152587891;6.420000076293945;6.510000228881836;38400
2011-04-04;6.53000020980835;6.610000133514404;6.210000038146973;6.320000171661377;56800
2011-04-05;6.269999980926514;6.329999923706055;5.860000133514404;6.320000171661377;58500
2011-04-06;6.329999923706055;6.400000095367432;6.150000095367432;6.389999866485596;48300
2011-04-07;6.369999885559082;6.369999885559082;6.110000133514404;6.130000114440918;49300
2011-04-08;6.190000057220459;6.190000057220459;6.03000020980835;6.03000020980835;41200
2011-04-11;6.010000228881836;6.110000133514404;5.900000095367432;6.0;65300
2011-04-12;5.900000095367432;5.960000038146973;5.800000190734863;5.840000152587891;76900
2011-04-13;5.860000133514404;5.909999847412109;5.710000038146973;5.760000228881836;80800
2011-04-14;5.71999979019165;5.940000057220459;5.619999885559082;5.940000057220459;91300
2011-04-15;5.920000076293945;6.070000171661377;5.800000190734863;6.050000190734863;53000
2011-04-18;5.940000057220459;6.059999942779541;5.900000095367432;6.019999980926514;31900
2011-04-19;6.070000171661377;6.119999885559082;5.909999847412109;6.099999904632568;31000
2011-04-20;6.210000038146973;6.21999979019165;6.059999942779541;6.099999904632568;38900
2011-04-21;6.159999847412109;6.159999847412109;5.949999809265137;6.050000190734863;39200
2011-04-25;6.019999980926514;6.099999904632568;6.010000228881836;6.099999904632568;24200
2011-04-26;6.090000152587891;6.360000133514404;6.079999923706055;6.349999904632568;47300
2011-04-27;6.340000152587891;6.420000076293945;6.239999771118164;6.409999847412109;48000
2011-04-28;6.360000133514404;6.449999809265137;6.28000020980835;6.369999885559082;21000
2011-04-29;6.400000095367432;6.550000190734863;6.28000020980835;6.480000019073486;108000
2011-05-02;6.489999771118164;6.489999771118164;6.320000171661377;6.389999866485596;55000
2011-05-03;6.349999904632568;6.349999904632568;6.059999942779541;6.190000057220459;44000
2011-05-04;6.179999828338623;6.179999828338623;5.949999809265137;5.949999809265137;30000
2011-05-05;5.920000076293945;6.170000076293945;5.849999904632568;5.929999828338623;101500
2011-05-06;6.019999980926514;6.130000114440918;5.920000076293945;5.960000038146973;26000
2011-05-09;5.96999979019165;6.079999923706055;5.929999828338623;6.039999961853027;38000
2011-05-10;6.090000152587891;6.239999771118164;6.010000228881836;6.239999771118164;48800
2011-05-11;6.190000057220459;6.199999809265137;5.96999979019165;6.0;49800
2011-05-12;5.940000057220459;6.050000190734863;5.929999828338623;6.03000020980835;69400
2011-05-13;6.03000020980835;6.03000020980835;5.860000133514404;5.940000057220459;59000
2011-05-16;5.889999866485596;6.059999942779541;5.829999923706055;5.840000152587891;59800
2011-05-17;5.809999942779541;5.900000095367432;5.539999961853027;5.71999979019165;218200
2011-05-18;5.71999979019165;5.789999961853027;5.519999980926514;5.769999980926514;155300
2011-05-19;5.840000152587891;5.900000095367432;5.75;5.860000133514404;82500
2011-05-20;5.860000133514404;5.880000114440918;5.789999961853027;5.829999923706055;93800
2011-05-23;5.71999979019165;5.829999923706055;5.510000228881836;5.769999980926514;93700
2011-05-24;5.800000190734863;5.909999847412109;5.75;5.800000190734863;124000
2011-05-25;5.829999923706055;5.920000076293945;5.789999961853027;5.800000190734863;62600
2011-05-26;5.809999942779541;5.980000019073486;5.809999942779541;5.909999847412109;50800
2011-05-27;5.929999828338623;5.929999828338623;5.820000171661377;5.829999923706055;80100
2011-05-31;5.929999828338623;6.070000171661377;5.630000114440918;5.739999771118164;1087400
2011-06-01;5.710000038146973;5.860000133514404;5.710000038146973;5.789999961853027;106000
2011-06-02;5.809999942779541;5.880000114440918;5.789999961853027;5.840000152587891;43600
2011-06-03;5.71999979019165;6.050000190734863;5.650000095367432;5.989999771118164;117000
2011-06-06;5.980000019073486;6.119999885559082;5.909999847412109;6.0;55000
2011-06-07;6.059999942779541;6.119999885559082;5.989999771118164;6.050000190734863;47500
2011-06-08;6.019999980926514;6.059999942779541;5.940000057220459;5.96999979019165;48200
2011-06-09;5.980000019073486;6.019999980926514;5.849999904632568;5.869999885559082;31400
2011-06-10;5.829999923706055;6.03000020980835;5.829999923706055;6.0;75300
2011-06-13;6.010000228881836;6.03000020980835;5.96999979019165;5.96999979019165;116100
2011-06-14;6.019999980926514;6.019999980926514;5.920000076293945;5.980000019073486;105200
2011-06-15;5.920000076293945;5.960000038146973;5.809999942779541;5.840000152587891;78200
2011-06-16;5.840000152587891;6.010000228881836;5.829999923706055;5.989999771118164;49300
2011-06-17;6.019999980926514;6.019999980926514;5.849999904632568;5.920000076293945;133800
2011-06-20;5.889999866485596;5.960000038146973;5.820000171661377;5.849999904632568;71700
2011-06-21;5.909999847412109;6.03000020980835;5.860000133514404;6.019999980926514;69300
2011-06-22;5.980000019073486;6.099999904632568;5.980000019073486;6.079999923706055;44500
2011-06-23;6.0;6.309999942779541;5.989999771118164;6.239999771118164;52100
2011-06-24;6.239999771118164;6.239999771118164;6.070000171661377;6.139999866485596;387500
2011-06-27;6.170000076293945;6.349999904632568;6.059999942779541;6.25;81300
2011-06-28;6.28000020980835;6.349999904632568;6.170000076293945;6.309999942779541;114300
2011-06-29;6.320000171661377;6.349999904632568;6.21999979019165;6.349999904632568;30300
2011-06-30;6.380000114440918;6.630000114440918;6.269999980926514;6.599999904632568;82000
2011-07-01;6.579999923706055;6.599999904632568;6.460000038146973;6.519999980926514;90400
2011-07-05;6.489999771118164;6.510000228881836;6.340000152587891;6.480000019073486;46900
2011-07-06;6.449999809265137;6.480000019073486;6.340000152587891;6.480000019073486;52600
2011-07-07;6.510000228881836;6.650000095367432;6.460000038146973;6.590000152587891;42100
2011-07-08;6.489999771118164;6.670000076293945;6.360000133514404;6.659999847412109;36600
2011-07-11;6.550000190734863;6.800000190734863;6.429999828338623;6.769999980926514;60700
2011-07-12;6.769999980926514;6.769999980926514;6.489999771118164;6.53000020980835;46100
2011-07-13;6.550000190734863;6.769999980926514;6.550000190734863;6.739999771118164;71000
2011-07-14;6.730000019073486;6.820000171661377;6.53000020980835;6.550000190734863;37500
2011-07-15;6.550000190734863;6.760000228881836;6.550000190734863;6.75;73400
2011-07-18;6.739999771118164;6.760000228881836;6.429999828338623;6.440000057220459;55300
2011-07-19;6.5;6.610000133514404;6.369999885559082;6.579999923706055;45100
2011-07-20;6.570000171661377;6.699999809265137;6.519999980926514;6.670000076293945;20000
2011-07-21;6.710000038146973;6.940000057220459;6.550000190734863;6.940000057220459;62800
2011-07-22;6.940000057220459;6.940000057220459;6.789999961853027;6.820000171661377;35200
2011-07-25;6.730000019073486;6.840000152587891;6.670000076293945;6.800000190734863;65600
2011-07-26;6.730000019073486;6.760000228881836;6.590000152587891;6.639999866485596;78000
2011-07-27;6.710000038146973;6.710000038146973;6.239999771118164;6.369999885559082;182300
2011-07-28;6.360000133514404;6.360000133514404;6.199999809265137;6.260000228881836;123800
2011-07-29;6.190000057220459;6.28000020980835;6.059999942779541;6.179999828338623;121400
2011-08-01;6.260000228881836;6.260000228881836;5.980000019073486;6.0;187300
2011-08-02;6.050000190734863;6.050000190734863;5.840000152587891;5.840000152587891;140500
2011-08-03;5.869999885559082;6.099999904632568;5.849999904632568;6.0;149300
2011-08-04;6.03000020980835;6.079999923706055;5.840000152587891;5.869999885559082;147500
2011-08-05;5.920000076293945;6.0;5.78000020980835;5.920000076293945;250900
2011-08-08;5.809999942779541;6.03000020980835;5.460000038146973;5.550000190734863;338400
2011-08-09;5.75;6.090000152587891;5.599999904632568;6.010000228881836;271800
2011-08-10;5.860000133514404;6.010000228881836;5.710000038146973;5.71999979019165;220700
2011-08-11;5.71999979019165;5.949999809265137;5.71999979019165;5.789999961853027;267300
2011-08-12;5.849999904632568;5.96999979019165;5.760000228881836;5.940000057220459;262000
2011-08-15;5.980000019073486;6.059999942779541;5.900000095367432;6.010000228881836;106800
2011-08-16;5.940000057220459;6.039999961853027;5.829999923706055;5.929999828338623;223700
2011-08-17;5.929999828338623;6.050000190734863;5.860000133514404;5.989999771118164;129000
2011-08-18;5.809999942779541;5.880000114440918;5.769999980926514;5.800000190734863;147000
2011-08-19;5.739999771118164;5.949999809265137;5.71999979019165;5.760000228881836;131600
2011-08-22;5.900000095367432;5.920000076293945;5.71999979019165;5.869999885559082;105000
2011-08-23;5.929999828338623;6.039999961853027;5.920000076293945;6.019999980926514;140500
2011-08-24;6.019999980926514;6.130000114440918;5.960000038146973;6.110000133514404;48200
2011-08-25;6.139999866485596;6.199999809265137;5.960000038146973;5.960000038146973;119700
2011-08-26;5.900000095367432;6.03000020980835;5.900000095367432;6.0;80400
2011-08-29;6.090000152587891;6.130000114440918;6.010000228881836;6.110000133514404;180700
2011-08-30;6.070000171661377;6.130000114440918;5.949999809265137;5.989999771118164;118500
2011-08-31;6.03000020980835;6.059999942779541;5.869999885559082;5.949999809265137;144400
2011-09-01;5.980000019073486;6.050000190734863;5.789999961853027;5.880000114440918;154400
2011-09-02;5.75;5.849999904632568;5.710000038146973;5.760000228881836;112700
2011-09-06;5.599999904632568;5.929999828338623;5.599999904632568;5.900000095367432;106800
2011-09-07;5.989999771118164;6.099999904632568;5.960000038146973;6.0;93400
2011-09-08;5.940000057220459;6.03000020980835;5.909999847412109;5.940000057220459;96900
2011-09-09;5.900000095367432;5.909999847412109;5.710000038146973;5.869999885559082;115700
2011-09-12;5.760000228881836;5.920000076293945;5.710000038146973;5.789999961853027;109500
2011-09-13;5.840000152587891;5.840000152587891;5.670000076293945;5.739999771118164;116200
2011-09-14;5.78000020980835;6.139999866485596;5.630000114440918;5.989999771118164;76900
2011-09-15;6.059999942779541;6.059999942779541;5.889999866485596;5.960000038146973;92200
2011-09-16;6.0;6.0;5.710000038146973;5.849999904632568;137300
2011-09-19;5.739999771118164;5.889999866485596;5.690000057220459;5.849999904632568;44600
2011-09-20;5.820000171661377;5.96999979019165;5.679999828338623;5.679999828338623;75400
2011-09-21;5.710000038146973;5.789999961853027;5.5;5.510000228881836;72800
2011-09-22;5.380000114440918;5.579999923706055;5.320000171661377;5.429999828338623;143400
2011-09-23;5.429999828338623;5.590000152587891;5.380000114440918;5.409999847412109;815200
2011-09-26;5.429999828338623;5.53000020980835;5.320000171661377;5.519999980926514;99200
2011-09-27;5.619999885559082;5.75;5.449999809265137;5.550000190734863;144300
2011-09-28;5.550000190734863;5.730000019073486;5.360000133514404;5.380000114440918;87400
2011-09-29;5.5;5.639999866485596;5.400000095367432;5.639999866485596;106900
2011-09-30;5.550000190734863;5.639999866485596;5.309999942779541;5.320000171661377;181100
2011-10-03;5.309999942779541;5.5;5.0;5.0;194800
2011-10-04;5.0;5.570000171661377;4.96999979019165;5.489999771118164;306500
2011-10-05;5.510000228881836;5.71999979019165;4.849999904632568;5.039999961853027;345300
2011-10-06;5.010000228881836;5.630000114440918;5.010000228881836;5.570000171661377;290400
2011-10-07;5.559999942779541;5.559999942779541;5.239999771118164;5.289999961853027;170300
2011-10-10;5.389999866485596;5.579999923706055;5.349999904632568;5.449999809265137;174900
2011-10-11;5.400000095367432;5.639999866485596;5.320000171661377;5.449999809265137;233500
2011-10-12;5.460000038146973;5.699999809265137;5.420000076293945;5.659999847412109;164300
2011-10-13;5.650000095367432;5.659999847412109;5.550000190734863;5.639999866485596;53900
2011-10-14;5.690000057220459;5.989999771118164;5.679999828338623;5.989999771118164;59800
2011-10-17;5.929999828338623;5.929999828338623;5.630000114440918;5.760000228881836;123900
2011-10-18;5.78000020980835;6.070000171661377;5.650000095367432;6.03000020980835;122200
2011-10-19;6.03000020980835;6.039999961853027;5.53000020980835;5.630000114440918;153100
2011-10-20;5.650000095367432;5.730000019073486;5.489999771118164;5.670000076293945;69400
2011-10-21;5.78000020980835;5.920000076293945;5.610000133514404;5.739999771118164;150400
2011-10-24;5.739999771118164;5.989999771118164;5.579999923706055;5.940000057220459;218900
2011-10-25;5.760000228881836;5.980000019073486;5.75;5.78000020980835;69000
2011-10-26;5.889999866485596;6.179999828338623;5.670000076293945;6.079999923706055;223100
2011-10-27;6.289999961853027;6.579999923706055;6.159999847412109;6.519999980926514;178600
2011-10-28;6.480000019073486;6.5;6.239999771118164;6.260000228881836;75500
2011-10-31;6.190000057220459;6.28000020980835;6.079999923706055;6.210000038146973;101800
2011-11-01;5.980000019073486;6.119999885559082;5.78000020980835;5.820000171661377;90200
2011-11-02;5.940000057220459;6.03000020980835;5.820000171661377;5.949999809265137;73300
2011-11-03;5.980000019073486;6.03000020980835;5.860000133514404;5.989999771118164;133700
2011-11-04;5.920000076293945;5.920000076293945;5.630000114440918;5.760000228881836;68200
2011-11-07;5.760000228881836;5.760000228881836;5.5;5.619999885559082;96000
2011-11-08;5.630000114440918;5.78000020980835;5.5;5.769999980926514;78100
2011-11-09;5.619999885559082;5.71999979019165;5.420000076293945;5.449999809265137;95600
2011-11-10;5.539999961853027;5.710000038146973;5.5;5.630000114440918;78100
2011-11-11;5.670000076293945;5.789999961853027;5.650000095367432;5.760000228881836;43600
2011-11-14;5.75;5.75;5.489999771118164;5.550000190734863;67500
2011-11-15;5.489999771118164;5.789999961853027;5.489999771118164;5.75;45600
2011-11-16;5.679999828338623;5.840000152587891;5.610000133514404;5.619999885559082;66400
2011-11-17;5.630000114440918;5.760000228881836;5.590000152587891;5.610000133514404;66000
2011-11-18;5.590000152587891;5.659999847412109;5.489999771118164;5.650000095367432;67600
2011-11-21;5.550000190734863;5.679999828338623;5.539999961853027;5.630000114440918;55600
2011-11-22;5.619999885559082;5.71999979019165;5.539999961853027;5.570000171661377;55900
2011-11-23;5.53000020980835;5.559999942779541;5.349999904632568;5.349999904632568;103200
2011-11-25;5.340000152587891;5.489999771118164;5.159999847412109;5.159999847412109;83700
2011-11-28;5.340000152587891;5.369999885559082;5.159999847412109;5.360000133514404;88600
2011-11-29;5.349999904632568;5.480000019073486;5.21999979019165;5.320000171661377;54500
2011-11-30;5.53000020980835;5.949999809265137;5.46999979019165;5.949999809265137;122100
2011-12-01;5.920000076293945;5.920000076293945;5.659999847412109;5.670000076293945;78600
2011-12-02;5.760000228881836;5.760000228881836;5.619999885559082;5.710000038146973;55600
2011-12-05;5.800000190734863;5.940000057220459;5.679999828338623;5.920000076293945;58400
2011-12-06;5.900000095367432;5.900000095367432;5.699999809265137;5.880000114440918;77200
2011-12-07;5.820000171661377;5.860000133514404;5.650000095367432;5.690000057220459;116400
2011-12-08;5.630000114440918;5.630000114440918;5.400000095367432;5.420000076293945;87100
2011-12-09;5.440000057220459;5.710000038146973;5.340000152587891;5.639999866485596;66800
2011-12-12;5.539999961853027;5.539999961853027;5.239999771118164;5.46999979019165;64000
2011-12-13;5.5;5.539999961853027;5.21999979019165;5.28000020980835;83100
2011-12-14;5.21999979019165;5.380000114440918;5.210000038146973;5.320000171661377;87400
2011-12-15;5.420000076293945;5.420000076293945;5.190000057220459;5.269999980926514;71200
2011-12-16;5.320000171661377;5.510000228881836;5.309999942779541;5.349999904632568;98600
2011-12-19;5.369999885559082;5.489999771118164;5.150000095367432;5.190000057220459;65200
2011-12-20;5.329999923706055;5.590000152587891;5.269999980926514;5.559999942779541;89900
2011-12-21;5.579999923706055;5.650000095367432;5.409999847412109;5.630000114440918;40300
2011-12-22;5.650000095367432;5.650000095367432;5.389999866485596;5.5;44100
2011-12-23;5.539999961853027;5.579999923706055;5.46999979019165;5.510000228881836;24400
2011-12-27;5.519999980926514;5.630000114440918;5.380000114440918;5.599999904632568;39100
2011-12-28;5.539999961853027;5.599999904632568;5.440000057220459;5.460000038146973;36100
2011-12-29;5.5;5.579999923706055;5.5;5.53000020980835;46300
2011-12-30;5.5;5.570000171661377;5.46999979019165;5.519999980926514;122800
2012-01-03;5.619999885559082;5.900000095367432;5.599999904632568;5.900000095367432;79500
2012-01-04;5.889999866485596;5.889999866485596;5.46999979019165;5.599999904632568;85800
2012-01-05;5.539999961853027;5.659999847412109;5.539999961853027;5.619999885559082;46200
2012-01-06;5.599999904632568;5.650000095367432;5.550000190734863;5.570000171661377;48500
2012-01-09;5.610000133514404;5.75;5.550000190734863;5.639999866485596;60100
2012-01-10;5.710000038146973;5.710000038146973;5.579999923706055;5.650000095367432;47400
2012-01-11;5.650000095367432;5.809999942779541;5.639999866485596;5.800000190734863;25500
2012-01-12;5.800000190734863;5.800000190734863;5.670000076293945;5.75;54000
2012-01-13;5.650000095367432;5.730000019073486;5.610000133514404;5.710000038146973;53600
2012-01-17;5.760000228881836;5.760000228881836;5.570000171661377;5.619999885559082;59900
2012-01-18;5.550000190734863;5.739999771118164;5.550000190734863;5.699999809265137;34200
2012-01-19;5.730000019073486;5.730000019073486;5.639999866485596;5.710000038146973;40600
2012-01-20;5.699999809265137;5.71999979019165;5.650000095367432;5.690000057220459;62300
2012-01-23;5.690000057220459;5.829999923706055;5.670000076293945;5.789999961853027;20500
2012-01-24;5.760000228881836;5.849999904632568;5.710000038146973;5.849999904632568;37900
2012-01-25;5.829999923706055;5.940000057220459;5.760000228881836;5.929999828338623;47400
2012-01-26;5.949999809265137;6.050000190734863;5.909999847412109;5.989999771118164;64900
2012-01-27;5.960000038146973;6.300000190734863;5.960000038146973;6.260000228881836;51700
2012-01-30;6.21999979019165;6.300000190734863;6.03000020980835;6.039999961853027;82700
2012-01-31;6.099999904632568;6.139999866485596;6.0;6.03000020980835;40700
2012-02-01;6.059999942779541;6.320000171661377;6.039999961853027;6.239999771118164;63400
2012-02-02;6.230000019073486;6.449999809265137;6.130000114440918;6.340000152587891;43400
2012-02-03;6.480000019073486;6.559999942779541;6.349999904632568;6.519999980926514;81800
2012-02-06;6.480000019073486;6.550000190734863;6.039999961853027;6.46999979019165;54800
2012-02-07;6.5;6.650000095367432;6.429999828338623;6.599999904632568;103600
2012-02-08;6.590000152587891;6.789999961853027;6.53000020980835;6.75;106200
2012-02-09;6.75;6.75;6.610000133514404;6.690000057220459;153700
2012-02-10;6.590000152587891;6.699999809265137;6.53000020980835;6.550000190734863;77800
2012-02-13;6.639999866485596;6.809999942779541;6.619999885559082;6.769999980926514;91100
2012-02-14;6.71999979019165;6.889999866485596;6.690000057220459;6.789999961853027;78800
2012-02-15;6.869999885559082;7.050000190734863;6.710000038146973;6.75;183500
2012-02-16;6.789999961853027;7.050000190734863;6.71999979019165;6.940000057220459;78000
2012-02-17;6.949999809265137;6.949999809265137;6.829999923706055;6.869999885559082;64400
2012-02-21;6.900000095367432;6.989999771118164;6.78000020980835;6.960000038146973;80100
2012-02-22;6.929999828338623;6.929999828338623;6.71999979019165;6.739999771118164;52700
2012-02-23;6.760000228881836;6.96999979019165;6.670000076293945;6.940000057220459;48600
2012-02-24;6.940000057220459;6.940000057220459;6.659999847412109;6.690000057220459;32800
2012-02-27;6.650000095367432;7.119999885559082;6.610000133514404;6.869999885559082;53300
2012-02-28;6.880000114440918;6.880000114440918;6.650000095367432;6.690000057220459;48200
2012-02-29;6.71999979019165;6.78000020980835;6.289999961853027;6.300000190734863;65000
2012-03-01;6.320000171661377;6.449999809265137;6.139999866485596;6.170000076293945;98200
2012-03-02;6.170000076293945;6.21999979019165;5.980000019073486;6.099999904632568;110400
2012-03-05;6.079999923706055;6.320000171661377;6.0;6.239999771118164;156700
2012-03-06;6.150000095367432;6.260000228881836;6.03000020980835;6.03000020980835;41500
2012-03-07;6.070000171661377;6.099999904632568;6.0;6.070000171661377;29000
2012-03-08;6.090000152587891;6.400000095367432;6.0;6.349999904632568;80600
2012-03-09;6.320000171661377;6.460000038146973;6.199999809265137;6.309999942779541;56300
2012-03-12;6.289999961853027;6.489999771118164;6.230000019073486;6.429999828338623;58600
2012-03-13;6.510000228881836;6.510000228881836;6.320000171661377;6.5;86200
2012-03-14;6.480000019073486;6.610000133514404;6.480000019073486;6.489999771118164;60800
2012-03-15;6.510000228881836;6.599999904632568;6.429999828338623;6.590000152587891;68300
2012-03-16;6.619999885559082;6.619999885559082;6.5;6.519999980926514;72500
2012-03-19;6.510000228881836;6.739999771118164;6.440000057220459;6.670000076293945;71300
2012-03-20;6.639999866485596;6.639999866485596;6.409999847412109;6.53000020980835;68600
2012-03-21;6.559999942779541;6.659999847412109;6.5;6.570000171661377;54500
2012-03-22;6.5;6.570000171661377;6.449999809265137;6.539999961853027;38000
2012-03-23;6.559999942779541;6.769999980926514;6.550000190734863;6.739999771118164;77800
2012-03-26;6.800000190734863;7.019999980926514;6.699999809265137;7.0;191300
2012-03-27;7.389999866485596;7.440000057220459;6.510000228881836;6.599999904632568;491600
2012-03-28;6.610000133514404;6.650000095367432;6.340000152587891;6.510000228881836;125100
2012-03-29;6.440000057220459;6.650000095367432;6.340000152587891;6.570000171661377;61100
2012-03-30;6.639999866485596;6.659999847412109;6.489999771118164;6.53000020980835;48100
2012-04-02;6.53000020980835;6.690000057220459;6.5;6.679999828338623;83200
2012-04-03;6.650000095367432;6.659999847412109;6.489999771118164;6.550000190734863;73300
2012-04-04;6.489999771118164;6.619999885559082;6.460000038146973;6.579999923706055;77100
2012-04-05;6.440000057220459;6.570000171661377;6.349999904632568;6.460000038146973;143800
2012-04-09;6.320000171661377;6.409999847412109;6.210000038146973;6.340000152587891;55300
2012-04-10;6.340000152587891;6.349999904632568;6.130000114440918;6.150000095367432;92300
2012-04-11;6.199999809265137;6.380000114440918;6.130000114440918;6.380000114440918;52700
2012-04-12;6.360000133514404;6.550000190734863;6.340000152587891;6.429999828338623;35100
2012-04-13;6.369999885559082;6.389999866485596;6.179999828338623;6.199999809265137;50200
2012-04-16;6.25;6.329999923706055;6.159999847412109;6.289999961853027;24700
2012-04-17;6.369999885559082;6.519999980926514;6.329999923706055;6.429999828338623;28300
2012-04-18;6.380000114440918;6.389999866485596;6.199999809265137;6.21999979019165;52400
2012-04-19;6.239999771118164;6.300000190734863;6.139999866485596;6.25;39600
2012-04-20;6.380000114440918;6.460000038146973;6.25;6.309999942779541;51300
2012-04-23;6.179999828338623;6.659999847412109;6.179999828338623;6.610000133514404;151500
2012-04-24;6.610000133514404;6.679999828338623;6.579999923706055;6.650000095367432;59400
2012-04-25;6.739999771118164;6.760000228881836;6.590000152587891;6.619999885559082;135700
2012-04-26;6.630000114440918;6.75;6.440000057220459;6.599999904632568;70300
2012-04-27;6.630000114440918;6.630000114440918;6.400000095367432;6.559999942779541;61100
2012-04-30;6.579999923706055;6.590000152587891;6.380000114440918;6.440000057220459;71000
2012-05-01;6.460000038146973;6.650000095367432;6.369999885559082;6.559999942779541;109000
2012-05-02;6.5;7.159999847412109;6.5;7.070000171661377;157100
2012-05-03;7.039999961853027;7.050000190734863;6.670000076293945;6.800000190734863;42000
2012-05-04;6.730000019073486;6.769999980926514;6.550000190734863;6.599999904632568;59700
2012-05-07;6.599999904632568;6.690000057220459;6.519999980926514;6.599999904632568;25000
2012-05-08;6.539999961853027;6.769999980926514;6.539999961853027;6.739999771118164;46400
2012-05-09;6.630000114440918;6.760000228881836;6.599999904632568;6.650000095367432;42000
2012-05-10;6.710000038146973;6.75;6.579999923706055;6.639999866485596;34000
2012-05-11;6.570000171661377;6.650000095367432;6.510000228881836;6.599999904632568;56100
2012-05-14;6.510000228881836;6.739999771118164;6.400000095367432;6.679999828338623;87100
2012-05-15;6.670000076293945;6.869999885559082;6.579999923706055;6.650000095367432;52000
2012-05-16;6.690000057220459;6.809999942779541;6.630000114440918;6.659999847412109;49700
2012-05-17;6.659999847412109;6.829999923706055;6.619999885559082;6.659999847412109;113100
2012-05-18;6.650000095367432;6.800000190734863;6.650000095367432;6.699999809265137;90600
2012-05-21;6.730000019073486;6.96999979019165;6.670000076293945;6.949999809265137;62000
2012-05-22;6.920000076293945;6.96999979019165;6.699999809265137;6.760000228881836;82000
2012-05-23;6.690000057220459;6.949999809265137;6.690000057220459;6.920000076293945;61000
2012-05-24;6.909999847412109;7.019999980926514;6.869999885559082;6.949999809265137;44200
2012-05-25;6.989999771118164;7.150000095367432;6.949999809265137;7.070000171661377;67600
2012-05-29;7.150000095367432;7.199999809265137;7.0;7.179999828338623;95600
2012-05-30;7.139999866485596;7.309999942779541;7.099999904632568;7.300000190734863;79400
2012-05-31;7.329999923706055;7.440000057220459;7.079999923706055;7.309999942779541;66300
2012-06-01;7.139999866485596;7.210000038146973;6.71999979019165;6.789999961853027;95800
2012-06-04;6.820000171661377;6.940000057220459;6.71999979019165;6.920000076293945;58000
2012-06-05;6.849999904632568;7.110000133514404;6.800000190734863;6.909999847412109;60700
2012-06-06;6.96999979019165;7.170000076293945;6.900000095367432;7.159999847412109;67700
2012-06-07;7.25;7.260000228881836;7.070000171661377;7.099999904632568;55300
2012-06-08;7.079999923706055;7.380000114440918;7.019999980926514;7.269999980926514;99200
2012-06-11;7.400000095367432;7.400000095367432;7.139999866485596;7.139999866485596;88200
2012-06-12;7.210000038146973;7.260000228881836;7.039999961853027;7.239999771118164;61600
2012-06-13;7.190000057220459;7.28000020980835;6.980000019073486;7.03000020980835;50900
2012-06-14;7.03000020980835;7.179999828338623;7.03000020980835;7.139999866485596;42400
2012-06-15;7.110000133514404;7.5;7.110000133514404;7.480000019073486;145400
2012-06-18;7.449999809265137;7.619999885559082;7.389999866485596;7.550000190734863;120100
2012-06-19;7.559999942779541;8.1899995803833;7.53000020980835;7.900000095367432;210700
2012-06-20;7.929999828338623;8.0;7.75;7.78000020980835;90600
2012-06-21;7.75;7.769999980926514;7.179999828338623;7.269999980926514;83200
2012-06-22;7.369999885559082;7.71999979019165;7.179999828338623;7.679999828338623;345300
2012-06-25;7.5;7.739999771118164;7.449999809265137;7.730000019073486;34300
2012-06-26;7.730000019073486;8.449999809265137;7.730000019073486;8.270000457763672;229100
2012-06-27;8.3100004196167;8.5;8.260000228881836;8.449999809265137;114400
2012-06-28;8.34000015258789;8.569999694824219;8.149999618530273;8.470000267028809;80200
2012-06-29;8.699999809265137;8.699999809265137;8.399999618530273;8.5600004196167;118900
2012-07-02;8.649999618530273;8.930000305175781;8.539999961853027;8.930000305175781;115500
2012-07-03;8.859999656677246;8.960000038146973;8.729999542236328;8.800000190734863;64400
2012-07-05;8.789999961853027;8.829999923706055;8.649999618530273;8.680000305175781;64100
2012-07-06;8.569999694824219;8.6899995803833;8.239999771118164;8.449999809265137;123400
2012-07-09;8.390000343322754;8.5600004196167;8.210000038146973;8.420000076293945;77300
2012-07-10;8.510000228881836;8.579999923706055;8.210000038146973;8.460000038146973;127000
2012-07-11;8.5;8.529999732971191;8.4399995803833;8.470000267028809;77800
2012-07-12;8.40999984741211;8.5;8.369999885559082;8.470000267028809;70500
2012-07-13;8.5;8.5;8.390000343322754;8.4399995803833;92100
2012-07-16;8.380000114440918;8.470000267028809;8.359999656677246;8.390000343322754;40300
2012-07-17;8.470000267028809;8.699999809265137;8.470000267028809;8.59000015258789;64800
2012-07-18;8.539999961853027;8.75;8.539999961853027;8.619999885559082;67000
2012-07-19;8.65999984741211;8.65999984741211;8.470000267028809;8.5600004196167;80300
2012-07-20;8.479999542236328;8.550000190734863;8.420000076293945;8.460000038146973;63900
2012-07-23;8.369999885559082;8.390000343322754;8.239999771118164;8.270000457763672;59100
2012-07-24;8.34000015258789;8.380000114440918;8.09000015258789;8.180000305175781;79600
2012-07-25;8.260000228881836;8.260000228881836;8.09000015258789;8.140000343322754;84900
2012-07-26;8.220000267028809;8.220000267028809;8.029999732971191;8.0600004196167;37000
2012-07-27;8.0600004196167;8.239999771118164;7.860000133514404;8.109999656677246;71300
2012-07-30;8.130000114440918;8.289999961853027;7.880000114440918;7.889999866485596;79200
2012-07-31;7.900000095367432;8.119999885559082;7.900000095367432;7.989999771118164;89300
2012-08-01;8.069999694824219;8.539999961853027;8.010000228881836;8.380000114440918;205900
2012-08-02;8.3100004196167;8.59000015258789;8.3100004196167;8.510000228881836;60800
2012-08-03;8.619999885559082;8.75;8.550000190734863;8.6899995803833;62900
2012-08-06;8.6899995803833;8.739999771118164;8.479999542236328;8.550000190734863;55300
2012-08-07;8.630000114440918;8.720000267028809;8.5600004196167;8.649999618530273;51100
2012-08-08;8.59000015258789;8.869999885559082;8.569999694824219;8.670000076293945;104600
2012-08-09;8.6899995803833;8.880000114440918;8.680000305175781;8.729999542236328;39900
2012-08-10;8.729999542236328;8.75;8.619999885559082;8.65999984741211;55800
2012-08-13;8.630000114440918;8.960000038146973;8.630000114440918;8.9399995803833;64300
2012-08-14;8.989999771118164;9.199999809265137;8.899999618530273;8.970000267028809;102800
2012-08-15;8.970000267028809;9.1899995803833;8.949999809265137;9.020000457763672;112300
2012-08-16;8.989999771118164;9.15999984741211;8.949999809265137;9.149999618530273;76700
2012-08-17;9.109999656677246;9.229999542236328;9.010000228881836;9.229999542236328;143300
2012-08-20;9.229999542236328;9.720000267028809;9.229999542236328;9.600000381469727;163900
2012-08-21;9.630000114440918;9.960000038146973;9.350000381469727;9.420000076293945;170900
2012-08-22;9.380000114440918;9.579999923706055;9.149999618530273;9.289999961853027;66700
2012-08-23;9.260000228881836;9.279999732971191;9.0;9.079999923706055;70000
2012-08-24;9.0;9.260000228881836;8.90999984741211;9.170000076293945;41800
2012-08-27;9.260000228881836;9.300000190734863;9.029999732971191;9.170000076293945;46500
2012-08-28;9.149999618530273;9.260000228881836;8.949999809265137;9.25;73600
2012-08-29;9.289999961853027;9.989999771118164;9.130000114440918;9.8100004196167;159900
2012-08-30;9.8100004196167;9.899999618530273;9.529999732971191;9.609999656677246;94900
2012-08-31;9.729999542236328;9.9399995803833;9.420000076293945;9.800000190734863;110100
2012-09-04;9.800000190734863;9.920000076293945;9.649999618530273;9.760000228881836;68000
2012-09-05;9.75;9.979999542236328;9.680000305175781;9.90999984741211;143700
2012-09-06;10.0;10.0;9.75;9.819999694824219;163100
2012-09-07;9.920000076293945;10.100000381469727;9.680000305175781;10.069999694824219;164700
2012-09-10;10.100000381469727;10.569999694824219;10.010000228881836;10.289999961853027;148600
2012-09-11;10.319999694824219;10.539999961853027;10.300000190734863;10.399999618530273;154800
2012-09-12;10.420000076293945;10.529999732971191;10.260000228881836;10.4399995803833;280300
2012-09-13;10.5;10.890000343322754;10.369999885559082;10.729999542236328;281400
2012-09-14;10.800000190734863;10.890000343322754;10.720000267028809;10.760000228881836;308400
2012-09-17;10.8100004196167;11.09000015258789;10.699999809265137;11.0600004196167;242900
2012-09-18;11.0;11.399999618530273;10.979999542236328;11.119999885559082;262200
2012-09-19;11.079999923706055;11.34000015258789;11.050000190734863;11.279999732971191;547100
2012-09-20;11.300000190734863;11.430000305175781;11.180000305175781;11.399999618530273;236100
2012-09-21;11.529999732971191;11.5600004196167;11.300000190734863;11.369999885559082;372500
2012-09-24;11.369999885559082;11.4399995803833;11.279999732971191;11.390000343322754;255000
2012-09-25;11.449999809265137;11.619999885559082;11.289999961853027;11.420000076293945;376000
2012-09-26;11.449999809265137;11.619999885559082;11.289999961853027;11.449999809265137;471300
2012-09-27;11.899999618530273;12.199999809265137;11.140000343322754;11.390000343322754;537900
2012-09-28;11.420000076293945;11.649999618530273;11.229999542236328;11.449999809265137;396100
2012-10-01;11.550000190734863;11.65999984741211;11.390000343322754;11.520000457763672;293900
2012-10-02;11.489999771118164;11.640000343322754;11.329999923706055;11.4399995803833;210700
2012-10-03;11.430000305175781;11.460000038146973;11.350000381469727;11.369999885559082;291100
2012-10-04;11.4399995803833;11.460000038146973;11.210000038146973;11.239999771118164;178000
2012-10-05;11.350000381469727;11.430000305175781;11.15999984741211;11.239999771118164;123800
2012-10-08;11.050000190734863;11.140000343322754;10.920000076293945;11.020000457763672;256200
2012-10-09;11.029999732971191;11.100000381469727;10.800000190734863;10.899999618530273;160600
2012-10-10;10.890000343322754;10.970000267028809;10.729999542236328;10.850000381469727;154400
2012-10-11;10.880000114440918;11.029999732971191;10.65999984741211;10.770000457763672;142400
2012-10-12;10.800000190734863;10.899999618530273;10.539999961853027;10.619999885559082;95000
2012-10-15;10.619999885559082;10.649999618530273;10.399999618530273;10.569999694824219;187900
2012-10-16;10.649999618530273;10.739999771118164;10.34000015258789;10.5600004196167;144000
2012-10-17;10.5600004196167;11.050000190734863;10.369999885559082;10.960000038146973;131800
2012-10-18;10.979999542236328;11.020000457763672;10.800000190734863;10.819999694824219;149700
2012-10-19;10.739999771118164;10.760000228881836;10.5;10.550000190734863;109400
2012-10-22;10.489999771118164;10.649999618530273;10.449999809265137;10.619999885559082;51100
2012-10-23;10.569999694824219;10.75;10.260000228881836;10.739999771118164;76000
2012-10-24;10.75;10.75;10.539999961853027;10.609999656677246;76100
2012-10-25;10.640000343322754;10.720000267028809;10.520000457763672;10.609999656677246;60000
2012-10-26;10.630000114440918;10.720000267028809;10.539999961853027;10.670000076293945;96100
2012-10-31;10.720000267028809;10.84000015258789;10.630000114440918;10.819999694824219;101700
2012-11-01;10.850000381469727;10.920000076293945;10.729999542236328;10.789999961853027;76000
2012-11-02;10.84000015258789;10.850000381469727;10.460000038146973;10.460000038146973;75200
2012-11-05;10.4399995803833;10.5;10.239999771118164;10.270000457763672;138400
2012-11-06;10.329999923706055;10.359999656677246;10.069999694824219;10.210000038146973;67800
2012-11-07;10.079999923706055;10.079999923706055;9.539999961853027;9.640000343322754;153500
2012-11-08;9.489999771118164;9.609999656677246;9.40999984741211;9.529999732971191;142700
2012-11-09;9.40999984741211;9.5;9.199999809265137;9.329999923706055;113000
2012-11-12;9.329999923706055;9.420000076293945;9.15999984741211;9.199999809265137;62300
2012-11-13;9.15999984741211;9.220000267028809;8.859999656677246;9.010000228881836;154000
2012-11-14;8.949999809265137;9.210000038146973;8.949999809265137;9.100000381469727;79500
2012-11-15;9.100000381469727;9.180000305175781;9.050000190734863;9.109999656677246;153900
2012-11-16;9.0600004196167;9.109999656677246;9.0;9.0600004196167;133500
2012-11-19;9.09000015258789;9.399999618530273;9.09000015258789;9.25;216300
2012-11-20;9.25;9.430000305175781;9.210000038146973;9.350000381469727;90500
2012-11-21;9.3100004196167;9.520000457763672;9.300000190734863;9.329999923706055;106400
2012-11-23;9.390000343322754;9.449999809265137;9.329999923706055;9.350000381469727;30700
2012-11-26;9.390000343322754;9.609999656677246;9.390000343322754;9.579999923706055;114700
2012-11-27;9.630000114440918;9.800000190734863;9.579999923706055;9.65999984741211;74600
2012-11-28;9.680000305175781;9.739999771118164;9.600000381469727;9.680000305175781;41200
2012-11-29;9.779999732971191;10.109999656677246;9.729999542236328;9.880000114440918;94200
2012-11-30;9.9399995803833;10.170000076293945;9.890000343322754;10.0600004196167;62700
2012-12-03;10.109999656677246;10.140000343322754;9.899999618530273;9.970000267028809;67500
2012-12-04;10.020000457763672;10.079999923706055;9.9399995803833;10.050000190734863;145600
2012-12-05;10.119999885559082;10.180000305175781;9.930000305175781;10.029999732971191;75400
2012-12-06;9.989999771118164;10.0;9.770000457763672;9.880000114440918;37300
2012-12-07;9.949999809265137;9.949999809265137;9.619999885559082;9.8100004196167;24100
2012-12-10;9.850000381469727;9.880000114440918;9.670000076293945;9.760000228881836;43200
2012-12-11;9.829999923706055;10.180000305175781;9.579999923706055;10.180000305175781;98200
2012-12-12;10.170000076293945;10.170000076293945;9.40999984741211;9.449999809265137;294300
2012-12-13;9.449999809265137;9.5;9.279999732971191;9.449999809265137;74100
2012-12-14;9.390000343322754;9.699999809265137;9.390000343322754;9.609999656677246;42600
2012-12-17;9.600000381469727;9.619999885559082;9.510000228881836;9.569999694824219;62100
2012-12-18;9.569999694824219;9.65999984741211;9.470000267028809;9.600000381469727;96000
2012-12-19;9.670000076293945;9.6899995803833;9.550000190734863;9.579999923706055;117400
2012-12-20;9.5600004196167;9.630000114440918;9.520000457763672;9.600000381469727;88600
2012-12-21;9.5600004196167;9.59000015258789;9.3100004196167;9.5;244400
2012-12-24;9.479999542236328;9.489999771118164;9.319999694824219;9.380000114440918;17700
2012-12-26;9.430000305175781;9.600000381469727;9.270000457763672;9.479999542236328;83000
2012-12-27;9.510000228881836;9.510000228881836;9.210000038146973;9.369999885559082;41900
2012-12-28;9.34000015258789;9.489999771118164;9.149999618530273;9.239999771118164;46400
2012-12-31;9.279999732971191;9.569999694824219;9.25;9.510000228881836;104400
2013-01-02;10.0;10.039999961853027;9.760000228881836;9.819999694824219;342100
2013-01-03;10.850000381469727;12.0;10.649999618530273;11.359999656677246;937800
2013-01-04;11.270000457763672;12.199999809265137;11.260000228881836;11.890000343322754;405500
2013-01-07;11.970000267028809;12.40999984741211;11.75;12.140000343322754;313100
2013-01-08;12.229999542236328;12.399999618530273;12.010000228881836;12.239999771118164;148600
2013-01-09;12.329999923706055;12.5;12.119999885559082;12.170000076293945;135700
2013-01-10;12.25;12.359999656677246;11.960000038146973;12.0600004196167;225200
2013-01-11;12.0;12.010000228881836;11.800000190734863;11.989999771118164;188900
2013-01-14;12.260000228881836;12.869999885559082;12.220000267028809;12.779999732971191;451900
2013-01-15;12.789999961853027;12.850000381469727;12.5;12.600000381469727;192900
2013-01-16;12.600000381469727;12.600000381469727;11.899999618530273;12.199999809265137;279300
2013-01-17;12.3100004196167;12.449999809265137;11.970000267028809;12.039999961853027;239500
2013-01-18;11.989999771118164;12.15999984741211;11.989999771118164;12.109999656677246;146800
2013-01-22;12.149999618530273;12.470000267028809;12.119999885559082;12.449999809265137;236100
2013-01-23;12.449999809265137;12.579999923706055;12.229999542236328;12.329999923706055;216600
2013-01-24;12.279999732971191;12.5;11.800000190734863;11.829999923706055;302300
2013-01-25;11.899999618530273;12.260000228881836;11.899999618530273;12.029999732971191;151400
2013-01-28;11.9399995803833;12.140000343322754;11.899999618530273;12.069999694824219;170100
2013-01-29;12.0;12.130000114440918;11.9399995803833;11.970000267028809;127900
2013-01-30;12.029999732971191;12.100000381469727;11.800000190734863;11.859999656677246;109000
2013-01-31;11.859999656677246;11.949999809265137;11.649999618530273;11.800000190734863;112100
2013-02-01;11.789999961853027;12.130000114440918;11.600000381469727;11.850000381469727;170400
2013-02-04;11.789999961853027;11.789999961853027;11.25;11.380000114440918;189900
2013-02-05;11.420000076293945;11.510000228881836;11.220000267028809;11.350000381469727;118200
2013-02-06;11.279999732971191;11.5;11.119999885559082;11.489999771118164;118000
2013-02-07;11.510000228881836;11.699999809265137;11.270000457763672;11.59000015258789;149000
2013-02-08;11.600000381469727;11.789999961853027;11.420000076293945;11.699999809265137;141500
2013-02-11;11.699999809265137;11.819999694824219;11.279999732971191;11.390000343322754;89600
2013-02-12;11.380000114440918;11.5;11.199999809265137;11.390000343322754;77400
2013-02-13;11.420000076293945;11.470000267028809;11.130000114440918;11.239999771118164;142100
2013-02-14;11.239999771118164;11.460000038146973;11.1899995803833;11.34000015258789;85500
2013-02-15;11.430000305175781;11.630000114440918;11.300000190734863;11.34000015258789;154300
2013-02-19;11.390000343322754;11.539999961853027;10.65999984741211;11.119999885559082;313300
2013-02-20;11.149999618530273;11.170000076293945;10.75;10.760000228881836;146200
2013-02-21;10.579999923706055;10.760000228881836;10.229999542236328;10.449999809265137;192300
2013-02-22;10.539999961853027;11.0;10.539999961853027;11.0;161700
2013-02-25;11.029999732971191;11.1899995803833;10.819999694824219;10.90999984741211;152200
2013-02-26;10.90999984741211;10.949999809265137;10.479999542236328;10.729999542236328;116200
2013-02-27;10.75;11.050000190734863;10.65999984741211;11.0;112600
2013-02-28;10.979999542236328;11.180000305175781;10.930000305175781;11.010000228881836;465800
2013-03-01;10.949999809265137;11.289999961853027;10.949999809265137;11.15999984741211;84400
2013-03-04;11.100000381469727;11.380000114440918;11.100000381469727;11.239999771118164;159100
2013-03-05;11.3100004196167;11.4399995803833;11.300000190734863;11.350000381469727;98100
2013-03-06;11.4399995803833;11.600000381469727;11.270000457763672;11.420000076293945;105700
2013-03-07;11.390000343322754;11.600000381469727;11.289999961853027;11.569999694824219;87300
2013-03-08;11.649999618530273;11.869999885559082;11.609999656677246;11.84000015258789;131700
2013-03-11;11.739999771118164;11.760000228881836;11.600000381469727;11.65999984741211;75600
2013-03-12;11.670000076293945;11.710000038146973;11.609999656677246;11.699999809265137;66600
2013-03-13;11.739999771118164;11.760000228881836;11.550000190734863;11.6899995803833;51300
2013-03-14;11.739999771118164;12.079999923706055;11.630000114440918;12.039999961853027;122000
2013-03-15;12.069999694824219;12.25;12.0;12.100000381469727;232200
2013-03-18;12.180000305175781;12.210000038146973;11.9399995803833;12.0;56800
2013-03-19;12.0600004196167;12.09000015258789;11.960000038146973;12.029999732971191;70800
2013-03-20;12.140000343322754;12.289999961853027;12.020000457763672;12.140000343322754;100800
2013-03-21;12.09000015258789;12.229999542236328;12.09000015258789;12.15999984741211;108200
2013-03-22;12.239999771118164;12.239999771118164;12.0;12.079999923706055;163900
2013-03-25;12.449999809265137;13.25;12.3100004196167;13.100000381469727;819300
2013-03-26;13.430000305175781;13.430000305175781;12.899999618530273;13.34000015258789;458300
2013-03-27;12.550000190734863;13.649999618530273;12.109999656677246;13.630000114440918;1009300
2013-03-28;14.0;14.550000190734863;13.770000457763672;14.470000267028809;576400
2013-04-01;14.5;14.5;13.600000381469727;13.819999694824219;358600
2013-04-02;13.760000228881836;13.949999809265137;13.5;13.920000076293945;225100
2013-04-03;13.819999694824219;13.920000076293945;13.229999542236328;13.25;211900
2013-04-04;13.25;13.470000267028809;13.15999984741211;13.449999809265137;104400
2013-04-05;13.180000305175781;13.430000305175781;13.180000305175781;13.359999656677246;109600
2013-04-08;13.380000114440918;13.649999618530273;12.90999984741211;13.640000343322754;223300
2013-04-09;13.569999694824219;13.829999923706055;13.510000228881836;13.6899995803833;188300
2013-04-10;13.789999961853027;14.010000228881836;13.789999961853027;14.0;196700
2013-04-11;14.029999732971191;14.260000228881836;13.989999771118164;14.09000015258789;181600
2013-04-12;14.039999961853027;14.199999809265137;13.770000457763672;13.989999771118164;131500
2013-04-15;13.899999618530273;13.899999618530273;13.140000343322754;13.260000228881836;132900
2013-04-16;13.399999618530273;13.600000381469727;12.989999771118164;13.229999542236328;131000
2013-04-17;13.0600004196167;13.199999809265137;12.739999771118164;13.079999923706055;181000
2013-04-18;13.15999984741211;13.15999984741211;12.859999656677246;12.970000267028809;141900
2013-04-19;13.020000457763672;13.770000457763672;13.0;13.699999809265137;263100
2013-04-22;13.84000015258789;13.850000381469727;13.260000228881836;13.649999618530273;147600
2013-04-23;13.729999542236328;14.100000381469727;13.649999618530273;14.100000381469727;198000
2013-04-24;14.140000343322754;14.140000343322754;13.850000381469727;14.0600004196167;71100
2013-04-25;14.130000114440918;14.220000267028809;13.960000038146973;14.029999732971191;86000
2013-04-26;14.020000457763672;14.020000457763672;13.399999618530273;13.479999542236328;96400
2013-04-29;13.5;13.789999961853027;13.5;13.760000228881836;56800
2013-04-30;13.779999732971191;13.84000015258789;13.270000457763672;13.40999984741211;102200
2013-05-01;13.319999694824219;13.420000076293945;12.84000015258789;12.930000305175781;228900
2013-05-02;12.960000038146973;13.289999961853027;12.960000038146973;13.140000343322754;88600
2013-05-03;13.350000381469727;13.670000076293945;13.319999694824219;13.479999542236328;84300
2013-05-06;13.579999923706055;13.579999923706055;13.369999885559082;13.539999961853027;42100
2013-05-07;13.539999961853027;13.609999656677246;13.329999923706055;13.449999809265137;59700
2013-05-08;13.449999809265137;13.680000305175781;13.180000305175781;13.350000381469727;70900
2013-05-09;13.350000381469727;13.390000343322754;13.130000114440918;13.319999694824219;83500
2013-05-10;13.369999885559082;13.460000038146973;13.220000267028809;13.260000228881836;96600
2013-05-13;13.220000267028809;13.3100004196167;13.140000343322754;13.260000228881836;59500
2013-05-14;13.300000190734863;13.420000076293945;13.199999809265137;13.359999656677246;71700
2013-05-15;13.270000457763672;13.649999618530273;13.119999885559082;13.649999618530273;172600
2013-05-16;13.59000015258789;14.020000457763672;13.5;14.0;142200
2013-05-17;13.729999542236328;14.260000228881836;13.729999542236328;14.220000267028809;209400
2013-05-20;14.220000267028809;14.630000114440918;14.100000381469727;14.449999809265137;140200
2013-05-21;14.449999809265137;14.539999961853027;14.300000190734863;14.3100004196167;75100
2013-05-22;14.3100004196167;14.65999984741211;14.0;14.199999809265137;151800
2013-05-23;13.859999656677246;14.1899995803833;13.850000381469727;13.960000038146973;50400
2013-05-24;13.890000343322754;13.90999984741211;13.649999618530273;13.880000114440918;30300
2013-05-28;14.0;14.279999732971191;13.890000343322754;14.1899995803833;44100
2013-05-29;14.140000343322754;14.140000343322754;13.850000381469727;14.09000015258789;37900
2013-05-30;14.100000381469727;14.149999618530273;13.970000267028809;14.09000015258789;69100
2013-05-31;14.010000228881836;14.100000381469727;13.9399995803833;14.039999961853027;76400
2013-06-03;14.029999732971191;14.199999809265137;13.489999771118164;14.130000114440918;158800
2013-06-04;14.100000381469727;14.319999694824219;14.0;14.210000038146973;200300
2013-06-05;14.239999771118164;14.239999771118164;13.90999984741211;14.119999885559082;64500
2013-06-06;14.170000076293945;14.289999961853027;14.079999923706055;14.1899995803833;61400
2013-06-07;14.220000267028809;14.319999694824219;14.079999923706055;14.300000190734863;69600
2013-06-10;14.369999885559082;15.0;14.279999732971191;14.9399995803833;123000
2013-06-11;14.720000267028809;14.979999542236328;14.670000076293945;14.800000190734863;94700
2013-06-12;14.960000038146973;14.960000038146973;14.40999984741211;14.4399995803833;42500
2013-06-13;14.399999618530273;14.710000038146973;14.210000038146973;14.640000343322754;77800
2013-06-14;14.680000305175781;14.729999542236328;14.1899995803833;14.300000190734863;99600
2013-06-17;14.449999809265137;14.460000038146973;14.1899995803833;14.350000381469727;42700
2013-06-18;14.420000076293945;14.630000114440918;14.199999809265137;14.609999656677246;155700
2013-06-19;15.579999923706055;15.579999923706055;14.329999923706055;14.34000015258789;42100
2013-06-20;14.170000076293945;14.170000076293945;13.569999694824219;14.050000190734863;121200
2013-06-21;14.100000381469727;14.109999656677246;13.75;13.880000114440918;170500
2013-06-24;13.600000381469727;13.949999809265137;13.199999809265137;13.649999618530273;150600
2013-06-25;13.770000457763672;14.050000190734863;13.449999809265137;13.819999694824219;124000
2013-06-26;13.899999618530273;13.90999984741211;13.449999809265137;13.479999542236328;78700
2013-06-27;13.609999656677246;13.609999656677246;13.270000457763672;13.390000343322754;153500
2013-06-28;13.359999656677246;13.380000114440918;13.199999809265137;13.210000038146973;842300
2013-07-01;13.229999542236328;13.90999984741211;13.220000267028809;13.84000015258789;136100
2013-07-02;13.850000381469727;13.850000381469727;13.520000457763672;13.75;151100
2013-07-03;13.720000267028809;14.0;13.59000015258789;13.84000015258789;60400
2013-07-05;13.84000015258789;14.260000228881836;13.84000015258789;14.220000267028809;62300
2013-07-08;14.260000228881836;14.380000114440918;14.079999923706055;14.289999961853027;147100
2013-07-09;14.329999923706055;14.65999984741211;14.300000190734863;14.579999923706055;136300
2013-07-10;14.510000228881836;14.989999771118164;14.510000228881836;14.90999984741211;67300
2013-07-11;15.050000190734863;15.329999923706055;14.8100004196167;15.050000190734863;134400
2013-07-12;15.050000190734863;15.119999885559082;14.869999885559082;15.079999923706055;116600
2013-07-15;15.039999961853027;15.289999961853027;14.789999961853027;15.15999984741211;88600
2013-07-16;15.119999885559082;15.149999618530273;14.819999694824219;14.970000267028809;83300
2013-07-17;15.100000381469727;15.149999618530273;14.970000267028809;15.09000015258789;129100
2013-07-18;15.100000381469727;15.279999732971191;15.100000381469727;15.130000114440918;75400
2013-07-19;15.119999885559082;15.25;15.010000228881836;15.180000305175781;44200
2013-07-22;15.289999961853027;15.430000305175781;15.130000114440918;15.40999984741211;271000
2013-07-23;15.420000076293945;15.649999618530273;15.420000076293945;15.470000267028809;97500
2013-07-24;15.600000381469727;15.699999809265137;15.380000114440918;15.539999961853027;52900
2013-07-25;15.59000015258789;15.960000038146973;15.359999656677246;15.819999694824219;166800
2013-07-26;15.649999618530273;15.789999961853027;15.329999923706055;15.390000343322754;87700
2013-07-29;15.350000381469727;15.5;15.069999694824219;15.140000343322754;59800
2013-07-30;15.170000076293945;15.279999732971191;15.0;15.09000015258789;73700
2013-07-31;15.170000076293945;15.279999732971191;15.029999732971191;15.09000015258789;83100
2013-08-01;15.25;15.25;14.640000343322754;14.6899995803833;308400
2013-08-02;14.5600004196167;15.0600004196167;14.40999984741211;14.979999542236328;144400
2013-08-05;15.010000228881836;15.09000015258789;14.829999923706055;14.869999885559082;194800
2013-08-06;14.84000015258789;14.899999618530273;14.720000267028809;14.779999732971191;69000
2013-08-07;14.779999732971191;14.880000114440918;14.640000343322754;14.680000305175781;67600
2013-08-08;14.779999732971191;14.850000381469727;14.569999694824219;14.770000457763672;120400
2013-08-09;14.6899995803833;14.789999961853027;14.010000228881836;14.039999961853027;110800
2013-08-12;13.890000343322754;14.279999732971191;13.8100004196167;14.210000038146973;105000
2013-08-13;14.15999984741211;14.199999809265137;13.869999885559082;14.170000076293945;55700
2013-08-14;14.109999656677246;14.149999618530273;13.84000015258789;13.84000015258789;117900
2013-08-15;13.649999618530273;13.65999984741211;13.199999809265137;13.270000457763672;124300
2013-08-16;13.180000305175781;13.430000305175781;13.109999656677246;13.239999771118164;87500
2013-08-19;13.140000343322754;13.34000015258789;13.09000015258789;13.260000228881836;225700
2013-08-20;13.300000190734863;13.520000457763672;13.239999771118164;13.329999923706055;66200
2013-08-21;13.260000228881836;13.5;13.260000228881836;13.260000228881836;80900
2013-08-22;13.350000381469727;13.649999618530273;13.300000190734863;13.640000343322754;51400
2013-08-23;13.649999618530273;13.649999618530273;13.449999809265137;13.619999885559082;44000
2013-08-26;13.609999656677246;13.649999618530273;13.460000038146973;13.479999542236328;33500
2013-08-27;13.270000457763672;13.350000381469727;13.100000381469727;13.170000076293945;98400
2013-08-28;13.170000076293945;13.350000381469727;13.15999984741211;13.260000228881836;40700
2013-08-29;13.260000228881836;13.5;13.260000228881836;13.460000038146973;41600
2013-08-30;13.399999618530273;13.420000076293945;13.109999656677246;13.199999809265137;81600
2013-09-03;13.369999885559082;13.520000457763672;12.630000114440918;13.0;202500
2013-09-04;13.029999732971191;13.100000381469727;12.59000015258789;12.6899995803833;83800
2013-09-05;12.619999885559082;13.079999923706055;12.619999885559082;13.069999694824219;146000
2013-09-06;13.140000343322754;13.420000076293945;12.869999885559082;12.920000076293945;337300
2013-09-09;12.989999771118164;13.359999656677246;12.930000305175781;13.25;114800
2013-09-10;13.369999885559082;13.430000305175781;13.220000267028809;13.300000190734863;102600
2013-09-11;13.3100004196167;13.40999984741211;13.229999542236328;13.260000228881836;126200
2013-09-12;13.25;13.300000190734863;13.149999618530273;13.239999771118164;76700
2013-09-13;13.3100004196167;13.3100004196167;13.170000076293945;13.199999809265137;75800
2013-09-16;13.279999732971191;13.279999732971191;13.069999694824219;13.119999885559082;73100
2013-09-17;13.109999656677246;13.329999923706055;13.050000190734863;13.319999694824219;89800
2013-09-18;13.300000190734863;13.600000381469727;13.220000267028809;13.489999771118164;78000
2013-09-19;13.510000228881836;13.640000343322754;13.180000305175781;13.229999542236328;140100
2013-09-20;13.25;13.390000343322754;13.149999618530273;13.180000305175781;230800
2013-09-23;13.15999984741211;13.239999771118164;13.050000190734863;13.1899995803833;152000
2013-09-24;13.180000305175781;13.65999984741211;13.010000228881836;13.569999694824219;405300
2013-09-25;12.75;12.789999961853027;11.8100004196167;12.079999923706055;1488900
2013-09-26;12.380000114440918;12.520000457763672;11.869999885559082;12.210000038146973;569000
2013-09-27;12.130000114440918;12.40999984741211;12.0600004196167;12.210000038146973;243800
2013-09-30;12.109999656677246;12.329999923706055;11.9399995803833;12.199999809265137;249600
2013-10-01;12.199999809265137;12.319999694824219;12.140000343322754;12.270000457763672;287000
2013-10-02;12.1899995803833;12.270000457763672;12.079999923706055;12.130000114440918;249800
2013-10-03;12.09000015258789;12.1899995803833;12.0;12.050000190734863;157100
2013-10-04;12.020000457763672;12.09000015258789;11.9399995803833;11.960000038146973;78500
2013-10-07;11.880000114440918;11.920000076293945;11.609999656677246;11.699999809265137;130000
2013-10-08;11.699999809265137;11.770000457763672;11.630000114440918;11.710000038146973;243300
2013-10-09;11.720000267028809;11.75;11.520000457763672;11.609999656677246;129500
2013-10-10;11.75;11.84000015258789;11.510000228881836;11.75;113700
2013-10-11;11.680000305175781;12.149999618530273;11.680000305175781;12.100000381469727;107900
2013-10-14;12.050000190734863;12.300000190734863;12.0;12.270000457763672;149000
2013-10-15;11.600000381469727;12.09000015258789;11.529999732971191;12.0600004196167;280800
2013-10-16;12.100000381469727;12.100000381469727;11.529999732971191;11.529999732971191;155900
2013-10-17;11.5;11.720000267028809;11.279999732971191;11.699999809265137;367000
2013-10-18;11.800000190734863;11.930000305175781;11.75;11.84000015258789;134000
2013-10-21;11.819999694824219;12.0;11.510000228881836;11.779999732971191;144600
2013-10-22;11.789999961853027;11.850000381469727;11.600000381469727;11.739999771118164;252900
2013-10-23;11.699999809265137;11.890000343322754;11.680000305175781;11.859999656677246;98000
2013-10-24;11.920000076293945;12.149999618530273;11.819999694824219;12.100000381469727;113500
2013-10-25;12.149999618530273;12.550000190734863;12.0;12.5;151000
2013-10-28;12.550000190734863;12.600000381469727;12.1899995803833;12.260000228881836;92700
2013-10-29;12.279999732971191;12.34000015258789;12.010000228881836;12.0600004196167;103400
2013-10-30;12.079999923706055;12.3100004196167;11.859999656677246;12.039999961853027;155800
2013-10-31;12.050000190734863;12.09000015258789;11.710000038146973;11.710000038146973;121900
2013-11-01;11.699999809265137;11.859999656677246;11.489999771118164;11.699999809265137;148100
2013-11-04;11.770000457763672;11.930000305175781;11.609999656677246;11.869999885559082;113900
2013-11-05;11.779999732971191;11.949999809265137;11.529999732971191;11.529999732971191;104300
2013-11-06;11.649999618530273;11.779999732971191;11.40999984741211;11.510000228881836;60700
2013-11-07;11.600000381469727;11.649999618530273;11.3100004196167;11.34000015258789;178100
2013-11-08;11.329999923706055;11.520000457763672;11.3100004196167;11.5;112800
2013-11-11;11.5;11.670000076293945;11.420000076293945;11.649999618530273;155100
2013-11-12;11.649999618530273;11.829999923706055;11.600000381469727;11.739999771118164;42800
2013-11-13;11.670000076293945;11.9399995803833;11.520000457763672;11.920000076293945;59600
2013-11-14;11.960000038146973;12.130000114440918;11.65999984741211;11.859999656677246;43000
2013-11-15;11.850000381469727;12.010000228881836;11.75;11.869999885559082;125300
2013-11-18;11.890000343322754;12.149999618530273;11.850000381469727;12.039999961853027;64300
2013-11-19;12.09000015258789;12.4399995803833;11.949999809265137;12.029999732971191;60900
2013-11-20;12.050000190734863;12.270000457763672;11.920000076293945;12.029999732971191;89500
2013-11-21;12.09000015258789;12.430000305175781;12.029999732971191;12.399999618530273;232700
2013-11-22;11.920000076293945;11.970000267028809;11.25;11.399999618530273;954300
2013-11-25;11.380000114440918;11.380000114440918;11.239999771118164;11.25;547100
2013-11-26;11.25;11.529999732971191;11.220000267028809;11.359999656677246;222300
2013-11-27;11.359999656677246;11.630000114440918;11.300000190734863;11.59000015258789;71200
2013-11-29;11.670000076293945;11.890000343322754;11.65999984741211;11.739999771118164;68500
2013-12-02;11.760000228881836;12.0;11.550000190734863;11.670000076293945;127200
2013-12-03;11.609999656677246;11.729999542236328;11.510000228881836;11.720000267028809;115500
2013-12-04;11.710000038146973;12.170000076293945;11.710000038146973;11.869999885559082;109600
2013-12-05;11.869999885559082;12.029999732971191;11.779999732971191;11.90999984741211;54700
2013-12-06;11.989999771118164;12.15999984741211;11.850000381469727;11.869999885559082;89900
2013-12-09;11.850000381469727;11.970000267028809;11.850000381469727;11.899999618530273;96000
2013-12-10;11.880000114440918;12.100000381469727;11.829999923706055;12.010000228881836;249300
2013-12-11;12.0600004196167;12.109999656677246;12.0;12.029999732971191;147700
2013-12-12;12.079999923706055;12.300000190734863;12.0;12.109999656677246;140300
2013-12-13;12.180000305175781;12.510000228881836;12.0;12.289999961853027;97500
2013-12-16;12.300000190734863;12.390000343322754;12.100000381469727;12.289999961853027;63300
2013-12-17;12.229999542236328;12.449999809265137;12.069999694824219;12.399999618530273;175000
2013-12-18;12.40999984741211;12.670000076293945;12.350000381469727;12.619999885559082;162600
2013-12-19;12.5600004196167;12.59000015258789;12.199999809265137;12.199999809265137;63900
2013-12-20;12.229999542236328;12.420000076293945;12.199999809265137;12.260000228881836;244900
2013-12-23;12.300000190734863;12.479999542236328;12.260000228881836;12.300000190734863;74000
2013-12-24;12.34000015258789;12.619999885559082;12.34000015258789;12.479999542236328;36700
2013-12-26;12.529999732971191;12.680000305175781;12.270000457763672;12.34000015258789;135700
2013-12-27;12.420000076293945;12.449999809265137;12.199999809265137;12.279999732971191;74700
2013-12-30;12.300000190734863;12.65999984741211;12.239999771118164;12.479999542236328;151200
2013-12-31;12.539999961853027;12.539999961853027;12.100000381469727;12.119999885559082;63100
2014-01-02;12.079999923706055;12.25;11.640000343322754;12.020000457763672;259500
2014-01-03;11.529999732971191;12.569999694824219;11.5;12.25;251800
2014-01-06;12.260000228881836;12.399999618530273;11.970000267028809;12.1899995803833;156100
2014-01-07;12.199999809265137;12.399999618530273;12.010000228881836;12.039999961853027;132000
2014-01-08;11.989999771118164;12.109999656677246;11.779999732971191;11.800000190734863;84600
2014-01-09;11.880000114440918;11.970000267028809;11.550000190734863;11.720000267028809;112800
2014-01-10;11.710000038146973;11.710000038146973;11.279999732971191;11.40999984741211;167500
2014-01-13;11.329999923706055;11.350000381469727;11.039999961853027;11.170000076293945;168900
2014-01-14;11.170000076293945;11.300000190734863;11.050000190734863;11.09000015258789;97400
2014-01-15;11.079999923706055;11.210000038146973;11.079999923706055;11.130000114440918;326300
2014-01-16;11.140000343322754;11.140000343322754;10.949999809265137;11.100000381469727;250600
2014-01-17;11.119999885559082;11.270000457763672;11.050000190734863;11.119999885559082;76500
2014-01-21;11.149999618530273;11.34000015258789;11.0600004196167;11.270000457763672;113000
2014-01-22;11.329999923706055;11.569999694824219;11.130000114440918;11.5;80800
2014-01-23;11.40999984741211;11.510000228881836;11.140000343322754;11.289999961853027;175200
2014-01-24;11.210000038146973;11.350000381469727;11.0;11.350000381469727;239400
2014-01-27;11.350000381469727;11.390000343322754;11.149999618530273;11.220000267028809;55700
2014-01-28;11.270000457763672;11.270000457763672;11.020000457763672;11.119999885559082;91700
2014-01-29;11.039999961853027;11.300000190734863;10.920000076293945;11.0;89600
2014-01-30;11.069999694824219;11.180000305175781;10.869999885559082;11.020000457763672;116800
2014-01-31;10.859999656677246;11.0;10.6899995803833;10.75;133800
2014-02-03;10.75;10.8100004196167;10.34000015258789;10.449999809265137;196800
2014-02-04;10.470000267028809;10.520000457763672;10.3100004196167;10.319999694824219;96100
2014-02-05;10.25;10.319999694824219;9.84000015258789;10.1899995803833;108300
2014-02-06;10.260000228881836;10.369999885559082;10.1899995803833;10.34000015258789;200600
2014-02-07;10.359999656677246;10.5;10.300000190734863;10.479999542236328;203800
2014-02-10;10.5;10.569999694824219;10.369999885559082;10.489999771118164;60600
2014-02-11;10.470000267028809;10.6899995803833;10.470000267028809;10.470000267028809;43400
2014-02-12;10.5;10.520000457763672;10.149999618530273;10.25;374400
2014-02-13;10.140000343322754;10.479999542236328;10.140000343322754;10.380000114440918;95900
2014-02-14;10.319999694824219;10.420000076293945;10.25;10.369999885559082;48900
2014-02-18;10.359999656677246;10.550000190734863;10.270000457763672;10.479999542236328;37200
2014-02-19;10.399999618530273;10.399999618530273;10.029999732971191;10.100000381469727;110000
2014-02-20;10.079999923706055;10.130000114440918;10.029999732971191;10.09000015258789;81300
2014-02-21;10.100000381469727;10.1899995803833;10.050000190734863;10.079999923706055;63500
2014-02-24;10.069999694824219;10.3100004196167;10.050000190734863;10.260000228881836;90100
2014-02-25;10.279999732971191;10.380000114440918;10.25;10.300000190734863;64800
2014-02-26;10.350000381469727;10.5;10.329999923706055;10.4399995803833;139600
2014-02-27;10.399999618530273;10.430000305175781;10.260000228881836;10.399999618530273;88100
2014-02-28;10.430000305175781;10.5;10.15999984741211;10.1899995803833;138900
2014-03-03;10.100000381469727;10.4399995803833;10.100000381469727;10.369999885559082;109000
2014-03-04;10.5;10.970000267028809;10.390000343322754;10.880000114440918;156100
2014-03-05;10.84000015258789;10.90999984741211;10.619999885559082;10.84000015258789;44200
2014-03-06;10.899999618530273;11.100000381469727;10.899999618530273;11.079999923706055;47100
2014-03-07;11.100000381469727;11.460000038146973;10.920000076293945;11.390000343322754;182700
2014-03-10;11.390000343322754;11.949999809265137;11.279999732971191;11.859999656677246;174600
2014-03-11;11.84000015258789;11.949999809265137;10.989999771118164;10.989999771118164;112100
2014-03-12;10.949999809265137;11.279999732971191;10.880000114440918;11.279999732971191;78400
2014-03-13;11.289999961853027;11.40999984741211;11.010000228881836;11.079999923706055;77000
2014-03-14;11.029999732971191;11.1899995803833;10.989999771118164;11.140000343322754;44100
2014-03-17;11.210000038146973;11.229999542236328;11.09000015258789;11.109999656677246;54200
2014-03-18;11.100000381469727;11.3100004196167;11.069999694824219;11.279999732971191;56200
2014-03-19;11.25;11.279999732971191;11.109999656677246;11.220000267028809;57200
2014-03-20;11.170000076293945;11.34000015258789;11.170000076293945;11.220000267028809;89700
2014-03-21;11.25;11.289999961853027;11.199999809265137;11.260000228881836;113800
2014-03-24;11.270000457763672;11.300000190734863;11.1899995803833;11.199999809265137;97600
2014-03-25;11.1899995803833;11.279999732971191;11.170000076293945;11.199999809265137;157500
2014-03-26;11.100000381469727;11.140000343322754;10.75;10.899999618530273;389600
2014-03-27;11.0;11.100000381469727;10.819999694824219;11.039999961853027;255600
2014-03-28;11.020000457763672;11.239999771118164;10.949999809265137;11.0;152400
2014-03-31;11.020000457763672;11.40999984741211;10.989999771118164;11.15999984741211;142900
2014-04-01;11.65999984741211;11.829999923706055;11.380000114440918;11.479999542236328;138300
2014-04-02;11.5;11.5;11.15999984741211;11.25;151900
2014-04-03;11.319999694824219;11.4399995803833;10.979999542236328;11.109999656677246;496200
2014-04-04;11.199999809265137;11.289999961853027;11.069999694824219;11.170000076293945;134600
2014-04-07;11.149999618530273;11.300000190734863;11.020000457763672;11.220000267028809;94600
2014-04-08;11.229999542236328;11.579999923706055;11.229999542236328;11.470000267028809;200900
2014-04-09;11.520000457763672;11.770000457763672;11.399999618530273;11.670000076293945;89500
2014-04-10;11.670000076293945;11.720000267028809;11.520000457763672;11.619999885559082;112400
2014-04-11;11.510000228881836;11.670000076293945;11.510000228881836;11.600000381469727;90500
2014-04-14;11.670000076293945;11.819999694824219;11.600000381469727;11.729999542236328;113700
2014-04-15;11.789999961853027;12.010000228881836;11.710000038146973;11.960000038146973;150100
2014-04-16;12.079999923706055;12.15999984741211;11.4399995803833;12.079999923706055;97600
2014-04-17;12.079999923706055;12.25;11.869999885559082;12.119999885559082;130300
2014-04-21;12.09000015258789;12.329999923706055;12.050000190734863;12.149999618530273;154500
2014-04-22;12.180000305175781;12.229999542236328;12.079999923706055;12.149999618530273;100100
2014-04-23;12.130000114440918;12.3100004196167;12.130000114440918;12.15999984741211;104000
2014-04-24;12.260000228881836;12.279999732971191;12.029999732971191;12.149999618530273;64100
2014-04-25;12.130000114440918;12.300000190734863;11.90999984741211;12.039999961853027;115700
2014-04-28;12.039999961853027;12.270000457763672;11.670000076293945;12.039999961853027;103200
2014-04-29;12.109999656677246;12.119999885559082;11.819999694824219;11.960000038146973;66700
2014-04-30;11.970000267028809;12.010000228881836;11.6899995803833;11.859999656677246;79800
2014-05-01;11.819999694824219;12.050000190734863;11.350000381469727;11.520000457763672;134800
2014-05-02;11.510000228881836;12.039999961853027;11.510000228881836;11.970000267028809;145300
2014-05-05;11.850000381469727;11.949999809265137;11.510000228881836;11.5600004196167;53600
2014-05-06;11.5;11.819999694824219;11.4399995803833;11.550000190734863;121300
2014-05-07;11.5600004196167;11.760000228881836;11.5;11.6899995803833;99200
2014-05-08;11.720000267028809;11.8100004196167;11.680000305175781;11.75;100600
2014-05-09;11.75;11.789999961853027;11.350000381469727;11.59000015258789;124600
2014-05-12;11.670000076293945;12.140000343322754;11.59000015258789;12.020000457763672;84100
2014-05-13;11.989999771118164;12.020000457763672;11.649999618530273;11.670000076293945;125500
2014-05-14;11.6899995803833;11.760000228881836;11.600000381469727;11.680000305175781;108900
2014-05-15;11.609999656677246;11.619999885559082;11.449999809265137;11.529999732971191;89500
2014-05-16;11.5;11.619999885559082;11.4399995803833;11.579999923706055;68200
2014-05-19;11.569999694824219;11.829999923706055;11.569999694824219;11.75;37700
2014-05-20;11.680000305175781;11.729999542236328;11.350000381469727;11.569999694824219;134000
2014-05-21;11.6899995803833;11.739999771118164;11.489999771118164;11.649999618530273;81100
2014-05-22;11.710000038146973;11.850000381469727;11.630000114440918;11.800000190734863;34200
2014-05-23;11.84000015258789;12.050000190734863;11.770000457763672;12.010000228881836;57200
2014-05-27;12.09000015258789;12.329999923706055;12.039999961853027;12.239999771118164;73500
2014-05-28;12.170000076293945;12.170000076293945;11.779999732971191;11.949999809265137;67800
2014-05-29;11.989999771118164;12.029999732971191;11.75;11.850000381469727;85600
2014-05-30;11.890000343322754;12.09000015258789;11.869999885559082;12.010000228881836;81100
2014-06-02;12.010000228881836;12.020000457763672;11.649999618530273;11.6899995803833;118000
2014-06-03;11.640000343322754;11.800000190734863;11.34000015258789;11.369999885559082;113500
2014-06-04;11.289999961853027;11.300000190734863;11.15999984741211;11.270000457763672;50100
2014-06-05;11.229999542236328;11.640000343322754;11.149999618530273;11.5600004196167;96800
2014-06-06;11.65999984741211;11.65999984741211;11.5;11.520000457763672;108300
2014-06-09;11.470000267028809;11.640000343322754;11.430000305175781;11.510000228881836;81300
2014-06-10;11.430000305175781;11.579999923706055;11.34000015258789;11.539999961853027;49000
2014-06-11;11.460000038146973;11.600000381469727;11.300000190734863;11.550000190734863;59300
2014-06-12;11.550000190734863;11.819999694824219;11.550000190734863;11.789999961853027;73500
2014-06-13;11.859999656677246;12.020000457763672;11.579999923706055;11.649999618530273;57800
2014-06-16;11.600000381469727;11.739999771118164;11.5;11.600000381469727;35400
2014-06-17;11.5600004196167;11.789999961853027;11.430000305175781;11.760000228881836;51400
2014-06-18;11.75;11.8100004196167;11.510000228881836;11.789999961853027;126800
2014-06-19;11.789999961853027;12.140000343322754;11.789999961853027;12.119999885559082;81300
2014-06-20;12.199999809265137;12.199999809265137;11.899999618530273;12.010000228881836;96100
2014-06-23;11.979999542236328;11.979999542236328;11.75;11.859999656677246;31000
2014-06-24;11.880000114440918;12.100000381469727;11.710000038146973;11.729999542236328;48300
2014-06-25;11.720000267028809;12.100000381469727;11.720000267028809;12.100000381469727;50800
2014-06-26;12.0600004196167;12.199999809265137;11.920000076293945;12.09000015258789;94600
2014-06-27;11.989999771118164;12.489999771118164;11.989999771118164;12.489999771118164;804700
2014-06-30;12.430000305175781;12.59000015258789;12.34000015258789;12.489999771118164;99100
2014-07-01;12.5;13.029999732971191;12.5;12.930000305175781;132600
2014-07-02;12.920000076293945;13.109999656677246;12.8100004196167;12.960000038146973;87100
2014-07-03;13.050000190734863;13.15999984741211;12.9399995803833;12.979999542236328;46800
2014-07-07;12.920000076293945;12.9399995803833;12.319999694824219;12.430000305175781;94500
2014-07-08;12.470000267028809;12.829999923706055;12.380000114440918;12.770000457763672;59600
2014-07-09;12.84000015258789;12.84000015258789;12.59000015258789;12.600000381469727;31800
2014-07-10;12.4399995803833;12.65999984741211;12.319999694824219;12.350000381469727;85400
2014-07-11;12.350000381469727;12.5600004196167;12.25;12.420000076293945;58600
2014-07-14;12.520000457763672;12.550000190734863;12.449999809265137;12.520000457763672;43700
2014-07-15;12.5600004196167;12.619999885559082;12.180000305175781;12.239999771118164;53900
2014-07-16;12.319999694824219;12.319999694824219;12.010000228881836;12.170000076293945;57900
2014-07-17;12.069999694824219;12.100000381469727;11.8100004196167;11.90999984741211;94600
2014-07-18;11.84000015258789;12.149999618530273;11.760000228881836;12.119999885559082;62400
2014-07-21;12.069999694824219;12.180000305175781;11.989999771118164;12.039999961853027;74200
2014-07-22;12.100000381469727;12.100000381469727;11.949999809265137;12.0;91000
2014-07-23;11.989999771118164;12.229999542236328;11.949999809265137;12.15999984741211;125900
2014-07-24;12.220000267028809;12.229999542236328;12.079999923706055;12.130000114440918;51200
2014-07-25;12.039999961853027;12.050000190734863;11.8100004196167;11.9399995803833;58400
2014-07-28;11.989999771118164;11.989999771118164;11.680000305175781;11.760000228881836;69600
2014-07-29;11.729999542236328;12.210000038146973;11.729999542236328;12.020000457763672;51300
2014-07-30;11.65999984741211;12.359999656677246;11.65999984741211;12.350000381469727;129400
2014-07-31;12.1899995803833;12.25;12.029999732971191;12.210000038146973;127200
2014-08-01;12.260000228881836;12.399999618530273;12.15999984741211;12.270000457763672;82000
2014-08-04;12.3100004196167;12.359999656677246;12.109999656677246;12.229999542236328;55000
2014-08-05;12.140000343322754;12.300000190734863;11.989999771118164;12.170000076293945;110000
2014-08-06;12.130000114440918;12.270000457763672;12.130000114440918;12.1899995803833;63500
2014-08-07;12.15999984741211;12.199999809265137;12.029999732971191;12.100000381469727;53100
2014-08-08;12.069999694824219;12.220000267028809;12.069999694824219;12.149999618530273;74200
2014-08-11;12.25;12.25;12.1899995803833;12.199999809265137;71300
2014-08-12;12.140000343322754;12.199999809265137;12.069999694824219;12.15999984741211;49000
2014-08-13;12.15999984741211;12.289999961853027;12.029999732971191;12.079999923706055;66600
2014-08-14;12.0600004196167;12.210000038146973;12.010000228881836;12.050000190734863;45300
2014-08-15;12.220000267028809;12.25;11.979999542236328;12.25;92700
2014-08-18;12.279999732971191;12.279999732971191;12.180000305175781;12.25;78100
2014-08-19;12.220000267028809;12.279999732971191;12.220000267028809;12.25;58300
2014-08-20;12.25;12.25;12.109999656677246;12.239999771118164;79400
2014-08-21;12.260000228881836;13.0;12.119999885559082;12.8100004196167;949100
2014-08-22;12.75;12.9399995803833;12.619999885559082;12.90999984741211;273200
2014-08-25;12.989999771118164;13.260000228881836;12.979999542236328;13.140000343322754;161600
2014-08-26;13.100000381469727;13.220000267028809;13.100000381469727;13.140000343322754;80300
2014-08-27;13.119999885559082;13.229999542236328;12.970000267028809;13.109999656677246;53100
2014-08-28;13.020000457763672;13.149999618530273;12.949999809265137;13.100000381469727;70400
2014-08-29;13.09000015258789;13.15999984741211;12.949999809265137;13.130000114440918;66100
2014-09-02;13.239999771118164;13.239999771118164;13.0;13.149999618530273;135200
2014-09-03;13.149999618530273;13.180000305175781;13.09000015258789;13.09000015258789;135500
2014-09-04;13.109999656677246;13.15999984741211;12.800000190734863;12.850000381469727;90000
2014-09-05;12.869999885559082;12.970000267028809;12.8100004196167;12.930000305175781;71800
2014-09-08;12.880000114440918;13.029999732971191;12.729999542236328;12.9399995803833;103900
2014-09-09;12.899999618530273;13.029999732971191;12.729999542236328;12.899999618530273;248700
2014-09-10;12.869999885559082;12.899999618530273;12.630000114440918;12.75;67900
2014-09-11;12.65999984741211;12.890000343322754;12.65999984741211;12.800000190734863;96900
2014-09-12;12.829999923706055;12.949999809265137;12.539999961853027;12.800000190734863;104700
2014-09-15;12.890000343322754;12.890000343322754;12.550000190734863;12.569999694824219;42200
2014-09-16;12.510000228881836;12.770000457763672;12.460000038146973;12.510000228881836;58500
2014-09-17;12.59000015258789;12.640000343322754;12.5;12.579999923706055;63400
2014-09-18;12.630000114440918;12.75;12.579999923706055;12.640000343322754;42200
2014-09-19;12.649999618530273;12.710000038146973;12.399999618530273;12.520000457763672;253100
2014-09-22;12.430000305175781;12.600000381469727;12.359999656677246;12.529999732971191;110900
2014-09-23;12.529999732971191;12.579999923706055;12.25;12.279999732971191;216000
2014-09-24;12.350000381469727;12.859999656677246;12.350000381469727;12.779999732971191;117500
2014-09-25;12.710000038146973;12.859999656677246;12.210000038146973;12.260000228881836;77400
2014-09-26;12.260000228881836;12.569999694824219;12.260000228881836;12.510000228881836;58900
2014-09-29;12.359999656677246;12.5;12.300000190734863;12.350000381469727;45400
2014-09-30;12.399999618530273;12.510000228881836;12.199999809265137;12.25;144200
2014-10-01;12.210000038146973;12.319999694824219;11.859999656677246;11.90999984741211;155500
2014-10-02;11.890000343322754;12.09000015258789;11.680000305175781;12.029999732971191;127500
2014-10-03;12.229999542236328;12.25;11.899999618530273;11.930000305175781;81900
2014-10-06;11.920000076293945;12.300000190734863;11.779999732971191;11.779999732971191;68400
2014-10-07;11.670000076293945;11.850000381469727;11.289999961853027;11.319999694824219;174800
2014-10-08;11.300000190734863;11.619999885559082;11.199999809265137;11.539999961853027;575500
2014-10-09;11.329999923706055;11.390000343322754;10.75;11.140000343322754;504600
2014-10-10;11.079999923706055;11.319999694824219;10.970000267028809;11.149999618530273;362700
2014-10-13;11.140000343322754;11.430000305175781;11.100000381469727;11.399999618530273;257500
2014-10-14;11.619999885559082;11.65999984741211;11.329999923706055;11.449999809265137;486100
2014-10-15;11.390000343322754;12.0;11.199999809265137;11.9399995803833;367000
2014-10-16;11.789999961853027;12.1899995803833;11.670000076293945;11.880000114440918;177300
2014-10-17;12.029999732971191;12.039999961853027;11.470000267028809;11.800000190734863;233500
2014-10-20;11.789999961853027;12.289999961853027;11.75;11.920000076293945;88600
2014-10-21;11.949999809265137;12.149999618530273;11.670000076293945;11.960000038146973;57200
2014-10-22;12.0;12.109999656677246;11.789999961853027;11.880000114440918;107800
2014-10-23;12.050000190734863;12.1899995803833;11.130000114440918;12.029999732971191;83900
2014-10-24;12.0600004196167;12.239999771118164;11.899999618530273;12.050000190734863;108900
2014-10-27;12.010000228881836;12.149999618530273;11.779999732971191;11.899999618530273;57900
2014-10-28;12.010000228881836;12.449999809265137;11.989999771118164;12.279999732971191;136500
2014-10-29;12.350000381469727;12.4399995803833;12.109999656677246;12.329999923706055;141700
2014-10-30;12.3100004196167;12.619999885559082;12.260000228881836;12.5;92800
2014-10-31;12.760000228881836;12.800000190734863;12.4399995803833;12.59000015258789;129500
2014-11-03;12.600000381469727;12.75;12.520000457763672;12.720000267028809;84600
2014-11-04;12.640000343322754;12.880000114440918;12.59000015258789;12.65999984741211;71500
2014-11-05;12.710000038146973;12.739999771118164;12.510000228881836;12.710000038146973;99300
2014-11-06;12.710000038146973;13.25;12.6899995803833;13.09000015258789;109800
2014-11-07;12.979999542236328;13.239999771118164;12.869999885559082;12.970000267028809;85800
2014-11-10;12.979999542236328;13.180000305175781;12.880000114440918;13.15999984741211;108700
2014-11-11;13.140000343322754;13.449999809265137;13.079999923706055;13.420000076293945;80100
2014-11-12;13.380000114440918;13.5;13.300000190734863;13.449999809265137;126700
2014-11-13;13.470000267028809;13.539999961853027;13.199999809265137;13.229999542236328;157500
2014-11-14;13.199999809265137;13.390000343322754;13.130000114440918;13.260000228881836;42800
2014-11-17;13.289999961853027;13.369999885559082;13.130000114440918;13.199999809265137;47500
2014-11-18;13.239999771118164;13.470000267028809;13.239999771118164;13.449999809265137;89600
2014-11-19;13.449999809265137;13.569999694824219;13.050000190734863;13.359999656677246;89500
2014-11-20;13.350000381469727;13.5;13.300000190734863;13.430000305175781;62700
2014-11-21;13.640000343322754;13.640000343322754;13.220000267028809;13.270000457763672;86000
2014-11-24;13.270000457763672;13.420000076293945;13.15999984741211;13.350000381469727;57000
2014-11-25;13.40999984741211;13.489999771118164;13.1899995803833;13.199999809265137;49100
2014-11-26;13.239999771118164;13.489999771118164;13.229999542236328;13.369999885559082;62700
2014-11-28;13.399999618530273;13.479999542236328;13.100000381469727;13.140000343322754;32200
2014-12-01;13.149999618530273;13.300000190734863;12.930000305175781;13.09000015258789;62600
2014-12-02;13.0600004196167;13.449999809265137;13.029999732971191;13.140000343322754;93000
2014-12-03;13.149999618530273;13.630000114440918;13.130000114440918;13.479999542236328;100900
2014-12-04;13.489999771118164;13.890000343322754;13.489999771118164;13.760000228881836;106300
2014-12-05;13.760000228881836;14.039999961853027;13.75;13.960000038146973;66900
2014-12-08;13.949999809265137;14.0600004196167;13.720000267028809;13.739999771118164;71000
2014-12-09;13.579999923706055;14.0;13.5;14.0;60700
2014-12-10;13.920000076293945;13.920000076293945;13.579999923706055;13.699999809265137;66800
2014-12-11;13.800000190734863;13.970000267028809;13.699999809265137;13.789999961853027;124100
2014-12-12;13.579999923706055;13.880000114440918;13.4399995803833;13.5600004196167;57900
2014-12-15;13.670000076293945;13.869999885559082;13.34000015258789;13.510000228881836;59700
2014-12-16;13.489999771118164;14.0;13.420000076293945;13.869999885559082;196700
2014-12-17;14.0;14.479999542236328;13.859999656677246;14.4399995803833;98200
2014-12-18;14.4399995803833;14.729999542236328;14.25;14.680000305175781;139100
2014-12-19;14.640000343322754;14.640000343322754;13.0;13.0;898300
2014-12-22;13.010000228881836;13.680000305175781;13.010000228881836;13.600000381469727;171900
2014-12-23;13.6899995803833;14.229999542236328;13.59000015258789;14.109999656677246;80200
2014-12-24;14.1899995803833;14.25;13.930000305175781;13.960000038146973;27800
2014-12-26;14.039999961853027;14.34000015258789;13.989999771118164;14.199999809265137;38400
2014-12-29;14.25;14.579999923706055;14.109999656677246;14.229999542236328;97200
2014-12-30;14.170000076293945;14.4399995803833;14.109999656677246;14.130000114440918;31100
2014-12-31;14.239999771118164;14.319999694824219;13.789999961853027;13.8100004196167;81800
2015-01-02;13.850000381469727;14.0600004196167;13.640000343322754;13.899999618530273;149800
2015-01-05;13.850000381469727;14.140000343322754;13.630000114440918;13.699999809265137;74200
2015-01-06;13.770000457763672;13.770000457763672;13.239999771118164;13.529999732971191;77900
2015-01-07;13.609999656677246;13.960000038146973;13.0600004196167;13.489999771118164;123300
2015-01-08;13.829999923706055;14.289999961853027;13.510000228881836;13.90999984741211;97100
2015-01-09;13.869999885559082;13.899999618530273;13.399999618530273;13.40999984741211;80000
2015-01-12;13.449999809265137;13.579999923706055;13.210000038146973;13.260000228881836;110200
2015-01-13;13.350000381469727;13.8100004196167;13.350000381469727;13.5600004196167;87400
2015-01-14;13.449999809265137;13.569999694824219;13.239999771118164;13.430000305175781;35100
2015-01-15;13.420000076293945;13.420000076293945;12.84000015258789;13.050000190734863;63100
2015-01-16;12.989999771118164;13.390000343322754;12.989999771118164;13.369999885559082;56200
2015-01-20;13.369999885559082;13.520000457763672;13.039999961853027;13.3100004196167;51500
2015-01-21;13.25;13.359999656677246;13.130000114440918;13.25;52100
2015-01-22;13.289999961853027;13.699999809265137;13.210000038146973;13.619999885559082;54000
2015-01-23;13.670000076293945;13.970000267028809;13.460000038146973;13.619999885559082;86500
2015-01-26;13.619999885559082;13.779999732971191;13.399999618530273;13.420000076293945;48200
2015-01-27;13.220000267028809;13.640000343322754;13.220000267028809;13.399999618530273;40300
2015-01-28;13.460000038146973;13.710000038146973;12.949999809265137;13.069999694824219;61400
2015-01-29;13.069999694824219;13.460000038146973;12.960000038146973;13.449999809265137;45400
2015-01-30;13.300000190734863;13.5;12.65999984741211;12.770000457763672;111400
2015-02-02;12.869999885559082;13.470000267028809;12.739999771118164;13.470000267028809;57400
2015-02-03;13.5;13.850000381469727;13.40999984741211;13.819999694824219;50700
2015-02-04;13.720000267028809;13.930000305175781;13.569999694824219;13.699999809265137;49000
2015-02-05;13.739999771118164;14.130000114440918;13.460000038146973;14.09000015258789;43400
2015-02-06;14.15999984741211;14.260000228881836;13.680000305175781;13.699999809265137;66900
2015-02-09;13.600000381469727;13.859999656677246;13.420000076293945;13.520000457763672;64700
2015-02-10;13.6899995803833;14.119999885559082;13.65999984741211;14.039999961853027;49300
2015-02-11;14.0600004196167;14.15999984741211;13.859999656677246;13.960000038146973;40900
2015-02-12;14.020000457763672;14.180000305175781;13.960000038146973;14.100000381469727;35700
2015-02-13;14.109999656677246;14.380000114440918;14.109999656677246;14.300000190734863;36300
2015-02-17;14.390000343322754;14.470000267028809;14.25;14.34000015258789;70100
2015-02-18;14.289999961853027;14.369999885559082;14.0600004196167;14.300000190734863;37000
2015-02-19;14.180000305175781;14.460000038146973;14.0600004196167;14.430000305175781;71000
2015-02-20;14.210000038146973;14.279999732971191;13.949999809265137;14.15999984741211;157200
2015-02-23;14.039999961853027;14.149999618530273;13.850000381469727;14.119999885559082;168000
2015-02-24;14.100000381469727;14.5;14.100000381469727;14.25;62300
2015-02-25;14.289999961853027;14.380000114440918;14.079999923706055;14.140000343322754;35600
2015-02-26;14.119999885559082;14.1899995803833;13.9399995803833;14.079999923706055;43000
2015-02-27;14.050000190734863;14.180000305175781;13.880000114440918;13.960000038146973;40700
2015-03-02;13.970000267028809;14.010000228881836;13.699999809265137;14.0;51200
2015-03-03;13.90999984741211;14.140000343322754;13.800000190734863;14.100000381469727;64000
2015-03-04;14.029999732971191;14.15999984741211;13.770000457763672;13.8100004196167;28600
2015-03-05;13.869999885559082;14.069999694824219;13.699999809265137;13.949999809265137;48800
2015-03-06;13.8100004196167;14.149999618530273;13.609999656677246;13.680000305175781;45000
2015-03-09;13.75;14.0;13.609999656677246;13.90999984741211;31400
2015-03-10;13.75;13.850000381469727;13.520000457763672;13.569999694824219;106500
2015-03-11;13.600000381469727;13.779999732971191;13.520000457763672;13.739999771118164;87700
2015-03-12;13.880000114440918;14.039999961853027;13.789999961853027;13.9399995803833;67600
2015-03-13;13.890000343322754;14.140000343322754;13.8100004196167;14.069999694824219;26000
2015-03-16;14.100000381469727;14.170000076293945;13.920000076293945;14.119999885559082;66700
2015-03-17;14.039999961853027;14.050000190734863;13.609999656677246;13.84000015258789;100000
2015-03-18;13.75;14.029999732971191;13.729999542236328;14.0;92300
2015-03-19;13.970000267028809;14.069999694824219;13.930000305175781;13.979999542236328;50900
2015-03-20;14.039999961853027;14.140000343322754;13.829999923706055;14.100000381469727;80300
2015-03-23;14.100000381469727;14.170000076293945;14.020000457763672;14.100000381469727;38400
2015-03-24;14.100000381469727;14.65999984741211;14.100000381469727;14.539999961853027;68800
2015-03-25;14.699999809265137;14.84000015258789;14.130000114440918;14.140000343322754;59500
2015-03-26;14.050000190734863;14.149999618530273;13.880000114440918;13.970000267028809;57300
2015-03-27;13.9399995803833;14.289999961853027;13.9399995803833;14.239999771118164;129700
2015-03-30;14.239999771118164;14.3100004196167;14.079999923706055;14.109999656677246;61400
2015-03-31;13.970000267028809;14.0600004196167;13.829999923706055;13.949999809265137;101700
2015-04-01;13.699999809265137;14.369999885559082;13.380000114440918;14.279999732971191;101500
2015-04-02;14.40999984741211;14.920000076293945;14.40999984741211;14.489999771118164;247000
2015-04-06;14.5;14.829999923706055;14.5;14.779999732971191;131400
2015-04-07;14.8100004196167;14.850000381469727;14.609999656677246;14.640000343322754;111200
2015-04-08;14.619999885559082;14.640000343322754;14.420000076293945;14.470000267028809;231400
2015-04-09;14.399999618530273;14.699999809265137;14.399999618530273;14.539999961853027;58300
2015-04-10;14.649999618530273;14.649999618530273;14.40999984741211;14.470000267028809;49100
2015-04-13;14.470000267028809;14.729999542236328;14.420000076293945;14.680000305175781;66500
2015-04-14;14.619999885559082;14.729999542236328;14.569999694824219;14.65999984741211;47400
2015-04-15;14.739999771118164;15.15999984741211;14.739999771118164;14.920000076293945;123900
2015-04-16;14.920000076293945;14.920000076293945;14.600000381469727;14.630000114440918;47200
2015-04-17;14.529999732971191;14.630000114440918;14.359999656677246;14.359999656677246;93200
2015-04-20;14.430000305175781;14.779999732971191;14.430000305175781;14.619999885559082;35800
2015-04-21;14.75;14.760000228881836;14.3100004196167;14.430000305175781;42400
2015-04-22;14.380000114440918;14.569999694824219;14.130000114440918;14.380000114440918;28300
2015-04-23;14.34000015258789;14.470000267028809;14.220000267028809;14.34000015258789;26200
2015-04-24;14.300000190734863;14.430000305175781;14.15999984741211;14.25;41600
2015-04-27;14.239999771118164;14.460000038146973;14.170000076293945;14.350000381469727;84900
2015-04-28;14.390000343322754;14.930000305175781;14.350000381469727;14.84000015258789;129700
2015-04-29;14.680000305175781;14.970000267028809;14.399999618530273;14.4399995803833;51200
2015-04-30;14.420000076293945;14.5;14.079999923706055;14.210000038146973;101900
2015-05-01;14.220000267028809;14.34000015258789;14.180000305175781;14.3100004196167;49900
2015-05-04;14.390000343322754;14.699999809265137;14.390000343322754;14.600000381469727;116700
2015-05-05;14.600000381469727;14.6899995803833;14.210000038146973;14.390000343322754;149000
2015-05-06;14.399999618530273;14.4399995803833;14.239999771118164;14.369999885559082;61900
2015-05-07;14.399999618530273;14.470000267028809;14.260000228881836;14.4399995803833;97000
2015-05-08;14.630000114440918;14.630000114440918;14.1899995803833;14.25;33700
2015-05-11;14.25;14.420000076293945;14.149999618530273;14.199999809265137;41900
2015-05-12;14.079999923706055;14.25;13.880000114440918;14.140000343322754;149700
2015-05-13;14.15999984741211;14.260000228881836;13.949999809265137;14.09000015258789;117400
2015-05-14;14.140000343322754;14.25;14.100000381469727;14.210000038146973;101500
2015-05-15;14.220000267028809;14.449999809265137;14.0;14.420000076293945;93500
2015-05-18;14.329999923706055;14.329999923706055;14.09000015258789;14.180000305175781;62300
2015-05-19;14.170000076293945;14.319999694824219;14.09000015258789;14.260000228881836;120500
2015-05-20;14.300000190734863;14.329999923706055;14.170000076293945;14.270000457763672;40800
2015-05-21;14.25;14.350000381469727;14.25;14.260000228881836;66600
2015-05-22;14.199999809265137;14.260000228881836;13.890000343322754;14.130000114440918;50400
2015-05-26;14.0;14.130000114440918;13.850000381469727;13.960000038146973;84800
2015-05-27;14.029999732971191;14.199999809265137;13.819999694824219;14.100000381469727;200500
2015-05-28;14.050000190734863;14.539999961853027;14.050000190734863;14.390000343322754;182500
2015-05-29;14.350000381469727;14.569999694824219;14.220000267028809;14.289999961853027;110800
2015-06-01;14.4399995803833;14.5;14.0600004196167;14.380000114440918;50400
2015-06-02;14.319999694824219;14.710000038146973;14.289999961853027;14.449999809265137;38200
2015-06-03;14.510000228881836;14.670000076293945;14.399999618530273;14.670000076293945;71300
2015-06-04;14.539999961853027;14.6899995803833;14.380000114440918;14.470000267028809;99900
2015-06-05;14.430000305175781;14.699999809265137;14.210000038146973;14.449999809265137;33600
2015-06-08;14.380000114440918;14.399999618530273;14.25;14.289999961853027;23500
2015-06-09;14.289999961853027;14.300000190734863;14.069999694824219;14.229999542236328;33500
2015-06-10;14.350000381469727;14.65999984741211;14.25;14.649999618530273;84200
2015-06-11;14.609999656677246;14.710000038146973;14.430000305175781;14.5;43600
2015-06-12;14.489999771118164;14.550000190734863;14.449999809265137;14.489999771118164;48000
2015-06-15;14.449999809265137;14.550000190734863;14.180000305175781;14.420000076293945;36200
2015-06-16;14.34000015258789;14.470000267028809;14.210000038146973;14.430000305175781;35600
2015-06-17;14.520000457763672;14.520000457763672;14.3100004196167;14.3100004196167;17100
2015-06-18;14.329999923706055;14.5;14.300000190734863;14.399999618530273;72300
2015-06-19;14.449999809265137;14.640000343322754;14.350000381469727;14.5600004196167;104800
2015-06-22;14.579999923706055;14.739999771118164;14.40999984741211;14.619999885559082;49300
2015-06-23;14.640000343322754;14.75;14.510000228881836;14.65999984741211;44800
2015-06-24;14.670000076293945;14.970000267028809;14.600000381469727;14.779999732971191;115800
2015-06-25;14.850000381469727;14.979999542236328;14.739999771118164;14.84000015258789;36800
2015-06-26;14.899999618530273;14.979999542236328;14.630000114440918;14.699999809265137;258700
2015-06-29;14.670000076293945;14.789999961853027;14.380000114440918;14.40999984741211;88900
2015-06-30;14.460000038146973;14.539999961853027;14.300000190734863;14.430000305175781;59700
2015-07-01;14.529999732971191;14.609999656677246;14.3100004196167;14.420000076293945;33100
2015-07-02;14.460000038146973;14.489999771118164;14.220000267028809;14.279999732971191;38500
2015-07-06;14.199999809265137;14.40999984741211;14.119999885559082;14.319999694824219;38500
2015-07-07;14.279999732971191;14.3100004196167;13.899999618530273;14.170000076293945;76600
2015-07-08;14.069999694824219;14.180000305175781;13.829999923706055;14.039999961853027;50300
2015-07-09;14.270000457763672;14.279999732971191;13.949999809265137;13.949999809265137;78300
2015-07-10;14.0600004196167;14.289999961853027;14.0;14.069999694824219;55700
2015-07-13;14.09000015258789;14.15999984741211;13.970000267028809;14.0;70100
2015-07-14;13.960000038146973;14.100000381469727;13.960000038146973;14.050000190734863;117600
2015-07-15;14.050000190734863;14.050000190734863;13.899999618530273;14.029999732971191;106700
2015-07-16;14.050000190734863;14.220000267028809;13.890000343322754;13.970000267028809;72400
2015-07-17;13.989999771118164;14.300000190734863;13.880000114440918;14.119999885559082;69500
2015-07-20;14.170000076293945;14.270000457763672;13.920000076293945;14.0600004196167;69900
2015-07-21;14.010000228881836;14.3100004196167;13.720000267028809;13.880000114440918;45800
2015-07-22;13.859999656677246;13.880000114440918;13.739999771118164;13.770000457763672;27200
2015-07-23;13.779999732971191;13.779999732971191;13.210000038146973;13.319999694824219;67800
2015-07-24;13.220000267028809;13.390000343322754;13.069999694824219;13.1899995803833;69800
2015-07-27;13.149999618530273;13.260000228881836;13.039999961853027;13.130000114440918;35200
2015-07-28;13.069999694824219;13.390000343322754;12.859999656677246;13.369999885559082;90700
2015-07-29;13.15999984741211;13.15999984741211;12.779999732971191;12.960000038146973;334700
2015-07-30;12.880000114440918;13.100000381469727;12.850000381469727;13.010000228881836;108800
2015-07-31;13.0;13.5;12.970000267028809;13.350000381469727;114500
2015-08-03;13.270000457763672;13.4399995803833;13.020000457763672;13.199999809265137;64900
2015-08-04;13.25;13.350000381469727;13.170000076293945;13.329999923706055;49300
2015-08-05;13.430000305175781;13.520000457763672;13.270000457763672;13.350000381469727;60500
2015-08-06;13.430000305175781;13.4399995803833;13.09000015258789;13.270000457763672;70300
2015-08-07;13.180000305175781;13.399999618530273;13.029999732971191;13.09000015258789;30400
2015-08-10;13.100000381469727;13.25;12.970000267028809;13.100000381469727;88900
2015-08-11;13.0600004196167;13.329999923706055;12.920000076293945;13.199999809265137;35900
2015-08-12;13.09000015258789;13.300000190734863;12.920000076293945;13.0600004196167;39200
2015-08-13;13.119999885559082;13.270000457763672;13.0;13.039999961853027;34800
2015-08-14;13.0;13.100000381469727;12.890000343322754;13.039999961853027;33700
2015-08-17;12.960000038146973;13.319999694824219;12.899999618530273;13.279999732971191;51800
2015-08-18;13.270000457763672;13.430000305175781;12.920000076293945;13.319999694824219;56000
2015-08-19;13.260000228881836;13.460000038146973;12.90999984741211;13.279999732971191;136800
2015-08-20;13.15999984741211;13.15999984741211;12.0600004196167;12.9399995803833;60800
2015-08-21;12.699999809265137;13.229999542236328;12.65999984741211;12.779999732971191;79100
2015-08-24;12.25;12.710000038146973;11.5;12.40999984741211;89600
2015-08-25;12.770000457763672;12.770000457763672;12.170000076293945;12.220000267028809;42700
2015-08-26;12.520000457763672;13.15999984741211;12.239999771118164;13.09000015258789;116300
2015-08-27;13.119999885559082;13.34000015258789;12.789999961853027;12.930000305175781;61900
2015-08-28;12.859999656677246;13.300000190734863;12.800000190734863;13.239999771118164;53900
2015-08-31;13.15999984741211;13.359999656677246;13.0600004196167;13.300000190734863;151400
2015-09-01;13.029999732971191;13.199999809265137;12.729999542236328;12.789999961853027;41900
2015-09-02;12.949999809265137;13.279999732971191;12.859999656677246;13.1899995803833;50800
2015-09-03;13.210000038146973;13.3100004196167;13.109999656677246;13.15999984741211;47000
2015-09-04;12.970000267028809;13.15999984741211;12.850000381469727;13.09000015258789;47400
2015-09-08;13.260000228881836;13.449999809265137;12.84000015258789;13.289999961853027;60100
2015-09-09;13.4399995803833;13.4399995803833;13.149999618530273;13.180000305175781;133100
2015-09-10;13.100000381469727;13.289999961853027;13.039999961853027;13.15999984741211;23100
2015-09-11;13.050000190734863;13.25;13.050000190734863;13.199999809265137;38600
2015-09-14;13.199999809265137;13.25;13.130000114440918;13.220000267028809;29400
2015-09-15;13.1899995803833;13.270000457763672;13.100000381469727;13.15999984741211;43300
2015-09-16;13.149999618530273;13.399999618530273;13.149999618530273;13.180000305175781;150700
2015-09-17;13.270000457763672;13.270000457763672;13.079999923706055;13.119999885559082;156700
2015-09-18;12.880000114440918;13.289999961853027;12.850000381469727;13.050000190734863;131900
2015-09-21;13.180000305175781;13.25;13.0600004196167;13.079999923706055;62400
2015-09-22;13.0;13.010000228881836;12.800000190734863;12.8100004196167;47400
2015-09-23;12.899999618530273;13.100000381469727;12.5;12.640000343322754;54000
2015-09-24;12.489999771118164;12.640000343322754;12.399999618530273;12.430000305175781;86700
2015-09-25;12.59000015258789;12.59000015258789;12.279999732971191;12.350000381469727;54300
2015-09-28;12.359999656677246;12.420000076293945;12.069999694824219;12.15999984741211;45000
2015-09-29;12.15999984741211;12.220000267028809;12.029999732971191;12.079999923706055;33100
2015-09-30;12.0;12.0;11.029999732971191;11.670000076293945;303700
2015-10-01;11.729999542236328;11.739999771118164;11.479999542236328;11.670000076293945;113400
2015-10-02;11.5600004196167;11.789999961853027;11.399999618530273;11.760000228881836;140700
2015-10-05;11.899999618530273;12.329999923706055;11.729999542236328;11.890000343322754;107000
2015-10-06;11.920000076293945;12.010000228881836;11.529999732971191;11.539999961853027;71200
2015-10-07;11.539999961853027;11.789999961853027;11.359999656677246;11.449999809265137;73800
2015-10-08;11.4399995803833;12.149999618530273;11.430000305175781;12.020000457763672;226700
2015-10-09;12.069999694824219;12.279999732971191;11.850000381469727;12.130000114440918;32600
2015-10-12;12.170000076293945;12.489999771118164;12.109999656677246;12.430000305175781;96500
2015-10-13;12.40999984741211;12.760000228881836;12.399999618530273;12.520000457763672;58800
2015-10-14;12.529999732971191;12.699999809265137;12.460000038146973;12.539999961853027;44900
2015-10-15;12.579999923706055;12.829999923706055;12.369999885559082;12.779999732971191;48100
2015-10-16;12.829999923706055;12.829999923706055;12.5;12.670000076293945;50900
2015-10-19;12.5600004196167;12.670000076293945;12.369999885559082;12.399999618530273;47400
2015-10-20;12.399999618530273;12.470000267028809;12.210000038146973;12.34000015258789;33700
2015-10-21;12.34000015258789;12.460000038146973;12.149999618530273;12.149999618530273;21400
2015-10-22;12.260000228881836;12.579999923706055;12.15999984741211;12.430000305175781;37100
2015-10-23;12.520000457763672;12.65999984741211;12.369999885559082;12.569999694824219;24000
2015-10-26;12.619999885559082;12.630000114440918;12.010000228881836;12.050000190734863;54100
2015-10-27;12.09000015258789;12.180000305175781;11.6899995803833;11.710000038146973;30700
2015-10-28;11.819999694824219;12.430000305175781;11.819999694824219;12.300000190734863;72100
2015-10-29;12.34000015258789;12.489999771118164;12.239999771118164;12.319999694824219;34500
2015-10-30;12.300000190734863;12.350000381469727;12.229999542236328;12.300000190734863;60200
2015-11-02;12.289999961853027;12.550000190734863;12.199999809265137;12.420000076293945;43100
2015-11-03;12.369999885559082;12.40999984741211;12.239999771118164;12.289999961853027;36400
2015-11-04;12.350000381469727;12.510000228881836;12.300000190734863;12.359999656677246;37300
2015-11-05;12.399999618530273;12.520000457763672;12.300000190734863;12.5;31300
2015-11-06;12.40999984741211;12.720000267028809;12.300000190734863;12.529999732971191;67400
2015-11-09;12.529999732971191;12.529999732971191;12.300000190734863;12.300000190734863;24600
2015-11-10;12.319999694824219;12.84000015258789;12.220000267028809;12.319999694824219;24300
2015-11-11;12.369999885559082;12.369999885559082;12.180000305175781;12.319999694824219;39900
2015-11-12;12.289999961853027;12.40999984741211;11.960000038146973;11.979999542236328;54500
2015-11-13;11.880000114440918;12.1899995803833;11.869999885559082;11.930000305175781;50100
2015-11-16;11.960000038146973;12.199999809265137;11.890000343322754;12.180000305175781;25800
2015-11-17;12.15999984741211;12.34000015258789;12.029999732971191;12.279999732971191;36000
2015-11-18;12.460000038146973;12.65999984741211;12.25;12.630000114440918;65900
2015-11-19;12.5;12.5;12.239999771118164;12.289999961853027;122700
2015-11-20;12.380000114440918;12.449999809265137;12.260000228881836;12.390000343322754;51800
2015-11-23;12.329999923706055;12.359999656677246;12.149999618530273;12.329999923706055;184700
2015-11-24;12.319999694824219;12.479999542236328;12.229999542236328;12.390000343322754;76800
2015-11-25;12.369999885559082;12.65999984741211;12.369999885559082;12.5600004196167;153300
2015-11-27;12.510000228881836;12.739999771118164;12.5;12.59000015258789;58400
2015-11-30;12.609999656677246;12.869999885559082;12.609999656677246;12.8100004196167;180700
2015-12-01;12.869999885559082;13.0;12.6899995803833;12.90999984741211;89000
2015-12-02;12.949999809265137;13.0600004196167;12.8100004196167;12.979999542236328;110700
2015-12-03;13.0600004196167;13.0600004196167;12.720000267028809;12.829999923706055;104000
2015-12-04;12.770000457763672;13.079999923706055;12.770000457763672;13.010000228881836;78600
2015-12-07;12.949999809265137;13.100000381469727;12.859999656677246;13.010000228881836;52400
2015-12-08;12.609999656677246;12.609999656677246;11.460000038146973;12.170000076293945;630500
2015-12-09;12.100000381469727;12.140000343322754;11.920000076293945;12.050000190734863;257000
2015-12-10;12.020000457763672;12.880000114440918;11.829999923706055;12.119999885559082;234200
2015-12-11;11.850000381469727;12.170000076293945;11.829999923706055;11.899999618530273;165500
2015-12-14;11.829999923706055;12.0600004196167;11.819999694824219;11.949999809265137;164200
2015-12-15;12.020000457763672;12.050000190734863;11.920000076293945;12.0;115800
2015-12-16;12.029999732971191;12.449999809265137;11.899999618530273;12.430000305175781;85400
2015-12-17;12.449999809265137;12.520000457763672;12.029999732971191;12.109999656677246;98500
2015-12-18;12.020000457763672;12.109999656677246;11.880000114440918;12.029999732971191;164600
2015-12-21;12.050000190734863;12.100000381469727;11.899999618530273;11.949999809265137;65100
2015-12-22;12.010000228881836;12.069999694824219;11.84000015258789;12.039999961853027;77300
2015-12-23;12.0600004196167;12.380000114440918;11.970000267028809;12.3100004196167;73400
2015-12-24;12.270000457763672;12.369999885559082;12.140000343322754;12.170000076293945;27500
2015-12-28;12.079999923706055;12.34000015258789;11.899999618530273;12.199999809265137;108900
2015-12-29;12.239999771118164;12.4399995803833;12.15999984741211;12.430000305175781;116000
2015-12-30;12.449999809265137;12.449999809265137;12.149999618530273;12.170000076293945;108700
2015-12-31;12.15999984741211;12.1899995803833;11.819999694824219;11.829999923706055;70000
2016-01-04;11.59000015258789;12.0;11.1899995803833;11.649999618530273;196600
2016-01-05;11.710000038146973;11.8100004196167;11.529999732971191;11.609999656677246;176800
2016-01-06;12.529999732971191;12.529999732971191;11.369999885559082;11.640000343322754;206900
2016-01-07;11.569999694824219;11.569999694824219;11.3100004196167;11.390000343322754;216900
2016-01-08;11.380000114440918;11.449999809265137;11.1899995803833;11.220000267028809;123800
2016-01-11;11.260000228881836;11.289999961853027;11.119999885559082;11.210000038146973;195900
2016-01-12;11.270000457763672;11.59000015258789;10.880000114440918;11.029999732971191;162700
2016-01-13;11.050000190734863;11.510000228881836;10.819999694824219;10.850000381469727;118300
2016-01-14;10.960000038146973;11.329999923706055;10.699999809265137;11.020000457763672;90400
2016-01-15;10.6899995803833;11.010000228881836;10.649999618530273;10.869999885559082;170000
2016-01-19;10.930000305175781;10.970000267028809;10.5;10.630000114440918;124400
2016-01-20;10.510000228881836;10.899999618530273;10.380000114440918;10.779999732971191;99700
2016-01-21;10.770000457763672;11.329999923706055;10.600000381469727;10.619999885559082;66600
2016-01-22;10.699999809265137;11.180000305175781;10.649999618530273;10.710000038146973;171400
2016-01-25;11.210000038146973;11.5;10.920000076293945;11.140000343322754;126600
2016-01-26;11.210000038146973;11.399999618530273;11.09000015258789;11.329999923706055;70900
2016-01-27;11.279999732971191;11.720000267028809;11.229999542236328;11.399999618530273;86300
2016-01-28;11.479999542236328;11.829999923706055;11.369999885559082;11.550000190734863;71100
2016-01-29;11.579999923706055;12.069999694824219;11.579999923706055;12.029999732971191;149600
2016-02-01;11.970000267028809;12.319999694824219;11.739999771118164;11.869999885559082;83000
2016-02-02;11.720000267028809;11.970000267028809;10.779999732971191;11.720000267028809;76700
2016-02-03;11.779999732971191;12.270000457763672;11.5600004196167;11.859999656677246;98400
2016-02-04;11.819999694824219;12.050000190734863;11.510000228881836;11.770000457763672;54600
2016-02-05;11.699999809265137;11.970000267028809;11.420000076293945;11.760000228881836;148400
2016-02-08;11.640000343322754;11.90999984741211;11.609999656677246;11.84000015258789;65500
2016-02-09;11.739999771118164;11.84000015258789;11.630000114440918;11.779999732971191;47300
2016-02-10;11.819999694824219;12.050000190734863;11.550000190734863;11.5600004196167;93200
2016-02-11;11.399999618530273;11.539999961853027;11.279999732971191;11.359999656677246;36300
2016-02-12;11.510000228881836;11.510000228881836;11.119999885559082;11.40999984741211;44700
2016-02-16;11.550000190734863;11.729999542236328;11.420000076293945;11.680000305175781;41300
2016-02-17;11.729999542236328;11.9399995803833;11.460000038146973;11.520000457763672;71200
2016-02-18;11.539999961853027;11.579999923706055;11.3100004196167;11.420000076293945;152500
2016-02-19;11.399999618530273;11.470000267028809;11.25;11.449999809265137;127300
2016-02-22;11.470000267028809;11.6899995803833;11.270000457763672;11.390000343322754;111500
2016-02-23;11.390000343322754;11.630000114440918;11.300000190734863;11.5;71800
2016-02-24;11.430000305175781;11.520000457763672;11.220000267028809;11.399999618530273;113100
2016-02-25;11.380000114440918;12.010000228881836;11.260000228881836;11.300000190734863;59000
2016-02-26;11.100000381469727;11.149999618530273;10.479999542236328;10.59000015258789;186700
2016-02-29;10.65999984741211;10.75;10.0600004196167;10.09000015258789;105400
2016-03-01;10.1899995803833;10.1899995803833;9.479999542236328;9.699999809265137;109800
2016-03-02;9.710000038146973;9.779999732971191;9.630000114440918;9.649999618530273;127700
2016-03-03;9.550000190734863;10.109999656677246;9.550000190734863;10.069999694824219;216200
2016-03-04;10.050000190734863;10.819999694824219;9.949999809265137;10.25;119200
2016-03-07;10.25;10.670000076293945;10.25;10.510000228881836;64100
2016-03-08;10.489999771118164;10.680000305175781;10.319999694824219;10.350000381469727;85300
2016-03-09;10.359999656677246;10.609999656677246;10.34000015258789;10.569999694824219;46800
2016-03-10;10.569999694824219;10.869999885559082;10.479999542236328;10.760000228881836;111100
2016-03-11;10.779999732971191;10.890000343322754;10.319999694824219;10.420000076293945;62700
2016-03-14;10.350000381469727;10.550000190734863;10.170000076293945;10.1899995803833;47300
2016-03-15;10.170000076293945;10.489999771118164;9.890000343322754;9.920000076293945;91900
2016-03-16;9.920000076293945;10.0600004196167;9.779999732971191;9.880000114440918;64600
2016-03-17;9.930000305175781;10.359999656677246;9.649999618530273;10.350000381469727;81900
2016-03-18;10.420000076293945;10.520000457763672;10.130000114440918;10.40999984741211;121400
2016-03-21;10.399999618530273;11.149999618530273;10.399999618530273;10.920000076293945;326100
2016-03-22;10.829999923706055;10.899999618530273;10.579999923706055;10.609999656677246;109600
2016-03-23;10.619999885559082;10.770000457763672;10.3100004196167;10.399999618530273;82200
2016-03-24;10.40999984741211;10.579999923706055;10.239999771118164;10.5600004196167;44300
2016-03-28;10.569999694824219;10.770000457763672;10.40999984741211;10.619999885559082;47800
2016-03-29;10.699999809265137;10.829999923706055;10.390000343322754;10.720000267028809;144900
2016-03-30;10.0;10.710000038146973;9.680000305175781;10.670000076293945;323900
2016-03-31;10.600000381469727;10.859999656677246;10.5;10.5;127500
2016-04-01;10.390000343322754;10.550000190734863;10.359999656677246;10.489999771118164;79200
2016-04-04;10.5;10.529999732971191;10.010000228881836;10.420000076293945;132800
2016-04-05;10.369999885559082;10.510000228881836;10.180000305175781;10.239999771118164;62400
2016-04-06;10.470000267028809;10.470000267028809;10.039999961853027;10.170000076293945;53400
2016-04-07;10.069999694824219;10.390000343322754;10.029999732971191;10.109999656677246;56800
2016-04-08;10.100000381469727;10.470000267028809;10.029999732971191;10.109999656677246;101500
2016-04-11;10.170000076293945;10.260000228881836;10.050000190734863;10.100000381469727;126400
2016-04-12;10.0600004196167;10.380000114440918;10.029999732971191;10.210000038146973;57000
2016-04-13;10.289999961853027;10.779999732971191;10.149999618530273;10.670000076293945;157500
2016-04-14;10.630000114440918;10.699999809265137;10.460000038146973;10.510000228881836;72200
2016-04-15;10.5;10.550000190734863;10.4399995803833;10.5;33900
2016-04-18;10.430000305175781;10.789999961853027;10.430000305175781;10.760000228881836;80400
2016-04-19;10.819999694824219;11.239999771118164;10.6899995803833;11.010000228881836;129900
2016-04-20;10.960000038146973;11.279999732971191;10.960000038146973;11.25;68700
2016-04-21;11.229999542236328;11.279999732971191;11.0600004196167;11.119999885559082;118000
2016-04-22;11.050000190734863;11.25;11.029999732971191;11.210000038146973;82100
2016-04-25;11.180000305175781;11.300000190734863;11.180000305175781;11.270000457763672;85500
2016-04-26;11.239999771118164;11.430000305175781;11.199999809265137;11.25;59400
2016-04-27;11.279999732971191;11.34000015258789;11.119999885559082;11.319999694824219;58200
2016-04-28;11.3100004196167;11.460000038146973;11.229999542236328;11.279999732971191;80100
2016-04-29;11.279999732971191;11.34000015258789;11.09000015258789;11.25;50200
2016-05-02;11.220000267028809;11.260000228881836;10.90999984741211;11.050000190734863;147300
2016-05-03;10.9399995803833;11.210000038146973;10.920000076293945;11.0;146400
2016-05-04;10.9399995803833;11.170000076293945;10.859999656677246;10.989999771118164;149500
2016-05-05;11.0600004196167;11.479999542236328;10.770000457763672;10.960000038146973;75500
2016-05-06;10.960000038146973;11.199999809265137;10.960000038146973;11.1899995803833;57700
2016-05-09;11.260000228881836;11.260000228881836;10.90999984741211;11.050000190734863;51800
2016-05-10;11.069999694824219;11.649999618530273;10.760000228881836;11.609999656677246;74800
2016-05-11;11.59000015258789;11.630000114440918;11.40999984741211;11.510000228881836;91800
2016-05-12;11.609999656677246;11.710000038146973;11.130000114440918;11.25;101000
2016-05-13;11.170000076293945;11.40999984741211;11.149999618530273;11.260000228881836;49200
2016-05-16;11.229999542236328;11.510000228881836;11.199999809265137;11.390000343322754;77300
2016-05-17;11.390000343322754;11.529999732971191;11.0;11.470000267028809;161800
2016-05-18;11.390000343322754;11.619999885559082;11.079999923706055;11.399999618530273;141400
2016-05-19;11.359999656677246;11.449999809265137;11.15999984741211;11.319999694824219;97100
2016-05-20;11.390000343322754;11.579999923706055;11.0600004196167;11.529999732971191;55100
2016-05-23;11.510000228881836;11.8100004196167;11.279999732971191;11.609999656677246;113500
2016-05-24;11.699999809265137;11.75;11.430000305175781;11.550000190734863;126200
2016-05-25;11.529999732971191;11.529999732971191;11.1899995803833;11.359999656677246;254600
2016-05-26;11.300000190734863;11.59000015258789;11.140000343322754;11.489999771118164;152500
2016-05-27;11.460000038146973;11.65999984741211;11.449999809265137;11.460000038146973;106600
2016-05-31;11.479999542236328;11.65999984741211;11.470000267028809;11.579999923706055;109900
2016-06-01;11.550000190734863;11.550000190734863;11.380000114440918;11.399999618530273;100800
2016-06-02;11.350000381469727;11.350000381469727;11.079999923706055;11.239999771118164;49700
2016-06-03;11.229999542236328;11.319999694824219;11.029999732971191;11.1899995803833;87200
2016-06-06;11.170000076293945;11.34000015258789;11.100000381469727;11.15999984741211;116200
2016-06-07;11.239999771118164;11.739999771118164;11.109999656677246;11.539999961853027;149900
2016-06-08;11.600000381469727;11.65999984741211;11.34000015258789;11.399999618530273;75700
2016-06-09;11.359999656677246;11.479999542236328;11.229999542236328;11.4399995803833;65400
2016-06-10;11.34000015258789;11.520000457763672;11.260000228881836;11.3100004196167;42500
2016-06-13;11.300000190734863;11.319999694824219;11.079999923706055;11.119999885559082;56900
2016-06-14;11.100000381469727;11.210000038146973;11.039999961853027;11.180000305175781;36900
2016-06-15;11.210000038146973;11.239999771118164;11.069999694824219;11.09000015258789;94000
2016-06-16;11.079999923706055;11.539999961853027;11.020000457763672;11.09000015258789;64800
2016-06-17;11.100000381469727;11.119999885559082;10.890000343322754;10.979999542236328;120600
2016-06-20;11.109999656677246;11.289999961853027;11.020000457763672;11.149999618530273;123600
2016-06-21;11.130000114440918;11.3100004196167;10.859999656677246;11.0600004196167;54100
2016-06-22;11.039999961853027;11.100000381469727;10.729999542236328;10.800000190734863;40500
2016-06-23;10.8100004196167;11.010000228881836;10.760000228881836;10.890000343322754;74900
2016-06-24;10.630000114440918;10.84000015258789;9.850000381469727;10.819999694824219;182700
2016-06-27;10.710000038146973;10.850000381469727;10.220000267028809;10.289999961853027;83200
2016-06-28;10.34000015258789;10.850000381469727;10.279999732971191;10.40999984741211;83200
2016-06-29;10.470000267028809;10.5600004196167;10.390000343322754;10.4399995803833;41800
2016-06-30;10.479999542236328;10.770000457763672;10.460000038146973;10.760000228881836;57900
2016-07-01;10.760000228881836;10.90999984741211;10.65999984741211;10.739999771118164;39500
2016-07-05;10.75;10.850000381469727;10.40999984741211;10.460000038146973;44400
2016-07-06;10.460000038146973;10.539999961853027;10.390000343322754;10.520000457763672;29200
2016-07-07;10.569999694824219;10.75;10.510000228881836;10.670000076293945;47100
2016-07-08;10.670000076293945;11.100000381469727;10.670000076293945;11.0;75900
2016-07-11;11.050000190734863;11.199999809265137;10.819999694824219;10.960000038146973;55800
2016-07-12;11.0;11.239999771118164;10.949999809265137;11.199999809265137;91600
2016-07-13;11.210000038146973;11.270000457763672;10.859999656677246;10.859999656677246;82300
2016-07-14;10.970000267028809;10.970000267028809;10.550000190734863;10.630000114440918;86000
2016-07-15;10.710000038146973;11.489999771118164;10.59000015258789;11.390000343322754;141500
2016-07-18;11.420000076293945;11.770000457763672;11.210000038146973;11.319999694824219;59800
2016-07-19;11.329999923706055;11.329999923706055;11.050000190734863;11.0600004196167;23400
2016-07-20;11.069999694824219;11.270000457763672;10.8100004196167;11.25;45200
2016-07-21;11.15999984741211;11.420000076293945;11.15999984741211;11.350000381469727;53000
2016-07-22;11.3100004196167;11.449999809265137;11.220000267028809;11.40999984741211;46900
2016-07-25;11.359999656677246;11.619999885559082;11.25;11.380000114440918;83500
2016-07-26;11.390000343322754;11.470000267028809;11.1899995803833;11.260000228881836;57400
2016-07-27;11.4399995803833;11.739999771118164;11.300000190734863;11.619999885559082;103400
2016-07-28;11.600000381469727;11.600000381469727;11.050000190734863;11.470000267028809;226600
2016-07-29;11.399999618530273;11.65999984741211;11.300000190734863;11.5;56600
2016-08-01;11.649999618530273;11.699999809265137;11.350000381469727;11.6899995803833;130700
2016-08-02;11.619999885559082;11.850000381469727;10.859999656677246;11.65999984741211;63600
2016-08-03;11.65999984741211;11.75;11.59000015258789;11.720000267028809;27900
2016-08-04;11.75;12.039999961853027;11.680000305175781;11.970000267028809;54200
2016-08-05;11.960000038146973;12.130000114440918;11.760000228881836;12.039999961853027;98800
2016-08-08;12.010000228881836;12.239999771118164;11.989999771118164;12.1899995803833;45700
2016-08-09;12.170000076293945;12.260000228881836;12.069999694824219;12.1899995803833;72200
2016-08-10;12.220000267028809;12.329999923706055;12.100000381469727;12.3100004196167;30000
2016-08-11;12.380000114440918;12.569999694824219;12.289999961853027;12.420000076293945;99100
2016-08-12;12.430000305175781;12.5600004196167;12.34000015258789;12.550000190734863;75200
2016-08-15;12.550000190734863;12.630000114440918;12.329999923706055;12.550000190734863;81200
2016-08-16;12.520000457763672;12.5600004196167;12.319999694824219;12.479999542236328;67200
2016-08-17;12.460000038146973;12.460000038146973;12.1899995803833;12.210000038146973;39800
2016-08-18;12.220000267028809;12.430000305175781;12.010000228881836;12.25;59300
2016-08-19;12.300000190734863;12.479999542236328;12.149999618530273;12.220000267028809;172200
2016-08-22;12.25;12.300000190734863;12.039999961853027;12.199999809265137;37100
2016-08-23;12.199999809265137;12.25;12.170000076293945;12.1899995803833;65500
2016-08-24;12.210000038146973;12.289999961853027;11.890000343322754;12.199999809265137;76800
2016-08-25;12.229999542236328;12.640000343322754;11.960000038146973;12.619999885559082;38400
2016-08-26;12.600000381469727;12.800000190734863;12.430000305175781;12.649999618530273;67500
2016-08-29;12.800000190734863;12.960000038146973;12.710000038146973;12.930000305175781;51200
2016-08-30;12.930000305175781;13.15999984741211;12.930000305175781;12.989999771118164;134200
2016-08-31;12.949999809265137;13.020000457763672;12.739999771118164;12.960000038146973;65900
2016-09-01;12.90999984741211;12.960000038146973;12.539999961853027;12.819999694824219;45200
2016-09-02;12.869999885559082;13.0;12.8100004196167;12.970000267028809;49800
2016-09-06;13.020000457763672;13.029999732971191;12.869999885559082;12.9399995803833;23100
2016-09-07;12.930000305175781;13.029999732971191;12.899999618530273;12.970000267028809;51000
2016-09-08;12.979999542236328;13.0;12.869999885559082;12.930000305175781;53000
2016-09-09;12.84000015258789;12.890000343322754;12.460000038146973;12.479999542236328;47800
2016-09-12;12.470000267028809;12.90999984741211;12.430000305175781;12.779999732971191;47300
2016-09-13;12.569999694824219;12.600000381469727;12.359999656677246;12.510000228881836;37800
2016-09-14;12.729999542236328;12.850000381469727;12.430000305175781;12.460000038146973;22600
2016-09-15;12.449999809265137;12.789999961853027;12.380000114440918;12.460000038146973;39000
2016-09-16;12.510000228881836;12.8100004196167;12.4399995803833;12.710000038146973;107400
2016-09-19;12.6899995803833;12.90999984741211;12.600000381469727;12.65999984741211;33500
2016-09-20;12.609999656677246;12.770000457763672;12.510000228881836;12.520000457763672;44400
2016-09-21;12.609999656677246;12.800000190734863;12.609999656677246;12.779999732971191;31300
2016-09-22;12.890000343322754;13.0;12.829999923706055;12.989999771118164;122900
2016-09-23;12.9399995803833;13.0;12.869999885559082;12.949999809265137;137200
2016-09-26;12.90999984741211;13.050000190734863;12.720000267028809;12.739999771118164;43100
2016-09-27;12.710000038146973;13.029999732971191;12.65999984741211;12.970000267028809;246800
2016-09-28;12.970000267028809;13.5;12.5;13.449999809265137;353500
2016-09-29;13.369999885559082;13.5600004196167;13.1899995803833;13.430000305175781;96800
2016-09-30;13.449999809265137;13.489999771118164;13.279999732971191;13.40999984741211;117900
2016-10-03;13.380000114440918;13.449999809265137;13.130000114440918;13.34000015258789;72600
2016-10-04;13.40999984741211;13.449999809265137;13.229999542236328;13.260000228881836;52100
2016-10-05;13.3100004196167;13.520000457763672;13.300000190734863;13.460000038146973;123800
2016-10-06;13.449999809265137;13.479999542236328;13.34000015258789;13.430000305175781;66600
2016-10-07;13.40999984741211;13.470000267028809;13.279999732971191;13.430000305175781;52600
2016-10-10;13.399999618530273;13.479999542236328;13.380000114440918;13.479999542236328;75100
2016-10-11;13.430000305175781;13.430000305175781;13.220000267028809;13.380000114440918;40500
2016-10-12;13.40999984741211;13.470000267028809;13.279999732971191;13.399999618530273;28900
2016-10-13;13.369999885559082;13.369999885559082;13.15999984741211;13.270000457763672;48700
2016-10-14;13.279999732971191;13.720000267028809;13.279999732971191;13.699999809265137;123500
2016-10-17;13.75;13.75;13.550000190734863;13.649999618530273;37800
2016-10-18;13.649999618530273;13.649999618530273;13.449999809265137;13.5;58300
2016-10-19;13.449999809265137;13.649999618530273;13.350000381469727;13.649999618530273;57300
2016-10-20;13.600000381469727;13.899999618530273;13.15999984741211;13.800000190734863;126300
2016-10-21;13.649999618530273;14.0;13.649999618530273;13.949999809265137;49100
2016-10-24;13.949999809265137;14.050000190734863;13.899999618530273;13.949999809265137;64300
2016-10-25;13.949999809265137;13.949999809265137;13.649999618530273;13.699999809265137;30200
2016-10-26;13.699999809265137;13.699999809265137;13.3100004196167;13.350000381469727;65100
2016-10-27;13.350000381469727;13.350000381469727;13.25;13.300000190734863;35400
2016-10-28;13.350000381469727;13.5;13.300000190734863;13.300000190734863;33000
2016-10-31;13.25;13.300000190734863;13.149999618530273;13.25;52900
2016-11-01;13.350000381469727;13.350000381469727;12.899999618530273;12.899999618530273;55600
2016-11-02;12.850000381469727;13.050000190734863;12.0600004196167;12.850000381469727;57400
2016-11-03;12.800000190734863;13.0;12.75;12.800000190734863;29500
2016-11-04;12.699999809265137;13.050000190734863;12.649999618530273;12.800000190734863;108500
2016-11-07;13.050000190734863;13.25;12.770000457763672;13.149999618530273;50000
2016-11-08;13.149999618530273;13.25;12.899999618530273;13.199999809265137;20900
2016-11-09;13.149999618530273;13.800000190734863;12.960000038146973;13.75;57500
2016-11-10;13.899999618530273;14.100000381469727;13.270000457763672;13.850000381469727;103400
2016-11-11;13.850000381469727;14.699999809265137;13.75;14.399999618530273;160400
2016-11-14;14.600000381469727;14.699999809265137;13.899999618530273;14.0;131700
2016-11-15;14.050000190734863;14.199999809265137;13.850000381469727;13.899999618530273;46200
2016-11-16;13.949999809265137;14.050000190734863;13.920000076293945;14.050000190734863;55300
2016-11-17;14.100000381469727;14.699999809265137;14.100000381469727;14.199999809265137;83200
2016-11-18;14.300000190734863;14.399999618530273;14.0;14.399999618530273;71900
2016-11-21;14.399999618530273;14.399999618530273;14.050000190734863;14.399999618530273;32900
2016-11-22;14.399999618530273;14.399999618530273;14.199999809265137;14.399999618530273;56100
2016-11-23;14.350000381469727;14.449999809265137;12.960000038146973;14.300000190734863;36400
2016-11-25;14.199999809265137;14.5;14.199999809265137;14.5;9800
2016-11-28;14.350000381469727;14.5;14.25;14.300000190734863;62600
2016-11-29;14.350000381469727;14.449999809265137;14.300000190734863;14.399999618530273;35700
2016-11-30;14.5;14.5;14.300000190734863;14.300000190734863;49900
2016-12-01;14.350000381469727;14.399999618530273;13.850000381469727;14.0;70400
2016-12-02;14.050000190734863;14.050000190734863;13.800000190734863;13.949999809265137;56000
2016-12-05;14.100000381469727;14.399999618530273;14.0;14.399999618530273;38500
2016-12-06;14.449999809265137;14.850000381469727;14.350000381469727;14.649999618530273;54000
2016-12-07;14.649999618530273;15.5;14.649999618530273;15.350000381469727;138000
2016-12-08;15.300000190734863;15.449999809265137;15.140000343322754;15.300000190734863;79000
2016-12-09;15.399999618530273;15.449999809265137;14.949999809265137;15.050000190734863;78100
2016-12-12;15.100000381469727;15.399999618530273;14.699999809265137;14.800000190734863;57700
2016-12-13;14.850000381469727;14.850000381469727;14.649999618530273;14.75;89000
2016-12-14;14.75;14.850000381469727;14.100000381469727;14.25;75700
2016-12-15;14.300000190734863;14.399999618530273;13.850000381469727;14.050000190734863;144000
2016-12-16;14.149999618530273;14.199999809265137;13.550000190734863;13.550000190734863;214200
2016-12-19;13.550000190734863;13.699999809265137;13.149999618530273;13.25;133200
2016-12-20;13.350000381469727;14.119999885559082;12.899999618530273;14.100000381469727;155100
2016-12-21;14.050000190734863;14.149999618530273;13.899999618530273;13.949999809265137;57600
2016-12-22;13.949999809265137;13.949999809265137;13.5;13.649999618530273;104500
2016-12-23;13.649999618530273;13.949999809265137;13.600000381469727;13.949999809265137;75000
2016-12-27;14.0;14.350000381469727;13.600000381469727;13.949999809265137;62200
2016-12-28;13.899999618530273;13.930000305175781;13.5;13.75;109900
2016-12-29;13.699999809265137;14.0;13.550000190734863;13.949999809265137;53800
2016-12-30;14.0;14.0;13.649999618530273;13.800000190734863;44900
2017-01-03;14.0;14.100000381469727;13.600000381469727;13.800000190734863;95300
2017-01-04;13.899999618530273;14.350000381469727;13.600000381469727;14.300000190734863;83000
2017-01-05;13.350000381469727;13.550000190734863;12.899999618530273;13.449999809265137;316300
2017-01-06;13.550000190734863;13.600000381469727;13.25;13.5;88900
2017-01-09;13.5;13.649999618530273;13.199999809265137;13.5;77400
2017-01-10;13.600000381469727;13.800000190734863;13.300000190734863;13.699999809265137;232100
2017-01-11;13.649999618530273;13.699999809265137;13.149999618530273;13.350000381469727;47500
2017-01-12;13.300000190734863;13.300000190734863;12.850000381469727;12.899999618530273;58800
2017-01-13;13.0;13.149999618530273;12.449999809265137;12.5;53800
2017-01-17;12.449999809265137;12.5;11.850000381469727;12.100000381469727;73000
2017-01-18;12.199999809265137;12.550000190734863;12.050000190734863;12.399999618530273;99200
2017-01-19;12.5;12.600000381469727;12.149999618530273;12.5;100400
2017-01-20;12.449999809265137;12.5;12.199999809265137;12.25;63000
2017-01-23;12.25;12.359999656677246;12.100000381469727;12.300000190734863;68900
2017-01-24;12.350000381469727;12.680000305175781;12.25;12.649999618530273;34800
2017-01-25;12.800000190734863;13.100000381469727;12.399999618530273;12.75;57100
2017-01-26;12.75;13.050000190734863;12.649999618530273;12.899999618530273;54800
2017-01-27;12.899999618530273;13.25;12.850000381469727;13.050000190734863;100300
2017-01-30;13.100000381469727;13.199999809265137;12.949999809265137;13.0;114500
2017-01-31;13.050000190734863;13.050000190734863;12.550000190734863;12.600000381469727;57600
2017-02-01;12.75;12.75;12.25;12.350000381469727;76600
2017-02-02;12.350000381469727;12.350000381469727;12.149999618530273;12.25;39500
2017-02-03;12.300000190734863;12.350000381469727;12.199999809265137;12.300000190734863;109700
2017-02-06;12.300000190734863;12.550000190734863;12.25;12.449999809265137;64400
2017-02-07;12.5;12.699999809265137;12.399999618530273;12.550000190734863;43300
2017-02-08;12.550000190734863;12.850000381469727;12.449999809265137;12.699999809265137;42400
2017-02-09;12.699999809265137;13.0;12.699999809265137;12.850000381469727;50300
2017-02-10;12.850000381469727;13.050000190734863;12.649999618530273;13.0;47700
2017-02-13;13.100000381469727;13.199999809265137;13.0;13.100000381469727;36000
2017-02-14;13.050000190734863;13.100000381469727;12.649999618530273;12.899999618530273;42500
2017-02-15;12.850000381469727;13.199999809265137;12.649999618530273;13.149999618530273;51700
2017-02-16;13.100000381469727;13.199999809265137;12.800000190734863;12.899999618530273;19000
2017-02-17;12.899999618530273;13.649999618530273;12.899999618530273;13.399999618530273;92800
2017-02-21;13.399999618530273;13.600000381469727;12.800000190734863;12.949999809265137;59200
2017-02-22;12.899999618530273;12.949999809265137;12.699999809265137;12.899999618530273;56200
2017-02-23;12.850000381469727;12.899999618530273;12.550000190734863;12.649999618530273;63000
2017-02-24;12.449999809265137;12.699999809265137;12.449999809265137;12.649999618530273;40100
2017-02-27;12.600000381469727;12.850000381469727;12.600000381469727;12.75;44900
2017-02-28;12.699999809265137;12.800000190734863;12.449999809265137;12.600000381469727;101100
2017-03-01;12.800000190734863;12.899999618530273;12.579999923706055;12.649999618530273;33200
2017-03-02;12.699999809265137;13.100000381469727;12.649999618530273;13.0;54500
2017-03-03;13.0;13.050000190734863;12.649999618530273;12.850000381469727;48700
2017-03-06;12.600000381469727;12.6899995803833;12.350000381469727;12.449999809265137;61900
2017-03-07;12.5;12.550000190734863;12.449999809265137;12.5;34800
2017-03-08;12.550000190734863;12.600000381469727;12.350000381469727;12.5;35300
2017-03-09;12.449999809265137;12.75;12.449999809265137;12.5;45900
2017-03-10;12.449999809265137;12.850000381469727;12.399999618530273;12.600000381469727;122700
2017-03-13;12.550000190734863;12.600000381469727;12.300000190734863;12.550000190734863;62900
2017-03-14;12.5;12.5;12.199999809265137;12.300000190734863;22100
2017-03-15;12.399999618530273;12.699999809265137;12.199999809265137;12.649999618530273;54200
2017-03-16;12.699999809265137;12.800000190734863;12.5;12.699999809265137;34800
2017-03-17;12.600000381469727;12.800000190734863;12.449999809265137;12.600000381469727;123100
2017-03-20;12.550000190734863;12.649999618530273;12.449999809265137;12.5;31500
2017-03-21;12.550000190734863;12.550000190734863;12.050000190734863;12.100000381469727;119900
2017-03-22;12.050000190734863;12.050000190734863;11.5;11.550000190734863;57100
2017-03-23;11.550000190734863;11.979999542236328;11.449999809265137;11.949999809265137;54800
2017-03-24;11.949999809265137;11.949999809265137;11.350000381469727;11.550000190734863;60300
2017-03-27;11.399999618530273;11.699999809265137;11.199999809265137;11.550000190734863;44100
2017-03-28;11.649999618530273;11.699999809265137;11.449999809265137;11.649999618530273;47800
2017-03-29;11.550000190734863;12.149999618530273;11.449999809265137;12.050000190734863;88800
2017-03-30;12.050000190734863;12.399999618530273;11.949999809265137;12.25;156200
2017-03-31;12.100000381469727;12.149999618530273;11.75;12.0;141600
2017-04-03;12.0;12.199999809265137;11.850000381469727;11.899999618530273;73200
2017-04-04;11.899999618530273;11.899999618530273;11.399999618530273;11.699999809265137;277200
2017-04-05;12.5;13.5;12.0;13.100000381469727;401100
2017-04-06;13.100000381469727;13.600000381469727;13.100000381469727;13.5;143800
2017-04-07;13.550000190734863;14.399999618530273;13.449999809265137;14.25;155600
2017-04-10;14.300000190734863;14.399999618530273;13.850000381469727;14.0;63100
2017-04-11;14.050000190734863;14.050000190734863;13.699999809265137;14.0;99900
2017-04-12;13.899999618530273;14.0;13.550000190734863;13.75;86500
2017-04-13;13.699999809265137;13.899999618530273;13.600000381469727;13.699999809265137;122400
2017-04-17;13.800000190734863;14.180000305175781;13.600000381469727;14.100000381469727;119100
2017-04-18;14.050000190734863;14.100000381469727;13.899999618530273;14.100000381469727;90100
2017-04-19;14.100000381469727;14.300000190734863;13.949999809265137;14.100000381469727;50300
2017-04-20;14.149999618530273;14.5;14.100000381469727;14.300000190734863;86000
2017-04-21;14.300000190734863;14.399999618530273;14.149999618530273;14.199999809265137;70500
2017-04-24;14.449999809265137;14.449999809265137;14.100000381469727;14.199999809265137;60500
2017-04-25;14.350000381469727;14.449999809265137;14.100000381469727;14.199999809265137;79000
2017-04-26;14.199999809265137;14.550000190734863;14.050000190734863;14.399999618530273;106200
2017-04-27;14.5;14.550000190734863;14.0;14.0;69400
2017-04-28;13.930000305175781;14.0;13.600000381469727;13.75;88900
2017-05-01;13.800000190734863;14.100000381469727;13.649999618530273;13.800000190734863;78200
2017-05-02;13.649999618530273;13.800000190734863;13.399999618530273;13.600000381469727;120400
2017-05-03;13.5;13.75;13.449999809265137;13.699999809265137;70500
2017-05-04;13.75;13.850000381469727;13.5600004196167;13.800000190734863;75000
2017-05-05;13.800000190734863;14.100000381469727;13.649999618530273;13.699999809265137;97400
2017-05-08;13.75;14.25;13.699999809265137;14.0;103300
2017-05-09;14.0;14.09000015258789;13.75;14.050000190734863;94500
2017-05-10;14.0;14.0;13.75;13.850000381469727;74500
2017-05-11;13.800000190734863;14.0;13.039999961853027;13.850000381469727;32900
2017-05-12;13.850000381469727;13.979999542236328;13.75;13.850000381469727;77300
2017-05-15;13.899999618530273;13.899999618530273;13.850000381469727;13.899999618530273;36900
2017-05-16;13.899999618530273;14.0;13.699999809265137;13.850000381469727;71000
2017-05-17;13.699999809265137;13.75;13.25;13.399999618530273;63300
2017-05-18;13.350000381469727;13.399999618530273;13.229999542236328;13.300000190734863;37300
2017-05-19;13.300000190734863;13.350000381469727;12.800000190734863;13.25;69500
2017-05-22;13.399999618530273;13.399999618530273;13.0;13.199999809265137;34800
2017-05-23;13.350000381469727;13.550000190734863;13.100000381469727;13.399999618530273;78800
2017-05-24;13.350000381469727;13.350000381469727;13.100000381469727;13.149999618530273;35300
2017-05-25;13.300000190734863;13.600000381469727;13.100000381469727;13.5;90100
2017-05-26;13.25;13.699999809265137;13.25;13.649999618530273;44300
2017-05-30;13.600000381469727;13.979999542236328;13.449999809265137;13.899999618530273;156700
2017-05-31;13.949999809265137;14.050000190734863;13.680000305175781;14.0;79200
2017-06-01;14.050000190734863;14.100000381469727;13.800000190734863;14.0;160900
2017-06-02;14.050000190734863;14.600000381469727;14.0;14.5;90600
2017-06-05;14.550000190734863;14.550000190734863;14.100000381469727;14.300000190734863;45900
2017-06-06;14.25;14.399999618530273;14.100000381469727;14.25;42700
2017-06-07;14.300000190734863;14.399999618530273;14.100000381469727;14.100000381469727;40800
2017-06-08;14.100000381469727;14.399999618530273;14.050000190734863;14.399999618530273;64000
2017-06-09;14.399999618530273;14.430000305175781;14.199999809265137;14.300000190734863;109900
2017-06-12;14.350000381469727;14.449999809265137;13.949999809265137;14.100000381469727;53500
2017-06-13;13.850000381469727;14.350000381469727;13.850000381469727;14.25;54000
2017-06-14;14.300000190734863;14.350000381469727;14.0;14.300000190734863;56500
2017-06-15;14.149999618530273;14.399999618530273;14.149999618530273;14.350000381469727;41500
2017-06-16;14.149999618530273;14.350000381469727;13.850000381469727;14.300000190734863;118200
2017-06-19;14.300000190734863;14.399999618530273;14.050000190734863;14.350000381469727;37600
2017-06-20;14.399999618530273;14.399999618530273;14.0;14.050000190734863;36400
2017-06-21;14.149999618530273;14.350000381469727;13.979999542236328;14.100000381469727;32700
2017-06-22;14.149999618530273;14.350000381469727;14.050000190734863;14.300000190734863;29500
2017-06-23;14.300000190734863;14.800000190734863;14.149999618530273;14.649999618530273;179300
2017-06-26;14.600000381469727;14.600000381469727;14.050000190734863;14.149999618530273;50500
2017-06-27;14.149999618530273;14.300000190734863;13.949999809265137;14.199999809265137;38200
2017-06-28;14.300000190734863;14.699999809265137;14.25;14.550000190734863;75400
2017-06-29;14.550000190734863;14.800000190734863;14.350000381469727;14.699999809265137;59100
2017-06-30;14.800000190734863;14.949999809265137;13.899999618530273;14.850000381469727;49500
2017-07-03;14.949999809265137;14.949999809265137;14.699999809265137;14.75;20100
2017-07-05;14.699999809265137;14.699999809265137;14.380000114440918;14.399999618530273;68900
2017-07-06;14.300000190734863;14.600000381469727;14.25;14.449999809265137;67700
2017-07-07;14.550000190734863;14.600000381469727;14.300000190734863;14.449999809265137;57500
2017-07-10;14.399999618530273;14.449999809265137;13.75;13.75;69100
2017-07-11;13.800000190734863;14.199999809265137;13.699999809265137;14.199999809265137;125400
2017-07-12;14.25;14.600000381469727;13.970000267028809;14.25;42300
2017-07-13;14.300000190734863;14.399999618530273;14.039999961853027;14.25;45800
2017-07-14;14.199999809265137;14.5;14.149999618530273;14.399999618530273;191500
2017-07-17;14.399999618530273;14.649999618530273;14.149999618530273;14.25;96500
2017-07-18;14.279999732971191;14.350000381469727;14.100000381469727;14.199999809265137;30600
2017-07-19;14.25;14.449999809265137;14.050000190734863;14.300000190734863;33900
2017-07-20;14.25;14.399999618530273;14.100000381469727;14.25;31800
2017-07-21;14.350000381469727;14.600000381469727;14.149999618530273;14.199999809265137;72900
2017-07-24;14.25;14.449999809265137;14.050000190734863;14.350000381469727;44000
2017-07-25;14.600000381469727;14.699999809265137;14.199999809265137;14.600000381469727;61500
2017-07-26;13.449999809265137;14.350000381469727;13.0;13.25;202000
2017-07-27;13.0;13.0;12.399999618530273;12.850000381469727;107000
2017-07-28;12.699999809265137;13.050000190734863;12.600000381469727;13.0;91900
2017-07-31;13.100000381469727;13.119999885559082;12.300000190734863;12.300000190734863;67600
2017-08-01;12.350000381469727;12.449999809265137;12.100000381469727;12.449999809265137;72200
2017-08-02;12.399999618530273;12.699999809265137;12.149999618530273;12.399999618530273;75300
2017-08-03;12.399999618530273;12.449999809265137;12.350000381469727;12.399999618530273;53600
2017-08-04;12.449999809265137;12.699999809265137;12.300000190734863;12.550000190734863;57400
2017-08-07;12.550000190734863;12.850000381469727;12.529999732971191;12.600000381469727;32500
2017-08-08;12.550000190734863;12.699999809265137;12.5;12.600000381469727;21900
2017-08-09;12.399999618530273;12.649999618530273;12.399999618530273;12.600000381469727;53800
2017-08-10;12.600000381469727;12.899999618530273;12.550000190734863;12.699999809265137;43300
2017-08-11;12.75;13.199999809265137;12.75;13.100000381469727;88600
2017-08-14;13.149999618530273;13.199999809265137;12.850000381469727;13.149999618530273;60600
2017-08-15;13.100000381469727;13.100000381469727;12.800000190734863;13.050000190734863;39900
2017-08-16;13.100000381469727;13.430000305175781;13.0;13.350000381469727;76800
2017-08-17;13.300000190734863;13.350000381469727;13.0;13.149999618530273;79000
2017-08-18;13.0;13.100000381469727;12.800000190734863;13.100000381469727;81400
2017-08-21;13.0;13.100000381469727;12.899999618530273;13.050000190734863;37000
2017-08-22;13.050000190734863;13.199999809265137;13.0;13.100000381469727;35800
2017-08-23;12.949999809265137;13.050000190734863;12.899999618530273;13.050000190734863;65400
2017-08-24;12.949999809265137;13.100000381469727;12.949999809265137;13.100000381469727;41900
2017-08-25;13.0;13.300000190734863;12.949999809265137;13.25;88600
2017-08-28;13.25;13.25;12.949999809265137;13.100000381469727;111600
2017-08-29;13.0;13.149999618530273;12.75;13.050000190734863;60300
2017-08-30;13.0;13.100000381469727;12.699999809265137;13.050000190734863;54200
2017-08-31;13.050000190734863;13.149999618530273;12.800000190734863;13.0;80400
2017-09-01;13.050000190734863;13.100000381469727;12.800000190734863;13.100000381469727;93500
2017-09-05;13.050000190734863;13.100000381469727;12.600000381469727;12.75;84700
2017-09-06;12.800000190734863;13.0;12.380000114440918;12.5;50200
2017-09-07;12.449999809265137;12.550000190734863;12.300000190734863;12.300000190734863;46400
2017-09-08;12.199999809265137;12.520000457763672;12.199999809265137;12.300000190734863;19200
2017-09-11;12.5;12.899999618530273;12.399999618530273;12.75;76900
2017-09-12;12.699999809265137;12.850000381469727;12.5;12.800000190734863;49300
2017-09-13;12.649999618530273;12.899999618530273;12.649999618530273;12.75;40700
2017-09-14;12.75;12.850000381469727;12.550000190734863;12.649999618530273;24000
2017-09-15;12.699999809265137;13.050000190734863;12.449999809265137;13.0;135200
2017-09-18;13.0;13.050000190734863;12.699999809265137;12.800000190734863;35500
2017-09-19;12.850000381469727;12.850000381469727;12.600000381469727;12.649999618530273;32400
2017-09-20;12.600000381469727;12.649999618530273;12.380000114440918;12.449999809265137;50900
2017-09-21;12.75;12.75;12.0;12.050000190734863;87000
2017-09-22;12.149999618530273;12.350000381469727;11.949999809265137;12.25;50300
2017-09-25;12.199999809265137;12.350000381469727;11.949999809265137;11.949999809265137;79800
2017-09-26;11.800000190734863;12.800000190734863;11.649999618530273;12.550000190734863;190700
2017-09-27;13.0;13.649999618530273;12.779999732971191;13.300000190734863;134900
2017-09-28;13.300000190734863;13.399999618530273;13.100000381469727;13.25;115100
2017-09-29;13.149999618530273;13.350000381469727;12.949999809265137;12.949999809265137;78300
2017-10-02;12.899999618530273;13.0;12.600000381469727;12.75;66100
2017-10-03;12.850000381469727;13.100000381469727;12.800000190734863;12.899999618530273;61100
2017-10-04;12.899999618530273;13.0;12.75;12.800000190734863;33400
2017-10-05;12.850000381469727;12.899999618530273;12.600000381469727;12.75;38100
2017-10-06;12.75;12.949999809265137;12.550000190734863;12.850000381469727;25100
2017-10-09;12.949999809265137;13.0;12.75;12.899999618530273;33600
2017-10-10;13.0;13.449999809265137;13.0;13.300000190734863;42000
2017-10-11;13.350000381469727;13.550000190734863;13.199999809265137;13.300000190734863;44400
2017-10-12;13.149999618530273;13.25;13.0;13.149999618530273;25000
2017-10-13;13.149999618530273;13.199999809265137;12.899999618530273;13.050000190734863;53400
2017-10-16;13.149999618530273;13.329999923706055;13.050000190734863;13.199999809265137;37100
2017-10-17;13.100000381469727;13.100000381469727;12.850000381469727;12.949999809265137;29000
2017-10-18;13.0;13.100000381469727;12.649999618530273;12.899999618530273;41200
2017-10-19;12.850000381469727;12.850000381469727;12.5;12.649999618530273;36900
2017-10-20;12.800000190734863;13.149999618530273;12.800000190734863;13.0;42400
2017-10-23;12.949999809265137;13.25;12.850000381469727;13.0;42000
2017-10-24;13.149999618530273;13.199999809265137;12.949999809265137;13.0;34700
2017-10-25;12.949999809265137;13.050000190734863;12.800000190734863;13.0;31500
2017-10-26;13.0;13.449999809265137;13.0;13.100000381469727;60600
2017-10-27;13.100000381469727;13.449999809265137;13.100000381469727;13.350000381469727;37600
2017-10-30;13.300000190734863;13.350000381469727;12.899999618530273;13.050000190734863;70600
2017-10-31;13.149999618530273;13.399999618530273;13.149999618530273;13.25;60000
2017-11-01;13.399999618530273;13.5;13.0;13.149999618530273;29800
2017-11-02;13.100000381469727;13.5;12.979999542236328;13.350000381469727;49000
2017-11-03;13.399999618530273;13.399999618530273;13.100000381469727;13.149999618530273;42500
2017-11-06;13.149999618530273;13.149999618530273;12.779999732971191;12.850000381469727;71800
2017-11-07;12.699999809265137;12.850000381469727;12.25;12.25;69500
2017-11-08;12.199999809265137;12.350000381469727;11.75;11.850000381469727;57500
2017-11-09;11.800000190734863;12.050000190734863;11.420000076293945;11.75;43300
2017-11-10;11.800000190734863;12.399999618530273;11.800000190734863;12.25;51700
2017-11-13;12.199999809265137;12.199999809265137;11.899999618530273;12.100000381469727;60500
2017-11-14;12.100000381469727;12.550000190734863;12.100000381469727;12.5;35500
2017-11-15;12.449999809265137;12.600000381469727;12.300000190734863;12.5;39300
2017-11-16;12.5;13.100000381469727;12.5;12.899999618530273;55100
2017-11-17;12.75;12.850000381469727;12.600000381469727;12.800000190734863;61800
2017-11-20;12.699999809265137;13.149999618530273;12.649999618530273;13.100000381469727;40400
2017-11-21;13.100000381469727;13.149999618530273;13.0;13.100000381469727;63800
2017-11-22;13.149999618530273;13.149999618530273;12.75;12.75;48000
2017-11-24;12.800000190734863;12.899999618530273;12.649999618530273;12.800000190734863;11800
2017-11-27;12.75;12.899999618530273;12.649999618530273;12.75;42100
2017-11-28;12.550000190734863;12.949999809265137;12.25;12.899999618530273;68500
2017-11-29;12.5;12.699999809265137;12.300000190734863;12.649999618530273;113600
2017-11-30;12.75;12.75;12.25;12.5;120100
2017-12-01;12.5;12.5;11.699999809265137;12.100000381469727;38400
2017-12-04;12.25;12.399999618530273;12.0;12.100000381469727;99400
2017-12-05;12.050000190734863;12.100000381469727;11.75;11.949999809265137;31900
2017-12-06;11.899999618530273;12.0;11.649999618530273;11.649999618530273;44300
2017-12-07;11.699999809265137;11.949999809265137;11.699999809265137;11.800000190734863;48100
2017-12-08;11.850000381469727;12.029999732971191;11.75;11.800000190734863;39600
2017-12-11;11.800000190734863;11.899999618530273;11.600000381469727;11.850000381469727;121200
2017-12-12;11.899999618530273;12.149999618530273;11.800000190734863;11.850000381469727;66000
2017-12-13;11.850000381469727;12.949999809265137;11.800000190734863;12.699999809265137;79600
2017-12-14;12.649999618530273;12.75;12.300000190734863;12.300000190734863;37500
2017-12-15;12.25;12.899999618530273;12.229999542236328;12.75;115400
2017-12-18;12.850000381469727;13.100000381469727;12.649999618530273;12.800000190734863;51500
2017-12-19;12.800000190734863;12.800000190734863;12.25;12.300000190734863;46000
2017-12-20;12.350000381469727;12.800000190734863;11.979999542236328;12.550000190734863;43200
2017-12-21;12.600000381469727;12.699999809265137;12.300000190734863;12.449999809265137;34700
2017-12-22;12.399999618530273;12.5;12.100000381469727;12.25;40800
2017-12-26;12.300000190734863;12.350000381469727;12.050000190734863;12.100000381469727;15700
2017-12-27;12.100000381469727;12.350000381469727;11.949999809265137;12.0;29300
2017-12-28;12.0;12.199999809265137;11.920000076293945;12.100000381469727;31600
2017-12-29;12.050000190734863;12.850000381469727;11.899999618530273;12.600000381469727;173600
2018-01-02;12.600000381469727;13.020000457763672;12.399999618530273;12.5;85300
2018-01-03;12.449999809265137;12.829999923706055;12.350000381469727;12.649999618530273;256000
2018-01-04;12.300000190734863;13.199999809265137;12.050000190734863;12.899999618530273;126800
2018-01-05;12.949999809265137;13.100000381469727;12.5;13.0;73600
2018-01-08;13.050000190734863;13.199999809265137;12.800000190734863;12.899999618530273;74700
2018-01-09;12.850000381469727;12.880000114440918;12.350000381469727;12.350000381469727;47400
2018-01-10;12.300000190734863;12.449999809265137;11.949999809265137;12.0;64000
2018-01-11;12.0;12.899999618530273;12.0;12.699999809265137;93400
2018-01-12;12.75;12.949999809265137;12.600000381469727;12.800000190734863;113400
2018-01-16;12.800000190734863;12.949999809265137;12.550000190734863;12.600000381469727;57100
2018-01-17;12.600000381469727;12.899999618530273;12.600000381469727;12.800000190734863;71900
2018-01-18;12.899999618530273;13.0;12.75;12.850000381469727;50200
2018-01-19;12.800000190734863;13.25;12.800000190734863;13.149999618530273;71500
2018-01-22;13.149999618530273;13.25;13.050000190734863;13.25;34100
2018-01-23;13.199999809265137;13.199999809265137;12.979999542236328;13.050000190734863;22500
2018-01-24;13.0;13.100000381469727;12.899999618530273;13.0;38400
2018-01-25;13.100000381469727;13.119999885559082;12.75;12.949999809265137;42300
2018-01-26;13.0;13.25;12.75;13.25;28500
2018-01-29;13.100000381469727;13.25;12.949999809265137;13.050000190734863;37200
2018-01-30;12.899999618530273;13.199999809265137;12.899999618530273;13.100000381469727;42600
2018-01-31;13.149999618530273;13.25;12.949999809265137;13.149999618530273;45700
2018-02-01;13.050000190734863;13.199999809265137;12.899999618530273;13.100000381469727;27200
2018-02-02;12.970000267028809;13.149999618530273;12.949999809265137;13.100000381469727;42900
2018-02-05;13.0;13.050000190734863;12.699999809265137;12.850000381469727;86700
2018-02-06;12.75;12.850000381469727;12.649999618530273;12.850000381469727;103500
2018-02-07;12.800000190734863;13.0;12.699999809265137;12.899999618530273;44000
2018-02-08;12.899999618530273;12.899999618530273;12.630000114440918;12.699999809265137;44800
2018-02-09;12.800000190734863;13.550000190734863;12.800000190734863;13.399999618530273;114100
2018-02-12;13.350000381469727;13.449999809265137;13.0;13.149999618530273;39100
2018-02-13;13.050000190734863;13.199999809265137;12.850000381469727;13.149999618530273;27300
2018-02-14;13.050000190734863;13.300000190734863;12.220000267028809;13.25;38900
2018-02-15;13.25;13.550000190734863;13.149999618530273;13.550000190734863;91400
2018-02-16;13.449999809265137;14.0;13.449999809265137;13.899999618530273;56000
2018-02-20;13.800000190734863;13.850000381469727;13.5;13.699999809265137;66700
2018-02-21;13.75;13.800000190734863;13.25;13.350000381469727;44100
2018-02-22;13.239999771118164;13.430000305175781;13.0;13.0;29500
2018-02-23;13.100000381469727;13.300000190734863;12.949999809265137;13.300000190734863;44400
2018-02-26;13.300000190734863;13.350000381469727;13.100000381469727;13.25;22000
2018-02-27;13.199999809265137;13.25;12.949999809265137;13.0;31700
2018-02-28;13.0;13.199999809265137;12.800000190734863;13.0;46000
2018-03-01;12.949999809265137;12.949999809265137;12.550000190734863;12.75;87900
2018-03-02;12.649999618530273;13.050000190734863;12.649999618530273;12.949999809265137;54700
2018-03-05;13.050000190734863;13.149999618530273;12.850000381469727;13.050000190734863;55600
2018-03-06;13.050000190734863;13.300000190734863;12.75;13.25;84000
2018-03-07;13.149999618530273;13.899999618530273;13.130000114440918;13.75;36400
2018-03-08;13.600000381469727;13.899999618530273;13.600000381469727;13.800000190734863;23000
2018-03-09;14.0;14.380000114440918;13.75;14.350000381469727;47200
2018-03-12;14.300000190734863;14.5;14.100000381469727;14.399999618530273;56400
2018-03-13;14.5;14.550000190734863;14.149999618530273;14.449999809265137;60200
2018-03-14;14.550000190734863;14.550000190734863;13.850000381469727;13.899999618530273;38800
2018-03-15;13.949999809265137;13.949999809265137;13.300000190734863;13.350000381469727;50900
2018-03-16;13.300000190734863;13.800000190734863;13.25;13.300000190734863;144400
2018-03-19;13.350000381469727;13.550000190734863;13.300000190734863;13.449999809265137;42100
2018-03-20;13.449999809265137;13.5;13.199999809265137;13.199999809265137;29100
2018-03-21;13.199999809265137;13.300000190734863;13.0;13.050000190734863;29200
2018-03-22;12.899999618530273;13.350000381469727;12.899999618530273;13.0;48600
2018-03-23;13.0;13.149999618530273;12.899999618530273;12.899999618530273;67800
2018-03-26;13.149999618530273;13.149999618530273;12.699999809265137;12.949999809265137;46000
2018-03-27;12.949999809265137;13.149999618530273;12.850000381469727;12.899999618530273;78800
2018-03-28;12.899999618530273;13.25;12.850000381469727;13.25;21200
2018-03-29;13.25;13.75;13.0;13.050000190734863;44700
2018-04-02;12.979999542236328;13.100000381469727;12.850000381469727;13.050000190734863;170200
2018-04-03;13.149999618530273;13.550000190734863;12.84000015258789;13.25;181600
2018-04-04;13.25;14.149999618530273;13.0;13.899999618530273;116100
2018-04-05;13.899999618530273;14.25;13.449999809265137;14.100000381469727;123600
2018-04-06;14.0;14.199999809265137;12.930000305175781;13.5;84200
2018-04-09;13.550000190734863;13.850000381469727;12.850000381469727;13.399999618530273;245000
2018-04-10;13.449999809265137;13.949999809265137;13.199999809265137;13.649999618530273;152900
2018-04-11;13.649999618530273;13.850000381469727;13.600000381469727;13.649999618530273;30600
2018-04-12;13.75;13.949999809265137;13.699999809265137;13.850000381469727;28500
2018-04-13;13.850000381469727;13.850000381469727;13.649999618530273;13.800000190734863;10800
2018-04-16;13.800000190734863;14.0;13.75;13.899999618530273;45000
2018-04-17;14.0;14.0;13.800000190734863;14.0;43400
2018-04-18;13.949999809265137;14.050000190734863;13.800000190734863;13.850000381469727;38700
2018-04-19;13.75;14.0;13.75;13.850000381469727;28700
2018-04-20;13.75;13.899999618530273;13.550000190734863;13.75;26400
2018-04-23;13.850000381469727;13.850000381469727;13.520000457763672;13.649999618530273;15300
2018-04-24;13.649999618530273;13.699999809265137;13.449999809265137;13.649999618530273;16400
2018-04-25;13.649999618530273;13.850000381469727;13.600000381469727;13.649999618530273;20200
2018-04-26;13.75;13.800000190734863;13.399999618530273;13.699999809265137;34000
2018-04-27;13.699999809265137;13.699999809265137;13.550000190734863;13.550000190734863;7500
2018-04-30;13.600000381469727;13.600000381469727;13.100000381469727;13.300000190734863;36000
2018-05-01;13.25;13.399999618530273;13.199999809265137;13.300000190734863;38500
2018-05-02;13.350000381469727;13.399999618530273;13.25;13.399999618530273;21800
2018-05-03;13.350000381469727;13.399999618530273;13.25;13.300000190734863;14100
2018-05-04;13.199999809265137;13.600000381469727;13.199999809265137;13.5;26100
2018-05-07;13.550000190734863;13.550000190734863;13.300000190734863;13.449999809265137;20300
2018-05-08;13.5;13.649999618530273;13.350000381469727;13.550000190734863;24300
2018-05-09;13.5;13.600000381469727;13.25;13.25;57400
2018-05-10;13.25;13.399999618530273;13.199999809265137;13.300000190734863;47500
2018-05-11;13.300000190734863;13.449999809265137;13.050000190734863;13.199999809265137;28700
2018-05-14;13.300000190734863;13.300000190734863;13.050000190734863;13.149999618530273;25900
2018-05-15;13.100000381469727;13.149999618530273;13.0;13.050000190734863;47000
2018-05-16;13.100000381469727;13.350000381469727;13.050000190734863;13.149999618530273;35400
2018-05-17;13.199999809265137;13.649999618530273;13.199999809265137;13.550000190734863;43100
2018-05-18;13.550000190734863;13.75;13.449999809265137;13.699999809265137;42500
2018-05-21;13.699999809265137;13.800000190734863;13.600000381469727;13.680000305175781;39900
2018-05-22;13.600000381469727;13.800000190734863;13.550000190734863;13.600000381469727;39200
2018-05-23;13.600000381469727;13.75;13.5;13.649999618530273;23500
2018-05-24;13.600000381469727;13.899999618530273;13.5;13.800000190734863;13400
2018-05-25;13.75;14.050000190734863;13.699999809265137;14.050000190734863;22300
2018-05-29;13.949999809265137;14.149999618530273;13.699999809265137;14.050000190734863;27000
2018-05-30;14.0;14.449999809265137;13.899999618530273;14.149999618530273;41600
2018-05-31;14.149999618530273;14.199999809265137;14.0;14.100000381469727;61200
2018-06-01;14.149999618530273;14.300000190734863;14.050000190734863;14.199999809265137;22700
2018-06-04;13.949999809265137;14.300000190734863;13.029999732971191;14.199999809265137;29600
2018-06-05;14.25;14.300000190734863;14.050000190734863;14.300000190734863;15500
2018-06-06;14.300000190734863;14.449999809265137;14.25;14.350000381469727;28200
2018-06-07;14.350000381469727;14.449999809265137;13.949999809265137;14.350000381469727;11700
2018-06-08;14.300000190734863;14.5;14.199999809265137;14.25;22300
2018-06-11;14.25;14.5;14.149999618530273;14.199999809265137;19400
2018-06-12;14.149999618530273;14.25;14.050000190734863;14.149999618530273;23900
2018-06-13;14.149999618530273;14.199999809265137;14.100000381469727;14.100000381469727;8000
2018-06-14;14.100000381469727;14.199999809265137;14.050000190734863;14.199999809265137;22000
2018-06-15;14.100000381469727;14.399999618530273;14.100000381469727;14.300000190734863;62500
2018-06-18;14.300000190734863;14.350000381469727;13.949999809265137;14.100000381469727;28300
2018-06-19;14.100000381469727;14.199999809265137;13.949999809265137;14.199999809265137;58100
2018-06-20;14.25;14.5;14.199999809265137;14.300000190734863;91400
2018-06-21;14.350000381469727;14.5;14.199999809265137;14.449999809265137;122200
2018-06-22;14.399999618530273;15.100000381469727;14.350000381469727;14.899999618530273;335800
2018-06-25;14.949999809265137;15.600000381469727;14.899999618530273;15.449999809265137;96600
2018-06-26;15.5;15.600000381469727;15.350000381469727;15.399999618530273;70400
2018-06-27;15.350000381469727;15.449999809265137;15.050000190734863;15.050000190734863;49100
2018-06-28;15.050000190734863;15.199999809265137;14.949999809265137;15.050000190734863;76200
2018-06-29;15.050000190734863;15.199999809265137;14.899999618530273;14.899999618530273;50700
2018-07-02;14.850000381469727;15.149999618530273;14.630000114440918;15.100000381469727;70500
2018-07-03;15.149999618530273;15.210000038146973;14.199999809265137;14.649999618530273;102300
2018-07-05;14.699999809265137;15.149999618530273;14.5;15.149999618530273;231600
2018-07-06;15.100000381469727;15.25;15.050000190734863;15.100000381469727;76800
2018-07-09;14.949999809265137;15.149999618530273;14.899999618530273;14.949999809265137;60700
2018-07-10;15.0;15.100000381469727;14.850000381469727;14.949999809265137;49300
2018-07-11;15.0;15.149999618530273;14.850000381469727;14.899999618530273;73800
2018-07-12;14.949999809265137;15.0;14.800000190734863;14.850000381469727;37100
2018-07-13;14.899999618530273;14.949999809265137;14.75;14.800000190734863;48100
2018-07-16;14.800000190734863;14.800000190734863;14.350000381469727;14.399999618530273;89400
2018-07-17;14.350000381469727;14.649999618530273;14.350000381469727;14.399999618530273;47500
2018-07-18;14.399999618530273;14.5;14.079999923706055;14.399999618530273;63900
2018-07-19;14.399999618530273;14.600000381469727;14.359999656677246;14.449999809265137;40200
2018-07-20;14.5;14.550000190734863;14.399999618530273;14.5;149700
2018-07-23;14.5;14.600000381469727;14.399999618530273;14.5;35300
2018-07-24;14.550000190734863;14.550000190734863;14.449999809265137;14.449999809265137;22400
2018-07-25;14.5;14.5;14.199999809265137;14.350000381469727;26900
2018-07-26;14.300000190734863;14.5;14.300000190734863;14.449999809265137;72100
2018-07-27;14.75;14.75;14.050000190734863;14.149999618530273;49600
2018-07-30;14.100000381469727;14.199999809265137;14.039999961853027;14.050000190734863;51900
2018-07-31;14.149999618530273;14.199999809265137;13.949999809265137;14.0;59700
2018-08-01;14.949999809265137;14.949999809265137;13.149999618530273;13.25;95300
2018-08-02;13.149999618530273;13.579999923706055;13.149999618530273;13.449999809265137;50200
2018-08-03;13.149999618530273;13.649999618530273;13.149999618530273;13.300000190734863;62000
2018-08-06;13.300000190734863;13.399999618530273;13.149999618530273;13.199999809265137;35800
2018-08-07;13.199999809265137;13.699999809265137;13.100000381469727;13.300000190734863;370300
2018-08-08;13.25;13.399999618530273;13.149999618530273;13.350000381469727;41500
2018-08-09;13.300000190734863;13.399999618530273;13.300000190734863;13.350000381469727;36600
2018-08-10;13.25;13.449999809265137;13.149999618530273;13.350000381469727;43900
2018-08-13;13.350000381469727;13.649999618530273;13.300000190734863;13.649999618530273;43700
2018-08-14;13.600000381469727;13.850000381469727;13.350000381469727;13.449999809265137;134600
2018-08-15;13.399999618530273;13.75;13.300000190734863;13.300000190734863;24900
2018-08-16;13.600000381469727;13.649999618530273;13.300000190734863;13.449999809265137;29900
2018-08-17;13.399999618530273;13.699999809265137;13.350000381469727;13.600000381469727;200300
2018-08-20;13.600000381469727;13.75;13.529999732971191;13.75;12500
2018-08-21;13.649999618530273;13.800000190734863;13.470000267028809;13.75;151900
2018-08-22;13.649999618530273;14.0;13.619999885559082;13.899999618530273;68400
2018-08-23;13.699999809265137;14.229999542236328;13.699999809265137;14.0;62400
2018-08-24;14.050000190734863;14.300000190734863;14.0;14.149999618530273;103000
2018-08-27;14.149999618530273;14.25;13.899999618530273;13.949999809265137;37100
2018-08-28;13.949999809265137;14.0;13.5;13.5;38600
2018-08-29;13.600000381469727;13.600000381469727;13.199999809265137;13.25;52100
2018-08-30;13.300000190734863;13.399999618530273;13.0;13.300000190734863;73700
2018-08-31;13.25;13.479999542236328;13.25;13.449999809265137;24600
2018-09-04;13.399999618530273;13.399999618530273;13.0;13.100000381469727;50200
2018-09-05;13.100000381469727;13.149999618530273;12.699999809265137;12.949999809265137;73300
2018-09-06;13.050000190734863;13.100000381469727;12.949999809265137;13.0;45100
2018-09-07;12.899999618530273;13.050000190734863;12.899999618530273;13.0;42700
2018-09-10;13.0;13.149999618530273;12.949999809265137;13.0;52400
2018-09-11;13.0;13.0;12.800000190734863;12.850000381469727;87000
2018-09-12;12.800000190734863;12.850000381469727;12.550000190734863;12.649999618530273;62600
2018-09-13;12.699999809265137;12.949999809265137;12.699999809265137;12.850000381469727;82000
2018-09-14;12.800000190734863;13.199999809265137;12.800000190734863;13.050000190734863;69400
2018-09-17;13.199999809265137;13.300000190734863;13.100000381469727;13.300000190734863;41000
2018-09-18;13.100000381469727;13.300000190734863;13.100000381469727;13.149999618530273;36400
2018-09-19;13.199999809265137;13.449999809265137;13.079999923706055;13.399999618530273;68800
2018-09-20;13.199999809265137;13.5;13.199999809265137;13.449999809265137;34500
2018-09-21;13.399999618530273;13.600000381469727;13.050000190734863;13.399999618530273;221700
2018-09-24;13.399999618530273;13.550000190734863;13.100000381469727;13.449999809265137;108100
2018-09-25;13.649999618530273;14.050000190734863;13.649999618530273;14.0;70400
2018-09-26;14.0;14.399999618530273;14.0;14.149999618530273;96200
2018-09-27;13.529999732971191;14.399999618530273;13.529999732971191;14.300000190734863;33000
2018-09-28;14.300000190734863;14.449999809265137;14.199999809265137;14.399999618530273;38200
2018-10-01;14.430000305175781;14.479999542236328;13.880000114440918;13.970000267028809;29100
2018-10-02;13.979999542236328;14.229999542236328;13.75;14.039999961853027;70900
2018-10-03;13.970000267028809;14.5;13.4399995803833;13.9399995803833;99200
2018-10-04;13.90999984741211;13.949999809265137;13.369999885559082;13.390000343322754;92000
2018-10-05;13.460000038146973;13.65999984741211;13.210000038146973;13.399999618530273;55000
2018-10-08;13.399999618530273;13.430000305175781;13.220000267028809;13.270000457763672;37300
2018-10-09;13.229999542236328;13.40999984741211;13.199999809265137;13.34000015258789;77000
2018-10-10;13.329999923706055;13.380000114440918;13.220000267028809;13.25;64000
2018-10-11;13.229999542236328;13.479999542236328;12.979999542236328;13.0;48700
2018-10-12;13.079999923706055;13.140000343322754;12.819999694824219;12.949999809265137;98400
2018-10-15;12.9399995803833;13.149999618530273;12.8100004196167;13.029999732971191;37900
2018-10-16;13.029999732971191;13.779999732971191;13.029999732971191;13.430000305175781;52200
2018-10-17;13.380000114440918;13.729999542236328;13.279999732971191;13.489999771118164;21000
2018-10-18;13.470000267028809;13.630000114440918;13.279999732971191;13.520000457763672;47500
2018-10-19;13.479999542236328;14.15999984741211;13.479999542236328;14.109999656677246;110200
2018-10-22;14.140000343322754;14.489999771118164;14.140000343322754;14.399999618530273;52400
2018-10-23;14.279999732971191;14.40999984741211;14.09000015258789;14.1899995803833;62500
2018-10-24;14.180000305175781;14.319999694824219;13.869999885559082;13.890000343322754;33800
2018-10-25;13.90999984741211;14.3100004196167;13.779999732971191;13.880000114440918;41000
2018-10-26;13.869999885559082;13.869999885559082;13.319999694824219;13.630000114440918;35100
2018-10-29;13.710000038146973;14.020000457763672;13.350000381469727;13.5600004196167;24800
2018-10-30;13.550000190734863;13.899999618530273;13.34000015258789;13.800000190734863;48700
2018-10-31;13.84000015258789;13.84000015258789;13.600000381469727;13.6899995803833;47100
2018-11-01;13.680000305175781;13.9399995803833;13.600000381469727;13.619999885559082;40400
2018-11-02;13.640000343322754;14.0;13.569999694824219;13.800000190734863;21000
2018-11-05;13.84000015258789;14.270000457763672;13.569999694824219;14.210000038146973;55100
2018-11-06;14.279999732971191;14.399999618530273;13.8100004196167;14.329999923706055;18000
2018-11-07;14.359999656677246;14.369999885559082;13.930000305175781;14.279999732971191;32800
2018-11-08;14.279999732971191;14.279999732971191;13.869999885559082;14.260000228881836;15200
2018-11-09;14.050000190734863;14.430000305175781;14.050000190734863;14.3100004196167;76400
2018-11-12;14.319999694824219;14.550000190734863;14.15999984741211;14.390000343322754;56600
2018-11-13;14.4399995803833;14.449999809265137;14.1899995803833;14.319999694824219;29900
2018-11-14;14.399999618530273;14.550000190734863;13.90999984741211;13.920000076293945;23100
2018-11-15;13.869999885559082;14.239999771118164;13.8100004196167;14.09000015258789;20200
2018-11-16;14.039999961853027;14.229999542236328;13.960000038146973;14.09000015258789;31000
2018-11-19;14.149999618530273;14.539999961853027;14.109999656677246;14.489999771118164;32500
2018-11-20;14.489999771118164;14.75;14.489999771118164;14.710000038146973;65500
2018-11-21;14.770000457763672;14.859999656677246;14.40999984741211;14.5;34600
2018-11-23;14.489999771118164;14.899999618530273;14.489999771118164;14.869999885559082;17600
2018-11-26;14.920000076293945;14.989999771118164;14.760000228881836;14.9399995803833;43800
2018-11-27;14.930000305175781;15.039999961853027;14.779999732971191;14.989999771118164;61300
2018-11-28;15.0;15.5;14.920000076293945;15.270000457763672;58000
2018-11-29;15.270000457763672;15.430000305175781;15.020000457763672;15.149999618530273;45500
2018-11-30;15.15999984741211;15.460000038146973;15.039999961853027;15.40999984741211;97400
2018-12-03;15.40999984741211;15.569999694824219;15.279999732971191;15.390000343322754;117700
2018-12-04;15.479999542236328;15.479999542236328;14.020000457763672;14.739999771118164;98800
2018-12-06;14.680000305175781;14.84000015258789;14.390000343322754;14.5;106500
2018-12-07;14.479999542236328;14.680000305175781;13.65999984741211;13.819999694824219;95700
2018-12-10;13.920000076293945;13.920000076293945;13.420000076293945;13.550000190734863;69600
2018-12-11;13.680000305175781;13.75;13.4399995803833;13.520000457763672;85100
2018-12-12;13.550000190734863;14.199999809265137;13.319999694824219;13.390000343322754;127200
2018-12-13;13.399999618530273;13.949999809265137;13.069999694824219;13.25;52800
2018-12-14;13.170000076293945;13.170000076293945;12.960000038146973;13.130000114440918;37600
2018-12-17;13.130000114440918;13.3100004196167;12.640000343322754;12.800000190734863;66400
2018-12-18;12.800000190734863;13.050000190734863;12.600000381469727;13.0;69900
2018-12-19;13.039999961853027;13.239999771118164;12.619999885559082;12.739999771118164;84300
2018-12-20;12.75;13.149999618530273;12.65999984741211;12.949999809265137;117500
2018-12-21;12.90999984741211;12.949999809265137;12.319999694824219;12.359999656677246;126300
2018-12-24;12.270000457763672;12.270000457763672;11.449999809265137;11.640000343322754;53600
2018-12-26;11.449999809265137;11.850000381469727;11.449999809265137;11.789999961853027;106900
2018-12-27;11.670000076293945;12.180000305175781;11.670000076293945;11.970000267028809;87300
2018-12-28;11.960000038146973;12.300000190734863;11.5;11.710000038146973;72700
2018-12-31;11.720000267028809;12.050000190734863;11.720000267028809;11.84000015258789;53500
2019-01-02;11.680000305175781;11.979999542236328;11.600000381469727;11.8100004196167;49800
2019-01-03;11.680000305175781;11.890000343322754;11.3100004196167;11.40999984741211;75800
2019-01-04;11.34000015258789;11.529999732971191;10.170000076293945;10.350000381469727;203900
2019-01-07;10.399999618530273;10.899999618530273;10.399999618530273;10.779999732971191;195400
2019-01-08;10.800000190734863;11.489999771118164;10.800000190734863;11.390000343322754;218800
2019-01-09;11.380000114440918;11.5;10.699999809265137;11.239999771118164;127100
2019-01-10;11.229999542236328;11.640000343322754;11.1899995803833;11.59000015258789;101200
2019-01-11;11.579999923706055;11.760000228881836;11.460000038146973;11.670000076293945;94300
2019-01-14;11.600000381469727;11.859999656677246;11.40999984741211;11.800000190734863;107900
2019-01-15;11.899999618530273;12.0;11.5;11.720000267028809;106600
2019-01-16;11.640000343322754;11.760000228881836;11.529999732971191;11.739999771118164;98300
2019-01-17;11.630000114440918;11.75;11.460000038146973;11.579999923706055;68500
2019-01-18;11.5600004196167;11.630000114440918;11.539999961853027;11.569999694824219;56000
2019-01-22;11.510000228881836;11.779999732971191;11.489999771118164;11.640000343322754;98500
2019-01-23;11.670000076293945;12.25;11.65999984741211;12.130000114440918;139600
2019-01-24;12.069999694824219;12.369999885559082;12.039999961853027;12.279999732971191;123300
2019-01-25;12.289999961853027;12.600000381469727;12.170000076293945;12.520000457763672;170800
2019-01-28;12.329999923706055;12.539999961853027;12.329999923706055;12.5;94800
2019-01-29;12.5;12.65999984741211;12.489999771118164;12.630000114440918;60200
2019-01-30;12.640000343322754;12.9399995803833;12.539999961853027;12.760000228881836;85500
2019-01-31;12.739999771118164;12.890000343322754;12.5;12.6899995803833;93600
2019-02-01;12.680000305175781;12.979999542236328;12.680000305175781;12.770000457763672;77500
2019-02-04;12.779999732971191;12.779999732971191;12.520000457763672;12.640000343322754;86000
2019-02-05;12.600000381469727;12.640000343322754;12.40999984741211;12.4399995803833;72100
2019-02-06;12.380000114440918;12.579999923706055;12.25;12.260000228881836;100600
2019-02-07;12.239999771118164;12.319999694824219;12.0;12.229999542236328;120300
2019-02-08;12.149999618530273;12.390000343322754;12.09000015258789;12.380000114440918;75400
2019-02-11;12.359999656677246;12.420000076293945;12.100000381469727;12.399999618530273;82400
2019-02-12;12.449999809265137;12.550000190734863;12.260000228881836;12.40999984741211;62600
2019-02-13;12.399999618530273;12.479999542236328;12.029999732971191;12.09000015258789;38900
2019-02-14;12.050000190734863;12.319999694824219;11.989999771118164;12.260000228881836;78100
2019-02-15;12.289999961853027;12.630000114440918;12.289999961853027;12.529999732971191;97000
2019-02-19;12.510000228881836;12.670000076293945;12.1899995803833;12.630000114440918;98400
2019-02-20;12.630000114440918;12.680000305175781;12.430000305175781;12.649999618530273;92400
2019-02-21;12.569999694824219;12.710000038146973;12.420000076293945;12.680000305175781;97300
2019-02-22;12.670000076293945;12.880000114440918;12.430000305175781;12.819999694824219;97500
2019-02-25;12.84000015258789;12.850000381469727;12.579999923706055;12.65999984741211;77300
2019-02-26;12.670000076293945;12.75;12.470000267028809;12.65999984741211;86100
2019-02-27;12.630000114440918;13.079999923706055;12.460000038146973;13.0600004196167;73400
2019-02-28;13.0600004196167;13.229999542236328;12.680000305175781;12.84000015258789;78600
2019-03-01;12.859999656677246;13.020000457763672;12.760000228881836;12.970000267028809;57800
2019-03-04;12.960000038146973;13.0600004196167;12.619999885559082;12.65999984741211;71600
2019-03-05;12.600000381469727;12.699999809265137;12.289999961853027;12.329999923706055;46000
2019-03-06;12.350000381469727;12.350000381469727;11.899999618530273;12.0600004196167;80800
2019-03-07;12.069999694824219;12.079999923706055;11.729999542236328;11.859999656677246;61100
2019-03-08;11.869999885559082;12.0;11.729999542236328;11.890000343322754;78200
2019-03-11;11.979999542236328;12.270000457763672;11.850000381469727;12.220000267028809;85200
2019-03-12;12.260000228881836;12.390000343322754;12.15999984741211;12.369999885559082;64500
2019-03-13;13.100000381469727;13.109999656677246;12.630000114440918;12.789999961853027;70500
2019-03-14;12.770000457763672;12.770000457763672;12.5600004196167;12.609999656677246;64200
2019-03-15;12.619999885559082;12.619999885559082;12.15999984741211;12.289999961853027;370200
2019-03-18;12.279999732971191;12.520000457763672;11.619999885559082;12.40999984741211;56600
2019-03-19;12.420000076293945;12.420000076293945;12.199999809265137;12.229999542236328;52400
2019-03-20;12.229999542236328;12.430000305175781;11.90999984741211;12.100000381469727;88300
2019-03-21;12.09000015258789;12.420000076293945;12.079999923706055;12.079999923706055;39100
2019-03-22;12.079999923706055;12.15999984741211;11.680000305175781;11.739999771118164;62900
2019-03-25;11.739999771118164;12.279999732971191;11.739999771118164;12.260000228881836;103900
2019-03-26;12.300000190734863;12.630000114440918;12.300000190734863;12.619999885559082;60700
2019-03-27;12.609999656677246;12.649999618530273;12.4399995803833;12.479999542236328;53300
2019-03-28;12.460000038146973;12.579999923706055;12.220000267028809;12.229999542236328;41900
2019-03-29;12.319999694824219;12.539999961853027;12.0600004196167;12.279999732971191;315600
2019-04-01;12.289999961853027;12.430000305175781;12.1899995803833;12.3100004196167;53000
2019-04-02;12.289999961853027;12.550000190734863;12.170000076293945;12.539999961853027;140200
2019-04-03;12.550000190734863;13.239999771118164;12.470000267028809;12.979999542236328;196000
2019-04-04;11.170000076293945;11.979999542236328;10.829999923706055;11.369999885559082;664900
2019-04-05;11.359999656677246;11.390000343322754;10.739999771118164;10.829999923706055;451000
2019-04-08;10.420000076293945;10.729999542236328;9.989999771118164;10.34000015258789;440600
2019-04-09;10.210000038146973;10.369999885559082;10.069999694824219;10.239999771118164;307100
2019-04-10;10.25;10.609999656677246;9.989999771118164;10.460000038146973;284900
2019-04-11;10.4399995803833;10.600000381469727;10.279999732971191;10.380000114440918;240200
2019-04-12;10.460000038146973;10.569999694824219;10.1899995803833;10.40999984741211;154500
2019-04-15;10.359999656677246;10.789999961853027;10.359999656677246;10.420000076293945;175600
2019-04-16;10.489999771118164;10.579999923706055;10.25;10.539999961853027;215500
2019-04-17;10.600000381469727;10.84000015258789;10.479999542236328;10.789999961853027;150900
2019-04-18;10.770000457763672;10.800000190734863;10.479999542236328;10.5;103400
2019-04-22;10.430000305175781;10.520000457763672;9.899999618530273;10.140000343322754;224000
2019-04-23;10.170000076293945;10.489999771118164;10.149999618530273;10.430000305175781;129000
2019-04-24;10.4399995803833;10.529999732971191;10.270000457763672;10.40999984741211;359900
2019-04-25;10.390000343322754;10.520000457763672;10.199999809265137;10.229999542236328;379300
2019-04-26;10.239999771118164;10.239999771118164;10.050000190734863;10.199999809265137;64400
2019-04-29;10.220000267028809;10.390000343322754;10.100000381469727;10.350000381469727;97000
2019-04-30;10.34000015258789;10.539999961853027;10.239999771118164;10.510000228881836;126800
2019-05-01;10.510000228881836;10.510000228881836;9.979999542236328;10.09000015258789;277600
2019-05-02;10.010000228881836;10.649999618530273;9.979999542236328;10.119999885559082;146400
2019-05-03;10.229999542236328;10.4399995803833;10.149999618530273;10.199999809265137;215700
2019-05-06;10.119999885559082;10.460000038146973;10.100000381469727;10.4399995803833;179900
2019-05-07;10.329999923706055;10.5;10.180000305175781;10.329999923706055;310000
2019-05-08;10.329999923706055;10.329999923706055;9.9399995803833;9.989999771118164;85000
2019-05-09;9.9399995803833;10.069999694824219;9.789999961853027;10.0;79700
2019-05-10;9.960000038146973;10.09000015258789;9.729999542236328;9.850000381469727;151000
2019-05-13;9.720000267028809;9.789999961853027;9.539999961853027;9.760000228881836;202500
2019-05-14;9.789999961853027;10.119999885559082;9.760000228881836;10.0;156900
2019-05-15;9.949999809265137;10.09000015258789;9.880000114440918;10.039999961853027;50100
2019-05-16;10.0;10.220000267028809;10.0;10.100000381469727;73900
2019-05-17;10.010000228881836;10.149999618530273;9.869999885559082;9.869999885559082;57500
2019-05-20;9.84000015258789;9.84000015258789;9.609999656677246;9.670000076293945;87300
2019-05-21;9.699999809265137;9.760000228881836;9.550000190734863;9.640000343322754;92700
2019-05-22;9.619999885559082;9.720000267028809;9.489999771118164;9.65999984741211;151700
2019-05-23;9.550000190734863;9.550000190734863;9.020000457763672;9.350000381469727;182100
2019-05-24;9.350000381469727;9.5;9.229999542236328;9.420000076293945;151800
2019-05-28;9.199999809265137;10.170000076293945;9.199999809265137;10.0;307400
2019-05-29;9.989999771118164;10.0;9.390000343322754;9.569999694824219;171900
2019-05-30;9.739999771118164;9.949999809265137;9.609999656677246;9.90999984741211;151500
2019-05-31;9.770000457763672;10.0;9.75;9.920000076293945;186600
2019-06-03;9.850000381469727;10.15999984741211;9.850000381469727;10.140000343322754;269500
2019-06-04;10.180000305175781;10.270000457763672;9.989999771118164;10.079999923706055;217900
2019-06-05;10.079999923706055;10.079999923706055;9.84000015258789;9.920000076293945;92500
2019-06-06;9.970000267028809;9.979999542236328;9.520000457763672;9.550000190734863;93800
2019-06-07;9.5600004196167;9.59000015258789;9.390000343322754;9.5;106800
2019-06-10;9.5;9.670000076293945;9.5;9.5600004196167;79600
2019-06-11;9.569999694824219;9.65999984741211;9.420000076293945;9.510000228881836;69500
2019-06-12;9.479999542236328;9.619999885559082;9.369999885559082;9.529999732971191;62200
2019-06-13;9.510000228881836;9.630000114440918;9.40999984741211;9.569999694824219;92100
2019-06-14;9.550000190734863;9.619999885559082;9.470000267028809;9.529999732971191;83100
2019-06-17;9.510000228881836;9.539999961853027;9.34000015258789;9.510000228881836;154000
2019-06-18;9.550000190734863;9.630000114440918;9.420000076293945;9.470000267028809;149400
2019-06-19;9.460000038146973;9.510000228881836;9.25;9.319999694824219;75600
2019-06-20;9.380000114440918;9.710000038146973;9.319999694824219;9.670000076293945;117400
2019-06-21;9.5;9.59000015258789;9.300000190734863;9.470000267028809;144200
2019-06-24;9.470000267028809;9.649999618530273;9.449999809265137;9.520000457763672;116900
2019-06-25;9.489999771118164;9.699999809265137;9.470000267028809;9.5600004196167;213900
2019-06-26;9.550000190734863;9.680000305175781;9.270000457763672;9.390000343322754;136900
2019-06-27;9.399999618530273;9.489999771118164;9.300000190734863;9.460000038146973;99300
2019-06-28;9.460000038146973;9.739999771118164;9.350000381469727;9.369999885559082;337900
2019-07-01;9.420000076293945;9.789999961853027;9.420000076293945;9.670000076293945;168600
2019-07-02;9.710000038146973;10.119999885559082;9.479999542236328;9.65999984741211;194400
2019-07-03;9.6899995803833;10.039999961853027;9.600000381469727;9.989999771118164;84400
2019-07-05;9.90999984741211;10.289999961853027;9.90999984741211;10.239999771118164;105000
2019-07-08;10.1899995803833;10.40999984741211;10.140000343322754;10.350000381469727;87200
2019-07-09;10.319999694824219;10.4399995803833;10.180000305175781;10.289999961853027;87600
2019-07-10;10.260000228881836;10.510000228881836;10.229999542236328;10.5;112500
2019-07-11;10.449999809265137;10.600000381469727;10.369999885559082;10.420000076293945;114200
2019-07-12;10.430000305175781;10.609999656677246;10.420000076293945;10.510000228881836;76400
2019-07-15;10.489999771118164;10.59000015258789;10.369999885559082;10.569999694824219;85200
2019-07-16;10.579999923706055;10.649999618530273;10.420000076293945;10.529999732971191;125600
2019-07-17;10.5;10.6899995803833;10.420000076293945;10.630000114440918;94600
2019-07-18;10.670000076293945;10.800000190734863;10.539999961853027;10.720000267028809;83200
2019-07-19;10.649999618530273;10.699999809265137;10.470000267028809;10.5;125800
2019-07-22;10.539999961853027;10.75;10.399999618530273;10.739999771118164;108100
2019-07-23;10.779999732971191;10.90999984741211;10.449999809265137;10.65999984741211;220200
2019-07-24;10.579999923706055;10.819999694824219;10.579999923706055;10.760000228881836;114200
2019-07-25;10.760000228881836;11.0600004196167;10.600000381469727;10.869999885559082;121900
2019-07-26;10.880000114440918;10.90999984741211;10.569999694824219;10.65999984741211;85800
2019-07-29;10.649999618530273;10.6899995803833;10.460000038146973;10.619999885559082;127700
2019-07-30;10.520000457763672;10.890000343322754;10.470000267028809;10.829999923706055;128800
2019-07-31;11.199999809265137;11.510000228881836;10.899999618530273;11.170000076293945;436200
2019-08-01;11.09000015258789;11.460000038146973;10.869999885559082;10.920000076293945;187400
2019-08-02;10.829999923706055;10.920000076293945;10.489999771118164;10.5;124700
2019-08-05;10.5;10.619999885559082;10.369999885559082;10.5600004196167;294800
2019-08-06;10.739999771118164;10.869999885559082;10.539999961853027;10.8100004196167;136300
2019-08-07;10.8100004196167;10.90999984741211;10.720000267028809;10.869999885559082;95300
2019-08-08;10.930000305175781;11.4399995803833;10.930000305175781;11.399999618530273;146900
2019-08-09;11.34000015258789;11.399999618530273;11.0600004196167;11.229999542236328;64100
2019-08-12;11.170000076293945;11.1899995803833;10.989999771118164;11.09000015258789;51100
2019-08-13;10.989999771118164;11.020000457763672;10.710000038146973;10.770000457763672;83400
2019-08-14;10.65999984741211;10.65999984741211;10.329999923706055;10.510000228881836;190200
2019-08-15;10.550000190734863;10.550000190734863;10.239999771118164;10.430000305175781;76400
2019-08-16;10.489999771118164;10.899999618530273;10.390000343322754;10.880000114440918;200800
2019-08-19;10.960000038146973;11.109999656677246;10.829999923706055;11.109999656677246;44000
2019-08-20;11.069999694824219;11.069999694824219;10.869999885559082;10.920000076293945;36800
2019-08-21;10.979999542236328;11.069999694824219;10.859999656677246;11.050000190734863;95300
2019-08-22;11.0600004196167;11.119999885559082;10.960000038146973;10.970000267028809;98200
2019-08-23;11.09000015258789;11.09000015258789;9.729999542236328;10.899999618530273;155700
2019-08-26;10.989999771118164;11.109999656677246;10.8100004196167;11.109999656677246;69700
2019-08-27;11.100000381469727;11.100000381469727;10.819999694824219;10.859999656677246;83900
2019-08-28;10.84000015258789;10.970000267028809;10.84000015258789;10.9399995803833;58700
2019-08-29;10.949999809265137;11.09000015258789;10.949999809265137;11.010000228881836;44900
2019-08-30;10.970000267028809;11.050000190734863;10.949999809265137;10.989999771118164;65700
2019-09-03;11.170000076293945;11.300000190734863;10.279999732971191;11.199999809265137;172700
2019-09-04;11.210000038146973;11.25;11.039999961853027;11.149999618530273;93100
2019-09-05;11.170000076293945;11.34000015258789;11.039999961853027;11.109999656677246;98900
2019-09-06;11.130000114440918;11.3100004196167;10.899999618530273;11.210000038146973;53700
2019-09-09;11.210000038146973;11.34000015258789;11.069999694824219;11.279999732971191;142300
2019-09-10;11.260000228881836;11.770000457763672;11.199999809265137;11.600000381469727;67400
2019-09-11;11.649999618530273;12.15999984741211;11.649999618530273;12.15999984741211;129700
2019-09-12;12.199999809265137;12.350000381469727;12.020000457763672;12.3100004196167;103900
2019-09-13;12.369999885559082;12.460000038146973;12.170000076293945;12.359999656677246;77800
2019-09-16;12.319999694824219;12.40999984741211;11.779999732971191;11.869999885559082;109400
2019-09-17;11.8100004196167;11.850000381469727;11.680000305175781;11.729999542236328;68000
2019-09-18;11.729999542236328;11.779999732971191;11.34000015258789;11.359999656677246;194500
2019-09-19;11.4399995803833;11.449999809265137;10.970000267028809;10.989999771118164;148400
2019-09-20;11.0;11.0600004196167;10.449999809265137;10.760000228881836;290800
2019-09-23;10.680000305175781;10.970000267028809;10.649999618530273;10.859999656677246;183900
2019-09-24;10.890000343322754;10.899999618530273;10.699999809265137;10.760000228881836;127600
2019-09-25;10.789999961853027;11.119999885559082;10.760000228881836;11.029999732971191;71500
2019-09-26;10.979999542236328;10.979999542236328;10.579999923706055;10.720000267028809;84800
2019-09-27;10.710000038146973;10.789999961853027;10.569999694824219;10.649999618530273;103300
2019-09-30;10.640000343322754;10.979999542236328;10.550000190734863;10.869999885559082;121300
2019-10-01;10.899999618530273;11.100000381469727;10.6899995803833;10.760000228881836;109600
2019-10-02;10.75;11.380000114440918;10.170000076293945;10.479999542236328;345400
2019-10-03;10.40999984741211;10.699999809265137;10.140000343322754;10.199999809265137;229700
2019-10-04;10.199999809265137;10.529999732971191;10.029999732971191;10.210000038146973;359000
2019-10-07;10.149999618530273;10.1899995803833;9.989999771118164;10.100000381469727;164300
2019-10-08;9.989999771118164;10.0600004196167;9.819999694824219;9.890000343322754;167100
2019-10-09;10.010000228881836;10.229999542236328;9.9399995803833;10.15999984741211;209900
2019-10-10;10.100000381469727;10.100000381469727;9.550000190734863;9.59000015258789;147600
2019-10-11;9.640000343322754;9.710000038146973;9.4399995803833;9.460000038146973;243500
2019-10-14;9.399999618530273;9.489999771118164;9.0600004196167;9.1899995803833;244000
2019-10-15;9.1899995803833;9.220000267028809;9.029999732971191;9.09000015258789;145500
2019-10-16;9.010000228881836;9.239999771118164;9.0;9.180000305175781;169000
2019-10-17;9.279999732971191;9.279999732971191;9.029999732971191;9.270000457763672;120100
2019-10-18;9.199999809265137;9.479999542236328;9.199999809265137;9.399999618530273;233900
2019-10-21;9.399999618530273;9.770000457763672;9.399999618530273;9.539999961853027;102000
2019-10-22;9.5;9.539999961853027;9.319999694824219;9.390000343322754;88000
2019-10-23;9.369999885559082;9.369999885559082;9.210000038146973;9.329999923706055;60000
2019-10-24;9.3100004196167;9.399999618530273;9.149999618530273;9.329999923706055;116200
2019-10-25;9.279999732971191;9.399999618530273;9.210000038146973;9.319999694824219;71800
2019-10-28;9.329999923706055;9.5;9.300000190734863;9.470000267028809;71200
2019-10-29;9.479999542236328;9.779999732971191;9.449999809265137;9.729999542236328;85600
2019-10-30;9.680000305175781;9.739999771118164;9.520000457763672;9.699999809265137;77800
2019-10-31;9.649999618530273;9.869999885559082;9.550000190734863;9.850000381469727;85700
2019-11-01;9.899999618530273;10.109999656677246;9.899999618530273;10.039999961853027;89900
2019-11-04;10.079999923706055;10.300000190734863;10.020000457763672;10.289999961853027;96500
2019-11-05;10.25;10.729999542236328;10.25;10.699999809265137;127600
2019-11-06;10.699999809265137;10.960000038146973;10.699999809265137;10.800000190734863;124500
2019-11-07;11.0;11.0;9.619999885559082;10.829999923706055;86700
2019-11-08;10.729999542236328;10.9399995803833;10.720000267028809;10.899999618530273;80100
2019-11-11;10.75;10.850000381469727;10.399999618530273;10.420000076293945;56300
2019-11-12;10.390000343322754;10.6899995803833;10.270000457763672;10.680000305175781;64500
2019-11-13;10.619999885559082;10.979999542236328;10.579999923706055;10.880000114440918;74400
2019-11-14;10.899999618530273;11.079999923706055;10.829999923706055;11.010000228881836;73800
2019-11-15;11.079999923706055;11.079999923706055;10.869999885559082;10.90999984741211;73500
2019-11-18;10.920000076293945;11.180000305175781;10.880000114440918;11.140000343322754;100300
2019-11-19;11.210000038146973;11.260000228881836;11.069999694824219;11.100000381469727;85700
2019-11-20;11.029999732971191;11.0600004196167;10.90999984741211;10.989999771118164;102400
2019-11-21;10.970000267028809;11.15999984741211;10.9399995803833;11.149999618530273;65700
2019-11-22;11.229999542236328;11.289999961853027;11.100000381469727;11.239999771118164;28500
2019-11-25;11.199999809265137;11.350000381469727;11.0600004196167;11.329999923706055;150300
2019-11-26;11.369999885559082;11.569999694824219;11.289999961853027;11.319999694824219;108400
2019-11-27;11.359999656677246;11.399999618530273;11.140000343322754;11.329999923706055;36700
2019-11-29;11.25;11.470000267028809;11.100000381469727;11.460000038146973;29900
2019-12-02;11.489999771118164;11.5;11.3100004196167;11.359999656677246;70100
2019-12-03;11.3100004196167;11.34000015258789;11.140000343322754;11.300000190734863;51200
2019-12-04;11.399999618530273;11.489999771118164;11.210000038146973;11.260000228881836;90500
2019-12-05;11.329999923706055;11.380000114440918;11.119999885559082;11.180000305175781;89000
2019-12-06;11.210000038146973;11.289999961853027;11.079999923706055;11.109999656677246;91500
2019-12-09;11.079999923706055;11.359999656677246;10.979999542236328;11.329999923706055;150300
2019-12-10;11.300000190734863;11.420000076293945;11.15999984741211;11.180000305175781;45700
2019-12-11;11.180000305175781;11.550000190734863;11.180000305175781;11.529999732971191;117900
2019-12-12;11.479999542236328;11.649999618530273;11.479999542236328;11.550000190734863;55100
2019-12-13;11.520000457763672;11.600000381469727;11.359999656677246;11.420000076293945;51500
2019-12-16;11.4399995803833;11.630000114440918;11.329999923706055;11.369999885559082;54000
2019-12-17;11.350000381469727;11.670000076293945;11.279999732971191;11.569999694824219;217700
2019-12-18;11.630000114440918;11.90999984741211;11.600000381469727;11.890000343322754;61100
2019-12-19;11.930000305175781;12.09000015258789;11.739999771118164;11.770000457763672;82300
2019-12-20;11.770000457763672;11.869999885559082;11.489999771118164;11.5600004196167;259100
2019-12-23;11.579999923706055;11.579999923706055;11.3100004196167;11.369999885559082;79400
2019-12-24;11.380000114440918;11.699999809265137;11.380000114440918;11.569999694824219;34700
2019-12-26;11.569999694824219;11.699999809265137;11.479999542236328;11.609999656677246;33600
2019-12-27;11.520000457763672;11.829999923706055;11.420000076293945;11.470000267028809;71700
2019-12-30;11.470000267028809;11.489999771118164;11.09000015258789;11.170000076293945;144400
2019-12-31;11.170000076293945;11.430000305175781;11.170000076293945;11.3100004196167;68600
2020-01-02;11.430000305175781;11.430000305175781;10.680000305175781;11.170000076293945;278700
2020-01-03;9.5;10.899999618530273;9.479999542236328;10.029999732971191;1102600
2020-01-06;9.880000114440918;10.079999923706055;9.779999732971191;10.029999732971191;300400
2020-01-07;10.0;10.149999618530273;10.0;10.119999885559082;263300
2020-01-08;10.15999984741211;10.390000343322754;10.0;10.279999732971191;350500
2020-01-09;10.220000267028809;10.510000228881836;10.220000267028809;10.449999809265137;137700
2020-01-10;10.5;10.550000190734863;10.229999542236328;10.460000038146973;300700
2020-01-13;10.510000228881836;11.069999694824219;10.479999542236328;11.010000228881836;203900
2020-01-14;11.020000457763672;11.109999656677246;10.90999984741211;11.0600004196167;167500
2020-01-15;11.069999694824219;11.15999984741211;10.979999542236328;11.09000015258789;251700
2020-01-16;11.15999984741211;11.210000038146973;11.0;11.119999885559082;201000
2020-01-17;11.399999618530273;11.5;11.199999809265137;11.359999656677246;226900
2020-01-21;11.319999694824219;11.4399995803833;11.289999961853027;11.390000343322754;177900
2020-01-22;11.40999984741211;11.6899995803833;11.359999656677246;11.609999656677246;50300
2020-01-23;11.550000190734863;11.550000190734863;11.3100004196167;11.420000076293945;174500
2020-01-24;11.449999809265137;11.529999732971191;11.40999984741211;11.420000076293945;61300
2020-01-27;11.300000190734863;11.449999809265137;11.300000190734863;11.369999885559082;86400
2020-01-28;11.369999885559082;11.550000190734863;11.3100004196167;11.4399995803833;82600
2020-01-29;11.449999809265137;11.449999809265137;11.319999694824219;11.359999656677246;38200
2020-01-30;11.300000190734863;11.380000114440918;11.109999656677246;11.229999542236328;86300
2020-01-31;11.210000038146973;11.300000190734863;11.149999618530273;11.199999809265137;86300
2020-02-03;11.239999771118164;11.4399995803833;11.229999542236328;11.329999923706055;76100
2020-02-04;11.369999885559082;11.420000076293945;11.199999809265137;11.300000190734863;136100
2020-02-05;11.3100004196167;11.529999732971191;11.3100004196167;11.510000228881836;97000
2020-02-06;11.449999809265137;11.800000190734863;11.449999809265137;11.619999885559082;99500
2020-02-07;11.579999923706055;11.640000343322754;11.420000076293945;11.550000190734863;65800
2020-02-10;11.539999961853027;11.779999732971191;11.470000267028809;11.65999984741211;74100
2020-02-11;11.720000267028809;11.720000267028809;11.350000381469727;11.369999885559082;80100
2020-02-12;11.4399995803833;11.489999771118164;11.260000228881836;11.329999923706055;139600
2020-02-13;11.329999923706055;11.489999771118164;11.260000228881836;11.380000114440918;210400
2020-02-14;11.420000076293945;11.479999542236328;11.350000381469727;11.449999809265137;57700
2020-02-18;11.430000305175781;11.84000015258789;11.430000305175781;11.569999694824219;174900
2020-02-19;11.609999656677246;11.819999694824219;11.59000015258789;11.680000305175781;128600
2020-02-20;11.649999618530273;11.84000015258789;11.539999961853027;11.649999618530273;165600
2020-02-21;11.670000076293945;11.720000267028809;11.520000457763672;11.619999885559082;105600
2020-02-24;11.40999984741211;11.6899995803833;11.369999885559082;11.640000343322754;109200
2020-02-25;11.640000343322754;11.8100004196167;11.300000190734863;11.34000015258789;63000
2020-02-26;11.390000343322754;11.529999732971191;11.220000267028809;11.260000228881836;83200
2020-02-27;11.199999809265137;11.34000015258789;11.100000381469727;11.25;374400
2020-02-28;11.050000190734863;11.119999885559082;10.09000015258789;10.260000228881836;438400
2020-03-02;10.25;10.460000038146973;10.15999984741211;10.380000114440918;149700
2020-03-03;10.34000015258789;10.34000015258789;9.779999732971191;9.869999885559082;295100
2020-03-04;10.039999961853027;10.15999984741211;9.869999885559082;10.050000190734863;80800
2020-03-05;9.90999984741211;9.920000076293945;9.600000381469727;9.789999961853027;167700
2020-03-06;9.569999694824219;9.989999771118164;9.5;9.949999809265137;148200
2020-03-09;9.600000381469727;9.600000381469727;9.300000190734863;9.399999618530273;163300
2020-03-10;9.5600004196167;9.84000015258789;9.390000343322754;9.739999771118164;141200
2020-03-11;9.59000015258789;9.609999656677246;9.40999984741211;9.539999961853027;177900
2020-03-12;9.229999542236328;9.479999542236328;8.850000381469727;9.0;239100
2020-03-13;9.260000228881836;9.710000038146973;8.949999809265137;9.630000114440918;365700
2020-03-16;9.09000015258789;9.25;8.09000015258789;8.8100004196167;214000
2020-03-17;8.899999618530273;9.420000076293945;8.739999771118164;9.329999923706055;229000
2020-03-18;9.0600004196167;9.09000015258789;8.470000267028809;8.670000076293945;229600
2020-03-19;8.65999984741211;9.039999961853027;8.210000038146973;8.470000267028809;135200
2020-03-20;8.6899995803833;8.930000305175781;7.96999979019165;8.40999984741211;314200
2020-03-23;8.470000267028809;8.819999694824219;7.800000190734863;8.119999885559082;197000
2020-03-24;8.430000305175781;8.539999961853027;7.900000095367432;8.100000381469727;193900
2020-03-25;8.079999923706055;8.09000015258789;7.53000020980835;7.690000057220459;233700
2020-03-26;7.739999771118164;7.849999904632568;7.579999923706055;7.840000152587891;206000
2020-03-27;7.75;8.09000015258789;7.610000133514404;7.849999904632568;171500
2020-03-30;7.940000057220459;8.470000267028809;7.639999866485596;8.470000267028809;168600
2020-03-31;8.5600004196167;9.079999923706055;8.5;8.6899995803833;302900
2020-04-01;9.119999885559082;9.84000015258789;8.350000381469727;9.770000457763672;413300
2020-04-02;9.739999771118164;10.0;9.25;9.65999984741211;277900
2020-04-03;9.630000114440918;10.020000457763672;9.34000015258789;9.789999961853027;197100
2020-04-06;9.979999542236328;10.199999809265137;9.630000114440918;9.760000228881836;227500
2020-04-07;9.899999618530273;10.15999984741211;9.630000114440918;9.800000190734863;166100
2020-04-08;9.949999809265137;10.220000267028809;9.770000457763672;9.920000076293945;157700
2020-04-09;10.029999732971191;10.210000038146973;9.979999542236328;10.130000114440918;238100
2020-04-13;10.100000381469727;10.220000267028809;9.529999732971191;9.600000381469727;127100
2020-04-14;9.779999732971191;10.180000305175781;9.779999732971191;9.920000076293945;208900
2020-04-15;9.670000076293945;9.859999656677246;9.529999732971191;9.739999771118164;228600
2020-04-16;9.75;9.930000305175781;9.399999618530273;9.5;178400
2020-04-17;9.65999984741211;10.079999923706055;9.489999771118164;9.729999542236328;301200
2020-04-20;9.5600004196167;10.020000457763672;9.399999618530273;9.670000076293945;196400
2020-04-21;9.84000015258789;10.510000228881836;9.5600004196167;10.15999984741211;370100
2020-04-22;10.25;10.529999732971191;10.119999885559082;10.4399995803833;197600
2020-04-23;10.479999542236328;10.890000343322754;10.359999656677246;10.609999656677246;180900
2020-04-24;10.609999656677246;10.609999656677246;10.15999984741211;10.279999732971191;128900
2020-04-27;10.350000381469727;11.050000190734863;10.25;10.859999656677246;221800
2020-04-28;11.0600004196167;11.239999771118164;10.5600004196167;11.140000343322754;139300
2020-04-29;11.369999885559082;11.75;11.119999885559082;11.539999961853027;195900
2020-04-30;11.449999809265137;11.449999809265137;10.970000267028809;11.149999618530273;128400
2020-05-01;11.050000190734863;11.279999732971191;10.949999809265137;11.09000015258789;174600
2020-05-04;11.0;11.460000038146973;10.710000038146973;10.979999542236328;111900
2020-05-05;11.0;11.149999618530273;10.649999618530273;10.680000305175781;91800
2020-05-06;10.640000343322754;10.75;10.390000343322754;10.4399995803833;75000
2020-05-07;10.460000038146973;10.699999809265137;10.260000228881836;10.34000015258789;110400
2020-05-08;10.510000228881836;11.359999656677246;10.4399995803833;10.729999542236328;121100
2020-05-11;10.640000343322754;11.039999961853027;10.390000343322754;10.90999984741211;140200
2020-05-12;10.890000343322754;11.029999732971191;10.680000305175781;10.75;113700
2020-05-13;10.800000190734863;10.989999771118164;10.359999656677246;10.5;80100
2020-05-14;10.319999694824219;10.470000267028809;9.779999732971191;9.90999984741211;113500
2020-05-15;9.949999809265137;10.039999961853027;9.819999694824219;9.859999656677246;88800
2020-05-18;10.15999984741211;10.399999618530273;10.0;10.300000190734863;156300
2020-05-19;10.270000457763672;10.390000343322754;9.949999809265137;9.970000267028809;73900
2020-05-20;10.130000114440918;10.399999618530273;10.039999961853027;10.300000190734863;74200
2020-05-21;10.25;10.390000343322754;10.180000305175781;10.1899995803833;67600
2020-05-22;10.1899995803833;10.1899995803833;9.960000038146973;10.109999656677246;49700
2020-05-26;10.449999809265137;10.90999984741211;10.270000457763672;10.770000457763672;114800
2020-05-27;10.9399995803833;11.279999732971191;10.710000038146973;11.199999809265137;94700
2020-05-28;11.319999694824219;11.550000190734863;10.970000267028809;10.989999771118164;140600
2020-05-29;10.920000076293945;11.0;10.460000038146973;10.670000076293945;122700
2020-06-01;10.760000228881836;11.0600004196167;10.6899995803833;10.84000015258789;81200
2020-06-02;10.90999984741211;10.979999542236328;10.710000038146973;10.890000343322754;66100
2020-06-03;11.069999694824219;11.109999656677246;10.739999771118164;10.9399995803833;60100
2020-06-04;10.859999656677246;10.989999771118164;10.75;10.899999618530273;71500
2020-06-05;11.079999923706055;11.5600004196167;10.989999771118164;11.529999732971191;109900
2020-06-08;11.640000343322754;11.680000305175781;11.029999732971191;11.029999732971191;128600
2020-06-09;11.0;11.119999885559082;10.739999771118164;10.949999809265137;176600
2020-06-10;11.039999961853027;11.369999885559082;10.970000267028809;11.0;110600
2020-06-11;10.710000038146973;10.850000381469727;10.020000457763672;10.039999961853027;104000
2020-06-12;10.3100004196167;10.479999542236328;10.0;10.40999984741211;203400
2020-06-15;10.149999618530273;10.229999542236328;9.960000038146973;10.170000076293945;119400
2020-06-16;10.420000076293945;10.539999961853027;10.279999732971191;10.380000114440918;73800
2020-06-17;10.359999656677246;10.369999885559082;9.930000305175781;9.949999809265137;116600
2020-06-18;9.770000457763672;10.0600004196167;9.770000457763672;10.010000228881836;413900
2020-06-19;10.020000457763672;10.09000015258789;9.829999923706055;10.020000457763672;275500
2020-06-22;10.020000457763672;10.210000038146973;9.9399995803833;10.0;184300
2020-06-23;10.069999694824219;10.180000305175781;9.949999809265137;10.0;119900
2020-06-24;9.899999618530273;10.020000457763672;9.770000457763672;9.960000038146973;137300
2020-06-25;9.90999984741211;10.0600004196167;9.680000305175781;9.779999732971191;102800
2020-06-26;9.720000267028809;10.010000228881836;9.550000190734863;9.619999885559082;225900
2020-06-29;9.729999542236328;9.960000038146973;9.609999656677246;9.800000190734863;319100
2020-06-30;9.0;9.020000457763672;7.75;7.960000038146973;655300
2020-07-01;8.109999656677246;8.170000076293945;7.670000076293945;7.739999771118164;432000
2020-07-02;7.869999885559082;7.949999809265137;7.480000019073486;7.590000152587891;272500
2020-07-06;7.710000038146973;7.949999809265137;7.639999866485596;7.900000095367432;163800
2020-07-07;7.849999904632568;8.220000267028809;7.71999979019165;8.100000381469727;214000
2020-07-08;8.100000381469727;8.180000305175781;7.920000076293945;7.96999979019165;202800
2020-07-09;7.849999904632568;8.029999732971191;7.590000152587891;7.78000020980835;186600
2020-07-10;7.769999980926514;8.079999923706055;7.710000038146973;8.039999961853027;154700
2020-07-13;8.039999961853027;8.34000015258789;7.949999809265137;8.199999809265137;161100
2020-07-14;8.220000267028809;8.789999961853027;8.180000305175781;8.739999771118164;188900
2020-07-15;8.859999656677246;8.970000267028809;8.75;8.890000343322754;251700
2020-07-16;8.829999923706055;9.199999809265137;8.329999923706055;9.149999618530273;218100
2020-07-17;9.020000457763672;9.380000114440918;9.020000457763672;9.199999809265137;119200
2020-07-20;9.119999885559082;9.380000114440918;9.039999961853027;9.140000343322754;118600
2020-07-21;9.130000114440918;9.40999984741211;9.130000114440918;9.390000343322754;133600
2020-07-22;9.319999694824219;9.399999618530273;9.149999618530273;9.25;167300
2020-07-23;9.260000228881836;9.5600004196167;8.550000190734863;9.399999618530273;173800
2020-07-24;9.350000381469727;9.460000038146973;9.34000015258789;9.460000038146973;185100
2020-07-27;9.40999984741211;9.510000228881836;9.380000114440918;9.489999771118164;463400
2020-07-28;9.5;9.869999885559082;9.5;9.8100004196167;139200
2020-07-29;9.779999732971191;10.029999732971191;9.710000038146973;9.930000305175781;132200
2020-07-30;9.819999694824219;9.880000114440918;9.619999885559082;9.65999984741211;143000
2020-07-31;9.579999923706055;9.649999618530273;9.279999732971191;9.4399995803833;157300
2020-08-03;9.430000305175781;9.680000305175781;9.170000076293945;9.600000381469727;103500
2020-08-04;9.619999885559082;9.890000343322754;9.569999694824219;9.859999656677246;83600
2020-08-05;9.890000343322754;10.149999618530273;9.75;10.109999656677246;159300
2020-08-06;10.069999694824219;10.329999923706055;10.069999694824219;10.289999961853027;61100
2020-08-07;10.25;10.399999618530273;9.710000038146973;10.319999694824219;89600
2020-08-10;10.1899995803833;10.770000457763672;9.100000381469727;10.699999809265137;198700
2020-08-11;10.710000038146973;10.930000305175781;10.710000038146973;10.800000190734863;377500
2020-08-12;10.75;10.760000228881836;9.0600004196167;9.15999984741211;360000
2020-08-13;9.170000076293945;9.5600004196167;9.039999961853027;9.40999984741211;145100
2020-08-14;9.350000381469727;9.989999771118164;9.350000381469727;9.739999771118164;198100
2020-08-17;9.710000038146973;9.84000015258789;9.390000343322754;9.529999732971191;169600
2020-08-18;9.479999542236328;9.600000381469727;9.140000343322754;9.479999542236328;152600
2020-08-19;9.40999984741211;9.869999885559082;9.180000305175781;9.829999923706055;266600
2020-08-20;9.729999542236328;9.890000343322754;9.40999984741211;9.6899995803833;92900
2020-08-21;9.609999656677246;9.739999771118164;9.529999732971191;9.609999656677246;177600
2020-08-24;9.739999771118164;10.619999885559082;9.739999771118164;10.449999809265137;119800
2020-08-25;10.600000381469727;10.600000381469727;10.220000267028809;10.5;84400
2020-08-26;10.4399995803833;10.529999732971191;10.260000228881836;10.430000305175781;79500
2020-08-27;10.520000457763672;10.6899995803833;10.279999732971191;10.329999923706055;233600
2020-08-28;10.430000305175781;10.630000114440918;10.119999885559082;10.3100004196167;87300
2020-08-31;10.329999923706055;10.329999923706055;10.119999885559082;10.239999771118164;186700
2020-09-01;10.210000038146973;10.5600004196167;10.210000038146973;10.40999984741211;94900
2020-09-02;10.390000343322754;10.460000038146973;10.260000228881836;10.390000343322754;201200
2020-09-03;10.4399995803833;10.4399995803833;10.149999618530273;10.1899995803833;70900
2020-09-04;10.260000228881836;10.489999771118164;10.09000015258789;10.199999809265137;48200
2020-09-08;10.109999656677246;10.109999656677246;9.609999656677246;9.619999885559082;66800
2020-09-09;9.619999885559082;9.770000457763672;9.399999618530273;9.640000343322754;123600
2020-09-10;9.600000381469727;9.829999923706055;9.600000381469727;9.6899995803833;48900
2020-09-11;9.680000305175781;9.699999809265137;9.5;9.680000305175781;146300
2020-09-14;9.720000267028809;9.84000015258789;9.5600004196167;9.720000267028809;173000
2020-09-15;9.789999961853027;9.960000038146973;9.699999809265137;9.729999542236328;135800
2020-09-16;9.739999771118164;9.930000305175781;9.720000267028809;9.819999694824219;69200
2020-09-17;9.819999694824219;9.819999694824219;9.529999732971191;9.680000305175781;201900
2020-09-18;9.789999961853027;10.039999961853027;9.579999923706055;10.010000228881836;311800
2020-09-21;9.899999618530273;10.300000190734863;9.319999694824219;9.510000228881836;97600
2020-09-22;9.5600004196167;9.729999542236328;9.449999809265137;9.670000076293945;73300
2020-09-23;9.699999809265137;9.760000228881836;9.300000190734863;9.359999656677246;194300
2020-09-24;9.420000076293945;9.430000305175781;9.140000343322754;9.180000305175781;183800
2020-09-25;9.180000305175781;9.479999542236328;9.149999618530273;9.34000015258789;219600
2020-09-28;9.420000076293945;9.75;9.380000114440918;9.640000343322754;116500
2020-09-29;9.579999923706055;9.739999771118164;9.34000015258789;9.680000305175781;78000
2020-09-30;9.670000076293945;9.90999984741211;9.609999656677246;9.720000267028809;62500
2020-10-01;9.8100004196167;9.8100004196167;9.40999984741211;9.619999885559082;71200
2020-10-02;9.550000190734863;9.600000381469727;9.329999923706055;9.430000305175781;131400
2020-10-05;9.5;10.029999732971191;9.5;9.979999542236328;163800
2020-10-06;10.140000343322754;10.6899995803833;10.0;10.520000457763672;295800
2020-10-07;9.5;10.4399995803833;9.369999885559082;10.100000381469727;298600
2020-10-08;10.100000381469727;10.149999618530273;9.699999809265137;9.880000114440918;495700
2020-10-09;9.970000267028809;10.130000114440918;9.949999809265137;10.0600004196167;61000
2020-10-12;10.119999885559082;10.34000015258789;10.029999732971191;10.239999771118164;69800
2020-10-13;10.149999618530273;10.380000114440918;10.039999961853027;10.279999732971191;53400
2020-10-14;10.359999656677246;10.479999542236328;10.170000076293945;10.420000076293945;335900
2020-10-15;10.350000381469727;10.770000457763672;10.270000457763672;10.359999656677246;152200
2020-10-16;10.460000038146973;10.729999542236328;10.300000190734863;10.430000305175781;340900
2020-10-19;10.489999771118164;10.5600004196167;10.0600004196167;10.09000015258789;79900
2020-10-20;10.170000076293945;10.329999923706055;10.0;10.210000038146973;215800
2020-10-21;10.199999809265137;10.300000190734863;9.899999618530273;9.960000038146973;120100
2020-10-22;9.970000267028809;10.119999885559082;9.970000267028809;10.0;102400
2020-10-23;10.09000015258789;10.359999656677246;9.989999771118164;10.25;78100
2020-10-26;10.199999809265137;10.199999809265137;9.949999809265137;10.149999618530273;88900
2020-10-27;10.09000015258789;10.369999885559082;10.069999694824219;10.149999618530273;157500
2020-10-28;9.960000038146973;10.199999809265137;9.5600004196167;9.760000228881836;109000
2020-10-29;9.6899995803833;9.800000190734863;9.539999961853027;9.710000038146973;90600
2020-10-30;9.6899995803833;9.6899995803833;9.529999732971191;9.609999656677246;113500
2020-11-02;9.710000038146973;9.779999732971191;9.600000381469727;9.640000343322754;138700
2020-11-03;9.8100004196167;10.010000228881836;9.6899995803833;9.970000267028809;64500
2020-11-04;9.890000343322754;10.119999885559082;9.609999656677246;9.739999771118164;235800
2020-11-05;9.75;9.880000114440918;9.649999618530273;9.710000038146973;77400
2020-11-06;9.779999732971191;9.779999732971191;9.319999694824219;9.4399995803833;160100
2020-11-09;9.890000343322754;10.140000343322754;9.270000457763672;9.300000190734863;183000
2020-11-10;9.420000076293945;9.710000038146973;9.199999809265137;9.630000114440918;252900
2020-11-11;9.720000267028809;9.880000114440918;9.510000228881836;9.729999542236328;280400
2020-11-12;9.779999732971191;9.8100004196167;9.550000190734863;9.65999984741211;121900
2020-11-13;9.760000228881836;9.9399995803833;9.619999885559082;9.850000381469727;73700
2020-11-16;9.979999542236328;10.300000190734863;9.970000267028809;10.210000038146973;128300
2020-11-17;10.210000038146973;10.34000015258789;10.0600004196167;10.25;71200
2020-11-18;10.300000190734863;10.460000038146973;10.149999618530273;10.170000076293945;102600
2020-11-19;10.119999885559082;10.329999923706055;9.949999809265137;10.300000190734863;81200
2020-11-20;10.1899995803833;10.260000228881836;10.0;10.210000038146973;105400
2020-11-23;10.210000038146973;10.270000457763672;10.100000381469727;10.210000038146973;80600
2020-11-24;10.239999771118164;10.489999771118164;10.180000305175781;10.40999984741211;84800
2020-11-25;10.350000381469727;10.729999542236328;10.270000457763672;10.5600004196167;190600
2020-11-27;10.520000457763672;10.649999618530273;10.199999809265137;10.319999694824219;35500
2020-11-30;10.300000190734863;10.449999809265137;9.989999771118164;10.350000381469727;170600
2020-12-01;10.449999809265137;10.670000076293945;10.119999885559082;10.5;136300
2020-12-02;10.5;10.84000015258789;10.3100004196167;10.75;92400
2020-12-03;10.779999732971191;11.100000381469727;10.6899995803833;10.9399995803833;93400
2020-12-04;11.029999732971191;11.170000076293945;10.8100004196167;11.100000381469727;145300
2020-12-07;11.140000343322754;11.149999618530273;10.970000267028809;11.039999961853027;88700
2020-12-08;10.949999809265137;11.270000457763672;10.949999809265137;11.220000267028809;54300
2020-12-09;11.3100004196167;11.720000267028809;11.180000305175781;11.699999809265137;94800
2020-12-10;11.699999809265137;11.819999694824219;11.40999984741211;11.760000228881836;69700
2020-12-11;11.710000038146973;11.8100004196167;11.40999984741211;11.770000457763672;218100
2020-12-14;11.710000038146973;11.890000343322754;11.630000114440918;11.640000343322754;72500
2020-12-15;11.739999771118164;11.739999771118164;11.300000190734863;11.34000015258789;70200
2020-12-16;11.40999984741211;11.40999984741211;10.920000076293945;10.989999771118164;108700
2020-12-17;11.020000457763672;11.270000457763672;10.920000076293945;11.029999732971191;258900
2020-12-18;11.109999656677246;11.109999656677246;10.899999618530273;10.9399995803833;563000
2020-12-21;10.729999542236328;10.930000305175781;10.449999809265137;10.510000228881836;228300
2020-12-22;10.529999732971191;10.920000076293945;10.199999809265137;10.229999542236328;165800
2020-12-23;10.239999771118164;10.390000343322754;10.210000038146973;10.25;99300
2020-12-24;10.220000267028809;10.399999618530273;10.050000190734863;10.130000114440918;45200
2020-12-28;10.15999984741211;10.630000114440918;10.15999984741211;10.579999923706055;137300
2020-12-29;10.630000114440918;10.720000267028809;10.449999809265137;10.470000267028809;67900
2020-12-30;10.539999961853027;10.720000267028809;10.40999984741211;10.600000381469727;151600
2020-12-31;10.609999656677246;10.90999984741211;10.579999923706055;10.850000381469727;150500
2021-01-04;10.890000343322754;11.180000305175781;10.8100004196167;11.09000015258789;90800
2021-01-05;11.09000015258789;11.40999984741211;11.029999732971191;11.039999961853027;226400
2021-01-06;11.199999809265137;11.65999984741211;11.039999961853027;11.270000457763672;221600
2021-01-07;11.229999542236328;11.229999542236328;10.239999771118164;10.800000190734863;254100
2021-01-08;10.880000114440918;11.0;10.600000381469727;10.739999771118164;118600
2021-01-11;10.609999656677246;10.9399995803833;10.609999656677246;10.9399995803833;86000
2021-01-12;10.9399995803833;10.9399995803833;10.40999984741211;10.550000190734863;97400
2021-01-13;10.539999961853027;10.960000038146973;10.390000343322754;10.829999923706055;198800
2021-01-14;10.920000076293945;11.199999809265137;10.859999656677246;11.020000457763672;141200
2021-01-15;10.979999542236328;11.039999961853027;10.699999809265137;10.829999923706055;84600
2021-01-19;10.850000381469727;11.199999809265137;10.699999809265137;11.180000305175781;264600
2021-01-20;12.029999732971191;12.239999771118164;11.600000381469727;11.789999961853027;262400
2021-01-21;11.859999656677246;11.920000076293945;11.609999656677246;11.6899995803833;281800
2021-01-22;11.619999885559082;11.789999961853027;11.229999542236328;11.319999694824219;121100
2021-01-25;11.270000457763672;11.5600004196167;11.149999618530273;11.350000381469727;135900
2021-01-26;11.449999809265137;11.59000015258789;10.770000457763672;10.970000267028809;154400
2021-01-27;10.779999732971191;10.9399995803833;10.550000190734863;10.770000457763672;110600
2021-01-28;10.859999656677246;10.880000114440918;10.4399995803833;10.680000305175781;113400
2021-01-29;10.640000343322754;10.720000267028809;10.550000190734863;10.65999984741211;79000
2021-02-01;10.640000343322754;10.850000381469727;10.5;10.520000457763672;49600
2021-02-02;10.5600004196167;11.0;10.479999542236328;10.859999656677246;113900
2021-02-03;10.789999961853027;11.029999732971191;10.789999961853027;11.010000228881836;87900
2021-02-04;11.0;11.149999618530273;10.829999923706055;11.130000114440918;50100
2021-02-05;11.210000038146973;11.210000038146973;10.8100004196167;10.949999809265137;56300
2021-02-08;10.9399995803833;11.130000114440918;10.90999984741211;11.109999656677246;76700
2021-02-09;11.430000305175781;12.1899995803833;11.350000381469727;12.010000228881836;188200
2021-02-10;12.109999656677246;12.1899995803833;11.529999732971191;11.930000305175781;117400
2021-02-11;11.949999809265137;12.100000381469727;11.75;12.020000457763672;100700
2021-02-12;11.770000457763672;12.079999923706055;11.739999771118164;11.970000267028809;105900
2021-02-16;12.069999694824219;12.1899995803833;11.819999694824219;12.050000190734863;185800
2021-02-17;11.989999771118164;12.069999694824219;11.640000343322754;11.739999771118164;70400
2021-02-18;11.739999771118164;11.739999771118164;11.359999656677246;11.4399995803833;96100
2021-02-19;11.460000038146973;11.600000381469727;11.279999732971191;11.359999656677246;70400
2021-02-22;11.369999885559082;11.630000114440918;11.270000457763672;11.5600004196167;50100
2021-02-23;11.5600004196167;11.5600004196167;10.989999771118164;11.25;87500
2021-02-24;11.289999961853027;11.779999732971191;11.100000381469727;11.75;128200
2021-02-25;11.670000076293945;11.859999656677246;11.569999694824219;11.640000343322754;110500
2021-02-26;11.640000343322754;11.720000267028809;11.149999618530273;11.149999618530273;83300
2021-03-01;11.300000190734863;11.40999984741211;11.1899995803833;11.229999542236328;58800
2021-03-02;11.210000038146973;11.430000305175781;11.15999984741211;11.210000038146973;51100
2021-03-03;11.239999771118164;11.470000267028809;10.90999984741211;11.350000381469727;50300
2021-03-04;11.369999885559082;11.479999542236328;10.989999771118164;11.069999694824219;64900
2021-03-05;11.210000038146973;11.210000038146973;10.930000305175781;11.119999885559082;95700
2021-03-08;11.199999809265137;11.319999694824219;10.880000114440918;11.15999984741211;93000
2021-03-09;11.329999923706055;11.899999618530273;11.319999694824219;11.859999656677246;78600
2021-03-10;11.880000114440918;12.09000015258789;11.539999961853027;11.949999809265137;64500
2021-03-11;12.050000190734863;12.220000267028809;11.829999923706055;12.220000267028809;84100
2021-03-12;12.170000076293945;12.220000267028809;11.949999809265137;12.09000015258789;47700
2021-03-15;12.0600004196167;12.0600004196167;11.729999542236328;11.829999923706055;57900
2021-03-16;11.850000381469727;11.859999656677246;11.449999809265137;11.670000076293945;54800
2021-03-17;11.579999923706055;11.800000190734863;11.470000267028809;11.630000114440918;52900
2021-03-18;11.630000114440918;11.779999732971191;11.300000190734863;11.359999656677246;47400
2021-03-19;11.359999656677246;11.470000267028809;11.220000267028809;11.40999984741211;233300
2021-03-22;11.550000190734863;11.550000190734863;11.050000190734863;11.15999984741211;55900
2021-03-23;11.149999618530273;11.149999618530273;10.710000038146973;10.75;60600
2021-03-24;10.869999885559082;10.869999885559082;10.34000015258789;10.4399995803833;78500
2021-03-25;10.449999809265137;10.729999542236328;10.229999542236328;10.699999809265137;479500
2021-03-26;10.819999694824219;10.949999809265137;10.609999656677246;10.819999694824219;110200
2021-03-29;10.800000190734863;11.010000228881836;10.510000228881836;10.520000457763672;70300
2021-03-30;10.510000228881836;10.600000381469727;10.319999694824219;10.550000190734863;166600
2021-03-31;10.59000015258789;10.779999732971191;10.529999732971191;10.600000381469727;159500
2021-04-01;10.649999618530273;10.869999885559082;10.579999923706055;10.630000114440918;150200
2021-04-05;10.760000228881836;11.109999656677246;10.65999984741211;10.989999771118164;215300
2021-04-06;11.0600004196167;11.319999694824219;11.050000190734863;11.180000305175781;114300
2021-04-07;11.239999771118164;11.239999771118164;10.880000114440918;10.949999809265137;133100
2021-04-08;9.380000114440918;10.180000305175781;9.270000457763672;10.020000457763672;755700
2021-04-09;10.0;10.0600004196167;9.479999542236328;9.90999984741211;400700
2021-04-12;9.880000114440918;10.149999618530273;9.789999961853027;10.0600004196167;417400
2021-04-13;10.100000381469727;10.460000038146973;10.039999961853027;10.399999618530273;144700
2021-04-14;10.449999809265137;10.75;10.449999809265137;10.550000190734863;88500
2021-04-15;10.859999656677246;11.350000381469727;10.75;11.300000190734863;285200
2021-04-16;11.649999618530273;11.739999771118164;11.029999732971191;11.199999809265137;169500
2021-04-19;11.239999771118164;11.420000076293945;10.899999618530273;10.970000267028809;127500
2021-04-20;11.260000228881836;11.609999656677246;10.739999771118164;10.899999618530273;115900
2021-04-21;10.949999809265137;11.1899995803833;10.949999809265137;11.170000076293945;76500
2021-04-22;11.260000228881836;11.369999885559082;11.199999809265137;11.3100004196167;113800
2021-04-23;11.670000076293945;11.75;11.350000381469727;11.649999618530273;106600
2021-04-26;11.729999542236328;11.729999542236328;11.170000076293945;11.270000457763672;92100
2021-04-27;11.279999732971191;11.40999984741211;11.239999771118164;11.399999618530273;118400
2021-04-28;11.390000343322754;11.390000343322754;11.239999771118164;11.350000381469727;70500
2021-04-29;11.380000114440918;11.479999542236328;11.25;11.470000267028809;79300
2021-04-30;11.359999656677246;11.420000076293945;11.180000305175781;11.319999694824219;121200
2021-05-03;11.4399995803833;11.720000267028809;11.350000381469727;11.6899995803833;77000
2021-05-04;11.649999618530273;11.65999984741211;11.5;11.550000190734863;74100
2021-05-05;11.529999732971191;12.029999732971191;11.489999771118164;11.949999809265137;120400
2021-05-06;12.020000457763672;12.40999984741211;11.829999923706055;12.40999984741211;182200
2021-05-07;12.369999885559082;12.5600004196167;12.119999885559082;12.520000457763672;123200
2021-05-10;12.5600004196167;12.5600004196167;12.0;12.020000457763672;84000
2021-05-11;11.899999618530273;12.0600004196167;11.59000015258789;11.649999618530273;63300
2021-05-12;11.640000343322754;11.819999694824219;11.539999961853027;11.65999984741211;59700
2021-05-13;11.670000076293945;11.859999656677246;11.4399995803833;11.760000228881836;59100
2021-05-14;11.890000343322754;12.199999809265137;11.649999618530273;12.170000076293945;93100
2021-05-17;12.210000038146973;12.489999771118164;12.079999923706055;12.390000343322754;82800
2021-05-18;12.34000015258789;12.40999984741211;12.039999961853027;12.09000015258789;84200
2021-05-19;12.140000343322754;12.149999618530273;11.829999923706055;12.069999694824219;82700
2021-05-20;12.100000381469727;12.25;11.960000038146973;12.170000076293945;74200
2021-05-21;12.100000381469727;12.329999923706055;12.029999732971191;12.220000267028809;64100
2021-05-24;12.180000305175781;12.180000305175781;11.899999618530273;11.90999984741211;82600
2021-05-25;11.859999656677246;11.859999656677246;11.520000457763672;11.539999961853027;118700
2021-05-26;11.520000457763672;11.770000457763672;11.329999923706055;11.729999542236328;94000
2021-05-27;11.800000190734863;11.880000114440918;11.350000381469727;11.369999885559082;399400
2021-05-28;11.4399995803833;12.010000228881836;11.40999984741211;11.970000267028809;148500
2021-06-01;11.979999542236328;11.989999771118164;11.5600004196167;11.640000343322754;89100
2021-06-02;12.4399995803833;12.460000038146973;11.930000305175781;12.4399995803833;128700
2021-06-03;12.319999694824219;12.470000267028809;12.199999809265137;12.3100004196167;116800
2021-06-04;12.40999984741211;12.850000381469727;12.289999961853027;12.75;170600
2021-06-07;12.739999771118164;12.84000015258789;12.479999542236328;12.779999732971191;83200
2021-06-08;12.770000457763672;12.880000114440918;12.65999984741211;12.710000038146973;154700
2021-06-09;12.699999809265137;12.699999809265137;12.239999771118164;12.289999961853027;45600
2021-06-10;12.289999961853027;12.3100004196167;12.0600004196167;12.079999923706055;33100
2021-06-11;12.260000228881836;12.260000228881836;11.949999809265137;12.0600004196167;101000
2021-06-14;12.149999618530273;12.149999618530273;11.670000076293945;11.710000038146973;60000
2021-06-15;11.720000267028809;11.850000381469727;11.4399995803833;11.539999961853027;81700
2021-06-16;11.539999961853027;11.609999656677246;11.300000190734863;11.510000228881836;275000
2021-06-17;11.5600004196167;11.699999809265137;11.329999923706055;11.529999732971191;187900
2021-06-18;11.479999542236328;11.640000343322754;11.329999923706055;11.470000267028809;298800
2021-06-21;11.479999542236328;11.600000381469727;11.279999732971191;11.289999961853027;242300
2021-06-22;11.199999809265137;11.510000228881836;10.710000038146973;10.9399995803833;237700
2021-06-23;10.9399995803833;11.1899995803833;10.930000305175781;10.979999542236328;141500
2021-06-24;11.0;11.300000190734863;10.899999618530273;11.25;66300
2021-06-25;11.199999809265137;11.449999809265137;10.869999885559082;11.100000381469727;314200
2021-06-28;11.130000114440918;11.130000114440918;10.720000267028809;10.800000190734863;116000
2021-06-29;10.819999694824219;11.029999732971191;10.75;10.949999809265137;88000
2021-06-30;10.869999885559082;11.279999732971191;10.869999885559082;11.25;136500
2021-07-01;11.270000457763672;11.40999984741211;11.0600004196167;11.239999771118164;84400
2021-07-02;11.270000457763672;11.289999961853027;11.109999656677246;11.220000267028809;72400
2021-07-06;11.210000038146973;11.210000038146973;10.960000038146973;11.149999618530273;124900
2021-07-07;11.170000076293945;11.3100004196167;11.149999618530273;11.25;113600
2021-07-08;11.180000305175781;11.359999656677246;11.15999984741211;11.3100004196167;104300
2021-07-09;11.350000381469727;11.470000267028809;11.300000190734863;11.4399995803833;79900
2021-07-12;11.390000343322754;11.430000305175781;11.15999984741211;11.25;61200
2021-07-13;11.199999809265137;11.369999885559082;11.15999984741211;11.319999694824219;145000
2021-07-14;11.359999656677246;11.359999656677246;11.1899995803833;11.270000457763672;96900
2021-07-15;11.25;11.579999923706055;11.119999885559082;11.510000228881836;146000
2021-07-16;11.630000114440918;11.6899995803833;11.449999809265137;11.59000015258789;116100
2021-07-19;11.5;12.050000190734863;11.300000190734863;11.960000038146973;197400
2021-07-20;12.0;12.34000015258789;11.90999984741211;12.170000076293945;131100
