Date;Open;High;Low;Close;Volume
2013-03-22;133.0;139.64999389648438;113.81999969482422;113.81999969482422;1570200
2013-03-25;116.55000305175781;116.55000305175781;106.05000305175781;111.08999633789062;177700
2013-03-26;113.05000305175781;121.66000366210938;112.06999969482422;119.27999877929688;49800
2013-03-27;119.0;119.0;115.43000030517578;115.8499984741211;28900
2013-03-28;115.91999816894531;116.97000122070312;113.05000305175781;115.01000213623047;15800
2013-04-01;113.33000183105469;115.01000213623047;111.16000366210938;111.93000030517578;17700
2013-04-02;111.93000030517578;112.55999755859375;109.19999694824219;109.2699966430664;23200
2013-04-03;109.19999694824219;109.97000122070312;102.76000213623047;103.5999984741211;91500
2013-04-04;103.38999938964844;107.58999633789062;102.55000305175781;107.44999694824219;25800
2013-04-05;102.69000244140625;106.54000091552734;102.69000244140625;105.83999633789062;15300
2013-04-08;105.27999877929688;110.80999755859375;105.27999877929688;110.25;17800
2013-04-09;108.8499984741211;111.30000305175781;108.8499984741211;109.9000015258789;13300
2013-04-10;108.8499984741211;110.5999984741211;107.58999633789062;108.8499984741211;18200
2013-04-11;108.5;108.77999877929688;104.58000183105469;108.08000183105469;24500
2013-04-12;107.5199966430664;108.5;103.18000030517578;104.30000305175781;84300
2013-04-15;102.9000015258789;105.27999877929688;102.9000015258789;103.11000061035156;28700
2013-04-16;105.91000366210938;106.61000061035156;103.94999694824219;104.6500015258789;89700
2013-04-17;104.72000122070312;108.5;102.69000244140625;104.2300033569336;99100
2013-04-18;104.93000030517578;106.19000244140625;102.2699966430664;102.33999633789062;23500
2013-04-19;104.30000305175781;105.69999694824219;101.8499984741211;104.37000274658203;29000
2013-04-22;104.2300033569336;105.41999816894531;102.2699966430664;102.2699966430664;18300
2013-04-23;102.2699966430664;104.72000122070312;102.2699966430664;104.72000122070312;20400
2013-04-24;104.93000030517578;105.13999938964844;102.62000274658203;103.11000061035156;15100
2013-04-25;102.97000122070312;104.30000305175781;101.5;101.63999938964844;16500
2013-04-26;102.55000305175781;102.55000305175781;98.3499984741211;98.9800033569336;23900
2013-04-29;100.16999816894531;101.1500015258789;99.12000274658203;100.16999816894531;15000
2013-04-30;100.66000366210938;103.25;98.7699966430664;102.9000015258789;12400
2013-05-01;102.9000015258789;103.73999786376953;99.88999938964844;99.95999908447266;11600
2013-05-02;101.01000213623047;105.55999755859375;99.33000183105469;103.87999725341797;35500
2013-05-03;105.83999633789062;105.83999633789062;96.45999908447266;98.3499984741211;55900
2013-05-06;98.62999725341797;101.1500015258789;94.8499984741211;98.3499984741211;43100
2013-05-07;98.83999633789062;100.58999633789062;98.69999694824219;99.26000213623047;6400
2013-05-08;99.54000091552734;99.88999938964844;97.6500015258789;99.88999938964844;10700
2013-05-09;101.56999969482422;101.56999969482422;78.75;80.08000183105469;222000
2013-05-10;80.08000183105469;80.08000183105469;67.55000305175781;69.93000030517578;195500
2013-05-13;70.0;70.7699966430664;63.77000045776367;65.87000274658203;147300
2013-05-14;65.23999786376953;66.8499984741211;61.25;65.58999633789062;121400
2013-05-15;69.93000030517578;79.02999877929688;69.86000061035156;74.33999633789062;323800
2013-05-16;75.94999694824219;80.43000030517578;74.9000015258789;79.23999786376953;92300
2013-05-17;80.5;85.12000274658203;79.23999786376953;84.0;67600
2013-05-20;84.41999816894531;85.12000274658203;83.08999633789062;83.93000030517578;37900
2013-05-21;83.93000030517578;87.56999969482422;78.54000091552734;86.87000274658203;64200
2013-05-22;86.37999725341797;87.01000213623047;85.12000274658203;85.95999908447266;20000
2013-05-23;84.27999877929688;85.95999908447266;81.9000015258789;85.75;51300
2013-05-24;84.9800033569336;85.61000061035156;84.27999877929688;85.12000274658203;16600
2013-05-28;85.88999938964844;86.16999816894531;84.83999633789062;85.26000213623047;15300
2013-05-29;85.05000305175781;85.33000183105469;83.6500015258789;85.05000305175781;10300
2013-05-30;84.9800033569336;85.05000305175781;83.86000061035156;83.93000030517578;13700
2013-05-31;84.0;84.69999694824219;82.94999694824219;83.93000030517578;12800
2013-06-03;83.79000091552734;84.06999969482422;80.5;81.05999755859375;95400
2013-06-04;82.25;82.5999984741211;81.33999633789062;81.9000015258789;18300
2013-06-05;81.4800033569336;82.25;77.06999969482422;77.91000366210938;10000
2013-06-06;78.05000305175781;78.88999938964844;74.33999633789062;75.94999694824219;12000
2013-06-07;71.75;76.6500015258789;71.75;74.19999694824219;33300
2013-06-10;74.4800033569336;76.44000244140625;73.77999877929688;76.08999633789062;17800
2013-06-11;75.25;78.75;75.11000061035156;77.41999816894531;11600
2013-06-12;77.69999694824219;77.69999694824219;74.55000305175781;74.9000015258789;6300
2013-06-13;74.69000244140625;74.9000015258789;72.58999633789062;73.56999969482422;6000
2013-06-14;73.5;74.4800033569336;73.43000030517578;73.77999877929688;5900
2013-06-17;74.62000274658203;74.62000274658203;72.66000366210938;72.94000244140625;18700
2013-06-18;72.58999633789062;73.5;69.16000366210938;72.7300033569336;28900
2013-06-19;72.30999755859375;75.94999694824219;72.16999816894531;73.36000061035156;37100
2013-06-20;71.95999908447266;73.70999908447266;71.88999938964844;73.43000030517578;9500
2013-06-21;73.91999816894531;74.41000366210938;72.87000274658203;72.87000274658203;18100
2013-06-24;72.23999786376953;72.80000305175781;67.33999633789062;72.30999755859375;17500
2013-06-25;73.01000213623047;73.98999786376953;69.79000091552734;71.19000244140625;8700
2013-06-26;71.33000183105469;72.30999755859375;69.6500015258789;71.12000274658203;13300
2013-06-27;71.81999969482422;71.81999969482422;69.6500015258789;70.7699966430664;11700
2013-06-28;71.05000305175781;73.91999816894531;69.51000213623047;71.68000030517578;120800
2013-07-01;71.81999969482422;77.20999908447266;71.54000091552734;76.6500015258789;21300
2013-07-02;76.44000244140625;78.47000122070312;76.08999633789062;77.9800033569336;19400
2013-07-03;77.7699966430664;80.43000030517578;77.7699966430664;79.87000274658203;13100
2013-07-05;80.56999969482422;84.62999725341797;79.7300033569336;81.76000213623047;48400
2013-07-08;81.4800033569336;82.52999877929688;80.08000183105469;80.98999786376953;14400
2013-07-09;80.91999816894531;80.91999816894531;76.72000122070312;77.0;15200
2013-07-10;76.58000183105469;79.30999755859375;76.58000183105469;78.33000183105469;7600
2013-07-11;79.23999786376953;83.93000030517578;79.23999786376953;82.31999969482422;28400
2013-07-12;83.51000213623047;85.68000030517578;82.25;84.06999969482422;20300
2013-07-15;84.27999877929688;84.7699966430664;82.25;84.13999938964844;5300
2013-07-16;83.93000030517578;84.20999908447266;80.70999908447266;80.98999786376953;7200
2013-07-17;81.33999633789062;84.06999969482422;80.70999908447266;83.51000213623047;7500
2013-07-18;83.44000244140625;84.27999877929688;83.08999633789062;83.6500015258789;5800
2013-07-19;83.37000274658203;84.41999816894531;80.8499984741211;83.08999633789062;10700
2013-07-22;84.06999969482422;84.06999969482422;81.69000244140625;82.18000030517578;9600
2013-07-23;82.11000061035156;83.16000366210938;81.33999633789062;81.55000305175781;7000
2013-07-24;81.69000244140625;82.80999755859375;80.01000213623047;82.18000030517578;11500
2013-07-25;81.9000015258789;83.30000305175781;80.5;82.80999755859375;6000
2013-07-26;82.38999938964844;83.58000183105469;81.05999755859375;82.04000091552734;7600
2013-07-29;81.76000213623047;81.9000015258789;79.44999694824219;80.43000030517578;1400
2013-07-30;80.77999877929688;81.05999755859375;78.33000183105469;79.7300033569336;8400
2013-07-31;79.94000244140625;81.62000274658203;79.44999694824219;80.91999816894531;4900
2013-08-01;81.19999694824219;82.04000091552734;79.23999786376953;80.43000030517578;4500
2013-08-02;80.56999969482422;81.9000015258789;79.37999725341797;81.62000274658203;7200
2013-08-05;81.83000183105469;83.86000061035156;78.75;83.44000244140625;16100
2013-08-06;83.86000061035156;86.58999633789062;82.18000030517578;85.54000091552734;18000
2013-08-07;86.7300033569336;87.5;83.6500015258789;84.83999633789062;17200
2013-08-08;90.2300033569336;91.0;81.12999725341797;86.37999725341797;36600
2013-08-09;86.5199966430664;88.05999755859375;84.55999755859375;87.70999908447266;14600
2013-08-12;87.63999938964844;92.4000015258789;85.68000030517578;91.83999633789062;14600
2013-08-13;92.33000183105469;94.8499984741211;91.41999816894531;93.23999786376953;17000
2013-08-14;93.58999633789062;95.76000213623047;92.88999938964844;94.70999908447266;10500
2013-08-15;94.01000213623047;98.41999816894531;92.81999969482422;94.98999786376953;33500
2013-08-16;94.56999969482422;97.30000305175781;93.80000305175781;96.25;18600
2013-08-19;95.9000015258789;97.93000030517578;93.94000244140625;97.6500015258789;17000
2013-08-20;97.6500015258789;100.58999633789062;97.2300033569336;98.0;14200
2013-08-21;97.93000030517578;100.16999816894531;97.30000305175781;97.79000091552734;9400
2013-08-22;97.6500015258789;98.9800033569336;97.30000305175781;98.48999786376953;11200
2013-08-23;98.48999786376953;98.83999633789062;95.19999694824219;95.69000244140625;6100
2013-08-26;95.41000366210938;96.5999984741211;95.41000366210938;95.55000305175781;4100
2013-08-27;95.19999694824219;96.5999984741211;94.91999816894531;95.19999694824219;11700
2013-08-28;94.98999786376953;96.66999816894531;91.9800033569336;92.19000244140625;7100
2013-08-29;92.61000061035156;96.66999816894531;92.61000061035156;94.98999786376953;10000
2013-08-30;94.63999938964844;94.63999938964844;90.37000274658203;92.4000015258789;5700
2013-09-03;93.44999694824219;96.25;93.37999725341797;94.70999908447266;13700
2013-09-04;95.9000015258789;97.51000213623047;94.43000030517578;95.2699966430664;11300
2013-09-05;95.76000213623047;98.7699966430664;95.76000213623047;96.94999694824219;14700
2013-09-06;97.37000274658203;98.41999816894531;94.43000030517578;94.98999786376953;13700
2013-09-09;95.55000305175781;95.55000305175781;93.02999877929688;94.63999938964844;6400
2013-09-10;94.77999877929688;96.73999786376953;92.05000305175781;93.94000244140625;9500
2013-09-11;93.5199966430664;94.08000183105469;89.80999755859375;90.2300033569336;11900
2013-09-12;90.44000244140625;90.44000244140625;84.7699966430664;85.12000274658203;36100
2013-09-13;84.7699966430664;84.7699966430664;80.5;84.3499984741211;32300
2013-09-16;85.05000305175781;85.68000030517578;81.62000274658203;82.38999938964844;15600
2013-09-17;81.9000015258789;88.9000015258789;80.8499984741211;85.95999908447266;25400
2013-09-18;86.44999694824219;94.1500015258789;85.81999969482422;91.20999908447266;66500
2013-09-19;90.93000030517578;92.05000305175781;88.33999633789062;91.13999938964844;30200
2013-09-20;90.86000061035156;91.48999786376953;89.11000061035156;89.73999786376953;18900
2013-09-23;90.30000305175781;91.3499984741211;89.04000091552734;90.79000091552734;5000
2013-09-24;90.6500015258789;93.94000244140625;90.37000274658203;92.75;14400
2013-09-25;92.61000061035156;92.68000030517578;89.80999755859375;90.30000305175781;4700
2013-09-26;90.93000030517578;91.48999786376953;90.08999633789062;90.51000213623047;11100
2013-09-27;89.04000091552734;90.93000030517578;88.05999755859375;88.33999633789062;15300
2013-09-30;87.5;88.83000183105469;84.0;87.8499984741211;13000
2013-10-01;86.80000305175781;87.98999786376953;84.27999877929688;85.4000015258789;20600
2013-10-02;85.75;86.5199966430664;85.19000244140625;86.0999984741211;7500
2013-10-03;85.05000305175781;86.0999984741211;81.9000015258789;82.52999877929688;18900
2013-10-04;80.91999816894531;83.37000274658203;80.56999969482422;82.66999816894531;11400
2013-10-07;81.33999633789062;83.30000305175781;81.33999633789062;82.73999786376953;16900
2013-10-08;81.9000015258789;82.38999938964844;79.30999755859375;80.22000122070312;12900
2013-10-09;80.22000122070312;81.33999633789062;74.33999633789062;76.2300033569336;37200
2013-10-10;76.86000061035156;77.91000366210938;73.70999908447266;76.72000122070312;15900
2013-10-11;76.72000122070312;77.7699966430664;76.30000305175781;77.3499984741211;10100
2013-10-14;77.55999755859375;80.77999877929688;77.55999755859375;80.43000030517578;14700
2013-10-15;80.5;81.05999755859375;77.7699966430664;79.80000305175781;17400
2013-10-16;80.29000091552734;83.93000030517578;80.08000183105469;81.12999725341797;14800
2013-10-17;80.56999969482422;82.80999755859375;79.37999725341797;81.83000183105469;8000
2013-10-18;82.87999725341797;86.37999725341797;82.38999938964844;86.16999816894531;13500
2013-10-21;87.01000213623047;88.9000015258789;85.54000091552734;86.37999725341797;9300
2013-10-22;86.66000366210938;89.45999908447266;86.16999816894531;87.22000122070312;14400
2013-10-23;86.5199966430664;88.12999725341797;86.23999786376953;87.29000091552734;11900
2013-10-24;87.1500015258789;89.18000030517578;86.80000305175781;88.2699966430664;8300
2013-10-25;88.76000213623047;88.76000213623047;86.16999816894531;87.63999938964844;7600
2013-10-28;87.63999938964844;89.66999816894531;86.23999786376953;86.94000244140625;9300
2013-10-29;87.98999786376953;89.87999725341797;86.5199966430664;87.36000061035156;16900
2013-10-30;88.05999755859375;89.04000091552734;82.38999938964844;83.08999633789062;32300
2013-10-31;83.6500015258789;85.68000030517578;80.5;81.12999725341797;15300
2013-11-01;80.98999786376953;82.52999877929688;78.05000305175781;80.36000061035156;13500
2013-11-04;80.36000061035156;82.87999725341797;78.81999969482422;79.80000305175781;15700
2013-11-05;79.7300033569336;80.08000183105469;78.88999938964844;79.02999877929688;12300
2013-11-06;79.23999786376953;80.43000030517578;77.69999694824219;78.95999908447266;29500
2013-11-07;79.94000244140625;83.86000061035156;71.05000305175781;72.0999984741211;58700
2013-11-08;72.0999984741211;77.55999755859375;72.0999984741211;74.9000015258789;22100
2013-11-11;73.08000183105469;73.22000122070312;67.33999633789062;72.58999633789062;73500
2013-11-12;72.58999633789062;73.8499984741211;72.02999877929688;73.70999908447266;12300
2013-11-13;72.94000244140625;73.56999969482422;70.06999969482422;70.41999816894531;15200
2013-11-14;70.20999908447266;70.7699966430664;67.41000366210938;69.51000213623047;19400
2013-11-15;70.0;70.20999908447266;65.30999755859375;67.76000213623047;32700
2013-11-18;67.76000213623047;68.18000030517578;64.26000213623047;64.68000030517578;32000
2013-11-19;64.4000015258789;65.0999984741211;63.0;64.05000305175781;30200
2013-11-20;63.70000076293945;64.54000091552734;61.7400016784668;62.650001525878906;25400
2013-11-21;62.650001525878906;64.4000015258789;61.25;61.810001373291016;28900
2013-11-22;61.599998474121094;62.5099983215332;60.900001525878906;61.11000061035156;14500
2013-11-25;60.900001525878906;63.0;59.5;62.790000915527344;33200
2013-11-26;63.13999938964844;63.630001068115234;61.599998474121094;62.5099983215332;41300
2013-11-27;62.22999954223633;63.630001068115234;62.02000045776367;62.93000030517578;13400
2013-11-29;63.0;63.0;60.34000015258789;61.459999084472656;13000
2013-12-02;61.459999084472656;64.12000274658203;60.54999923706055;62.22999954223633;19900
2013-12-03;61.95000076293945;63.06999969482422;61.529998779296875;62.93000030517578;9500
2013-12-04;62.58000183105469;67.05999755859375;62.58000183105469;66.36000061035156;27300
2013-12-05;66.56999969482422;69.79000091552734;65.87000274658203;68.87999725341797;23300
2013-12-06;69.72000122070312;69.86000061035156;64.54000091552734;64.88999938964844;30800
2013-12-09;64.88999938964844;67.62000274658203;64.12000274658203;67.2699966430664;15600
2013-12-10;66.91999816894531;67.41000366210938;64.26000213623047;65.23999786376953;10400
2013-12-11;65.0999984741211;65.23999786376953;61.599998474121094;62.650001525878906;17000
2013-12-12;62.369998931884766;63.630001068115234;61.38999938964844;62.5099983215332;17000
2013-12-13;62.5099983215332;64.05000305175781;61.599998474121094;63.13999938964844;10200
2013-12-16;63.13999938964844;67.55000305175781;62.29999923706055;67.33999633789062;92300
2013-12-17;67.19999694824219;71.54000091552734;66.8499984741211;71.19000244140625;28100
2013-12-18;71.19000244140625;71.19000244140625;68.94999694824219;69.08999633789062;33700
2013-12-19;68.80999755859375;69.93000030517578;68.38999938964844;69.0199966430664;22200
2013-12-20;69.2300033569336;70.83999633789062;66.56999969482422;70.20999908447266;53900
2013-12-23;70.62999725341797;72.80000305175781;70.06999969482422;72.37999725341797;25200
2013-12-24;72.23999786376953;72.7300033569336;71.68000030517578;71.75;9700
2013-12-26;72.44999694824219;76.93000030517578;70.20999908447266;70.62999725341797;35000
2013-12-27;71.05000305175781;73.1500015258789;68.18000030517578;72.5199966430664;28400
2013-12-30;72.23999786376953;73.70999908447266;71.95999908447266;72.80000305175781;23600
2013-12-31;72.66000366210938;77.91000366210938;71.61000061035156;71.68000030517578;42900
2014-01-02;71.54000091552734;71.54000091552734;69.86000061035156;71.19000244140625;14700
2014-01-03;71.54000091552734;73.56999969482422;70.0;72.44999694824219;14900
2014-01-06;72.87000274658203;74.97000122070312;72.16999816894531;74.05999755859375;11700
2014-01-07;75.11000061035156;75.18000030517578;71.68000030517578;73.22000122070312;22100
2014-01-08;73.5;76.30000305175781;73.43000030517578;74.76000213623047;26200
2014-01-09;74.55000305175781;75.38999938964844;73.1500015258789;73.98999786376953;17400
2014-01-10;73.36000061035156;73.77999877929688;72.02999877929688;73.70999908447266;13700
2014-01-13;73.91999816894531;73.91999816894531;67.97000122070312;68.87999725341797;22900
2014-01-14;69.08999633789062;70.06999969482422;68.5999984741211;69.72000122070312;12400
2014-01-15;70.0;75.11000061035156;70.0;71.95999908447266;30400
2014-01-16;72.58999633789062;73.01000213623047;70.48999786376953;71.54000091552734;15800
2014-01-17;71.12000274658203;71.68000030517578;69.79000091552734;70.91000366210938;10700
2014-01-21;70.9800033569336;71.75;69.37000274658203;70.06999969482422;84100
2014-01-22;69.86000061035156;70.3499984741211;68.25;70.06999969482422;17500
2014-01-23;70.3499984741211;70.3499984741211;67.19999694824219;67.55000305175781;29400
2014-01-24;66.91999816894531;66.91999816894531;64.81999969482422;65.80000305175781;19700
2014-01-27;65.80000305175781;66.43000030517578;64.19000244140625;65.02999877929688;22200
2014-01-28;65.02999877929688;70.27999877929688;65.02999877929688;70.20999908447266;24800
2014-01-29;69.86000061035156;70.3499984741211;66.1500015258789;70.06999969482422;26300
2014-01-30;69.93000030517578;72.94000244140625;69.16000366210938;71.26000213623047;22100
2014-01-31;69.93000030517578;70.06999969482422;67.83000183105469;69.08999633789062;14700
2014-02-03;68.73999786376953;69.08999633789062;64.88999938964844;66.22000122070312;19100
2014-02-04;66.8499984741211;69.0199966430664;66.29000091552734;69.0199966430664;11600
2014-02-05;68.52999877929688;68.52999877929688;66.1500015258789;66.70999908447266;14800
2014-02-06;66.91999816894531;67.05999755859375;65.58999633789062;66.22000122070312;19400
2014-02-07;66.56999969482422;69.79000091552734;65.02999877929688;69.08999633789062;18200
2014-02-10;68.80999755859375;73.08000183105469;68.80999755859375;71.88999938964844;18700
2014-02-11;72.58999633789062;72.80000305175781;68.11000061035156;69.0199966430664;21100
2014-02-12;77.69999694824219;80.43000030517578;70.91000366210938;78.75;176800
2014-02-13;79.7300033569336;87.98999786376953;77.91000366210938;87.22000122070312;120700
2014-02-14;86.0999984741211;87.22000122070312;84.0;85.47000122070312;47600
2014-02-18;84.48999786376953;86.30999755859375;82.94999694824219;84.3499984741211;48300
2014-02-19;84.3499984741211;87.01000213623047;83.08999633789062;83.6500015258789;32700
2014-02-20;83.30000305175781;83.86000061035156;81.55000305175781;82.04000091552734;33400
2014-02-21;82.31999969482422;82.31999969482422;75.04000091552734;79.94000244140625;62900
2014-02-24;79.94000244140625;82.52999877929688;78.68000030517578;80.91999816894531;64900
2014-02-25;81.12999725341797;82.25;79.87000274658203;80.70999908447266;46500
2014-02-26;81.05999755859375;84.9800033569336;79.87000274658203;84.3499984741211;118100
2014-02-27;84.3499984741211;85.75;80.70999908447266;85.05000305175781;61200
2014-02-28;84.0;85.33000183105469;78.19000244140625;80.1500015258789;47200
2014-03-03;79.58999633789062;81.12999725341797;75.04000091552734;77.0;49900
2014-03-04;78.12000274658203;80.1500015258789;77.41999816894531;78.75;55100
2014-03-05;78.75;78.75;77.55999755859375;78.47000122070312;16700
2014-03-06;78.54000091552734;78.75;74.97000122070312;75.94999694824219;34100
2014-03-07;76.79000091552734;76.79000091552734;73.8499984741211;75.45999908447266;36400
2014-03-10;75.11000061035156;75.31999969482422;72.30999755859375;73.5;31200
2014-03-11;73.5;74.2699966430664;70.62999725341797;71.4000015258789;24900
2014-03-12;71.05000305175781;71.12000274658203;68.5999984741211;69.93000030517578;61700
2014-03-13;70.0;71.4000015258789;69.30000305175781;71.05000305175781;72200
2014-03-14;71.05000305175781;73.91999816894531;70.13999938964844;72.94000244140625;35100
2014-03-17;73.1500015258789;76.44000244140625;73.1500015258789;76.2300033569336;20100
2014-03-18;75.38999938964844;79.02999877929688;75.38999938964844;78.95999908447266;24800
2014-03-19;79.0999984741211;79.7300033569336;75.87999725341797;76.2300033569336;15900
2014-03-20;76.30000305175781;78.54000091552734;74.2699966430664;76.6500015258789;17500
2014-03-21;76.93000030517578;77.9800033569336;74.33999633789062;75.5999984741211;28500
2014-03-24;75.45999908447266;76.08999633789062;70.55999755859375;73.1500015258789;26400
2014-03-25;73.8499984741211;75.04000091552734;72.16999816894531;72.66000366210938;35500
2014-03-26;73.5;73.70999908447266;67.83000183105469;69.30000305175781;41100
2014-03-27;69.79000091552734;71.33000183105469;68.38999938964844;70.13999938964844;27100
2014-03-28;70.06999969482422;71.26000213623047;68.45999908447266;71.05000305175781;21400
2014-03-31;71.4000015258789;74.55000305175781;70.41999816894531;73.98999786376953;24200
2014-04-01;73.98999786376953;76.72000122070312;73.77999877929688;76.08999633789062;28500
2014-04-02;76.2300033569336;76.2300033569336;72.66000366210938;73.01000213623047;17800
2014-04-03;72.80000305175781;72.94000244140625;70.13999938964844;70.69999694824219;22600
2014-04-04;71.4000015258789;71.4000015258789;68.5999984741211;69.6500015258789;25500
2014-04-07;69.0199966430664;69.44000244140625;67.12999725341797;68.25;26300
2014-04-08;68.11000061035156;70.41999816894531;68.11000061035156;68.52999877929688;13300
2014-04-09;69.0199966430664;70.48999786376953;67.62000274658203;70.06999969482422;13900
2014-04-10;69.86000061035156;69.86000061035156;65.44999694824219;66.56999969482422;47900
2014-04-11;66.08000183105469;67.33999633789062;64.75;64.88999938964844;23200
2014-04-14;65.87000274658203;66.36000061035156;64.54000091552734;65.16999816894531;22800
2014-04-15;65.7300033569336;67.69000244140625;64.88999938964844;67.12999725341797;28600
2014-04-16;67.83000183105469;67.83000183105469;65.30999755859375;66.1500015258789;28300
2014-04-17;65.80000305175781;68.11000061035156;65.0999984741211;67.19999694824219;12600
2014-04-21;66.91999816894531;66.98999786376953;65.0999984741211;65.58999633789062;8000
2014-04-22;66.01000213623047;68.31999969482422;65.66000366210938;67.83000183105469;9100
2014-04-23;67.41000366210938;67.41000366210938;65.0999984741211;65.23999786376953;9900
2014-04-24;65.5199966430664;66.22000122070312;64.95999908447266;65.16999816894531;14400
2014-04-25;65.0999984741211;65.44999694824219;64.68000030517578;65.0999984741211;35700
2014-04-28;65.30999755859375;66.1500015258789;64.75;65.16999816894531;29100
2014-04-29;66.01000213623047;67.33999633789062;64.75;66.63999938964844;18800
2014-04-30;66.56999969482422;66.56999969482422;64.47000122070312;65.66000366210938;27800
2014-05-01;65.80000305175781;69.08999633789062;64.95999908447266;68.94999694824219;19500
2014-05-02;69.37000274658203;69.37000274658203;66.8499984741211;67.33999633789062;12500
2014-05-05;67.19999694824219;67.19999694824219;65.80000305175781;66.1500015258789;15700
2014-05-06;65.87000274658203;65.94000244140625;64.81999969482422;64.95999908447266;27400
2014-05-07;64.81999969482422;64.81999969482422;58.869998931884766;59.36000061035156;36900
2014-05-08;63.279998779296875;65.30999755859375;59.709999084472656;61.880001068115234;51600
2014-05-09;62.02000045776367;63.279998779296875;61.11000061035156;63.209999084472656;11900
2014-05-12;64.4000015258789;69.16000366210938;63.97999954223633;68.18000030517578;30000
2014-05-13;67.69000244140625;68.94999694824219;63.630001068115234;64.54000091552734;29700
2014-05-14;64.12000274658203;67.12999725341797;63.70000076293945;65.37999725341797;17700
2014-05-15;64.88999938964844;66.43000030517578;63.349998474121094;66.22000122070312;13700
2014-05-16;65.66000366210938;68.45999908447266;63.630001068115234;67.76000213623047;27800
2014-05-19;67.12999725341797;68.45999908447266;66.91999816894531;67.41000366210938;12500
2014-05-20;66.98999786376953;66.98999786376953;65.02999877929688;65.58999633789062;11500
2014-05-21;65.37999725341797;66.56999969482422;65.30999755859375;65.66000366210938;9000
2014-05-22;65.5199966430664;68.18000030517578;65.0999984741211;67.69000244140625;15500
2014-05-23;66.98999786376953;68.25;66.01000213623047;67.97000122070312;7500
2014-05-27;68.11000061035156;74.76000213623047;68.11000061035156;72.5199966430664;39500
2014-05-28;71.75;72.37999725341797;69.6500015258789;71.26000213623047;11300
2014-05-29;71.26000213623047;72.58999633789062;70.48999786376953;71.47000122070312;7500
2014-05-30;71.68000030517578;71.68000030517578;67.4800033569336;70.0;18000
2014-06-02;69.86000061035156;69.93000030517578;66.98999786376953;67.69000244140625;10700
2014-06-03;67.33999633789062;68.52999877929688;65.37999725341797;67.4800033569336;15300
2014-06-04;66.77999877929688;68.52999877929688;66.01000213623047;68.04000091552734;10300
2014-06-05;67.9000015258789;71.47000122070312;66.36000061035156;71.12000274658203;25600
2014-06-06;71.12000274658203;71.47000122070312;67.83000183105469;68.38999938964844;18000
2014-06-09;68.87999725341797;74.83000183105469;68.87999725341797;73.91999816894531;37900
2014-06-10;74.12999725341797;78.81999969482422;73.01000213623047;78.54000091552734;59300
2014-06-11;78.26000213623047;80.43000030517578;77.27999877929688;80.1500015258789;25900
2014-06-12;79.66000366210938;81.62000274658203;78.19000244140625;81.41000366210938;26700
2014-06-13;81.83000183105469;82.38999938964844;78.75;80.91999816894531;28300
2014-06-16;80.22000122070312;84.7699966430664;80.1500015258789;83.44000244140625;52900
2014-06-17;82.87999725341797;84.69999694824219;82.18000030517578;83.72000122070312;23300
2014-06-18;83.30000305175781;85.95999908447266;82.73999786376953;85.88999938964844;30100
2014-06-19;85.68000030517578;86.7300033569336;83.72000122070312;85.47000122070312;41300
2014-06-20;85.61000061035156;85.81999969482422;83.37000274658203;85.61000061035156;37600
2014-06-23;85.12000274658203;87.1500015258789;84.41999816894531;86.02999877929688;52000
2014-06-24;85.54000091552734;88.55000305175781;83.44000244140625;84.13999938964844;47500
2014-06-25;83.72000122070312;84.3499984741211;78.4000015258789;80.8499984741211;46400
2014-06-26;80.5;81.76000213623047;78.4000015258789;81.2699966430664;32800
2014-06-27;80.56999969482422;84.48999786376953;79.66000366210938;82.5999984741211;221300
2014-06-30;82.5999984741211;85.05000305175781;81.4800033569336;82.38999938964844;26400
2014-07-01;82.66999816894531;84.9800033569336;82.66999816894531;84.06999969482422;29800
2014-07-02;84.27999877929688;84.3499984741211;80.98999786376953;81.12999725341797;14600
2014-07-03;81.41000366210938;81.41000366210938;79.16999816894531;79.7300033569336;9300
2014-07-07;78.61000061035156;78.95999908447266;74.62000274658203;75.18000030517578;26800
2014-07-08;74.83000183105469;75.25;70.41999816894531;72.16999816894531;36000
2014-07-09;72.80000305175781;73.29000091552734;70.20999908447266;71.81999969482422;23700
2014-07-10;71.19000244140625;71.47000122070312;69.30000305175781;70.20999908447266;17600
2014-07-11;70.20999908447266;71.4000015258789;70.13999938964844;71.05000305175781;17700
2014-07-14;71.33000183105469;74.62000274658203;71.33000183105469;72.80000305175781;18000
2014-07-15;72.37999725341797;73.1500015258789;69.93000030517578;70.9800033569336;17400
2014-07-16;71.68000030517578;71.68000030517578;69.58000183105469;70.69999694824219;16500
2014-07-17;70.0;70.83999633789062;66.8499984741211;67.9000015258789;45600
2014-07-18;67.69000244140625;70.0;67.19999694824219;69.86000061035156;30800
2014-07-21;69.16000366210938;70.27999877929688;67.55000305175781;68.18000030517578;20100
2014-07-22;68.73999786376953;70.27999877929688;68.04000091552734;70.0;15100
2014-07-23;69.86000061035156;69.86000061035156;67.83000183105469;67.97000122070312;13100
2014-07-24;68.25;68.80999755859375;67.05999755859375;67.41000366210938;14000
2014-07-25;66.5;67.12999725341797;64.05000305175781;64.47000122070312;38300
2014-07-28;64.47000122070312;64.54000091552734;63.0;63.279998779296875;30200
2014-07-29;63.90999984741211;64.05000305175781;62.15999984741211;63.349998474121094;27700
2014-07-30;63.84000015258789;64.61000061035156;62.650001525878906;64.47000122070312;15100
2014-07-31;63.349998474121094;64.81999969482422;62.29999923706055;64.19000244140625;68500
2014-08-01;65.02999877929688;65.02999877929688;60.54999923706055;63.06999969482422;44600
2014-08-04;63.349998474121094;63.90999984741211;61.880001068115234;62.29999923706055;21200
2014-08-05;62.02000045776367;63.06999969482422;61.31999969482422;62.15999984741211;23900
2014-08-06;61.459999084472656;63.13999938964844;61.25;62.22999954223633;53700
2014-08-07;62.5099983215332;62.5099983215332;51.79999923706055;54.31999969482422;168800
2014-08-08;54.31999969482422;54.66999816894531;51.099998474121094;53.83000183105469;73500
2014-08-11;54.31999969482422;56.84000015258789;53.83000183105469;54.31999969482422;27600
2014-08-12;53.83000183105469;54.38999938964844;53.40999984741211;54.18000030517578;27700
2014-08-13;53.54999923706055;55.09000015258789;52.56999969482422;53.900001525878906;85800
2014-08-14;56.349998474121094;56.41999816894531;53.060001373291016;53.130001068115234;58300
2014-08-15;53.900001525878906;54.529998779296875;52.5;53.060001373291016;50500
2014-08-18;54.38999938964844;55.439998626708984;53.47999954223633;54.459999084472656;64500
2014-08-19;54.7400016784668;56.209999084472656;54.529998779296875;55.86000061035156;84100
2014-08-20;55.5099983215332;59.779998779296875;55.5099983215332;59.63999938964844;66100
2014-08-21;59.150001525878906;60.970001220703125;55.369998931884766;59.43000030517578;83200
2014-08-22;59.36000061035156;59.849998474121094;57.88999938964844;59.43000030517578;29400
2014-08-25;59.5;61.25;58.2400016784668;58.59000015258789;40700
2014-08-26;58.52000045776367;59.5;57.75;58.939998626708984;24000
2014-08-27;59.150001525878906;61.18000030517578;58.59000015258789;61.040000915527344;49400
2014-08-28;60.54999923706055;62.650001525878906;58.029998779296875;58.310001373291016;31100
2014-08-29;58.45000076293945;59.5;57.189998626708984;58.45000076293945;24300
2014-09-02;58.72999954223633;59.63999938964844;57.540000915527344;58.029998779296875;22100
2014-09-03;58.380001068115234;58.65999984741211;56.77000045776367;57.119998931884766;20900
2014-09-04;57.61000061035156;58.2400016784668;56.84000015258789;57.75;26300
2014-09-05;57.81999969482422;59.9900016784668;57.400001525878906;59.779998779296875;26600
2014-09-08;59.849998474121094;60.27000045776367;58.310001373291016;60.27000045776367;22400
2014-09-09;60.060001373291016;60.060001373291016;59.08000183105469;59.150001525878906;22800
2014-09-10;59.150001525878906;61.38999938964844;58.45000076293945;61.25;22200
2014-09-11;60.689998626708984;63.4900016784668;60.689998626708984;63.06999969482422;37400
2014-09-12;63.0;63.70000076293945;62.720001220703125;63.209999084472656;19500
2014-09-15;63.279998779296875;63.560001373291016;58.869998931884766;59.08000183105469;19800
2014-09-16;59.08000183105469;59.08000183105469;56.97999954223633;57.540000915527344;22800
2014-09-17;57.400001525878906;58.939998626708984;57.400001525878906;58.52000045776367;17800
2014-09-18;58.380001068115234;58.939998626708984;57.81999969482422;58.380001068115234;14800
2014-09-19;59.08000183105469;59.56999969482422;57.61000061035156;58.099998474121094;39700
2014-09-22;58.099998474121094;59.43000030517578;57.470001220703125;58.79999923706055;22800
2014-09-23;58.869998931884766;60.40999984741211;58.52000045776367;59.220001220703125;26500
2014-09-24;59.56999969482422;61.18000030517578;58.65999984741211;61.040000915527344;15500
2014-09-25;61.040000915527344;61.459999084472656;59.220001220703125;60.47999954223633;17700
2014-09-26;61.11000061035156;61.599998474121094;59.0099983215332;61.040000915527344;30900
2014-09-29;60.970001220703125;61.7400016784668;58.79999923706055;60.130001068115234;29400
2014-09-30;60.34000015258789;60.83000183105469;59.150001525878906;60.20000076293945;29800
2014-10-01;60.20000076293945;60.34000015258789;57.88999938964844;59.36000061035156;30400
2014-10-02;59.220001220703125;61.18000030517578;58.52000045776367;60.27000045776367;17000
2014-10-03;61.040000915527344;62.15999984741211;60.40999984741211;61.459999084472656;14500
2014-10-06;61.7400016784668;61.95000076293945;60.47999954223633;60.54999923706055;15200
2014-10-07;59.91999816894531;59.9900016784668;56.41999816894531;57.189998626708984;31700
2014-10-08;56.90999984741211;61.529998779296875;56.90999984741211;60.83000183105469;37100
2014-10-09;60.619998931884766;61.040000915527344;57.75;59.43000030517578;26400
2014-10-10;58.869998931884766;60.060001373291016;56.4900016784668;58.65999984741211;48300
2014-10-13;58.79999923706055;60.27000045776367;56.97999954223633;58.869998931884766;25200
2014-10-14;59.5;63.06999969482422;58.939998626708984;61.529998779296875;59700
2014-10-15;61.31999969482422;64.95999908447266;59.709999084472656;64.88999938964844;52900
2014-10-16;64.95999908447266;67.76000213623047;63.13999938964844;65.66000366210938;52400
2014-10-17;66.56999969482422;66.77999877929688;61.810001373291016;61.95000076293945;18700
2014-10-20;62.22999954223633;62.5099983215332;61.11000061035156;61.7400016784668;17700
2014-10-21;61.880001068115234;61.880001068115234;59.290000915527344;60.7599983215332;44500
2014-10-22;61.18000030517578;61.18000030517578;58.65999984741211;58.79999923706055;23100
2014-10-23;59.5;60.689998626708984;58.869998931884766;59.63999938964844;20300
2014-10-24;59.5;60.060001373291016;58.2400016784668;58.52000045776367;19000
2014-10-27;58.099998474121094;58.59000015258789;56.77000045776367;57.540000915527344;15200
2014-10-28;57.75;60.40999984741211;57.68000030517578;60.40999984741211;21000
2014-10-29;60.27000045776367;60.900001525878906;58.65999984741211;60.27000045776367;15600
2014-10-30;59.849998474121094;60.900001525878906;58.79999923706055;59.779998779296875;24100
2014-10-31;61.18000030517578;62.790000915527344;60.20000076293945;62.650001525878906;21900
2014-11-03;62.650001525878906;62.650001525878906;61.38999938964844;62.09000015258789;20000
2014-11-04;61.459999084472656;62.720001220703125;60.900001525878906;61.11000061035156;16800
2014-11-05;62.02000045776367;62.29999923706055;58.869998931884766;59.43000030517578;25200
2014-11-06;56.4900016784668;61.7400016784668;56.4900016784668;61.040000915527344;23400
2014-11-07;60.970001220703125;63.0;60.47999954223633;62.439998626708984;23600
2014-11-10;62.650001525878906;63.0;61.459999084472656;62.58000183105469;21500
2014-11-11;62.09000015258789;63.77000045776367;60.54999923706055;63.06999969482422;35300
2014-11-12;62.29999923706055;63.4900016784668;61.459999084472656;61.599998474121094;28200
2014-11-13;61.599998474121094;63.77000045776367;60.83000183105469;63.41999816894531;24000
2014-11-14;63.349998474121094;64.4000015258789;62.93000030517578;64.19000244140625;21700
2014-11-17;63.560001373291016;63.84000015258789;58.380001068115234;59.0099983215332;29200
2014-11-18;59.08000183105469;59.56999969482422;56.560001373291016;57.400001525878906;26000
2014-11-19;57.470001220703125;58.869998931884766;56.4900016784668;57.68000030517578;23200
2014-11-20;57.61000061035156;59.43000030517578;56.77000045776367;58.869998931884766;13100
2014-11-21;60.130001068115234;61.040000915527344;59.5;60.130001068115234;22500
2014-11-24;60.34000015258789;60.54999923706055;58.59000015258789;59.779998779296875;14000
2014-11-25;59.43000030517578;60.130001068115234;59.08000183105469;59.220001220703125;14500
2014-11-26;59.150001525878906;61.810001373291016;59.08000183105469;61.599998474121094;18600
2014-11-28;61.459999084472656;61.7400016784668;60.34000015258789;60.34000015258789;8900
2014-12-01;60.40999984741211;60.40999984741211;58.79999923706055;58.79999923706055;19400
2014-12-02;58.79999923706055;60.34000015258789;58.79999923706055;60.34000015258789;22100
2014-12-03;59.9900016784668;61.95000076293945;59.63999938964844;60.689998626708984;16400
2014-12-04;60.7599983215332;60.7599983215332;58.869998931884766;59.150001525878906;11200
2014-12-05;58.72999954223633;61.25;58.52000045776367;60.83000183105469;21100
2014-12-08;60.900001525878906;60.900001525878906;58.79999923706055;59.56999969482422;18500
2014-12-09;58.869998931884766;61.31999969482422;58.380001068115234;60.970001220703125;16500
2014-12-10;60.54999923706055;62.29999923706055;58.52000045776367;58.59000015258789;17200
2014-12-11;58.72999954223633;59.08000183105469;54.529998779296875;55.720001220703125;29900
2014-12-12;55.650001525878906;56.279998779296875;54.66999816894531;55.439998626708984;44400
2014-12-15;55.93000030517578;59.0099983215332;55.86000061035156;58.310001373291016;19300
2014-12-16;58.099998474121094;60.7599983215332;58.099998474121094;59.08000183105469;20000
2014-12-17;59.08000183105469;61.7400016784668;59.0099983215332;60.20000076293945;27000
2014-12-18;61.040000915527344;61.040000915527344;58.65999984741211;59.5;27100
2014-12-19;59.220001220703125;59.36000061035156;58.029998779296875;58.310001373291016;20300
2014-12-22;58.16999816894531;58.52000045776367;57.400001525878906;57.75;18100
2014-12-23;57.88999938964844;60.060001373291016;57.81999969482422;59.0099983215332;11300
2014-12-24;58.939998626708984;59.779998779296875;57.61000061035156;57.959999084472656;6100
2014-12-26;58.310001373291016;59.43000030517578;58.099998474121094;59.0099983215332;6700
2014-12-29;59.150001525878906;59.43000030517578;56.630001068115234;58.310001373291016;33500
2014-12-30;58.45000076293945;59.43000030517578;58.099998474121094;58.869998931884766;15000
2014-12-31;58.72999954223633;59.63999938964844;58.72999954223633;59.220001220703125;21500
2015-01-02;59.290000915527344;60.27000045776367;59.150001525878906;59.91999816894531;10700
2015-01-05;59.63999938964844;60.34000015258789;59.150001525878906;59.220001220703125;12300
2015-01-06;59.849998474121094;59.9900016784668;57.04999923706055;57.400001525878906;13300
2015-01-07;57.81999969482422;57.81999969482422;55.86000061035156;56.349998474121094;10800
2015-01-08;56.97999954223633;57.400001525878906;55.86000061035156;56.90999984741211;9400
2015-01-09;56.77000045776367;56.77000045776367;52.849998474121094;53.619998931884766;22000
2015-01-12;53.83000183105469;53.83000183105469;50.04999923706055;50.81999969482422;27300
2015-01-13;51.029998779296875;52.290000915527344;50.540000915527344;51.59000015258789;18700
2015-01-14;50.959999084472656;52.56999969482422;50.959999084472656;52.43000030517578;11400
2015-01-15;52.709999084472656;53.47999954223633;50.959999084472656;51.2400016784668;47800
2015-01-16;50.88999938964844;50.959999084472656;49.13999938964844;50.189998626708984;18200
2015-01-20;50.04999923706055;50.33000183105469;49.0;49.41999816894531;14100
2015-01-21;49.13999938964844;49.84000015258789;48.02000045776367;48.22999954223633;11400
2015-01-22;48.790000915527344;49.349998474121094;47.31999969482422;49.13999938964844;23200
2015-01-23;49.41999816894531;50.33000183105469;48.93000030517578;50.189998626708984;10100
2015-01-26;49.84000015258789;51.029998779296875;49.84000015258789;50.33000183105469;9500
2015-01-27;49.84000015258789;50.400001525878906;49.84000015258789;50.04999923706055;6100
2015-01-28;49.90999984741211;51.099998474121094;48.369998931884766;48.58000183105469;23600
2015-01-29;48.86000061035156;49.06999969482422;47.31999969482422;48.29999923706055;20300
2015-01-30;48.22999954223633;48.720001220703125;46.20000076293945;46.34000015258789;18600
2015-02-02;46.27000045776367;48.15999984741211;45.150001525878906;48.02000045776367;21900
2015-02-03;48.02000045776367;48.650001525878906;45.849998474121094;47.25;42600
2015-02-04;46.83000183105469;48.439998626708984;46.83000183105469;47.529998779296875;17800
2015-02-05;47.810001373291016;49.84000015258789;47.529998779296875;49.349998474121094;27700
2015-02-06;51.099998474121094;52.5;49.349998474121094;49.70000076293945;74300
2015-02-09;49.70000076293945;50.189998626708984;47.18000030517578;47.18000030517578;32200
2015-02-10;47.66999816894531;48.09000015258789;46.34000015258789;47.66999816894531;22100
2015-02-11;47.66999816894531;48.720001220703125;47.66999816894531;47.7400016784668;12700
2015-02-12;48.22999954223633;49.560001373291016;47.95000076293945;49.0;35900
2015-02-13;49.13999938964844;50.400001525878906;49.0;49.279998779296875;26700
2015-02-17;49.349998474121094;49.84000015258789;48.86000061035156;49.13999938964844;16400
2015-02-18;49.13999938964844;49.279998779296875;47.7400016784668;48.29999923706055;17100
2015-02-19;48.02000045776367;48.439998626708984;47.040000915527344;47.040000915527344;15400
2015-02-20;46.970001220703125;47.459999084472656;45.9900016784668;46.20000076293945;19700
2015-02-23;45.9900016784668;46.34000015258789;43.75;44.45000076293945;23400
2015-02-24;44.65999984741211;45.63999938964844;44.45000076293945;45.36000061035156;11000
2015-02-25;45.36000061035156;46.619998931884766;45.36000061035156;45.779998779296875;12000
2015-02-26;46.060001373291016;47.11000061035156;45.709999084472656;46.20000076293945;12000
2015-02-27;46.40999984741211;46.83000183105469;45.9900016784668;46.060001373291016;15600
2015-03-02;46.060001373291016;47.18000030517578;46.060001373291016;46.689998626708984;18500
2015-03-03;46.7599983215332;47.040000915527344;46.060001373291016;46.20000076293945;17300
2015-03-04;46.130001068115234;48.02000045776367;46.060001373291016;47.599998474121094;15200
2015-03-05;47.599998474121094;47.7400016784668;46.20000076293945;46.970001220703125;16000
2015-03-06;46.83000183105469;47.31999969482422;45.91999816894531;46.40999984741211;9700
2015-03-09;46.619998931884766;46.900001525878906;45.220001220703125;45.36000061035156;13600
2015-03-10;44.939998626708984;44.939998626708984;42.77000045776367;43.189998626708984;14300
2015-03-11;43.119998931884766;43.959999084472656;42.84000015258789;42.97999954223633;11600
2015-03-12;43.470001220703125;45.290000915527344;43.2599983215332;44.72999954223633;24600
2015-03-13;44.79999923706055;45.220001220703125;42.630001068115234;43.119998931884766;109500
2015-03-16;43.119998931884766;43.959999084472656;41.439998626708984;42.06999969482422;35800
2015-03-17;41.790000915527344;42.0;41.15999984741211;41.650001525878906;13300
2015-03-18;41.439998626708984;42.4900016784668;41.439998626708984;42.349998474121094;17200
2015-03-19;41.439998626708984;41.93000030517578;41.439998626708984;41.58000183105469;22000
2015-03-20;41.5099983215332;42.70000076293945;41.09000015258789;42.0;47500
2015-03-23;41.86000061035156;43.400001525878906;41.790000915527344;42.90999984741211;7900
2015-03-24;42.70000076293945;44.65999984741211;42.630001068115234;44.16999816894531;12000
2015-03-25;44.029998779296875;44.52000045776367;42.41999816894531;43.75;25400
2015-03-26;43.470001220703125;45.36000061035156;42.97999954223633;44.65999984741211;41100
2015-03-27;44.380001068115234;44.59000015258789;42.630001068115234;43.119998931884766;17400
2015-03-30;43.189998626708984;43.61000061035156;42.90999984741211;43.400001525878906;12700
2015-03-31;43.04999923706055;44.65999984741211;42.77000045776367;44.029998779296875;12700
2015-04-01;43.81999969482422;44.45000076293945;43.61000061035156;44.029998779296875;22800
2015-04-02;43.959999084472656;45.5;43.81999969482422;44.72999954223633;13800
2015-04-06;44.59000015258789;45.0099983215332;43.68000030517578;43.959999084472656;14000
2015-04-07;43.61000061035156;44.79999923706055;43.61000061035156;44.310001373291016;24000
2015-04-08;43.959999084472656;44.869998931884766;43.959999084472656;44.72999954223633;5400
2015-04-09;44.52000045776367;45.849998474121094;44.52000045776367;45.709999084472656;14000
2015-04-10;45.849998474121094;47.880001068115234;45.779998779296875;47.25;19900
2015-04-13;47.25;47.599998474121094;45.290000915527344;45.43000030517578;41000
2015-04-14;45.290000915527344;46.54999923706055;45.290000915527344;46.130001068115234;8600
2015-04-15;45.91999816894531;46.27000045776367;45.849998474121094;46.20000076293945;13700
2015-04-16;45.9900016784668;46.7599983215332;45.9900016784668;46.54999923706055;4500
2015-04-17;46.34000015258789;46.47999954223633;45.150001525878906;46.130001068115234;53100
2015-04-20;46.47999954223633;46.47999954223633;44.65999984741211;45.0099983215332;65400
2015-04-21;45.43000030517578;45.56999969482422;44.45000076293945;44.65999984741211;7000
2015-04-22;44.79999923706055;45.0099983215332;43.61000061035156;44.72999954223633;6200
2015-04-23;44.52000045776367;45.5;43.81999969482422;44.52000045776367;8700
2015-04-24;44.380001068115234;45.220001220703125;44.029998779296875;44.59000015258789;6400
2015-04-27;44.59000015258789;45.709999084472656;43.68000030517578;44.2400016784668;8200
2015-04-28;44.310001373291016;45.63999938964844;42.90999984741211;45.150001525878906;43300
2015-04-29;45.220001220703125;45.779998779296875;43.959999084472656;44.310001373291016;8700
2015-04-30;44.099998474121094;44.099998474121094;41.369998931884766;42.279998779296875;24200
2015-05-01;42.349998474121094;42.97999954223633;41.15999984741211;42.84000015258789;42000
2015-05-04;42.70000076293945;42.97999954223633;42.41999816894531;42.630001068115234;7300
2015-05-05;42.560001373291016;42.84000015258789;41.29999923706055;42.0;24200
2015-05-06;42.41999816894531;43.75;41.439998626708984;43.119998931884766;18400
2015-05-07;42.70000076293945;44.45000076293945;38.849998474121094;42.279998779296875;70600
2015-05-08;42.41999816894531;42.41999816894531;41.439998626708984;42.209999084472656;18300
2015-05-11;42.0;42.77000045776367;41.720001220703125;42.209999084472656;77900
2015-05-12;42.209999084472656;43.75;42.0;43.540000915527344;15500
2015-05-13;43.540000915527344;44.45000076293945;43.119998931884766;43.189998626708984;10500
2015-05-14;43.2599983215332;43.400001525878906;42.279998779296875;42.90999984741211;16100
2015-05-15;42.70000076293945;43.400001525878906;42.13999938964844;43.119998931884766;21300
2015-05-18;43.400001525878906;43.81999969482422;42.77000045776367;42.97999954223633;15700
2015-05-19;42.70000076293945;43.119998931884766;42.13999938964844;42.84000015258789;15200
2015-05-20;42.349998474121094;42.4900016784668;40.880001068115234;41.58000183105469;17100
2015-05-21;41.29999923706055;41.790000915527344;39.970001220703125;40.529998779296875;24000
2015-05-22;40.25;40.599998474121094;39.130001068115234;39.20000076293945;23100
2015-05-26;39.20000076293945;39.54999923706055;38.290000915527344;38.779998779296875;13400
2015-05-27;38.56999969482422;38.56999969482422;37.52000045776367;38.290000915527344;13700
2015-05-28;37.869998931884766;40.18000030517578;37.869998931884766;39.970001220703125;21000
2015-05-29;40.11000061035156;40.459999084472656;39.40999984741211;39.83000183105469;36500
2015-06-01;39.900001525878906;40.880001068115234;39.060001373291016;40.7400016784668;17900
2015-06-02;40.599998474121094;42.84000015258789;40.529998779296875;42.77000045776367;72200
2015-06-03;42.70000076293945;45.5;42.279998779296875;45.36000061035156;49300
2015-06-04;45.08000183105469;45.9900016784668;44.52000045776367;45.5;50700
2015-06-05;45.290000915527344;49.77000045776367;45.0099983215332;49.70000076293945;132600
2015-06-08;49.0;49.0;47.11000061035156;47.66999816894531;29500
2015-06-09;47.529998779296875;47.880001068115234;44.72999954223633;46.619998931884766;34100
2015-06-10;46.970001220703125;47.880001068115234;46.34000015258789;47.529998779296875;37600
2015-06-11;47.459999084472656;50.470001220703125;47.11000061035156;50.33000183105469;57500
2015-06-12;49.97999954223633;51.52000045776367;49.0;51.310001373291016;45500
2015-06-15;50.68000030517578;53.34000015258789;49.77000045776367;53.060001373291016;50200
2015-06-16;52.779998779296875;52.91999816894531;50.33000183105469;51.310001373291016;20500
2015-06-17;51.310001373291016;51.65999984741211;50.68000030517578;51.45000076293945;16000
2015-06-18;51.45000076293945;51.72999954223633;50.75;51.65999984741211;17300
2015-06-19;51.65999984741211;51.939998626708984;50.75;51.099998474121094;39800
2015-06-22;51.380001068115234;51.380001068115234;49.90999984741211;50.470001220703125;13300
2015-06-23;50.33000183105469;51.16999816894531;49.349998474121094;50.61000061035156;15100
2015-06-24;50.04999923706055;50.400001525878906;48.29999923706055;48.650001525878906;15200
2015-06-25;48.439998626708984;48.93000030517578;47.599998474121094;48.650001525878906;10200
2015-06-26;48.93000030517578;49.0;47.599998474121094;48.5099983215332;71400
2015-06-29;47.529998779296875;49.560001373291016;47.18000030517578;47.25;30100
2015-06-30;47.529998779296875;47.599998474121094;45.91999816894531;47.18000030517578;12700
2015-07-01;47.31999969482422;47.95000076293945;46.689998626708984;47.31999969482422;19800
2015-07-02;47.25;47.31999969482422;46.27000045776367;46.54999923706055;13200
2015-07-06;46.060001373291016;46.20000076293945;45.08000183105469;45.36000061035156;9800
2015-07-07;45.150001525878906;45.849998474121094;43.119998931884766;45.63999938964844;19100
2015-07-08;45.150001525878906;45.5;42.630001068115234;42.84000015258789;13500
2015-07-09;43.540000915527344;44.2400016784668;42.209999084472656;42.209999084472656;24000
2015-07-10;42.560001373291016;43.2599983215332;41.93000030517578;42.0;10500
2015-07-13;42.0;42.77000045776367;42.0;42.4900016784668;16000
2015-07-14;42.41999816894531;44.16999816894531;42.209999084472656;44.099998474121094;12100
2015-07-15;43.959999084472656;44.029998779296875;42.41999816894531;42.4900016784668;18400
2015-07-16;42.630001068115234;44.79999923706055;42.630001068115234;43.61000061035156;15500
2015-07-17;43.68000030517578;44.310001373291016;42.560001373291016;42.97999954223633;11500
2015-07-20;43.119998931884766;43.2599983215332;41.15999984741211;41.369998931884766;12900
2015-07-21;41.58000183105469;43.04999923706055;40.880001068115234;42.41999816894531;8400
2015-07-22;42.279998779296875;43.81999969482422;42.13999938964844;42.70000076293945;10400
2015-07-23;42.97999954223633;43.400001525878906;40.459999084472656;41.439998626708984;20900
2015-07-24;41.29999923706055;42.06999969482422;39.27000045776367;39.689998626708984;12200
2015-07-27;39.900001525878906;39.900001525878906;37.45000076293945;39.130001068115234;40500
2015-07-28;39.47999954223633;40.25;38.220001220703125;39.34000015258789;13800
2015-07-29;39.54999923706055;39.54999923706055;37.939998626708984;38.5;10500
2015-07-30;38.150001525878906;39.20000076293945;37.79999923706055;38.709999084472656;17900
2015-07-31;38.43000030517578;39.619998931884766;38.43000030517578;39.130001068115234;20600
2015-08-03;38.56999969482422;38.63999938964844;37.380001068115234;37.59000015258789;8900
2015-08-04;37.45000076293945;37.939998626708984;36.81999969482422;37.65999984741211;12100
2015-08-05;37.79999923706055;39.47999954223633;37.79999923706055;39.060001373291016;30500
2015-08-06;33.31999969482422;34.29999923706055;24.290000915527344;28.06999969482422;135500
2015-08-07;28.0;28.700000762939453;24.920000076293945;27.510000228881836;46600
2015-08-10;27.510000228881836;28.06999969482422;24.709999084472656;25.6200008392334;55100
2015-08-11;25.760000228881836;26.040000915527344;23.799999237060547;24.850000381469727;43800
2015-08-12;24.709999084472656;24.709999084472656;23.3799991607666;24.360000610351562;45700
2015-08-13;24.360000610351562;24.780000686645508;23.450000762939453;24.010000228881836;27800
2015-08-14;24.010000228881836;25.1299991607666;23.799999237060547;24.43000030517578;25700
2015-08-17;24.360000610351562;24.920000076293945;23.799999237060547;24.780000686645508;32900
2015-08-18;24.709999084472656;24.709999084472656;24.149999618530273;24.56999969482422;22300
2015-08-19;24.5;24.780000686645508;24.290000915527344;24.5;19100
2015-08-20;24.219999313354492;24.290000915527344;23.59000015258789;23.8700008392334;44800
2015-08-21;23.3799991607666;25.270000457763672;23.170000076293945;24.639999389648438;24400
2015-08-24;23.799999237060547;24.5;22.75;24.5;30100
2015-08-25;25.34000015258789;25.34000015258789;24.360000610351562;24.56999969482422;18100
2015-08-26;25.059999465942383;25.059999465942383;24.149999618530273;24.850000381469727;28600
2015-08-27;24.920000076293945;25.40999984741211;23.940000534057617;24.290000915527344;27700
2015-08-28;24.360000610351562;25.059999465942383;24.219999313354492;25.059999465942383;15200
2015-08-31;24.989999771118164;25.059999465942383;24.639999389648438;24.989999771118164;11400
2015-09-01;24.43000030517578;25.059999465942383;24.360000610351562;24.56999969482422;28200
2015-09-02;24.989999771118164;24.989999771118164;24.360000610351562;24.780000686645508;19200
2015-09-03;24.639999389648438;25.200000762939453;24.5;24.850000381469727;37700
2015-09-04;24.43000030517578;25.200000762939453;24.010000228881836;24.5;14200
2015-09-08;24.780000686645508;26.600000381469727;24.360000610351562;26.459999084472656;21100
2015-09-09;26.530000686645508;27.3700008392334;26.25;26.389999389648438;14400
2015-09-10;26.31999969482422;27.579999923706055;26.31999969482422;27.09000015258789;11400
2015-09-11;26.8799991607666;28.559999465942383;26.739999771118164;28.350000381469727;16700
2015-09-14;28.350000381469727;28.420000076293945;26.8799991607666;26.950000762939453;8000
2015-09-15;26.950000762939453;27.790000915527344;26.459999084472656;27.649999618530273;6000
2015-09-16;27.579999923706055;27.93000030517578;27.299999237060547;27.579999923706055;11600
2015-09-17;27.649999618530273;27.790000915527344;27.440000534057617;27.649999618530273;11500
2015-09-18;27.3700008392334;27.719999313354492;26.25;26.459999084472656;50400
2015-09-21;26.670000076293945;26.8799991607666;25.270000457763672;25.40999984741211;7500
2015-09-22;24.850000381469727;25.270000457763672;24.290000915527344;24.56999969482422;7300
2015-09-23;24.709999084472656;24.780000686645508;24.43000030517578;24.56999969482422;9800
2015-09-24;24.56999969482422;25.829999923706055;24.56999969482422;25.760000228881836;13000
2015-09-25;26.18000030517578;26.18000030517578;23.59000015258789;24.290000915527344;38600
2015-09-28;24.290000915527344;24.290000915527344;22.889999389648438;22.959999084472656;16000
2015-09-29;22.959999084472656;23.309999465942383;21.700000762939453;21.770000457763672;13200
2015-09-30;22.049999237060547;22.260000228881836;21.280000686645508;21.90999984741211;11300
2015-10-01;21.84000015258789;22.610000610351562;21.84000015258789;22.049999237060547;30500
2015-10-02;21.979999542236328;22.75;21.84000015258789;22.75;8800
2015-10-05;23.100000381469727;25.1299991607666;23.100000381469727;25.1299991607666;19300
2015-10-06;24.780000686645508;25.270000457763672;23.8700008392334;25.059999465942383;11600
2015-10-07;25.1299991607666;26.31999969482422;24.850000381469727;25.40999984741211;13500
2015-10-08;25.059999465942383;25.899999618530273;25.059999465942383;25.40999984741211;18000
2015-10-09;25.549999237060547;26.389999389648438;25.479999542236328;26.110000610351562;6400
2015-10-12;26.040000915527344;26.040000915527344;24.149999618530273;24.360000610351562;13400
2015-10-13;24.149999618530273;25.1299991607666;24.149999618530273;24.709999084472656;5300
2015-10-14;24.780000686645508;25.059999465942383;24.43000030517578;24.780000686645508;4500
2015-10-15;24.920000076293945;26.25;24.920000076293945;26.18000030517578;8500
2015-10-16;26.25;26.25;25.34000015258789;25.760000228881836;3900
2015-10-19;25.549999237060547;26.389999389648438;25.270000457763672;25.6200008392334;4700
2015-10-20;25.6200008392334;26.110000610351562;25.6200008392334;25.760000228881836;5000
2015-10-21;25.829999923706055;25.969999313354492;24.219999313354492;24.290000915527344;4400
2015-10-22;24.360000610351562;25.760000228881836;23.520000457763672;24.639999389648438;7500
2015-10-23;24.989999771118164;26.18000030517578;24.5;25.969999313354492;5100
2015-10-26;25.969999313354492;26.389999389648438;25.059999465942383;25.34000015258789;8300
2015-10-27;25.1299991607666;25.549999237060547;23.030000686645508;24.149999618530273;17100
2015-10-28;24.149999618530273;26.31999969482422;24.149999618530273;26.18000030517578;13000
2015-10-29;26.25;26.600000381469727;25.549999237060547;25.690000534057617;5400
2015-10-30;25.549999237060547;25.829999923706055;24.149999618530273;25.059999465942383;11500
2015-11-02;24.780000686645508;26.459999084472656;24.780000686645508;26.110000610351562;9100
2015-11-03;25.969999313354492;27.649999618530273;25.969999313354492;26.950000762939453;24800
2015-11-04;27.020000457763672;27.93000030517578;25.059999465942383;25.899999618530273;18400
2015-11-05;27.860000610351562;28.06999969482422;26.600000381469727;26.950000762939453;19600
2015-11-06;26.670000076293945;28.139999389648438;26.670000076293945;28.06999969482422;11200
2015-11-09;28.139999389648438;28.350000381469727;27.3700008392334;27.719999313354492;16200
2015-11-10;27.440000534057617;27.649999618530273;26.670000076293945;27.510000228881836;6400
2015-11-11;27.229999542236328;27.860000610351562;26.809999465942383;26.950000762939453;5000
2015-11-12;26.950000762939453;27.510000228881836;26.110000610351562;26.739999771118164;5500
2015-11-13;26.459999084472656;27.020000457763672;25.969999313354492;26.110000610351562;6300
2015-11-16;26.110000610351562;26.8799991607666;25.549999237060547;26.809999465942383;7900
2015-11-17;26.459999084472656;26.809999465942383;25.690000534057617;26.18000030517578;16100
2015-11-18;26.31999969482422;27.020000457763672;26.31999969482422;26.950000762939453;6200
2015-11-19;26.670000076293945;27.860000610351562;26.670000076293945;27.790000915527344;9300
2015-11-20;27.93000030517578;29.049999237060547;27.649999618530273;28.280000686645508;20500
2015-11-23;28.559999465942383;28.700000762939453;27.299999237060547;28.0;10700
2015-11-24;27.649999618530273;28.209999084472656;26.18000030517578;27.15999984741211;21100
2015-11-25;27.09000015258789;28.0;27.09000015258789;27.790000915527344;7300
2015-11-27;27.649999618530273;27.790000915527344;27.15999984741211;27.299999237060547;4800
2015-11-30;27.09000015258789;27.510000228881836;26.950000762939453;27.229999542236328;17300
2015-12-01;27.299999237060547;27.649999618530273;27.15999984741211;27.299999237060547;31500
2015-12-02;27.15999984741211;27.440000534057617;26.670000076293945;26.670000076293945;9500
2015-12-03;26.459999084472656;27.229999542236328;26.459999084472656;27.09000015258789;9600
2015-12-04;26.8799991607666;27.579999923706055;26.739999771118164;27.15999984741211;18800
2015-12-07;27.09000015258789;27.15999984741211;26.040000915527344;26.670000076293945;10200
2015-12-08;26.389999389648438;26.670000076293945;25.969999313354492;26.110000610351562;10900
2015-12-09;25.690000534057617;26.389999389648438;25.690000534057617;26.040000915527344;9600
2015-12-10;26.040000915527344;26.530000686645508;26.040000915527344;26.110000610351562;8200
2015-12-11;25.760000228881836;26.25;25.40999984741211;25.6200008392334;12300
2015-12-14;25.6200008392334;25.6200008392334;24.149999618530273;24.56999969482422;12900
2015-12-15;24.5;25.200000762939453;24.290000915527344;25.1299991607666;10900
2015-12-16;25.1299991607666;25.829999923706055;24.850000381469727;25.270000457763672;11100
2015-12-17;25.200000762939453;25.829999923706055;25.059999465942383;25.1299991607666;10400
2015-12-18;24.920000076293945;26.530000686645508;24.920000076293945;25.760000228881836;24100
2015-12-21;25.899999618530273;27.299999237060547;25.34000015258789;27.09000015258789;20500
2015-12-22;27.09000015258789;27.299999237060547;26.459999084472656;27.299999237060547;12800
2015-12-23;27.229999542236328;27.790000915527344;26.950000762939453;27.15999984741211;14900
2015-12-24;27.15999984741211;27.299999237060547;25.479999542236328;26.389999389648438;8600
2015-12-28;26.040000915527344;26.31999969482422;25.829999923706055;25.969999313354492;6200
2015-12-29;25.829999923706055;25.829999923706055;24.709999084472656;25.34000015258789;10900
2015-12-30;25.200000762939453;25.6200008392334;24.079999923706055;24.850000381469727;24500
2015-12-31;24.780000686645508;25.690000534057617;24.780000686645508;25.059999465942383;17600
2016-01-04;24.5;25.200000762939453;23.450000762939453;23.8700008392334;16600
2016-01-05;23.65999984741211;23.729999542236328;23.030000686645508;23.030000686645508;7500
2016-01-06;22.75;23.3799991607666;22.190000534057617;22.68000030517578;10600
2016-01-07;22.329999923706055;22.329999923706055;21.06999969482422;21.350000381469727;12400
2016-01-08;21.350000381469727;22.1200008392334;21.0;21.700000762939453;18400
2016-01-11;21.770000457763672;21.90999984741211;21.0;21.350000381469727;14600
2016-01-12;21.6299991607666;22.68000030517578;21.209999084472656;21.420000076293945;19300
2016-01-13;21.420000076293945;22.399999618530273;20.15999984741211;20.440000534057617;25000
2016-01-14;20.579999923706055;22.190000534057617;20.3700008392334;22.049999237060547;23700
2016-01-15;21.350000381469727;21.84000015258789;20.510000228881836;21.700000762939453;17400
2016-01-19;22.049999237060547;22.049999237060547;20.510000228881836;21.6299991607666;26200
2016-01-20;21.0;23.170000076293945;20.579999923706055;22.81999969482422;16800
2016-01-21;22.959999084472656;23.940000534057617;22.399999618530273;23.729999542236328;14500
2016-01-22;24.010000228881836;25.34000015258789;23.799999237060547;25.270000457763672;14300
2016-01-25;25.270000457763672;25.270000457763672;23.450000762939453;23.8700008392334;15300
2016-01-26;24.219999313354492;24.219999313354492;23.170000076293945;23.8700008392334;8200
2016-01-27;23.65999984741211;24.290000915527344;23.030000686645508;23.030000686645508;7500
2016-01-28;23.3799991607666;23.940000534057617;22.889999389648438;23.030000686645508;4300
2016-01-29;23.030000686645508;23.799999237060547;23.030000686645508;23.729999542236328;7300
2016-02-01;23.59000015258789;23.729999542236328;21.90999984741211;22.610000610351562;17000
2016-02-02;22.329999923706055;22.68000030517578;22.049999237060547;22.329999923706055;9000
2016-02-03;22.75;23.030000686645508;21.770000457763672;22.469999313354492;4300
2016-02-04;22.540000915527344;23.65999984741211;22.329999923706055;23.450000762939453;5700
2016-02-05;23.239999771118164;23.239999771118164;22.260000228881836;22.399999618530273;14000
2016-02-08;22.190000534057617;22.399999618530273;20.020000457763672;20.649999618530273;8400
2016-02-09;20.3700008392334;20.790000915527344;19.600000381469727;19.670000076293945;8800
2016-02-10;19.809999465942383;20.09000015258789;19.040000915527344;19.530000686645508;8300
2016-02-11;19.110000610351562;19.530000686645508;18.6200008392334;18.899999618530273;7700
2016-02-12;19.040000915527344;19.8799991607666;18.899999618530273;19.040000915527344;18000
2016-02-16;19.389999389648438;19.670000076293945;18.270000457763672;19.600000381469727;12500
2016-02-17;19.8799991607666;20.860000610351562;19.8799991607666;20.860000610351562;6700
2016-02-18;20.579999923706055;20.790000915527344;19.600000381469727;19.600000381469727;4300
2016-02-19;21.0;23.940000534057617;20.93000030517578;21.700000762939453;27800
2016-02-22;21.700000762939453;22.81999969482422;21.700000762939453;22.049999237060547;16400
2016-02-23;21.489999771118164;22.399999618530273;20.93000030517578;21.0;23800
2016-02-24;21.0;21.280000686645508;19.31999969482422;20.790000915527344;27000
2016-02-25;20.719999313354492;21.979999542236328;20.719999313354492;21.6299991607666;26200
2016-02-26;21.700000762939453;22.1200008392334;21.209999084472656;21.489999771118164;20700
2016-02-29;21.350000381469727;21.700000762939453;20.93000030517578;21.0;22800
2016-03-01;21.420000076293945;21.700000762939453;20.579999923706055;21.0;18200
2016-03-02;20.860000610351562;21.6299991607666;20.860000610351562;21.559999465942383;32000
2016-03-03;21.420000076293945;22.75;21.420000076293945;22.469999313354492;31100
2016-03-04;22.540000915527344;23.799999237060547;22.1200008392334;23.170000076293945;34200
2016-03-07;23.170000076293945;23.59000015258789;21.6299991607666;23.170000076293945;49100
2016-03-08;23.030000686645508;23.799999237060547;22.68000030517578;23.3799991607666;16300
2016-03-09;23.520000457763672;24.079999923706055;23.239999771118164;23.799999237060547;11100
2016-03-10;24.079999923706055;24.079999923706055;22.469999313354492;22.540000915527344;20400
2016-03-11;22.81999969482422;22.81999969482422;21.90999984741211;22.399999618530273;14800
2016-03-14;22.049999237060547;22.469999313354492;21.209999084472656;21.700000762939453;20700
2016-03-15;21.489999771118164;21.6299991607666;20.649999618530273;20.93000030517578;16700
2016-03-16;20.579999923706055;21.350000381469727;20.579999923706055;21.139999389648438;8400
2016-03-17;21.0;21.280000686645508;20.649999618530273;21.139999389648438;23200
2016-03-18;21.280000686645508;22.1200008392334;21.0;21.280000686645508;27300
2016-03-21;21.420000076293945;21.90999984741211;21.0;21.06999969482422;18600
2016-03-22;21.0;21.6299991607666;21.0;21.350000381469727;12100
2016-03-23;21.420000076293945;21.6299991607666;20.510000228881836;20.510000228881836;8100
2016-03-24;20.510000228881836;21.420000076293945;20.229999542236328;21.139999389648438;16500
2016-03-28;21.139999389648438;21.700000762939453;20.440000534057617;20.860000610351562;12000
2016-03-29;20.860000610351562;21.770000457763672;20.510000228881836;21.489999771118164;22800
2016-03-30;21.700000762939453;21.979999542236328;21.350000381469727;21.489999771118164;18500
2016-03-31;21.559999465942383;21.84000015258789;21.0;21.139999389648438;33100
2016-04-01;21.0;22.190000534057617;20.719999313354492;21.90999984741211;14900
2016-04-04;21.84000015258789;23.030000686645508;21.700000762939453;21.770000457763672;13900
2016-04-05;21.700000762939453;21.84000015258789;20.649999618530273;21.139999389648438;14200
2016-04-06;21.139999389648438;21.90999984741211;21.0;21.6299991607666;13300
2016-04-07;21.420000076293945;21.6299991607666;21.0;21.489999771118164;10600
2016-04-08;21.6299991607666;21.6299991607666;20.3700008392334;20.860000610351562;9600
2016-04-11;20.719999313354492;21.0;20.09000015258789;20.15999984741211;13800
2016-04-12;20.09000015258789;21.06999969482422;19.950000762939453;20.860000610351562;11000
2016-04-13;21.06999969482422;21.6299991607666;20.3700008392334;20.510000228881836;23300
2016-04-14;20.649999618530273;20.860000610351562;20.15999984741211;20.579999923706055;17300
2016-04-15;20.299999237060547;21.0;20.229999542236328;20.579999923706055;10400
2016-04-18;20.440000534057617;20.649999618530273;20.020000457763672;20.15999984741211;14200
2016-04-19;20.229999542236328;20.229999542236328;19.040000915527344;19.25;19900
2016-04-20;19.389999389648438;19.8799991607666;18.899999618530273;19.600000381469727;27300
2016-04-21;19.600000381469727;21.139999389648438;19.600000381469727;20.649999618530273;29000
2016-04-22;20.649999618530273;21.6299991607666;20.649999618530273;21.489999771118164;33400
2016-04-25;21.209999084472656;21.489999771118164;20.09000015258789;20.649999618530273;15200
2016-04-26;20.299999237060547;21.139999389648438;20.020000457763672;20.299999237060547;34600
2016-04-27;20.020000457763672;21.0;19.8799991607666;20.020000457763672;17000
2016-04-28;20.020000457763672;20.510000228881836;19.389999389648438;19.530000686645508;32800
2016-04-29;19.31999969482422;19.8799991607666;17.639999389648438;17.920000076293945;50900
2016-05-02;18.200000762939453;18.6200008392334;17.639999389648438;18.479999542236328;28200
2016-05-03;18.270000457763672;18.690000534057617;17.56999969482422;17.709999084472656;19300
2016-05-04;17.709999084472656;18.34000015258789;17.360000610351562;17.709999084472656;27600
2016-05-05;18.059999465942383;18.479999542236328;17.56999969482422;17.920000076293945;19400
2016-05-06;16.450000762939453;16.520000457763672;13.15999984741211;15.1899995803833;69700
2016-05-09;14.979999542236328;14.979999542236328;14.0;14.699999809265137;52900
2016-05-10;14.350000381469727;15.75;14.350000381469727;15.050000190734863;30400
2016-05-11;14.770000457763672;15.399999618530273;14.770000457763672;15.1899995803833;23800
2016-05-12;15.329999923706055;15.470000267028809;15.1899995803833;15.329999923706055;26900
2016-05-13;15.260000228881836;15.609999656677246;15.1899995803833;15.470000267028809;32900
2016-05-16;15.260000228881836;15.75;15.260000228881836;15.399999618530273;16100
2016-05-17;15.399999618530273;15.609999656677246;15.050000190734863;15.1899995803833;34600
2016-05-18;15.050000190734863;15.399999618530273;15.050000190734863;15.260000228881836;29300
2016-05-19;15.050000190734863;15.260000228881836;14.979999542236328;15.119999885559082;22000
2016-05-20;15.119999885559082;15.609999656677246;14.84000015258789;15.539999961853027;20500
2016-05-23;15.260000228881836;16.100000381469727;15.260000228881836;15.75;34300
2016-05-24;15.819999694824219;16.100000381469727;15.75;15.890000343322754;24400
2016-05-25;15.819999694824219;15.960000038146973;15.75;15.75;17300
2016-05-26;15.680000305175781;16.450000762939453;15.680000305175781;16.309999465942383;29100
2016-05-27;16.170000076293945;16.729999542236328;16.170000076293945;16.59000015258789;21900
2016-05-31;16.65999984741211;16.65999984741211;16.100000381469727;16.520000457763672;23900
2016-06-01;16.450000762939453;17.709999084472656;16.239999771118164;17.360000610351562;52200
2016-06-02;17.219999313354492;17.43000030517578;16.030000686645508;17.010000228881836;29800
2016-06-03;16.8700008392334;17.079999923706055;16.3799991607666;16.729999542236328;36700
2016-06-06;16.59000015258789;17.709999084472656;16.59000015258789;17.5;32400
2016-06-07;17.5;18.059999465942383;17.149999618530273;17.5;32200
2016-06-08;17.780000686645508;18.059999465942383;17.360000610351562;17.5;14100
2016-06-09;17.360000610351562;17.639999389648438;16.729999542236328;17.010000228881836;9100
2016-06-10;16.520000457763672;16.940000534057617;16.170000076293945;16.309999465942383;15800
2016-06-13;16.3799991607666;16.8700008392334;16.030000686645508;16.59000015258789;24900
2016-06-14;16.65999984741211;17.010000228881836;16.170000076293945;16.520000457763672;12500
2016-06-15;16.450000762939453;16.940000534057617;16.450000762939453;16.65999984741211;21600
2016-06-16;16.59000015258789;16.729999542236328;16.450000762939453;16.59000015258789;15100
2016-06-17;16.520000457763672;17.360000610351562;16.520000457763672;16.940000534057617;46600
2016-06-20;17.149999618530273;18.1299991607666;17.010000228881836;17.709999084472656;53200
2016-06-21;17.56999969482422;17.850000381469727;17.43000030517578;17.56999969482422;26700
2016-06-22;17.5;17.5;16.520000457763672;16.65999984741211;28900
2016-06-23;17.010000228881836;17.010000228881836;16.520000457763672;16.729999542236328;32400
2016-06-24;16.100000381469727;17.639999389648438;16.030000686645508;16.799999237060547;537400
2016-06-27;16.59000015258789;17.079999923706055;16.030000686645508;16.170000076293945;40800
2016-06-28;16.3799991607666;17.149999618530273;16.100000381469727;16.170000076293945;14400
2016-06-29;16.170000076293945;16.65999984741211;16.170000076293945;16.309999465942383;28900
2016-06-30;16.59000015258789;16.799999237060547;16.3799991607666;16.450000762939453;19200
2016-07-01;16.520000457763672;17.709999084472656;16.520000457763672;16.729999542236328;27900
2016-07-05;16.520000457763672;16.8700008392334;16.100000381469727;16.520000457763672;32300
2016-07-06;16.3799991607666;17.079999923706055;16.3799991607666;16.450000762939453;13900
2016-07-07;16.59000015258789;17.010000228881836;16.3799991607666;16.520000457763672;12000
2016-07-08;16.520000457763672;17.079999923706055;16.450000762939453;16.450000762939453;9300
2016-07-11;16.450000762939453;16.8700008392334;16.450000762939453;16.520000457763672;13900
2016-07-12;16.729999542236328;17.149999618530273;16.450000762939453;16.940000534057617;9600
2016-07-13;16.799999237060547;16.940000534057617;16.170000076293945;16.3799991607666;17700
2016-07-14;16.59000015258789;16.59000015258789;16.450000762939453;16.520000457763672;5300
2016-07-15;16.59000015258789;16.799999237060547;16.450000762939453;16.450000762939453;9800
2016-07-18;16.520000457763672;16.65999984741211;16.450000762939453;16.520000457763672;3000
2016-07-19;16.520000457763672;16.65999984741211;16.450000762939453;16.450000762939453;13900
2016-07-20;16.520000457763672;18.200000762939453;16.309999465942383;17.780000686645508;51000
2016-07-21;18.059999465942383;18.200000762939453;17.780000686645508;17.920000076293945;16200
2016-07-22;17.780000686645508;18.40999984741211;17.360000610351562;18.200000762939453;12700
2016-07-25;18.1299991607666;18.690000534057617;16.8700008392334;17.010000228881836;15000
2016-07-26;17.149999618530273;17.709999084472656;16.799999237060547;16.799999237060547;11600
2016-07-27;16.8700008392334;17.639999389648438;16.8700008392334;17.43000030517578;8200
2016-07-28;17.43000030517578;17.709999084472656;17.290000915527344;17.5;8600
2016-07-29;17.5;17.639999389648438;17.360000610351562;17.5;8700
2016-08-01;17.639999389648438;18.1299991607666;17.360000610351562;17.920000076293945;3200
2016-08-02;17.920000076293945;17.920000076293945;17.360000610351562;17.5;6300
2016-08-03;17.5;18.200000762939453;17.5;18.059999465942383;8400
2016-08-04;17.709999084472656;19.459999084472656;17.709999084472656;18.549999237060547;33100
2016-08-05;18.200000762939453;18.760000228881836;17.360000610351562;18.6200008392334;30600
2016-08-08;18.760000228881836;19.110000610351562;18.549999237060547;18.6200008392334;10700
2016-08-09;18.40999984741211;18.829999923706055;17.920000076293945;18.549999237060547;14500
2016-08-10;18.40999984741211;18.6200008392334;18.200000762939453;18.34000015258789;12500
2016-08-11;18.6200008392334;18.6200008392334;17.709999084472656;18.270000457763672;13700
2016-08-12;18.059999465942383;18.549999237060547;18.059999465942383;18.270000457763672;8800
2016-08-15;18.1299991607666;18.760000228881836;18.1299991607666;18.270000457763672;11200
2016-08-16;18.34000015258789;19.530000686645508;18.270000457763672;19.31999969482422;32200
2016-08-17;19.18000030517578;19.739999771118164;19.18000030517578;19.670000076293945;13400
2016-08-18;19.739999771118164;19.739999771118164;18.969999313354492;19.389999389648438;24500
2016-08-19;19.530000686645508;19.739999771118164;19.040000915527344;19.31999969482422;12700
2016-08-22;19.31999969482422;19.31999969482422;19.110000610351562;19.110000610351562;4500
2016-08-23;18.969999313354492;19.25;18.40999984741211;18.479999542236328;7700
2016-08-24;18.549999237060547;19.18000030517578;18.1299991607666;18.200000762939453;8600
2016-08-25;17.920000076293945;17.989999771118164;16.799999237060547;17.43000030517578;33500
2016-08-26;17.43000030517578;17.43000030517578;16.309999465942383;16.309999465942383;5800
2016-08-29;16.100000381469727;17.709999084472656;16.030000686645508;17.56999969482422;17900
2016-08-30;17.639999389648438;17.709999084472656;17.360000610351562;17.56999969482422;23200
2016-08-31;17.56999969482422;17.709999084472656;17.360000610351562;17.709999084472656;148500
2016-09-01;17.709999084472656;17.850000381469727;16.59000015258789;16.8700008392334;16900
2016-09-02;16.799999237060547;17.43000030517578;16.59000015258789;17.149999618530273;3900
2016-09-06;16.940000534057617;17.43000030517578;16.8700008392334;17.149999618530273;21300
2016-09-07;17.219999313354492;17.290000915527344;17.149999618530273;17.149999618530273;7000
2016-09-08;17.219999313354492;17.850000381469727;17.149999618530273;17.709999084472656;7200
2016-09-09;17.850000381469727;18.059999465942383;17.149999618530273;17.149999618530273;7900
2016-09-12;17.010000228881836;17.219999313354492;16.450000762939453;17.149999618530273;8800
2016-09-13;17.149999618530273;17.219999313354492;16.799999237060547;16.799999237060547;12700
2016-09-14;16.799999237060547;16.8700008392334;16.450000762939453;16.520000457763672;16900
2016-09-15;16.520000457763672;16.729999542236328;16.170000076293945;16.520000457763672;2200
2016-09-16;16.239999771118164;16.8700008392334;16.170000076293945;16.65999984741211;19900
2016-09-19;16.520000457763672;16.940000534057617;16.239999771118164;16.239999771118164;1800
2016-09-20;16.309999465942383;16.520000457763672;16.100000381469727;16.3799991607666;3600
2016-09-21;16.309999465942383;17.079999923706055;16.309999465942383;16.940000534057617;9300
2016-09-22;16.8700008392334;16.940000534057617;16.520000457763672;16.729999542236328;15400
2016-09-23;16.65999984741211;17.010000228881836;16.59000015258789;16.799999237060547;2300
2016-09-26;16.450000762939453;16.8700008392334;16.309999465942383;16.309999465942383;8500
2016-09-27;16.309999465942383;16.940000534057617;16.100000381469727;16.729999542236328;4400
2016-09-28;16.799999237060547;17.43000030517578;16.65999984741211;17.290000915527344;16800
2016-09-29;17.56999969482422;17.56999969482422;16.8700008392334;16.940000534057617;2600
2016-09-30;16.8700008392334;17.780000686645508;16.799999237060547;17.639999389648438;13700
2016-10-03;17.5;17.5;16.8700008392334;17.219999313354492;3600
2016-10-04;17.290000915527344;17.850000381469727;17.079999923706055;17.219999313354492;2200
2016-10-05;17.360000610351562;17.43000030517578;17.079999923706055;17.149999618530273;1100
2016-10-06;17.079999923706055;17.219999313354492;16.450000762939453;16.65999984741211;1400
2016-10-07;16.729999542236328;16.729999542236328;16.239999771118164;16.3799991607666;2200
2016-10-10;16.450000762939453;16.729999542236328;16.3799991607666;16.3799991607666;3300
2016-10-11;16.3799991607666;16.65999984741211;16.170000076293945;16.309999465942383;3000
2016-10-12;16.3799991607666;16.450000762939453;16.100000381469727;16.100000381469727;4800
2016-10-13;15.960000038146973;16.309999465942383;15.960000038146973;16.100000381469727;2300
2016-10-14;16.100000381469727;16.170000076293945;15.539999961853027;15.960000038146973;7200
2016-10-17;16.100000381469727;16.450000762939453;16.100000381469727;16.450000762939453;2300
2016-10-18;16.450000762939453;16.450000762939453;15.75;16.450000762939453;3800
2016-10-19;16.170000076293945;16.450000762939453;15.75;16.309999465942383;4100
2016-10-20;16.450000762939453;16.799999237060547;16.100000381469727;16.309999465942383;2300
2016-10-21;16.450000762939453;17.149999618530273;15.75;16.450000762939453;6100
2016-10-24;16.799999237060547;16.799999237060547;16.100000381469727;16.450000762939453;1600
2016-10-25;16.799999237060547;16.799999237060547;15.399999618530273;16.100000381469727;6500
2016-10-26;15.75;16.100000381469727;15.399999618530273;15.399999618530273;18100
2016-10-27;15.75;16.799999237060547;15.399999618530273;16.100000381469727;11800
2016-10-28;16.100000381469727;16.450000762939453;16.100000381469727;16.100000381469727;8900
2016-10-31;16.100000381469727;16.450000762939453;16.100000381469727;16.100000381469727;7800
2016-11-01;16.100000381469727;16.309999465942383;15.399999618530273;15.75;23200
2016-11-02;15.75;16.450000762939453;15.399999618530273;16.100000381469727;15300
2016-11-03;16.100000381469727;16.100000381469727;15.399999618530273;15.399999618530273;1700
2016-11-04;15.75;16.450000762939453;15.399999618530273;15.75;8000
2016-11-07;16.100000381469727;16.100000381469727;15.399999618530273;15.75;800
2016-11-08;15.399999618530273;15.75;15.050000190734863;15.75;20600
2016-11-09;15.399999618530273;15.75;14.699999809265137;15.399999618530273;13700
2016-11-10;15.399999618530273;16.450000762939453;14.350000381469727;16.450000762939453;11400
2016-11-11;16.450000762939453;16.940000534057617;16.100000381469727;16.100000381469727;14500
2016-11-14;16.100000381469727;17.5;16.100000381469727;16.799999237060547;14100
2016-11-15;16.799999237060547;17.149999618530273;16.450000762939453;17.149999618530273;2600
2016-11-16;16.100000381469727;16.799999237060547;16.100000381469727;16.799999237060547;12300
2016-11-17;16.450000762939453;17.149999618530273;16.450000762939453;16.799999237060547;15100
2016-11-18;16.450000762939453;17.149999618530273;16.450000762939453;17.149999618530273;7100
2016-11-21;17.149999618530273;17.5;17.079999923706055;17.149999618530273;4300
2016-11-22;17.5;17.5;16.799999237060547;17.149999618530273;12800
2016-11-23;16.799999237060547;17.5;16.799999237060547;17.5;1600
2016-11-25;17.5;17.5;16.799999237060547;17.149999618530273;1700
2016-11-28;17.5;17.5;16.799999237060547;16.799999237060547;5500
2016-11-29;16.450000762939453;17.149999618530273;16.450000762939453;17.149999618530273;3100
2016-11-30;17.149999618530273;17.149999618530273;16.450000762939453;16.799999237060547;2700
2016-12-01;16.799999237060547;16.799999237060547;15.75;16.100000381469727;8800
2016-12-02;16.450000762939453;16.799999237060547;16.100000381469727;16.799999237060547;11100
2016-12-05;16.799999237060547;17.149999618530273;16.450000762939453;16.799999237060547;6600
2016-12-06;16.450000762939453;16.799999237060547;16.450000762939453;16.450000762939453;4100
2016-12-07;16.799999237060547;16.799999237060547;16.100000381469727;16.799999237060547;6500
2016-12-08;16.799999237060547;16.799999237060547;16.100000381469727;16.100000381469727;12200
2016-12-09;16.100000381469727;17.149999618530273;16.100000381469727;17.149999618530273;11600
2016-12-12;16.799999237060547;17.149999618530273;16.100000381469727;16.799999237060547;5800
2016-12-13;16.799999237060547;16.799999237060547;15.75;16.100000381469727;10900
2016-12-14;15.75;16.100000381469727;15.399999618530273;16.100000381469727;4900
2016-12-15;16.100000381469727;16.100000381469727;15.399999618530273;15.399999618530273;2200
2016-12-16;15.75;16.799999237060547;15.399999618530273;16.100000381469727;19200
2016-12-19;16.799999237060547;16.799999237060547;15.75;16.100000381469727;6300
2016-12-20;16.100000381469727;16.450000762939453;15.399999618530273;16.450000762939453;10700
2016-12-21;16.100000381469727;16.450000762939453;15.399999618530273;15.75;11300
2016-12-22;15.399999618530273;16.799999237060547;15.399999618530273;16.799999237060547;25500
2016-12-23;16.450000762939453;16.799999237060547;16.100000381469727;16.799999237060547;2600
2016-12-27;16.799999237060547;16.799999237060547;16.100000381469727;16.799999237060547;7300
2016-12-28;16.799999237060547;16.799999237060547;16.450000762939453;16.450000762939453;4800
2016-12-29;16.100000381469727;16.799999237060547;16.100000381469727;16.450000762939453;15500
2016-12-30;16.100000381469727;16.799999237060547;16.100000381469727;16.450000762939453;61300
2017-01-03;16.450000762939453;16.799999237060547;16.100000381469727;16.799999237060547;6600
2017-01-04;16.799999237060547;18.200000762939453;16.450000762939453;17.850000381469727;11500
2017-01-05;17.5;18.200000762939453;17.5;18.200000762939453;4600
2017-01-06;18.200000762939453;18.899999618530273;17.850000381469727;18.549999237060547;8800
2017-01-09;18.899999618530273;19.18000030517578;18.200000762939453;18.549999237060547;8300
2017-01-10;18.200000762939453;18.270000457763672;16.799999237060547;17.149999618530273;19200
2017-01-11;17.149999618530273;17.5;17.149999618530273;17.149999618530273;2400
2017-01-12;17.149999618530273;17.5;16.799999237060547;17.149999618530273;1500
2017-01-13;17.219999313354492;17.5;16.450000762939453;16.450000762939453;3100
2017-01-17;16.100000381469727;16.450000762939453;16.100000381469727;16.100000381469727;1800
2017-01-18;16.450000762939453;16.450000762939453;16.100000381469727;16.450000762939453;2200
2017-01-19;16.450000762939453;16.450000762939453;16.100000381469727;16.100000381469727;2900
2017-01-20;16.100000381469727;16.450000762939453;15.75;16.450000762939453;3300
2017-01-23;16.100000381469727;16.450000762939453;15.75;16.100000381469727;3900
2017-01-24;15.75;16.450000762939453;15.75;16.100000381469727;12200
2017-01-25;16.100000381469727;16.100000381469727;15.75;16.100000381469727;4800
2017-01-26;16.100000381469727;16.450000762939453;15.75;15.75;7700
2017-01-27;16.100000381469727;16.100000381469727;15.050000190734863;15.399999618530273;83700
2017-01-30;15.050000190734863;16.100000381469727;15.050000190734863;16.100000381469727;6000
2017-01-31;16.100000381469727;16.100000381469727;15.75;15.75;1500
2017-02-01;15.75;15.75;15.399999618530273;15.75;1600
2017-02-02;15.399999618530273;16.100000381469727;15.050000190734863;16.100000381469727;9300
2017-02-03;16.100000381469727;16.100000381469727;15.399999618530273;15.399999618530273;21200
2017-02-06;15.399999618530273;16.100000381469727;15.399999618530273;15.75;600
2017-02-07;15.399999618530273;15.75;15.399999618530273;15.399999618530273;4900
2017-02-08;15.050000190734863;15.75;15.050000190734863;15.399999618530273;4300
2017-02-09;15.75;15.75;15.399999618530273;15.399999618530273;5100
2017-02-10;15.399999618530273;15.75;15.050000190734863;15.399999618530273;1700
2017-02-13;15.75;16.799999237060547;15.399999618530273;16.100000381469727;8200
2017-02-14;16.100000381469727;16.799999237060547;16.100000381469727;16.100000381469727;700
2017-02-15;16.100000381469727;16.100000381469727;15.75;16.100000381469727;900
2017-02-16;15.75;15.75;15.399999618530273;15.399999618530273;2600
2017-02-17;15.399999618530273;15.75;15.399999618530273;15.75;3100
2017-02-21;15.75;15.75;15.399999618530273;15.399999618530273;800
2017-02-22;15.399999618530273;16.65999984741211;15.399999618530273;16.450000762939453;10100
2017-02-23;16.450000762939453;16.799999237060547;16.100000381469727;16.100000381469727;1600
2017-02-24;16.100000381469727;16.450000762939453;15.75;16.100000381469727;1300
2017-02-27;15.75;16.450000762939453;15.75;16.100000381469727;5800
2017-02-28;15.75;16.450000762939453;15.75;16.100000381469727;13700
2017-03-01;16.100000381469727;16.100000381469727;14.0;14.0;94700
2017-03-02;14.350000381469727;14.350000381469727;12.600000381469727;12.600000381469727;11100
2017-03-03;12.25;12.600000381469727;10.5;10.5;191500
2017-03-06;10.850000381469727;11.899999618530273;10.5;11.199999809265137;121300
2017-03-07;11.199999809265137;11.550000190734863;10.850000381469727;11.199999809265137;141300
2017-03-08;11.550000190734863;11.550000190734863;11.199999809265137;11.199999809265137;27800
2017-03-09;11.199999809265137;11.550000190734863;10.850000381469727;10.850000381469727;42700
2017-03-10;10.850000381469727;11.199999809265137;10.149999618530273;11.199999809265137;38400
2017-03-13;11.199999809265137;12.600000381469727;11.199999809265137;11.899999618530273;26900
2017-03-14;11.899999618530273;11.899999618530273;11.550000190734863;11.899999618530273;7400
2017-03-15;11.899999618530273;11.899999618530273;11.199999809265137;11.199999809265137;10200
2017-03-16;11.199999809265137;12.600000381469727;11.199999809265137;12.25;11600
2017-03-17;11.899999618530273;12.949999809265137;11.899999618530273;12.949999809265137;11300
2017-03-20;12.600000381469727;12.949999809265137;12.600000381469727;12.949999809265137;3900
2017-03-21;12.600000381469727;13.300000190734863;12.25;12.25;9500
2017-03-22;12.25;12.600000381469727;11.760000228881836;12.25;10400
2017-03-23;11.970000267028809;12.600000381469727;11.899999618530273;11.899999618530273;5200
2017-03-24;11.899999618530273;12.600000381469727;11.899999618530273;12.25;3200
2017-03-27;12.25;12.600000381469727;11.550000190734863;12.25;7200
2017-03-28;12.25;12.949999809265137;12.25;12.600000381469727;9600
2017-03-29;12.600000381469727;13.300000190734863;12.25;12.949999809265137;6400
2017-03-30;12.949999809265137;13.300000190734863;12.25;12.25;4400
2017-03-31;12.25;12.949999809265137;11.899999618530273;12.600000381469727;900
2017-04-03;12.600000381469727;13.300000190734863;12.600000381469727;12.600000381469727;6000
2017-04-04;12.600000381469727;13.300000190734863;12.25;12.600000381469727;10600
2017-04-05;12.600000381469727;13.649999618530273;12.25;13.300000190734863;11300
2017-04-06;12.949999809265137;14.0;12.600000381469727;13.300000190734863;15100
2017-04-07;13.649999618530273;13.649999618530273;12.949999809265137;13.300000190734863;2600
2017-04-10;13.300000190734863;13.300000190734863;12.949999809265137;13.300000190734863;4200
2017-04-11;13.649999618530273;13.649999618530273;12.949999809265137;12.949999809265137;4700
2017-04-12;12.600000381469727;13.15999984741211;12.600000381469727;12.600000381469727;5100
2017-04-13;12.600000381469727;12.949999809265137;12.25;12.600000381469727;5500
2017-04-17;12.600000381469727;13.300000190734863;12.600000381469727;12.949999809265137;3300
2017-04-18;13.300000190734863;13.300000190734863;12.25;12.25;5400
2017-04-19;12.25;12.949999809265137;12.25;12.600000381469727;9500
2017-04-20;12.25;13.300000190734863;11.899999618530273;12.600000381469727;10600
2017-04-21;12.949999809265137;12.949999809265137;12.25;12.25;5700
2017-04-24;12.25;12.600000381469727;12.25;12.25;1800
2017-04-25;12.600000381469727;13.300000190734863;12.600000381469727;12.949999809265137;12500
2017-04-26;13.300000190734863;13.300000190734863;12.600000381469727;12.949999809265137;1800
2017-04-27;12.949999809265137;12.949999809265137;12.600000381469727;12.600000381469727;4700
2017-04-28;12.25;12.25;11.899999618530273;11.899999618530273;10300
2017-05-01;11.899999618530273;12.600000381469727;11.550000190734863;12.600000381469727;24000
2017-05-02;12.25;12.25;11.550000190734863;11.899999618530273;7800
2017-05-03;11.899999618530273;12.25;11.899999618530273;12.25;3800
2017-05-04;11.899999618530273;12.25;11.550000190734863;11.550000190734863;10600
2017-05-05;11.550000190734863;11.899999618530273;11.0600004196167;11.550000190734863;15300
2017-05-08;11.199999809265137;11.899999618530273;11.199999809265137;11.199999809265137;6000
2017-05-09;11.199999809265137;11.550000190734863;11.199999809265137;11.199999809265137;12100
2017-05-10;10.850000381469727;11.199999809265137;10.5;10.850000381469727;27300
2017-05-11;10.850000381469727;11.199999809265137;10.359999656677246;10.5;36600
2017-05-12;10.5;10.850000381469727;10.149999618530273;10.149999618530273;8400
2017-05-15;10.149999618530273;10.5;9.800000190734863;10.149999618530273;3900
2017-05-16;10.5;10.5;9.170000076293945;9.800000190734863;22400
2017-05-17;9.100000381469727;10.149999618530273;9.100000381469727;9.449999809265137;13700
2017-05-18;9.100000381469727;9.800000190734863;8.75;9.449999809265137;39900
2017-05-19;9.100000381469727;9.449999809265137;8.75;9.100000381469727;18300
2017-05-22;8.75;9.449999809265137;8.75;9.449999809265137;9900
2017-05-23;9.100000381469727;9.449999809265137;8.890000343322754;9.100000381469727;7600
2017-05-24;8.75;9.800000190734863;8.75;9.800000190734863;22900
2017-05-25;9.800000190734863;9.800000190734863;9.449999809265137;9.449999809265137;3400
2017-05-26;9.800000190734863;10.149999618530273;9.449999809265137;9.800000190734863;7500
2017-05-30;10.149999618530273;10.149999618530273;9.100000381469727;9.100000381469727;102000
2017-05-31;9.100000381469727;9.449999809265137;9.100000381469727;9.100000381469727;7400
2017-06-01;8.75;9.449999809265137;8.75;9.100000381469727;5800
2017-06-02;9.100000381469727;9.449999809265137;8.75;9.100000381469727;5500
2017-06-05;9.100000381469727;9.100000381469727;8.050000190734863;8.399999618530273;337900
2017-06-06;8.399999618530273;9.100000381469727;8.399999618530273;9.100000381469727;15400
2017-06-07;8.75;9.449999809265137;8.75;9.100000381469727;5000
2017-06-08;9.100000381469727;9.800000190734863;8.75;9.100000381469727;27700
2017-06-09;9.100000381469727;9.449999809265137;8.75;9.100000381469727;1700
2017-06-12;9.100000381469727;9.449999809265137;8.75;8.75;26300
2017-06-13;8.75;9.100000381469727;8.75;8.75;4500
2017-06-14;8.75;9.100000381469727;8.75;8.75;3100
2017-06-15;8.75;9.100000381469727;8.399999618530273;8.399999618530273;11100
2017-06-16;8.399999618530273;8.75;8.399999618530273;8.399999618530273;2400
2017-06-19;8.399999618530273;9.100000381469727;8.399999618530273;8.75;5500
2017-06-20;9.100000381469727;9.100000381469727;8.399999618530273;8.399999618530273;2000
2017-06-21;8.399999618530273;8.680000305175781;7.420000076293945;7.699999809265137;24700
2017-06-22;7.420000076293945;8.399999618530273;7.349999904632568;7.699999809265137;26000
2017-06-23;7.699999809265137;8.399999618530273;7.699999809265137;8.050000190734863;9500
2017-06-26;8.399999618530273;8.399999618530273;8.050000190734863;8.260000228881836;2000
2017-06-27;8.399999618530273;9.100000381469727;8.399999618530273;9.100000381469727;6300
2017-06-28;8.75;9.100000381469727;8.399999618530273;9.100000381469727;8500
2017-06-29;9.100000381469727;9.449999809265137;8.399999618530273;9.100000381469727;11300
2017-06-30;8.75;9.449999809265137;8.609999656677246;9.100000381469727;14400
2017-07-03;8.75;9.100000381469727;8.75;8.75;300
2017-07-05;8.75;9.100000381469727;8.399999618530273;8.75;2600
2017-07-06;8.75;9.100000381469727;8.399999618530273;8.75;1900
2017-07-07;8.399999618530273;8.399999618530273;7.699999809265137;8.399999618530273;5500
2017-07-10;8.399999618530273;8.75;8.050000190734863;8.050000190734863;4400
2017-07-11;8.399999618530273;8.75;8.050000190734863;8.399999618530273;12900
2017-07-12;8.399999618530273;8.75;7.699999809265137;8.399999618530273;15400
2017-07-13;8.399999618530273;9.100000381469727;8.399999618530273;8.75;9100
2017-07-14;8.75;8.75;8.399999618530273;8.609999656677246;4000
2017-07-17;8.399999618530273;9.100000381469727;8.399999618530273;8.399999618530273;4300
2017-07-18;8.399999618530273;8.75;8.399999618530273;8.75;27300
2017-07-19;9.100000381469727;9.100000381469727;8.399999618530273;8.399999618530273;5800
2017-07-20;8.399999618530273;8.75;8.399999618530273;8.75;900
2017-07-21;8.050000190734863;8.75;8.050000190734863;8.399999618530273;5300
2017-07-24;8.75;8.75;8.119999885559082;8.75;3200
2017-07-25;8.75;8.75;8.050000190734863;8.399999618530273;3600
2017-07-26;8.399999618530273;8.75;8.050000190734863;8.399999618530273;3700
2017-07-27;8.399999618530273;8.75;8.050000190734863;8.399999618530273;1200
2017-07-28;8.050000190734863;8.399999618530273;8.050000190734863;8.050000190734863;2800
2017-07-31;8.050000190734863;8.399999618530273;8.050000190734863;8.050000190734863;1300
2017-08-01;8.050000190734863;8.399999618530273;8.050000190734863;8.399999618530273;1900
2017-08-02;8.050000190734863;8.399999618530273;8.050000190734863;8.050000190734863;3100
2017-08-03;8.050000190734863;8.399999618530273;7.909999847412109;8.050000190734863;7400
2017-08-04;8.050000190734863;8.260000228881836;7.699999809265137;8.050000190734863;5000
2017-08-07;8.050000190734863;8.399999618530273;7.840000152587891;8.399999618530273;4400
2017-08-08;8.399999618530273;8.399999618530273;7.699999809265137;7.699999809265137;7800
2017-08-09;7.699999809265137;8.050000190734863;7.699999809265137;8.050000190734863;2900
2017-08-10;8.050000190734863;8.050000190734863;7.699999809265137;8.050000190734863;5500
2017-08-11;7.699999809265137;7.699999809265137;7.0;7.0;21600
2017-08-14;7.0;7.349999904632568;7.0;7.349999904632568;2400
2017-08-15;7.349999904632568;8.050000190734863;7.0;8.050000190734863;35000
2017-08-16;8.050000190734863;8.050000190734863;7.699999809265137;7.909999847412109;600
2017-08-17;7.699999809265137;8.050000190734863;7.699999809265137;8.050000190734863;400
2017-08-18;7.699999809265137;8.050000190734863;7.349999904632568;7.349999904632568;4900
2017-08-21;7.349999904632568;8.050000190734863;7.349999904632568;7.699999809265137;59000
2017-08-22;7.699999809265137;8.050000190734863;7.699999809265137;7.909999847412109;900
2017-08-23;8.050000190734863;8.050000190734863;7.349999904632568;7.349999904632568;4300
2017-08-24;7.349999904632568;8.050000190734863;7.349999904632568;7.349999904632568;7900
2017-08-25;7.349999904632568;8.050000190734863;7.349999904632568;7.699999809265137;3400
2017-08-28;7.699999809265137;8.050000190734863;7.699999809265137;7.699999809265137;6900
2017-08-29;7.699999809265137;8.399999618530273;7.699999809265137;7.699999809265137;50200
2017-08-30;8.050000190734863;8.260000228881836;7.699999809265137;7.699999809265137;14100
2017-08-31;8.050000190734863;8.75;8.050000190734863;8.050000190734863;100900
2017-09-01;8.119999885559082;8.399999618530273;8.050000190734863;8.050000190734863;22300
2017-09-05;8.050000190734863;8.609999656677246;8.050000190734863;8.050000190734863;17800
2017-09-06;8.050000190734863;8.75;8.050000190734863;8.050000190734863;38500
2017-09-07;8.399999618530273;9.100000381469727;8.050000190734863;8.75;101700
2017-09-08;8.75;10.850000381469727;8.75;10.850000381469727;38400
2017-09-11;11.199999809265137;11.550000190734863;10.5;11.199999809265137;31200
2017-09-12;11.199999809265137;11.899999618530273;11.0600004196167;11.550000190734863;22500
2017-09-13;11.199999809265137;11.899999618530273;11.199999809265137;11.899999618530273;41900
2017-09-14;12.25;12.25;11.550000190734863;11.550000190734863;9200
2017-09-15;11.550000190734863;11.899999618530273;11.550000190734863;11.899999618530273;64200
2017-09-18;11.550000190734863;11.899999618530273;11.550000190734863;11.899999618530273;4200
2017-09-19;11.899999618530273;11.970000267028809;11.199999809265137;11.899999618530273;44500
2017-09-20;11.899999618530273;12.600000381469727;11.550000190734863;12.25;19800
2017-09-21;12.600000381469727;12.600000381469727;11.899999618530273;12.25;3400
2017-09-22;11.899999618530273;14.0;11.550000190734863;14.0;66100
2017-09-25;14.0;14.0;12.949999809265137;14.0;15100
2017-09-26;13.649999618530273;14.350000381469727;12.949999809265137;12.949999809265137;20000
2017-09-27;12.949999809265137;13.300000190734863;12.25;12.600000381469727;14000
2017-09-28;12.600000381469727;14.350000381469727;12.600000381469727;12.949999809265137;12400
2017-09-29;12.949999809265137;13.020000457763672;12.25;12.25;4900
2017-10-02;12.600000381469727;14.210000038146973;12.600000381469727;13.649999618530273;18200
2017-10-03;13.300000190734863;14.350000381469727;12.949999809265137;14.0;12000
2017-10-04;14.0;14.699999809265137;13.649999618530273;14.210000038146973;15800
2017-10-05;14.0;14.699999809265137;14.0;14.350000381469727;14400
2017-10-06;14.199999809265137;15.100000381469727;14.1899995803833;14.800000190734863;37100
2017-10-09;15.300000190734863;15.449999809265137;14.130000114440918;14.25;18500
2017-10-10;14.399999618530273;14.649999618530273;14.100000381469727;14.199999809265137;6300
2017-10-11;14.199999809265137;14.5;14.0;14.0;15100
2017-10-12;14.0;14.449999809265137;14.0;14.0;7400
2017-10-13;14.149999618530273;14.350000381469727;14.149999618530273;14.350000381469727;7100
2017-10-16;14.550000190734863;14.550000190734863;14.050000190734863;14.149999618530273;10200
2017-10-17;14.100000381469727;14.100000381469727;13.899999618530273;14.050000190734863;12900
2017-10-18;13.949999809265137;14.100000381469727;13.949999809265137;14.0;4900
2017-10-19;14.0;14.100000381469727;13.899999618530273;14.0;6700
2017-10-20;14.0;14.050000190734863;13.199999809265137;13.279999732971191;75900
2017-10-23;13.449999809265137;13.449999809265137;12.199999809265137;12.800000190734863;14500
2017-10-24;12.75;13.399999618530273;12.75;13.149999618530273;17700
2017-10-25;13.199999809265137;13.300000190734863;13.050000190734863;13.25;4400
2017-10-26;13.199999809265137;14.300000190734863;12.5;14.100000381469727;397300
2017-10-27;14.100000381469727;14.350000381469727;13.850000381469727;14.149999618530273;17800
2017-10-30;14.100000381469727;14.399999618530273;14.100000381469727;14.350000381469727;3100
2017-10-31;14.5;14.649999618530273;14.350000381469727;14.5;51000
2017-11-01;14.449999809265137;14.449999809265137;14.100000381469727;14.100000381469727;10400
2017-11-02;14.100000381469727;14.25;13.800000190734863;14.050000190734863;10700
2017-11-03;14.100000381469727;14.25;13.800000190734863;14.100000381469727;7100
2017-11-06;14.100000381469727;14.149999618530273;14.0;14.100000381469727;15100
2017-11-07;14.199999809265137;14.199999809265137;13.850000381469727;14.130000114440918;28900
2017-11-08;14.100000381469727;14.149999618530273;13.449999809265137;13.5;36000
2017-11-09;13.149999618530273;13.300000190734863;11.649999618530273;11.75;38700
2017-11-10;11.100000381469727;11.25;9.5;9.649999618530273;61500
2017-11-13;9.600000381469727;9.899999618530273;9.600000381469727;9.800000190734863;34000
2017-11-14;9.649999618530273;9.800000190734863;9.550000190734863;9.600000381469727;19300
2017-11-15;9.5;9.600000381469727;8.75;8.899999618530273;33400
2017-11-16;8.850000381469727;9.680000305175781;8.850000381469727;9.5;43200
2017-11-17;9.350000381469727;9.699999809265137;9.350000381469727;9.550000190734863;13600
2017-11-20;9.399999618530273;9.699999809265137;9.399999618530273;9.600000381469727;7400
2017-11-21;9.649999618530273;9.649999618530273;9.100000381469727;9.300000190734863;8400
2017-11-22;9.350000381469727;9.550000190734863;9.149999618530273;9.399999618530273;21200
2017-11-24;9.350000381469727;9.699999809265137;9.350000381469727;9.699999809265137;5900
2017-11-27;9.649999618530273;9.699999809265137;9.25;9.399999618530273;11400
2017-11-28;9.449999809265137;10.100000381469727;9.449999809265137;10.100000381469727;14400
2017-11-29;10.100000381469727;10.149999618530273;9.350000381469727;9.350000381469727;6100
2017-11-30;9.449999809265137;10.149999618530273;9.449999809265137;9.5;9500
2017-12-01;9.600000381469727;9.699999809265137;9.140000343322754;9.699999809265137;18200
2017-12-04;9.800000190734863;9.880000114440918;9.399999618530273;9.800000190734863;19500
2017-12-05;9.649999618530273;10.800000190734863;9.649999618530273;10.199999809265137;25100
2017-12-06;10.050000190734863;10.399999618530273;9.850000381469727;10.0;16100
2017-12-07;9.800000190734863;10.600000381469727;9.800000190734863;10.0;11100
2017-12-08;10.149999618530273;10.670000076293945;10.149999618530273;10.5;10700
2017-12-11;10.300000190734863;10.850000381469727;10.25;10.5;18300
2017-12-12;10.649999618530273;11.25;10.5600004196167;11.25;19300
2017-12-13;11.5;11.520000457763672;11.149999618530273;11.399999618530273;19200
2017-12-14;11.449999809265137;11.550000190734863;11.050000190734863;11.449999809265137;6800
2017-12-15;11.5;11.75;11.300000190734863;11.350000381469727;8900
2017-12-18;11.5;11.649999618530273;11.149999618530273;11.449999809265137;7900
2017-12-19;11.050000190734863;11.5;10.430000305175781;11.449999809265137;7100
2017-12-20;11.300000190734863;11.5;11.050000190734863;11.050000190734863;5900
2017-12-21;10.949999809265137;11.399999618530273;10.800000190734863;11.100000381469727;6700
2017-12-22;11.010000228881836;11.010000228881836;10.75;10.850000381469727;2400
2017-12-26;10.699999809265137;10.699999809265137;10.25;10.390000343322754;17600
2017-12-27;10.149999618530273;10.649999618530273;10.100000381469727;10.649999618530273;7200
2017-12-28;10.399999618530273;10.449999809265137;10.229999542236328;10.300000190734863;19500
2017-12-29;10.199999809265137;11.0;10.199999809265137;10.949999809265137;9500
2018-01-02;10.949999809265137;11.050000190734863;10.75;10.899999618530273;4100
2018-01-03;11.0;11.199999809265137;10.699999809265137;11.199999809265137;8700
2018-01-04;11.149999618530273;11.149999618530273;10.609999656677246;10.800000190734863;5200
2018-01-05;10.949999809265137;11.149999618530273;10.949999809265137;11.149999618530273;2900
2018-01-08;10.949999809265137;11.100000381469727;10.949999809265137;10.949999809265137;1300
2018-01-09;10.949999809265137;10.949999809265137;10.880000114440918;10.880000114440918;500
2018-01-10;10.800000190734863;10.899999618530273;10.800000190734863;10.850000381469727;2900
2018-01-11;10.800000190734863;11.149999618530273;10.800000190734863;10.850000381469727;8900
2018-01-12;10.75;10.75;10.75;10.75;200
2018-01-16;10.699999809265137;10.899999618530273;10.449999809265137;10.600000381469727;2800
2018-01-17;10.550000190734863;10.899999618530273;10.550000190734863;10.550000190734863;800
2018-01-18;10.300000190734863;10.399999618530273;10.199999809265137;10.25;3900
2018-01-19;10.300000190734863;10.649999618530273;10.199999809265137;10.300000190734863;15400
2018-01-22;10.399999618530273;10.5;10.399999618530273;10.449999809265137;2000
2018-01-23;10.100000381469727;10.5;10.050000190734863;10.449999809265137;2900
2018-01-24;10.550000190734863;10.550000190734863;10.199999809265137;10.300000190734863;3000
2018-01-25;10.25;10.25;9.800000190734863;9.899999618530273;13300
2018-01-26;9.800000190734863;9.800000190734863;9.350000381469727;9.5;17900
2018-01-29;9.449999809265137;9.510000228881836;9.25;9.25;13600
2018-01-30;9.25;9.699999809265137;9.25;9.550000190734863;26300
2018-01-31;9.550000190734863;9.850000381469727;9.300000190734863;9.300000190734863;4800
2018-02-01;9.199999809265137;9.399999618530273;9.199999809265137;9.300000190734863;12400
2018-02-02;9.149999618530273;9.149999618530273;9.0;9.050000190734863;12800
2018-02-05;8.699999809265137;8.819999694824219;8.550000190734863;8.649999618530273;11000
2018-02-06;8.600000381469727;9.149999618530273;8.550000190734863;8.699999809265137;10500
2018-02-07;8.850000381469727;9.100000381469727;8.850000381469727;9.0;6500
2018-02-08;9.0;9.100000381469727;8.649999618530273;9.0;2100
2018-02-09;9.050000190734863;9.050000190734863;8.649999618530273;8.649999618530273;6300
2018-02-12;8.800000190734863;8.949999809265137;8.460000038146973;8.699999809265137;3400
2018-02-13;8.649999618530273;8.649999618530273;8.449999809265137;8.550000190734863;4400
2018-02-14;8.550000190734863;9.199999809265137;8.5;9.100000381469727;3300
2018-02-15;9.350000381469727;9.550000190734863;8.899999618530273;9.550000190734863;7500
2018-02-16;9.300000190734863;9.75;9.300000190734863;9.699999809265137;1400
2018-02-20;9.699999809265137;9.699999809265137;8.850000381469727;8.899999618530273;12400
2018-02-21;9.550000190734863;9.550000190734863;9.149999618530273;9.149999618530273;2000
2018-02-22;9.449999809265137;9.630000114440918;9.010000228881836;9.100000381469727;11200
2018-02-23;7.5;8.75;7.25;8.75;45300
2018-02-26;8.699999809265137;8.75;7.900000095367432;7.900000095367432;11900
2018-02-27;7.699999809265137;7.900000095367432;7.5;7.5;23700
2018-02-28;7.5;8.100000381469727;7.400000095367432;7.800000190734863;18900
2018-03-01;7.800000190734863;8.050000190734863;7.5;7.5;6900
2018-03-02;7.400000095367432;7.659999847412109;7.400000095367432;7.400000095367432;1900
2018-03-05;7.5;7.840000152587891;7.300000190734863;7.300000190734863;13700
2018-03-06;7.349999904632568;7.550000190734863;7.349999904632568;7.349999904632568;5800
2018-03-07;7.300000190734863;7.550000190734863;7.300000190734863;7.400000095367432;4900
2018-03-08;7.349999904632568;7.400000095367432;7.25;7.25;9800
2018-03-09;7.199999809265137;7.25;6.949999809265137;7.199999809265137;11800
2018-03-12;7.25;7.449999809265137;7.150000095367432;7.150000095367432;11100
2018-03-13;7.25;7.25;7.150000095367432;7.150000095367432;4800
2018-03-14;7.199999809265137;7.199999809265137;7.150000095367432;7.150000095367432;2200
2018-03-15;7.199999809265137;7.25;6.949999809265137;6.949999809265137;17500
2018-03-16;6.949999809265137;7.090000152587891;6.849999904632568;7.050000190734863;24000
2018-03-19;7.099999904632568;7.099999904632568;6.849999904632568;7.099999904632568;72500
2018-03-20;7.0;7.099999904632568;7.0;7.0;35800
2018-03-21;7.0;7.050000190734863;7.0;7.050000190734863;7400
2018-03-22;7.039999961853027;7.099999904632568;6.949999809265137;6.949999809265137;9300
2018-03-23;6.849999904632568;6.849999904632568;6.699999809265137;6.699999809265137;27700
2018-03-26;6.75;6.849999904632568;6.650000095367432;6.699999809265137;12600
2018-03-27;6.699999809265137;6.800000190734863;6.400000095367432;6.550000190734863;12800
2018-03-28;6.550000190734863;6.75;6.550000190734863;6.650000095367432;5000
2018-03-29;6.699999809265137;6.800000190734863;6.650000095367432;6.650000095367432;3800
2018-04-02;6.699999809265137;7.0;6.699999809265137;6.75;800
2018-04-03;6.650000095367432;6.699999809265137;6.599999904632568;6.599999904632568;2400
2018-04-04;6.650000095367432;6.889999866485596;6.650000095367432;6.800000190734863;2500
2018-04-05;6.75;6.869999885559082;6.650000095367432;6.699999809265137;22100
2018-04-06;6.599999904632568;6.849999904632568;6.449999809265137;6.5;11000
2018-04-09;6.5;6.900000095367432;6.5;6.699999809265137;8100
2018-04-10;6.599999904632568;6.599999904632568;6.25;6.25;18400
2018-04-11;6.300000190734863;6.699999809265137;6.300000190734863;6.699999809265137;22100
2018-04-12;6.5;6.699999809265137;6.5;6.599999904632568;48900
2018-04-13;6.550000190734863;6.949999809265137;6.550000190734863;6.849999904632568;29600
2018-04-16;7.0;7.150000095367432;6.949999809265137;7.0;25400
2018-04-17;7.0;7.150000095367432;6.800000190734863;7.050000190734863;27700
2018-04-18;7.0;7.599999904632568;6.949999809265137;7.400000095367432;48800
2018-04-19;7.349999904632568;7.650000095367432;7.300000190734863;7.5;65500
2018-04-20;7.5;7.650000095367432;7.199999809265137;7.25;36200
2018-04-23;7.599999904632568;7.699999809265137;7.400000095367432;7.5;47700
2018-04-24;7.5;7.699999809265137;7.199999809265137;7.300000190734863;36500
2018-04-25;7.400000095367432;7.550000190734863;7.199999809265137;7.5;38400
2018-04-26;7.449999809265137;7.699999809265137;7.25;7.300000190734863;14200
2018-04-27;7.349999904632568;7.599999904632568;7.300000190734863;7.5;5400
2018-04-30;7.25;7.349999904632568;7.199999809265137;7.25;4200
2018-05-01;7.150000095367432;7.75;7.139999866485596;7.75;24100
2018-05-02;7.699999809265137;8.050000190734863;7.449999809265137;7.900000095367432;26800
2018-05-03;8.050000190734863;8.350000381469727;7.789999961853027;8.100000381469727;26100
2018-05-04;8.050000190734863;8.350000381469727;7.889999866485596;8.149999618530273;22500
2018-05-07;8.100000381469727;8.350000381469727;8.100000381469727;8.25;9200
2018-05-08;8.649999618530273;8.649999618530273;7.900000095367432;8.050000190734863;29600
2018-05-09;7.949999809265137;8.300000190734863;7.949999809265137;8.0;15800
2018-05-10;8.050000190734863;8.109999656677246;7.650000095367432;7.650000095367432;14300
2018-05-11;7.400000095367432;7.449999809265137;6.5;6.599999904632568;50000
2018-05-14;6.599999904632568;6.860000133514404;6.5;6.550000190734863;7400
2018-05-15;6.5;6.820000171661377;5.849999904632568;6.150000095367432;31800
2018-05-16;6.150000095367432;6.25;5.699999809265137;5.699999809265137;46200
2018-05-17;5.75;6.199999809265137;5.699999809265137;6.150000095367432;33100
2018-05-18;6.099999904632568;6.300000190734863;6.039999961853027;6.230000019073486;6900
2018-05-21;6.099999904632568;6.300000190734863;6.099999904632568;6.099999904632568;3300
2018-05-22;6.25;6.449999809265137;5.900000095367432;6.099999904632568;11400
2018-05-23;6.25;6.349999904632568;5.949999809265137;6.0;8000
2018-05-24;5.949999809265137;6.050000190734863;5.900000095367432;5.949999809265137;4900
2018-05-25;5.849999904632568;6.0;5.849999904632568;5.849999904632568;4900
2018-05-29;5.949999809265137;5.949999809265137;5.800000190734863;5.849999904632568;10100
2018-05-30;5.900000095367432;5.949999809265137;5.880000114440918;5.900000095367432;3900
2018-05-31;5.949999809265137;5.949999809265137;5.820000171661377;5.849999904632568;2800
2018-06-01;5.949999809265137;6.300000190734863;5.840000152587891;6.300000190734863;26000
2018-06-04;6.25;6.25;5.949999809265137;6.0;29100
2018-06-05;5.849999904632568;6.199999809265137;5.849999904632568;5.949999809265137;20200
2018-06-06;5.900000095367432;6.150000095367432;5.900000095367432;5.949999809265137;4400
2018-06-07;5.900000095367432;6.150000095367432;5.699999809265137;5.75;18800
2018-06-08;5.75;5.849999904632568;5.599999904632568;5.849999904632568;23800
2018-06-11;5.699999809265137;6.0;5.699999809265137;6.0;4900
2018-06-12;6.050000190734863;6.050000190734863;5.900000095367432;6.0;4200
2018-06-13;6.050000190734863;6.050000190734863;5.949999809265137;6.0;1100
2018-06-14;6.050000190734863;6.050000190734863;5.900000095367432;6.0;1200
2018-06-15;6.050000190734863;6.050000190734863;5.869999885559082;6.0;4900
2018-06-18;5.949999809265137;6.199999809265137;5.940000057220459;6.199999809265137;8900
2018-06-19;6.0;6.099999904632568;5.800000190734863;5.849999904632568;7500
2018-06-20;5.920000076293945;6.170000076293945;5.920000076293945;5.949999809265137;2400
2018-06-21;6.150000095367432;6.150000095367432;6.0;6.0;2700
2018-06-22;6.0;6.050000190734863;5.949999809265137;5.949999809265137;2700
2018-06-25;6.050000190734863;6.050000190734863;5.699999809265137;5.800000190734863;12000
2018-06-26;5.800000190734863;5.800000190734863;5.800000190734863;5.800000190734863;300
2018-06-27;5.900000095367432;5.989999771118164;5.900000095367432;5.949999809265137;2800
2018-06-28;5.949999809265137;5.949999809265137;5.75;5.75;4000
2018-06-29;5.71999979019165;5.809999942779541;5.699999809265137;5.800000190734863;7500
2018-07-02;5.670000076293945;5.75;5.599999904632568;5.75;14100
2018-07-03;5.599999904632568;5.650000095367432;5.400000095367432;5.550000190734863;17700
2018-07-05;5.550000190734863;5.599999904632568;5.550000190734863;5.599999904632568;6100
2018-07-06;5.849999904632568;5.849999904632568;5.760000228881836;5.849999904632568;2900
2018-07-09;5.860000133514404;5.900000095367432;5.800000190734863;5.800000190734863;3100
2018-07-10;5.829999923706055;5.829999923706055;5.650000095367432;5.650000095367432;9000
2018-07-11;5.650000095367432;5.650000095367432;5.550000190734863;5.650000095367432;2100
2018-07-12;5.599999904632568;5.75;5.550000190734863;5.550000190734863;5900
2018-07-13;5.550000190734863;5.599999904632568;5.5;5.599999904632568;5300
2018-07-16;5.5;5.599999904632568;5.5;5.5;800
2018-07-17;5.449999809265137;5.849999904632568;5.449999809265137;5.800000190734863;26100
2018-07-18;5.849999904632568;5.849999904632568;5.5;5.5;2500
2018-07-19;5.659999847412109;5.800000190734863;5.659999847412109;5.699999809265137;3500
2018-07-20;5.699999809265137;5.699999809265137;5.699999809265137;5.699999809265137;0
2018-07-23;5.599999904632568;5.650000095367432;5.400000095367432;5.449999809265137;5000
2018-07-24;5.550000190734863;5.75;5.550000190734863;5.599999904632568;10700
2018-07-25;5.349999904632568;5.550000190734863;5.349999904632568;5.449999809265137;2000
2018-07-26;5.449999809265137;5.550000190734863;5.449999809265137;5.550000190734863;3100
2018-07-27;5.5;5.849999904632568;5.5;5.659999847412109;3600
2018-07-30;5.599999904632568;5.599999904632568;5.599999904632568;5.599999904632568;200
2018-07-31;5.5;5.650000095367432;5.5;5.550000190734863;5700
2018-08-01;5.630000114440918;5.650000095367432;5.599999904632568;5.650000095367432;1500
2018-08-02;5.5;5.539999961853027;5.5;5.5;4700
2018-08-03;5.449999809265137;5.449999809265137;5.400000095367432;5.449999809265137;6900
2018-08-06;5.449999809265137;5.449999809265137;5.449999809265137;5.449999809265137;1200
2018-08-07;5.400000095367432;5.400000095367432;5.25;5.300000190734863;11800
2018-08-08;5.25;5.25;4.900000095367432;4.900000095367432;11200
2018-08-09;4.75;4.849999904632568;4.75;4.75;21100
2018-08-10;3.799999952316284;4.550000190734863;3.799999952316284;4.349999904632568;50900
2018-08-13;4.360000133514404;4.5;3.950000047683716;4.25;4700
2018-08-14;4.099999904632568;4.25;3.8299999237060547;4.150000095367432;180300
2018-08-15;4.300000190734863;4.300000190734863;3.9000000953674316;4.0;211800
2018-08-16;4.0;4.150000095367432;3.799999952316284;3.799999952316284;44200
2018-08-17;3.799999952316284;3.9000000953674316;3.450000047683716;3.450000047683716;33500
2018-08-20;3.5;3.8499999046325684;3.4000000953674316;3.700000047683716;8200
2018-08-21;3.700000047683716;3.8499999046325684;3.700000047683716;3.700000047683716;1400
2018-08-22;3.75;3.9000000953674316;3.700000047683716;3.799999952316284;8300
2018-08-23;3.950000047683716;4.0;3.700000047683716;3.700000047683716;4700
2018-08-24;3.6500000953674316;3.9000000953674316;3.25;3.75;10600
2018-08-27;3.75;3.7899999618530273;3.5;3.5999999046325684;10100
2018-08-28;3.450000047683716;3.450000047683716;3.299999952316284;3.3499999046325684;23000
2018-08-29;3.299999952316284;3.549999952316284;3.259999990463257;3.3499999046325684;48300
2018-08-30;3.25;3.450000047683716;3.25;3.3499999046325684;21400
2018-08-31;3.3499999046325684;3.3499999046325684;3.25;3.3499999046325684;5200
2018-09-04;3.6500000953674316;3.6500000953674316;3.440000057220459;3.450000047683716;2600
2018-09-05;3.4000000953674316;3.6500000953674316;3.259999990463257;3.5999999046325684;11100
2018-09-06;3.5999999046325684;3.6500000953674316;3.25;3.4000000953674316;3300
2018-09-07;3.3499999046325684;3.5;3.3499999046325684;3.4000000953674316;2400
2018-09-10;3.3499999046325684;3.380000114440918;3.25;3.380000114440918;21300
2018-09-11;3.3499999046325684;3.4000000953674316;3.200000047683716;3.299999952316284;55400
2018-09-12;3.0999999046325684;3.5;3.0999999046325684;3.3499999046325684;19000
2018-09-13;3.549999952316284;3.75;3.549999952316284;3.6500000953674316;10400
2018-09-14;3.700000047683716;3.700000047683716;3.299999952316284;3.4000000953674316;7900
2018-09-17;3.4000000953674316;3.450000047683716;3.25;3.3499999046325684;39200
2018-09-18;3.299999952316284;3.450000047683716;3.25;3.299999952316284;22300
2018-09-19;3.25;3.549999952316284;3.25;3.25;5100
2018-09-20;3.25;3.4000000953674316;3.25;3.4000000953674316;7900
2018-09-21;3.299999952316284;3.5;3.25;3.5;10700
2018-09-24;3.450000047683716;3.450000047683716;3.25;3.25;7400
2018-09-25;3.25;3.299999952316284;3.0999999046325684;3.25;8800
2018-09-26;3.200000047683716;3.299999952316284;3.0999999046325684;3.1500000953674316;5700
2018-09-27;3.1500000953674316;3.5;3.0999999046325684;3.3499999046325684;16500
2018-09-28;3.299999952316284;3.5;3.1500000953674316;3.200000047683716;16400
2018-10-01;3.180000066757202;3.4800000190734863;3.180000066757202;3.3499999046325684;3400
2018-10-02;3.3299999237060547;3.4200000762939453;3.25;3.25;4100
2018-10-03;3.25;3.4200000762939453;3.25;3.359999895095825;1200
2018-10-04;3.2899999618530273;3.299999952316284;3.240000009536743;3.299999952316284;9200
2018-10-05;3.299999952316284;3.299999952316284;3.2300000190734863;3.2799999713897705;500
2018-10-08;3.2100000381469727;3.4200000762939453;3.2100000381469727;3.359999895095825;5400
2018-10-09;3.4000000953674316;3.4000000953674316;3.25;3.25;7500
2018-10-10;3.319999933242798;3.4000000953674316;3.25;3.25;7900
2018-10-11;3.25;3.4000000953674316;3.1500000953674316;3.180000066757202;13600
2018-10-12;3.180000066757202;3.2699999809265137;3.140000104904175;3.180000066757202;10500
2018-10-15;3.240000009536743;3.3499999046325684;3.0999999046325684;3.3499999046325684;13400
2018-10-16;3.299999952316284;3.299999952316284;3.0999999046325684;3.0999999046325684;14000
2018-10-17;3.0999999046325684;3.369999885559082;3.0999999046325684;3.0999999046325684;14300
2018-10-18;3.0999999046325684;3.1500000953674316;3.059999942779541;3.0799999237060547;12400
2018-10-19;3.059999942779541;3.0799999237060547;2.9600000381469727;3.0199999809265137;36200
2018-10-22;2.990000009536743;3.059999942779541;2.8399999141693115;2.8399999141693115;30600
2018-10-23;2.819999933242798;2.9700000286102295;2.819999933242798;2.8499999046325684;1300
2018-10-24;2.819999933242798;2.8499999046325684;2.809999942779541;2.8299999237060547;11300
2018-10-25;2.799999952316284;2.869999885559082;2.759999990463257;2.869999885559082;20900
2018-10-26;2.8399999141693115;2.8399999141693115;2.6700000762939453;2.6700000762939453;5600
2018-10-29;2.680000066757202;2.7100000381469727;2.1700000762939453;2.2100000381469727;14100
2018-10-30;2.190000057220459;2.5799999237060547;2.190000057220459;2.299999952316284;40600
2018-10-31;2.319999933242798;2.509999990463257;2.25;2.4100000858306885;58300
2018-11-01;2.390000104904175;2.609999895095825;2.3499999046325684;2.4100000858306885;9100
2018-11-02;2.490000009536743;2.5;2.4000000953674316;2.4000000953674316;10100
2018-11-05;2.4200000762939453;2.4200000762939453;2.3299999237060547;2.3299999237060547;3900
2018-11-06;2.359999895095825;2.380000114440918;2.309999942779541;2.359999895095825;2200
2018-11-07;2.3499999046325684;2.4100000858306885;2.299999952316284;2.369999885559082;2600
2018-11-08;2.4000000953674316;2.680000066757202;2.4000000953674316;2.5299999713897705;8000
2018-11-09;2.5199999809265137;2.5199999809265137;2.4100000858306885;2.509999990463257;800
2018-11-12;2.440000057220459;3.0299999713897705;2.440000057220459;2.7100000381469727;8500
2018-11-13;2.5;3.140000104904175;2.5;2.700000047683716;5500
2018-11-14;2.9100000858306885;2.9800000190734863;2.740000009536743;2.8399999141693115;17300
2018-11-15;2.700000047683716;2.700000047683716;2.2799999713897705;2.4700000286102295;13200
2018-11-16;2.3399999141693115;2.4200000762939453;2.2799999713897705;2.299999952316284;15600
2018-11-19;2.25;2.4000000953674316;2.25;2.25;32900
2018-11-20;2.25;2.309999942779541;2.200000047683716;2.299999952316284;61600
2018-11-21;2.319999933242798;2.3399999141693115;2.1500000953674316;2.309999942779541;12100
2018-11-23;2.2100000381469727;2.319999933242798;2.2100000381469727;2.299999952316284;2200
2018-11-26;2.299999952316284;2.3399999141693115;2.190000057220459;2.25;6600
2018-11-27;2.2899999618530273;2.3299999237060547;2.1600000858306885;2.25;25500
2018-11-28;2.25;2.25;2.1600000858306885;2.200000047683716;14900
2018-11-29;2.1700000762939453;2.940000057220459;2.1500000953674316;2.5;55300
2018-11-30;2.569999933242798;3.0899999141693115;2.5;2.8299999237060547;16700
2018-12-03;2.890000104904175;2.890000104904175;2.5199999809265137;2.5399999618530273;1800
2018-12-04;2.4800000190734863;2.9800000190734863;2.4800000190734863;2.9800000190734863;2400
2018-12-06;3.0399999618530273;3.0899999141693115;2.619999885559082;3.0199999809265137;33800
2018-12-07;2.7799999713897705;2.950000047683716;2.759999990463257;2.7899999618530273;6000
2018-12-10;2.740000009536743;2.7899999618530273;2.430000066757202;2.430000066757202;17200
2018-12-11;2.440000057220459;2.440000057220459;2.309999942779541;2.3299999237060547;1500
2018-12-12;2.3499999046325684;2.390000104904175;2.2100000381469727;2.369999885559082;11900
2018-12-13;2.2899999618530273;2.75;2.200000047683716;2.569999933242798;54800
2018-12-14;2.5999999046325684;3.0399999618530273;2.549999952316284;3.0399999618530273;8300
2018-12-17;3.049999952316284;3.049999952316284;2.549999952316284;2.559999942779541;70300
2018-12-18;4.309999942779541;4.980000019073486;3.5199999809265137;3.7200000286102295;7227800
2018-12-19;3.630000114440918;7.840000152587891;3.4100000858306885;6.650000095367432;20862000
2018-12-20;6.010000228881836;8.819999694824219;5.449999809265137;7.159999847412109;8477800
2018-12-21;7.050000190734863;10.550000190734863;7.019999980926514;9.75;13615600
2018-12-24;9.5;12.0;7.329999923706055;7.949999809265137;7141000
2018-12-26;8.40999984741211;8.9399995803833;6.420000076293945;7.0;3746100
2018-12-27;6.78000020980835;7.920000076293945;6.079999923706055;6.949999809265137;3514900
2018-12-28;6.849999904632568;7.139999866485596;5.820000171661377;6.119999885559082;1864700
2018-12-31;5.980000019073486;6.25;5.309999942779541;5.309999942779541;675500
2019-01-02;5.360000133514404;6.670000076293945;5.119999885559082;5.800000190734863;3653900
2019-01-03;5.659999847412109;5.900000095367432;5.150000095367432;5.320000171661377;982900
2019-01-04;5.539999961853027;5.940000057220459;5.159999847412109;5.25;978000
2019-01-07;5.199999809265137;5.599999904632568;5.150000095367432;5.5;596800
2019-01-08;5.550000190734863;6.849999904632568;5.510000228881836;6.619999885559082;2300800
2019-01-09;6.550000190734863;6.550000190734863;5.630000114440918;5.75;1108300
2019-01-10;5.710000038146973;5.920000076293945;5.519999980926514;5.659999847412109;376300
2019-01-11;5.590000152587891;5.860000133514404;5.460000038146973;5.539999961853027;269500
2019-01-14;5.5;6.130000114440918;5.5;6.0;583700
2019-01-15;5.940000057220459;6.699999809265137;5.829999923706055;6.139999866485596;876600
2019-01-16;5.989999771118164;6.489999771118164;5.989999771118164;6.199999809265137;232700
2019-01-17;6.130000114440918;7.400000095367432;6.019999980926514;7.179999828338623;1935000
2019-01-18;7.099999904632568;7.320000171661377;6.610000133514404;6.679999828338623;742600
2019-01-22;6.679999828338623;7.03000020980835;6.139999866485596;6.170000076293945;452100
2019-01-23;6.099999904632568;6.489999771118164;5.610000133514404;5.829999923706055;434300
2019-01-24;5.769999980926514;6.079999923706055;5.679999828338623;5.909999847412109;188300
2019-01-25;6.0;6.159999847412109;5.78000020980835;5.949999809265137;219500
2019-01-28;5.96999979019165;6.179999828338623;5.920000076293945;6.019999980926514;108400
2019-01-29;5.96999979019165;6.179999828338623;5.889999866485596;6.03000020980835;111200
2019-01-30;6.0;6.420000076293945;5.96999979019165;6.170000076293945;280100
2019-01-31;6.170000076293945;6.289999961853027;5.900000095367432;6.059999942779541;205500
2019-02-01;6.019999980926514;6.21999979019165;5.940000057220459;6.150000095367432;142700
2019-02-04;6.170000076293945;6.699999809265137;6.139999866485596;6.550000190734863;329100
2019-02-05;6.659999847412109;6.920000076293945;6.260000228881836;6.480000019073486;207400
2019-02-06;6.53000020980835;6.710000038146973;6.320000171661377;6.53000020980835;112200
2019-02-07;6.349999904632568;6.539999961853027;6.179999828338623;6.179999828338623;137600
2019-02-08;6.199999809265137;6.429999828338623;5.949999809265137;6.090000152587891;112800
2019-02-11;6.090000152587891;6.239999771118164;6.03000020980835;6.179999828338623;45900
2019-02-12;6.300000190734863;6.519999980926514;6.190000057220459;6.429999828338623;168800
2019-02-13;6.5;6.590000152587891;6.110000133514404;6.360000133514404;94900
2019-02-14;6.309999942779541;6.690000057220459;6.190000057220459;6.599999904632568;432200
2019-02-15;4.699999809265137;4.869999885559082;4.269999980926514;4.400000095367432;1013400
2019-02-19;4.489999771118164;4.75;4.429999828338623;4.489999771118164;325800
2019-02-20;4.5;4.590000152587891;3.799999952316284;4.079999923706055;437700
2019-02-21;4.0;4.119999885559082;3.869999885559082;4.059999942779541;140500
2019-02-22;4.050000190734863;4.449999809265137;3.9800000190734863;4.449999809265137;270600
2019-02-25;4.420000076293945;4.420000076293945;4.159999847412109;4.25;158300
2019-02-26;4.25;4.309999942779541;4.179999828338623;4.21999979019165;31100
2019-02-27;4.170000076293945;4.25;4.0;4.150000095367432;56800
2019-02-28;4.130000114440918;4.170000076293945;4.0;4.110000133514404;27700
2019-03-01;4.110000133514404;4.210000038146973;4.070000171661377;4.079999923706055;46000
2019-03-04;4.050000190734863;4.199999809265137;4.050000190734863;4.159999847412109;30400
2019-03-05;4.179999828338623;4.230000019073486;4.0;4.159999847412109;72000
2019-03-06;4.099999904632568;4.119999885559082;3.799999952316284;3.869999885559082;91800
2019-03-07;3.890000104904175;3.9700000286102295;3.8299999237060547;3.8499999046325684;33800
2019-03-08;3.799999952316284;3.950000047683716;3.740000009536743;3.930000066757202;40900
2019-03-11;3.930000066757202;4.079999923706055;3.9000000953674316;4.03000020980835;29900
2019-03-12;4.010000228881836;4.179999828338623;3.990000009536743;4.099999904632568;93400
2019-03-13;4.090000152587891;4.21999979019165;4.079999923706055;4.150000095367432;32200
2019-03-14;4.210000038146973;4.46999979019165;4.0;4.239999771118164;157300
2019-03-15;4.199999809265137;4.239999771118164;4.010000228881836;4.079999923706055;45800
2019-03-18;4.039999961853027;4.289999961853027;4.039999961853027;4.21999979019165;71500
2019-03-19;4.199999809265137;4.28000020980835;4.159999847412109;4.25;40900
2019-03-20;4.289999961853027;4.360000133514404;4.130000114440918;4.349999904632568;50000
2019-03-21;4.28000020980835;4.429999828338623;4.210000038146973;4.329999923706055;16600
2019-03-22;4.239999771118164;4.389999866485596;4.230000019073486;4.289999961853027;24300
2019-03-25;4.260000228881836;4.449999809265137;4.230000019073486;4.449999809265137;56800
2019-03-26;4.449999809265137;4.449999809265137;4.239999771118164;4.440000057220459;31900
2019-03-27;4.389999866485596;4.489999771118164;4.360000133514404;4.389999866485596;32600
2019-03-28;4.340000152587891;4.5;4.340000152587891;4.440000057220459;38000
2019-03-29;4.460000038146973;4.650000095367432;4.400000095367432;4.570000171661377;91500
2019-04-01;4.570000171661377;4.769999980926514;4.570000171661377;4.639999866485596;40800
2019-04-02;4.650000095367432;4.849999904632568;4.429999828338623;4.769999980926514;107900
2019-04-03;4.75;4.849999904632568;4.579999923706055;4.760000228881836;49800
2019-04-04;4.699999809265137;4.75;4.420000076293945;4.449999809265137;48500
2019-04-05;4.420000076293945;4.699999809265137;4.400000095367432;4.559999942779541;21600
2019-04-08;4.400000095367432;4.820000171661377;4.400000095367432;4.809999942779541;37300
2019-04-09;4.71999979019165;5.639999866485596;4.71999979019165;5.019999980926514;355900
2019-04-10;5.110000133514404;5.179999828338623;4.900000095367432;5.150000095367432;29000
2019-04-11;5.039999961853027;5.039999961853027;4.869999885559082;4.920000076293945;25500
2019-04-12;4.980000019073486;5.099999904632568;4.800000190734863;4.800000190734863;40200
2019-04-15;4.849999904632568;4.980000019073486;4.710000038146973;4.71999979019165;11700
2019-04-16;4.840000152587891;5.0;4.800000190734863;4.809999942779541;51500
2019-04-17;4.809999942779541;5.090000152587891;4.78000020980835;4.869999885559082;21500
2019-04-18;4.869999885559082;4.909999847412109;4.789999961853027;4.889999866485596;7600
2019-04-22;4.840000152587891;5.099999904632568;4.840000152587891;4.920000076293945;12000
2019-04-23;4.920000076293945;5.119999885559082;4.920000076293945;5.019999980926514;8400
2019-04-24;5.070000171661377;5.21999979019165;5.050000190734863;5.21999979019165;5400
2019-04-25;5.349999904632568;5.349999904632568;5.159999847412109;5.239999771118164;7900
2019-04-26;5.199999809265137;5.349999904632568;5.050000190734863;5.070000171661377;15300
2019-04-29;5.159999847412109;5.25;5.059999942779541;5.139999866485596;11600
2019-04-30;5.130000114440918;5.320000171661377;4.920000076293945;4.949999809265137;30700
2019-05-01;5.0;5.400000095367432;5.0;5.400000095367432;57300
2019-05-02;5.099999904632568;5.400000095367432;5.099999904632568;5.269999980926514;40700
2019-05-03;5.5;5.690000057220459;5.46999979019165;5.579999923706055;15600
2019-05-06;5.510000228881836;5.78000020980835;5.510000228881836;5.679999828338623;19700
2019-05-07;5.730000019073486;5.769999980926514;5.599999904632568;5.699999809265137;10800
2019-05-08;5.639999866485596;5.75;5.599999904632568;5.619999885559082;19000
2019-05-09;5.610000133514404;5.650000095367432;5.409999847412109;5.550000190734863;36900
2019-05-10;4.480000019073486;4.550000190734863;4.0;4.349999904632568;136300
2019-05-13;4.059999942779541;4.28000020980835;3.940000057220459;4.0;67600
2019-05-14;3.940000057220459;4.010000228881836;3.8499999046325684;3.880000114440918;79300
2019-05-15;3.8299999237060547;4.0;3.8299999237060547;3.890000104904175;66100
2019-05-16;3.7699999809265137;3.869999885559082;3.4700000286102295;3.4700000286102295;98200
2019-05-17;3.630000114440918;3.700000047683716;3.3499999046325684;3.359999895095825;47800
2019-05-20;3.4000000953674316;3.4000000953674316;2.9000000953674316;3.0199999809265137;123600
2019-05-21;2.9700000286102295;3.2699999809265137;2.9700000286102295;3.0199999809265137;35700
2019-05-22;2.9100000858306885;3.190000057220459;2.9100000858306885;3.0;24500
2019-05-23;3.0;3.059999942779541;2.880000114440918;2.990000009536743;28800
2019-05-24;2.990000009536743;3.059999942779541;2.9000000953674316;2.950000047683716;15900
2019-05-28;2.9600000381469727;2.9800000190734863;2.7799999713897705;2.7799999713897705;37200
2019-05-29;2.799999952316284;2.799999952316284;2.609999895095825;2.6600000858306885;54600
2019-05-30;2.680000066757202;2.7899999618530273;2.5;2.5399999618530273;159900
2019-05-31;2.5;2.559999942779541;2.359999895095825;2.359999895095825;49400
2019-06-03;2.440000057220459;2.5;2.359999895095825;2.4000000953674316;32900
2019-06-04;2.440000057220459;2.700000047683716;2.440000057220459;2.549999952316284;29200
2019-06-05;2.559999942779541;2.569999933242798;2.4200000762939453;2.450000047683716;35200
2019-06-06;2.4200000762939453;2.619999885559082;2.299999952316284;2.380000114440918;352100
2019-06-07;2.3399999141693115;2.5;2.200000047683716;2.450000047683716;45400
2019-06-10;2.450000047683716;2.5299999713897705;2.299999952316284;2.299999952316284;36800
2019-06-11;2.4100000858306885;2.5899999141693115;2.4100000858306885;2.5;85200
2019-06-12;2.5;3.0;2.380000114440918;2.630000114440918;221800
2019-06-13;2.640000104904175;2.700000047683716;2.5199999809265137;2.5799999237060547;97100
2019-06-14;2.5199999809265137;2.740000009536743;2.4800000190734863;2.4800000190734863;66200
2019-06-17;2.5399999618530273;2.700000047683716;2.4200000762939453;2.4600000381469727;17600
2019-06-18;2.490000009536743;2.6600000858306885;2.490000009536743;2.640000104904175;12400
2019-06-19;2.630000114440918;2.690000057220459;2.5;2.6700000762939453;17200
2019-06-20;2.6500000953674316;2.700000047683716;2.5799999237060547;2.630000114440918;16200
2019-06-21;2.680000066757202;2.700000047683716;2.5;2.5;3600
2019-06-24;2.5199999809265137;2.680000066757202;2.509999990463257;2.609999895095825;40800
2019-06-25;2.640000104904175;2.700000047683716;2.609999895095825;2.6700000762939453;41300
2019-06-26;2.6500000953674316;2.700000047683716;2.4100000858306885;2.430000066757202;22100
2019-06-27;2.4600000381469727;2.630000114440918;2.4200000762939453;2.440000057220459;20100
2019-06-28;2.430000066757202;2.559999942779541;2.4100000858306885;2.4600000381469727;77100
2019-07-01;2.5999999046325684;2.5999999046325684;2.4200000762939453;2.440000057220459;12300
2019-07-02;2.5799999237060547;2.5799999237060547;2.490000009536743;2.5;8700
2019-07-03;2.5799999237060547;2.5799999237060547;2.3399999141693115;2.5399999618530273;21700
2019-07-05;2.549999952316284;2.569999933242798;2.4600000381469727;2.5299999713897705;2300
2019-07-08;2.4700000286102295;2.549999952316284;2.4700000286102295;2.5199999809265137;22900
2019-07-09;2.5399999618530273;2.5399999618530273;2.4200000762939453;2.490000009536743;20500
2019-07-10;2.4700000286102295;2.4800000190734863;2.369999885559082;2.4200000762939453;13700
2019-07-11;2.359999895095825;2.509999990463257;2.319999933242798;2.4700000286102295;6500
2019-07-12;2.450000047683716;2.5;2.3299999237060547;2.380000114440918;8300
2019-07-15;2.380000114440918;2.4800000190734863;2.319999933242798;2.4000000953674316;13600
2019-07-16;2.319999933242798;2.3399999141693115;2.109999895095825;2.2899999618530273;59600
2019-07-17;2.25;2.299999952316284;2.200000047683716;2.259999990463257;2800
2019-07-18;2.3499999046325684;2.3499999046325684;2.109999895095825;2.1500000953674316;17800
2019-07-19;2.130000114440918;2.25;2.130000114440918;2.2300000190734863;4400
2019-07-22;2.190000057220459;2.2300000190734863;2.180000066757202;2.2300000190734863;4400
2019-07-23;2.2300000190734863;2.2300000190734863;2.119999885559082;2.200000047683716;9500
2019-07-24;2.190000057220459;2.299999952316284;2.190000057220459;2.2300000190734863;13000
2019-07-25;2.2799999713897705;2.2799999713897705;2.200000047683716;2.200000047683716;2600
2019-07-26;2.200000047683716;2.240000009536743;2.140000104904175;2.140000104904175;18400
2019-07-29;2.1600000858306885;2.1600000858306885;2.069999933242798;2.0799999237060547;40400
2019-07-30;2.0899999141693115;2.140000104904175;2.009999990463257;2.0399999618530273;93100
2019-07-31;2.009999990463257;2.0999999046325684;1.9800000190734863;1.9800000190734863;30600
2019-08-01;2.009999990463257;2.009999990463257;1.7699999809265137;1.850000023841858;48000
2019-08-02;1.8600000143051147;2.130000114440918;1.8200000524520874;2.0199999809265137;57600
2019-08-05;2.109999895095825;2.109999895095825;1.899999976158142;1.9500000476837158;18900
2019-08-06;1.9600000381469727;1.9800000190734863;1.909999966621399;1.9299999475479126;9300
2019-08-07;1.899999976158142;2.049999952316284;1.8799999952316284;2.0299999713897705;25300
2019-08-08;2.0999999046325684;2.0999999046325684;1.850000023841858;2.009999990463257;27200
2019-08-09;1.9800000190734863;2.240000009536743;1.9800000190734863;2.0899999141693115;92400
2019-08-12;2.0299999713897705;2.180000066757202;2.0199999809265137;2.119999885559082;64000
2019-08-13;2.049999952316284;2.3499999046325684;2.0199999809265137;2.3499999046325684;52700
2019-08-14;2.2300000190734863;2.299999952316284;2.180000066757202;2.2699999809265137;28100
2019-08-15;2.2799999713897705;2.299999952316284;2.1700000762939453;2.1700000762939453;17400
2019-08-16;2.1500000953674316;2.619999885559082;2.1500000953674316;2.450000047683716;87000
2019-08-19;2.450000047683716;2.559999942779541;2.059999942779541;2.509999990463257;12500
2019-08-20;2.5399999618530273;2.5399999618530273;2.450000047683716;2.5;8800
2019-08-21;2.4700000286102295;2.609999895095825;2.4700000286102295;2.569999933242798;12400
2019-08-22;2.6500000953674316;2.75;2.640000104904175;2.75;28500
2019-08-23;2.740000009536743;2.7899999618530273;2.6500000953674316;2.7899999618530273;23400
2019-08-26;2.799999952316284;2.799999952316284;2.5399999618530273;2.7899999618530273;4400
2019-08-27;2.75;2.75;2.5899999141693115;2.5899999141693115;13800
2019-08-28;2.630000114440918;2.640000104904175;2.380000114440918;2.640000104904175;3200
2019-08-29;2.609999895095825;2.75;2.4100000858306885;2.75;39500
2019-08-30;2.7300000190734863;2.7300000190734863;2.4800000190734863;2.4800000190734863;3900
2019-09-03;2.240000009536743;2.5199999809265137;2.240000009536743;2.4000000953674316;21300
2019-09-04;2.509999990463257;2.549999952316284;2.4000000953674316;2.4100000858306885;2900
2019-09-05;2.369999885559082;2.4700000286102295;2.3299999237060547;2.4700000286102295;5400
2019-09-06;2.490000009536743;2.5199999809265137;2.240000009536743;2.5199999809265137;5100
2019-09-09;2.450000047683716;2.5299999713897705;2.450000047683716;2.5;1900
2019-09-10;2.490000009536743;2.5299999713897705;2.4000000953674316;2.5299999713897705;25300
2019-09-11;2.3299999237060547;2.5299999713897705;2.2899999618530273;2.5;12400
2019-09-12;2.5199999809265137;2.75;2.369999885559082;2.5999999046325684;13900
2019-09-13;2.630000114440918;2.75;2.5899999141693115;2.75;8900
2019-09-16;2.75;2.75;2.630000114440918;2.6500000953674316;4400
2019-09-17;2.7100000381469727;2.75;2.369999885559082;2.740000009536743;6700
2019-09-18;2.609999895095825;2.75;2.5999999046325684;2.680000066757202;18800
2019-09-19;2.680000066757202;2.700000047683716;2.5;2.5299999713897705;10300
2019-09-20;2.509999990463257;2.6700000762939453;2.509999990463257;2.509999990463257;8400
2019-09-23;2.5299999713897705;2.680000066757202;2.4000000953674316;2.5799999237060547;8900
2019-09-24;2.5999999046325684;2.609999895095825;2.509999990463257;2.569999933242798;24600
2019-09-25;2.5999999046325684;2.690000057220459;2.549999952316284;2.559999942779541;12700
2019-09-26;2.6600000858306885;2.6600000858306885;2.559999942779541;2.559999942779541;3800
2019-09-27;2.5399999618530273;2.640000104904175;2.5399999618530273;2.619999885559082;7600
2019-09-30;2.6700000762939453;2.6700000762939453;2.549999952316284;2.559999942779541;1000
2019-10-01;2.559999942779541;2.75;2.2100000381469727;2.559999942779541;49900
2019-10-02;2.7100000381469727;2.7100000381469727;2.4000000953674316;2.430000066757202;12900
2019-10-03;2.4100000858306885;2.509999990463257;2.200000047683716;2.2799999713897705;13900
2019-10-04;2.0199999809265137;2.740000009536743;2.0199999809265137;2.359999895095825;15600
2019-10-07;2.3499999046325684;2.359999895095825;2.140000104904175;2.25;9000
2019-10-08;2.2200000286102295;2.3299999237060547;2.0999999046325684;2.319999933242798;15700
2019-10-09;2.2100000381469727;2.2100000381469727;2.119999885559082;2.2100000381469727;11600
2019-10-10;2.130000114440918;2.299999952316284;2.059999942779541;2.059999942779541;2000
2019-10-11;2.1700000762939453;2.1700000762939453;2.0899999141693115;2.0899999141693115;500
2019-10-14;2.200000047683716;2.319999933242798;2.180000066757202;2.200000047683716;8300
2019-10-15;2.140000104904175;2.2899999618530273;2.109999895095825;2.2899999618530273;5600
2019-10-16;2.130000114440918;2.2699999809265137;2.130000114440918;2.25;11800
2019-10-17;2.2200000286102295;2.2799999713897705;2.190000057220459;2.2799999713897705;4600
2019-10-18;2.200000047683716;2.2899999618530273;2.119999885559082;2.140000104904175;8300
2019-10-21;2.190000057220459;2.2799999713897705;2.130000114440918;2.25;4600
2019-10-22;2.200000047683716;2.259999990463257;2.130000114440918;2.259999990463257;3800
2019-10-23;2.240000009536743;2.25;2.190000057220459;2.2100000381469727;2100
2019-10-24;2.200000047683716;2.2899999618530273;1.9700000286102295;2.2899999618530273;10300
2019-10-25;2.2899999618530273;2.2899999618530273;2.200000047683716;2.25;6300
2019-10-28;2.190000057220459;2.2300000190734863;2.059999942779541;2.119999885559082;8000
2019-10-29;2.0799999237060547;2.180000066757202;2.049999952316284;2.069999933242798;3200
2019-10-30;2.0399999618530273;2.140000104904175;2.009999990463257;2.0399999618530273;12600
2019-10-31;2.0399999618530273;2.0399999618530273;1.9700000286102295;2.0199999809265137;21000
2019-11-01;2.0;2.0;1.909999966621399;2.0;12600
2019-11-04;1.9900000095367432;1.9900000095367432;1.840000033378601;1.8799999952316284;20500
2019-11-05;1.9500000476837158;1.9500000476837158;1.8899999856948853;1.9199999570846558;31300
2019-11-06;1.850000023841858;1.899999976158142;1.8300000429153442;1.899999976158142;21700
2019-11-07;1.899999976158142;1.940000057220459;1.899999976158142;1.909999966621399;42500
2019-11-08;1.899999976158142;1.899999976158142;1.809999942779541;1.850000023841858;16300
2019-11-11;1.8300000429153442;1.9299999475479126;1.8300000429153442;1.9199999570846558;13700
2019-11-12;1.9199999570846558;1.9199999570846558;1.8600000143051147;1.899999976158142;5000
2019-11-13;1.840000033378601;1.840000033378601;1.7999999523162842;1.809999942779541;8300
2019-11-14;1.7699999809265137;1.9299999475479126;1.7699999809265137;1.9299999475479126;8000
2019-11-15;1.9299999475479126;1.9299999475479126;1.7899999618530273;1.9299999475479126;4000
2019-11-18;1.840000033378601;1.899999976158142;1.7799999713897705;1.7799999713897705;12000
2019-11-19;1.850000023841858;1.850000023841858;1.7699999809265137;1.7699999809265137;11400
2019-11-20;1.7799999713897705;1.850000023841858;1.6799999475479126;1.6799999475479126;10100
2019-11-21;1.7400000095367432;1.7400000095367432;1.7300000190734863;1.7300000190734863;1500
2019-11-22;1.7599999904632568;2.380000114440918;1.649999976158142;1.659999966621399;229300
2019-11-25;1.649999976158142;1.6799999475479126;1.5499999523162842;1.559999942779541;34000
2019-11-26;1.5299999713897705;1.6299999952316284;1.5;1.5;59200
2019-11-27;1.5;1.5;1.5;1.5;0
2019-11-29;1.5499999523162842;1.5700000524520874;1.3899999856948853;1.4700000286102295;23700
2019-12-02;1.440000057220459;1.6299999952316284;1.440000057220459;1.6299999952316284;25900
2019-12-03;1.559999942779541;1.6100000143051147;1.5399999618530273;1.600000023841858;10400
2019-12-04;1.559999942779541;1.600000023841858;1.5099999904632568;1.5099999904632568;2500
2019-12-05;1.4900000095367432;1.5099999904632568;1.409999966621399;1.5099999904632568;6500
2019-12-06;1.5800000429153442;1.590000033378601;1.4500000476837158;1.5;6100
2019-12-09;1.4500000476837158;1.5099999904632568;1.4199999570846558;1.4600000381469727;15600
2019-12-10;1.409999966621399;1.4600000381469727;1.2799999713897705;1.2999999523162842;75600
2019-12-11;1.3600000143051147;1.3700000047683716;1.2300000190734863;1.2699999809265137;22800
2019-12-12;1.2400000095367432;1.399999976158142;1.2400000095367432;1.3300000429153442;25600
2019-12-13;1.399999976158142;1.399999976158142;1.3600000143051147;1.3700000047683716;14500
2019-12-16;1.350000023841858;1.5;1.309999942779541;1.4900000095367432;31100
2019-12-17;1.5;1.590000033378601;1.399999976158142;1.4600000381469727;52500
2019-12-18;1.4600000381469727;1.559999942779541;1.399999976158142;1.559999942779541;75900
2019-12-19;1.5800000429153442;1.590000033378601;1.4600000381469727;1.5499999523162842;9800
2019-12-20;1.5499999523162842;1.690000057220459;1.5299999713897705;1.590000033378601;65300
2019-12-23;1.5499999523162842;1.649999976158142;1.340000033378601;1.4800000190734863;51200
2019-12-24;1.5;1.5;1.4500000476837158;1.4600000381469727;8200
2019-12-26;1.4500000476837158;1.4900000095367432;1.4199999570846558;1.440000057220459;20600
2019-12-27;1.4199999570846558;1.4800000190734863;1.350000023841858;1.350000023841858;10000
2019-12-30;1.3600000143051147;1.440000057220459;1.3300000429153442;1.3700000047683716;41800
2019-12-31;1.409999966621399;1.4600000381469727;1.3700000047683716;1.3799999952316284;46900
2020-01-02;1.4299999475479126;1.4700000286102295;1.4299999475479126;1.440000057220459;13600
2020-01-03;1.440000057220459;1.5099999904632568;1.4199999570846558;1.4199999570846558;10700
2020-01-06;1.3899999856948853;1.5399999618530273;1.3899999856948853;1.5399999618530273;22200
2020-01-07;1.5499999523162842;1.590000033378601;1.5;1.5299999713897705;11800
2020-01-08;1.5199999809265137;1.5800000429153442;1.399999976158142;1.440000057220459;31900
2020-01-09;1.4900000095367432;1.6100000143051147;1.4900000095367432;1.5399999618530273;18300
2020-01-10;1.5199999809265137;1.649999976158142;1.4900000095367432;1.600000023841858;54900
2020-01-13;1.4500000476837158;1.600000023841858;1.440000057220459;1.5700000524520874;6900
2020-01-14;1.600000023841858;1.7200000286102295;1.5800000429153442;1.690000057220459;14000
2020-01-15;1.7400000095367432;1.7400000095367432;1.600000023841858;1.600000023841858;8800
2020-01-16;1.7200000286102295;1.7200000286102295;1.5700000524520874;1.6299999952316284;33500
2020-01-17;1.7200000286102295;1.7200000286102295;1.6399999856948853;1.6399999856948853;7900
2020-01-21;1.659999966621399;1.659999966621399;1.4700000286102295;1.5;42100
2020-01-22;1.5;1.5499999523162842;1.4800000190734863;1.5099999904632568;44800
2020-01-23;1.5099999904632568;1.5499999523162842;1.4500000476837158;1.5;4700
2020-01-24;1.4900000095367432;1.5;1.4299999475479126;1.440000057220459;13100
2020-01-27;1.3700000047683716;1.409999966621399;1.3700000047683716;1.399999976158142;10000
2020-01-28;1.399999976158142;1.409999966621399;1.3899999856948853;1.3899999856948853;5000
2020-01-29;1.409999966621399;1.409999966621399;1.3300000429153442;1.409999966621399;35900
2020-01-30;1.399999976158142;1.5299999713897705;1.399999976158142;1.4500000476837158;10900
2020-01-31;1.440000057220459;1.4500000476837158;1.409999966621399;1.4500000476837158;2000
2020-02-03;1.440000057220459;1.4900000095367432;1.4199999570846558;1.4700000286102295;7200
2020-02-04;1.409999966621399;1.5;1.409999966621399;1.4500000476837158;2400
2020-02-05;1.4500000476837158;1.4700000286102295;1.3700000047683716;1.4600000381469727;5000
2020-02-06;1.4500000476837158;1.5299999713897705;1.4500000476837158;1.5099999904632568;14300
2020-02-07;1.5399999618530273;1.5399999618530273;1.350000023841858;1.3600000143051147;12700
2020-02-10;1.4199999570846558;1.440000057220459;1.3799999952316284;1.440000057220459;8500
2020-02-11;1.4700000286102295;1.5099999904632568;1.399999976158142;1.399999976158142;23000
2020-02-12;1.4199999570846558;1.4700000286102295;1.3700000047683716;1.3700000047683716;13800
2020-02-13;1.3700000047683716;1.4600000381469727;1.350000023841858;1.399999976158142;10500
2020-02-14;1.399999976158142;1.399999976158142;1.3200000524520874;1.350000023841858;28300
2020-02-18;1.340000033378601;1.4299999475479126;1.3300000429153442;1.4299999475479126;12200
2020-02-19;1.4500000476837158;1.4500000476837158;1.3300000429153442;1.3700000047683716;82700
2020-02-20;1.3600000143051147;1.4199999570846558;1.3600000143051147;1.399999976158142;13200
2020-02-21;1.350000023841858;1.399999976158142;1.3200000524520874;1.340000033378601;10300
2020-02-24;1.350000023841858;1.4299999475479126;1.350000023841858;1.4199999570846558;44100
2020-02-25;1.4199999570846558;1.4299999475479126;1.340000033378601;1.3899999856948853;58100
2020-02-26;1.4299999475479126;1.4299999475479126;1.340000033378601;1.3700000047683716;28700
2020-02-27;1.4299999475479126;1.4700000286102295;1.2799999713897705;1.3700000047683716;32000
2020-02-28;1.3300000429153442;1.4500000476837158;1.3200000524520874;1.409999966621399;19100
2020-03-02;1.4199999570846558;1.440000057220459;1.3899999856948853;1.4299999475479126;29300
2020-03-03;1.4700000286102295;1.5299999713897705;1.4500000476837158;1.5099999904632568;73700
2020-03-04;1.5099999904632568;1.7300000190734863;1.5099999904632568;1.6799999475479126;33900
2020-03-05;1.649999976158142;1.7300000190734863;1.5499999523162842;1.5499999523162842;53000
2020-03-06;1.4500000476837158;1.5700000524520874;1.399999976158142;1.5099999904632568;28100
2020-03-09;1.399999976158142;1.4900000095367432;1.399999976158142;1.440000057220459;9700
2020-03-10;1.409999966621399;1.4900000095367432;1.409999966621399;1.4500000476837158;6000
2020-03-11;1.399999976158142;1.399999976158142;1.2799999713897705;1.309999942779541;17600
2020-03-12;1.2200000286102295;1.2899999618530273;1.0199999809265137;1.2200000286102295;19800
2020-03-13;1.1799999475479126;1.25;1.0199999809265137;1.1299999952316284;27700
2020-03-16;0.7699999809265137;1.159999966621399;0.7699999809265137;0.8700000047683716;15300
2020-03-17;0.8799999952316284;1.0700000524520874;0.8799999952316284;1.0;8400
2020-03-18;1.0;1.1699999570846558;0.8299999833106995;0.949999988079071;54100
2020-03-19;0.9800000190734863;0.9800000190734863;0.8100000023841858;0.9700000286102295;13500
2020-03-20;1.0;1.0399999618530273;0.8999999761581421;0.949999988079071;48700
2020-03-23;1.0;1.159999966621399;1.0;1.100000023841858;13600
2020-03-24;1.149999976158142;1.2400000095367432;1.1299999952316284;1.2000000476837158;26100
2020-03-25;1.190000057220459;1.2799999713897705;1.100000023841858;1.2400000095367432;22900
2020-03-26;1.2999999523162842;1.309999942779541;1.2000000476837158;1.2599999904632568;2800
2020-03-27;1.25;1.2699999809265137;1.25;1.2699999809265137;1000
2020-03-30;1.2899999618530273;1.3200000524520874;1.1699999570846558;1.2699999809265137;2800
2020-03-31;1.2799999713897705;1.350000023841858;1.1799999475479126;1.2200000286102295;10900
2020-04-01;1.2300000190734863;1.2400000095367432;1.090000033378601;1.2400000095367432;2400
2020-04-02;1.1399999856948853;1.2400000095367432;1.1100000143051147;1.1100000143051147;24700
2020-04-03;1.1100000143051147;1.159999966621399;1.1100000143051147;1.1100000143051147;3900
2020-04-06;1.2200000286102295;1.4199999570846558;1.2000000476837158;1.2200000286102295;46300
2020-04-07;1.190000057220459;1.2400000095367432;1.1699999570846558;1.1799999475479126;3300
2020-04-08;1.2300000190734863;1.2300000190734863;1.1799999475479126;1.1799999475479126;1900
2020-04-09;1.1799999475479126;1.2200000286102295;1.1100000143051147;1.149999976158142;11900
2020-04-13;1.1200000047683716;1.3200000524520874;1.1200000047683716;1.2999999523162842;29900
2020-04-14;1.409999966621399;3.3499999046325684;1.3200000524520874;1.409999966621399;7163400
2020-04-15;1.559999942779541;1.559999942779541;1.2400000095367432;1.5;458100
2020-04-16;1.559999942779541;1.6299999952316284;1.309999942779541;1.409999966621399;151000
2020-04-17;1.4199999570846558;1.4900000095367432;1.3200000524520874;1.409999966621399;74800
2020-04-20;1.409999966621399;1.4199999570846558;1.25;1.2799999713897705;42400
2020-04-21;1.2899999618530273;1.3200000524520874;1.149999976158142;1.309999942779541;125300
2020-04-22;1.309999942779541;1.350000023841858;1.2300000190734863;1.350000023841858;89500
2020-04-23;1.309999942779541;1.5800000429153442;1.2999999523162842;1.4800000190734863;162700
2020-04-24;1.440000057220459;1.6299999952316284;1.4299999475479126;1.6299999952316284;87300
2020-04-27;1.6299999952316284;1.840000033378601;1.5800000429153442;1.7400000095367432;88900
2020-04-28;1.7599999904632568;1.7899999618530273;1.649999976158142;1.7100000381469727;26100
2020-04-29;1.7100000381469727;1.899999976158142;1.7000000476837158;1.8300000429153442;98500
2020-04-30;1.809999942779541;1.8799999952316284;1.6200000047683716;1.809999942779541;19700
2020-05-01;1.7799999713897705;1.7999999523162842;1.7599999904632568;1.7999999523162842;17400
2020-05-04;1.7699999809265137;1.7699999809265137;1.6299999952316284;1.659999966621399;17500
2020-05-05;1.659999966621399;1.7000000476837158;1.6200000047683716;1.649999976158142;23200
2020-05-06;1.6399999856948853;1.7200000286102295;1.4900000095367432;1.6399999856948853;66300
2020-05-07;1.6299999952316284;1.7200000286102295;1.600000023841858;1.6799999475479126;43700
2020-05-08;1.5499999523162842;1.7000000476837158;1.5499999523162842;1.6699999570846558;10200
2020-05-11;1.690000057220459;1.690000057220459;1.5199999809265137;1.5700000524520874;23100
2020-05-12;1.5399999618530273;1.649999976158142;1.4800000190734863;1.6100000143051147;33300
2020-05-13;1.6399999856948853;1.6799999475479126;1.4299999475479126;1.6799999475479126;11100
2020-05-14;1.4700000286102295;1.5499999523162842;1.4700000286102295;1.5099999904632568;8700
2020-05-15;1.4299999475479126;1.5700000524520874;1.4299999475479126;1.4800000190734863;12800
2020-05-18;1.399999976158142;1.5099999904632568;1.399999976158142;1.4600000381469727;23400
2020-05-19;1.4600000381469727;1.559999942779541;1.4600000381469727;1.5199999809265137;10100
2020-05-20;1.600000023841858;1.600000023841858;1.5099999904632568;1.590000033378601;48900
2020-05-21;1.5499999523162842;1.600000023841858;1.5499999523162842;1.559999942779541;12300
2020-05-22;1.559999942779541;1.559999942779541;1.440000057220459;1.5099999904632568;88700
2020-05-26;1.5099999904632568;1.5499999523162842;1.4700000286102295;1.5399999618530273;7400
2020-05-27;1.5499999523162842;1.600000023841858;1.4800000190734863;1.5800000429153442;36000
2020-05-28;1.4900000095367432;1.5800000429153442;1.4900000095367432;1.5;22100
2020-05-29;1.5299999713897705;1.5499999523162842;1.4600000381469727;1.4900000095367432;11200
2020-06-01;1.5;1.5399999618530273;1.399999976158142;1.5199999809265137;44200
2020-06-02;1.5199999809265137;1.5199999809265137;1.4299999475479126;1.4600000381469727;9200
2020-06-03;1.5;1.5199999809265137;1.2999999523162842;1.3300000429153442;51800
2020-06-04;1.350000023841858;1.440000057220459;1.2000000476837158;1.2699999809265137;45500
2020-06-05;1.340000033378601;1.3700000047683716;1.2400000095367432;1.25;37800
2020-06-08;1.2300000190734863;1.2999999523162842;1.2300000190734863;1.2899999618530273;40400
2020-06-09;1.2999999523162842;1.3799999952316284;1.2599999904632568;1.3200000524520874;175100
2020-06-10;1.3600000143051147;1.4199999570846558;1.3200000524520874;1.3700000047683716;36300
2020-06-11;1.3200000524520874;1.409999966621399;1.2599999904632568;1.3899999856948853;27500
2020-06-12;1.440000057220459;1.440000057220459;1.2699999809265137;1.3200000524520874;21800
2020-06-15;1.3700000047683716;1.3799999952316284;1.2999999523162842;1.340000033378601;24700
2020-06-16;1.3799999952316284;1.440000057220459;1.3600000143051147;1.3899999856948853;25300
2020-06-17;1.4500000476837158;1.4900000095367432;1.409999966621399;1.4199999570846558;47100
2020-06-18;1.6200000047683716;1.7999999523162842;1.350000023841858;1.649999976158142;395600
2020-06-19;1.5800000429153442;1.7300000190734863;1.559999942779541;1.6200000047683716;126800
2020-06-22;1.5499999523162842;1.5800000429153442;1.399999976158142;1.5199999809265137;96500
2020-06-23;1.5199999809265137;1.600000023841858;1.4700000286102295;1.5;67100
2020-06-24;1.4900000095367432;1.4900000095367432;1.409999966621399;1.4299999475479126;30400
2020-06-25;1.409999966621399;1.4600000381469727;1.409999966621399;1.4500000476837158;9000
2020-06-26;1.409999966621399;1.4299999475479126;1.3899999856948853;1.4199999570846558;21300
2020-06-29;1.399999976158142;1.4600000381469727;1.340000033378601;1.3799999952316284;25400
2020-06-30;1.3700000047683716;1.4199999570846558;1.3600000143051147;1.4199999570846558;7400
2020-07-01;1.3899999856948853;1.4299999475479126;1.3899999856948853;1.409999966621399;16900
2020-07-02;1.3799999952316284;1.4199999570846558;1.350000023841858;1.3700000047683716;50700
2020-07-06;1.3700000047683716;1.3700000047683716;1.2599999904632568;1.2899999618530273;46200
2020-07-07;1.25;1.3300000429153442;1.25;1.2899999618530273;19000
2020-07-08;1.3200000524520874;1.3700000047683716;1.2899999618530273;1.350000023841858;53500
2020-07-09;1.3600000143051147;1.3700000047683716;1.350000023841858;1.3600000143051147;8400
2020-07-10;1.3600000143051147;1.3700000047683716;1.350000023841858;1.350000023841858;5400
2020-07-13;1.340000033378601;1.340000033378601;1.2899999618530273;1.309999942779541;32000
2020-07-14;1.309999942779541;1.340000033378601;1.2999999523162842;1.340000033378601;11000
2020-07-15;1.340000033378601;1.6699999570846558;1.3300000429153442;1.590000033378601;143400
2020-07-16;1.600000023841858;1.600000023841858;1.350000023841858;1.5099999904632568;63100
2020-07-17;1.5;1.5;1.350000023841858;1.4500000476837158;50500
2020-07-20;1.4199999570846558;1.590000033378601;1.4199999570846558;1.5;26600
2020-07-21;1.5;1.5700000524520874;1.3200000524520874;1.3899999856948853;64000
2020-07-22;1.3799999952316284;1.4299999475479126;1.340000033378601;1.3700000047683716;27200
2020-07-23;1.3700000047683716;1.4199999570846558;1.3700000047683716;1.3899999856948853;45300
2020-07-24;1.3799999952316284;1.399999976158142;1.3700000047683716;1.3799999952316284;9900
2020-07-27;1.350000023841858;1.399999976158142;1.350000023841858;1.3799999952316284;5200
2020-07-28;1.3700000047683716;1.4199999570846558;1.3700000047683716;1.3899999856948853;15500
2020-07-29;1.4299999475479126;1.5700000524520874;1.3799999952316284;1.5;58200
2020-07-30;1.5;1.6100000143051147;1.3799999952316284;1.4199999570846558;99400
2020-07-31;1.5;1.5;1.350000023841858;1.409999966621399;70300
2020-08-03;1.3799999952316284;1.4199999570846558;1.3600000143051147;1.399999976158142;66200
2020-08-04;1.3799999952316284;1.4900000095367432;1.3799999952316284;1.4700000286102295;55700
2020-08-05;1.440000057220459;1.5;1.4299999475479126;1.4299999475479126;23500
2020-08-06;1.4299999475479126;1.600000023841858;1.4199999570846558;1.4600000381469727;31000
2020-08-07;1.4299999475479126;1.7000000476837158;1.4299999475479126;1.5099999904632568;136900
2020-08-10;1.5099999904632568;1.7999999523162842;1.4600000381469727;1.6299999952316284;301400
2020-08-11;1.659999966621399;1.659999966621399;1.5099999904632568;1.5399999618530273;57000
2020-08-12;1.5299999713897705;1.5800000429153442;1.5;1.5199999809265137;94300
2020-08-13;1.4900000095367432;1.5800000429153442;1.4700000286102295;1.4800000190734863;40800
2020-08-14;1.4800000190734863;1.4900000095367432;1.409999966621399;1.4299999475479126;40300
2020-08-17;1.409999966621399;1.4800000190734863;1.409999966621399;1.4500000476837158;11700
2020-08-18;1.4199999570846558;1.4500000476837158;1.409999966621399;1.4500000476837158;19200
2020-08-19;1.4700000286102295;1.4700000286102295;1.4199999570846558;1.440000057220459;36100
2020-08-20;1.409999966621399;1.4700000286102295;1.399999976158142;1.440000057220459;14800
2020-08-21;1.440000057220459;1.440000057220459;1.340000033378601;1.3799999952316284;72900
2020-08-24;1.3200000524520874;1.3600000143051147;1.2599999904632568;1.340000033378601;59900
2020-08-25;1.3300000429153442;1.3700000047683716;1.2999999523162842;1.340000033378601;35100
2020-08-26;1.3600000143051147;1.440000057220459;1.350000023841858;1.4299999475479126;40200
2020-08-27;1.4299999475479126;1.440000057220459;1.3700000047683716;1.3899999856948853;48700
2020-08-28;1.4199999570846558;1.5099999904632568;1.3700000047683716;1.409999966621399;85000
2020-08-31;1.399999976158142;1.399999976158142;1.350000023841858;1.3600000143051147;19800
2020-09-01;1.3899999856948853;1.409999966621399;1.3600000143051147;1.409999966621399;26300
2020-09-02;1.4199999570846558;1.4700000286102295;1.3600000143051147;1.409999966621399;55700
2020-09-03;1.4299999475479126;1.4600000381469727;1.3799999952316284;1.440000057220459;33900
2020-09-04;1.440000057220459;1.440000057220459;1.3200000524520874;1.3200000524520874;54000
2020-09-08;1.2899999618530273;1.3600000143051147;1.2899999618530273;1.350000023841858;9100
2020-09-09;1.350000023841858;1.3600000143051147;1.2400000095367432;1.2699999809265137;79900
2020-09-10;1.2599999904632568;1.2699999809265137;1.1699999570846558;1.190000057220459;53300
2020-09-11;1.1699999570846558;1.2100000381469727;1.159999966621399;1.159999966621399;24300
2020-09-14;1.159999966621399;1.159999966621399;1.1399999856948853;1.1399999856948853;11900
2020-09-15;1.1699999570846558;1.2300000190734863;1.149999976158142;1.2100000381469727;36800
2020-09-16;1.190000057220459;1.2599999904632568;1.190000057220459;1.2300000190734863;76700
2020-09-17;1.2200000286102295;1.25;1.190000057220459;1.2400000095367432;19100
2020-09-18;1.2100000381469727;1.2300000190734863;1.2000000476837158;1.2100000381469727;7400
2020-09-21;1.2000000476837158;1.2400000095367432;1.1799999475479126;1.2400000095367432;10400
2020-09-22;1.2100000381469727;1.2599999904632568;1.190000057220459;1.25;39600
2020-09-23;1.25;1.309999942779541;1.2400000095367432;1.2999999523162842;27900
2020-09-24;1.2899999618530273;1.2899999618530273;1.2100000381469727;1.2300000190734863;12100
2020-09-25;1.2899999618530273;1.2999999523162842;1.2200000286102295;1.2799999713897705;26100
2020-09-28;1.2899999618530273;1.3700000047683716;1.2699999809265137;1.3700000047683716;33800
2020-09-29;1.3700000047683716;1.3700000047683716;1.350000023841858;1.350000023841858;7700
2020-09-30;1.3700000047683716;1.3700000047683716;1.3300000429153442;1.3300000429153442;8400
2020-10-01;1.3600000143051147;1.3600000143051147;1.3300000429153442;1.3300000429153442;11400
2020-10-02;1.2999999523162842;1.2999999523162842;1.1799999475479126;1.2699999809265137;105200
2020-10-05;1.2200000286102295;1.2799999713897705;1.2200000286102295;1.2699999809265137;12200
2020-10-06;1.25;1.2799999713897705;1.2400000095367432;1.25;23400
2020-10-07;1.2599999904632568;1.3700000047683716;1.25;1.3600000143051147;41800
2020-10-08;1.3899999856948853;1.3899999856948853;1.3200000524520874;1.3300000429153442;13400
2020-10-09;1.3300000429153442;1.3700000047683716;1.3300000429153442;1.350000023841858;4200
2020-10-12;1.3600000143051147;1.3600000143051147;1.2899999618530273;1.3200000524520874;6000
2020-10-13;1.2999999523162842;1.3200000524520874;1.25;1.3200000524520874;3400
2020-10-14;1.340000033378601;1.340000033378601;1.2599999904632568;1.2599999904632568;18200
2020-10-15;1.2799999713897705;1.2899999618530273;1.2599999904632568;1.2699999809265137;3300
2020-10-16;1.2699999809265137;1.2999999523162842;1.25;1.2899999618530273;16300
2020-10-19;1.2899999618530273;1.2999999523162842;1.2300000190734863;1.25;5000
2020-10-20;1.2599999904632568;1.659999966621399;1.2300000190734863;1.5099999904632568;838200
2020-10-21;2.700000047683716;5.699999809265137;1.8799999952316284;3.759999990463257;169098800
2020-10-22;2.680000066757202;3.130000114440918;2.119999885559082;2.119999885559082;8615500
2020-10-23;2.3499999046325684;4.699999809265137;2.309999942779541;3.450000047683716;86499800
2020-10-26;3.200000047683716;4.329999923706055;3.0199999809265137;3.369999885559082;32528300
2020-10-27;3.2100000381469727;3.5999999046325684;2.619999885559082;2.859999895095825;9291200
2020-10-28;2.7699999809265137;2.859999895095825;2.440000057220459;2.4800000190734863;1938700
2020-10-29;2.5399999618530273;3.0899999141693115;2.5;2.619999885559082;3692900
2020-10-30;2.630000114440918;2.690000057220459;2.25;2.4700000286102295;1458100
2020-11-02;2.4100000858306885;2.430000066757202;2.059999942779541;2.0799999237060547;1390300
2020-11-03;2.1500000953674316;2.2699999809265137;2.0999999046325684;2.1500000953674316;1059900
2020-11-04;2.1500000953674316;2.2799999713897705;2.1500000953674316;2.2200000286102295;574300
2020-11-05;2.200000047683716;2.799999952316284;2.1700000762939453;2.5899999141693115;2760200
2020-11-06;2.299999952316284;2.299999952316284;2.059999942779541;2.0899999141693115;1503400
2020-11-09;2.0;2.049999952316284;1.7999999523162842;2.009999990463257;1527800
2020-11-10;1.9500000476837158;2.130000114440918;1.9500000476837158;2.069999933242798;973100
2020-11-11;2.009999990463257;2.059999942779541;1.8899999856948853;1.8899999856948853;552700
2020-11-12;1.9500000476837158;1.9600000381469727;1.8200000524520874;1.8799999952316284;352700
2020-11-13;1.840000033378601;1.8899999856948853;1.809999942779541;1.840000033378601;422200
2020-11-16;1.8300000429153442;1.850000023841858;1.6699999570846558;1.809999942779541;754200
2020-11-17;1.7799999713897705;2.369999885559082;1.7799999713897705;2.140000104904175;7841300
2020-11-18;2.109999895095825;2.200000047683716;1.9700000286102295;2.069999933242798;1332800
2020-11-19;2.049999952316284;2.059999942779541;1.9600000381469727;1.9900000095367432;667400
2020-11-20;1.9900000095367432;2.2200000286102295;1.9900000095367432;2.069999933242798;1668500
2020-11-23;2.1500000953674316;2.180000066757202;2.0199999809265137;2.130000114440918;941900
2020-11-24;2.450000047683716;2.450000047683716;2.190000057220459;2.240000009536743;2455500
2020-11-25;2.299999952316284;2.309999942779541;2.0999999046325684;2.140000104904175;1107700
2020-11-27;2.25;2.259999990463257;2.130000114440918;2.2200000286102295;638100
2020-11-30;2.25;2.2699999809265137;2.0399999618530273;2.119999885559082;977700
2020-12-01;2.1700000762939453;2.2699999809265137;2.1500000953674316;2.190000057220459;864300
2020-12-02;2.1500000953674316;2.1500000953674316;2.0399999618530273;2.069999933242798;586300
2020-12-03;2.059999942779541;2.109999895095825;2.0299999713897705;2.0799999237060547;393400
2020-12-04;2.0899999141693115;2.25;2.0299999713897705;2.240000009536743;3372700
2020-12-07;2.2699999809265137;2.4000000953674316;2.180000066757202;2.2200000286102295;1905900
2020-12-08;2.1500000953674316;2.2100000381469727;2.069999933242798;2.0999999046325684;974900
2020-12-09;2.069999933242798;2.119999885559082;1.899999976158142;1.9700000286102295;1146100
2020-12-10;1.9500000476837158;1.9900000095367432;1.8899999856948853;1.909999966621399;534500
2020-12-11;1.9199999570846558;2.009999990463257;1.8899999856948853;1.9800000190734863;485200
2020-12-14;1.9800000190734863;1.9900000095367432;1.8600000143051147;1.8799999952316284;488300
2020-12-15;1.8899999856948853;1.9800000190734863;1.7799999713897705;1.909999966621399;803400
2020-12-16;1.9199999570846558;1.9299999475479126;1.809999942779541;1.8899999856948853;196700
2020-12-17;1.9199999570846558;1.9500000476837158;1.8799999952316284;1.940000057220459;197800
2020-12-18;1.9299999475479126;2.049999952316284;1.8899999856948853;2.0;781900
2020-12-21;2.0;2.3499999046325684;1.9500000476837158;2.0899999141693115;2630200
2020-12-22;2.069999933242798;2.140000104904175;1.9199999570846558;2.0299999713897705;875600
2020-12-23;1.9800000190734863;2.049999952316284;1.9500000476837158;2.0199999809265137;638700
2020-12-24;2.049999952316284;2.140000104904175;2.009999990463257;2.0299999713897705;621600
2020-12-28;2.059999942779541;2.0999999046325684;1.9800000190734863;2.009999990463257;467100
2020-12-29;2.049999952316284;2.109999895095825;2.009999990463257;2.0799999237060547;993600
2020-12-30;2.109999895095825;2.1500000953674316;2.049999952316284;2.109999895095825;593600
2020-12-31;2.140000104904175;2.140000104904175;2.009999990463257;2.0199999809265137;298000
2021-01-04;2.009999990463257;2.0799999237060547;1.9600000381469727;1.9900000095367432;310400
2021-01-05;1.9900000095367432;2.0199999809265137;1.9600000381469727;1.9900000095367432;290700
2021-01-06;2.0;2.200000047683716;1.9700000286102295;2.009999990463257;1645600
2021-01-07;2.049999952316284;2.0799999237060547;2.0199999809265137;2.049999952316284;305700
2021-01-08;2.140000104904175;2.140000104904175;2.049999952316284;2.0999999046325684;795500
2021-01-11;2.0999999046325684;2.299999952316284;2.0;2.1500000953674316;1602700
2021-01-12;2.1500000953674316;2.490000009536743;2.0999999046325684;2.430000066757202;2779500
2021-01-13;2.4000000953674316;2.4200000762939453;2.109999895095825;2.25;1334800
2021-01-14;2.2899999618530273;2.2899999618530273;2.0899999141693115;2.180000066757202;762000
2021-01-15;2.1500000953674316;2.2100000381469727;2.059999942779541;2.0799999237060547;662700
2021-01-19;2.109999895095825;2.25;2.0799999237060547;2.200000047683716;626300
2021-01-20;2.140000104904175;2.2699999809265137;2.140000104904175;2.2200000286102295;542900
2021-01-21;2.3399999141693115;2.549999952316284;2.2699999809265137;2.2699999809265137;1949600
2021-01-22;2.259999990463257;2.2799999713897705;2.180000066757202;2.259999990463257;762700
2021-01-25;2.2699999809265137;2.2799999713897705;2.059999942779541;2.1600000858306885;968700
2021-01-26;2.180000066757202;2.319999933242798;2.140000104904175;2.190000057220459;1270000
2021-01-27;2.1500000953674316;2.240000009536743;1.9700000286102295;2.069999933242798;1524200
2021-01-28;2.0999999046325684;2.1500000953674316;2.009999990463257;2.049999952316284;831400
2021-01-29;2.0799999237060547;2.240000009536743;2.059999942779541;2.1600000858306885;1477700
2021-02-01;2.2100000381469727;2.240000009536743;2.109999895095825;2.180000066757202;774100
2021-02-02;2.240000009536743;2.240000009536743;2.0999999046325684;2.200000047683716;476300
2021-02-03;2.2200000286102295;2.2699999809265137;2.1600000858306885;2.2300000190734863;525100
2021-02-04;2.25;2.380000114440918;2.240000009536743;2.3299999237060547;924500
2021-02-05;2.390000104904175;3.0899999141693115;2.3499999046325684;2.7799999713897705;10343900
2021-02-08;2.859999895095825;2.9200000762939453;2.6500000953674316;2.819999933242798;1937000
2021-02-09;2.759999990463257;3.2699999809265137;2.680000066757202;3.059999942779541;3970000
2021-02-10;3.0999999046325684;3.0999999046325684;2.509999990463257;2.7100000381469727;3219000
2021-02-11;2.75;2.7799999713897705;2.509999990463257;2.5399999618530273;1764000
2021-02-12;2.549999952316284;2.559999942779541;2.4600000381469727;2.5199999809265137;1137400
2021-02-16;2.5799999237060547;3.200000047683716;2.5299999713897705;2.8299999237060547;9573500
2021-02-17;2.7899999618530273;2.819999933242798;2.569999933242798;2.619999885559082;1419900
2021-02-18;2.5999999046325684;2.9600000381469727;2.5999999046325684;2.759999990463257;1652700
2021-02-19;2.7899999618530273;2.8399999141693115;2.5999999046325684;2.630000114440918;956000
2021-02-22;2.5999999046325684;2.6600000858306885;2.4000000953674316;2.4100000858306885;1355500
2021-02-23;2.3399999141693115;2.3399999141693115;2.009999990463257;2.119999885559082;1436000
2021-02-24;2.1500000953674316;2.6600000858306885;2.130000114440918;2.490000009536743;4317800
2021-02-25;2.490000009536743;2.490000009536743;2.299999952316284;2.3299999237060547;2942800
2021-02-26;2.0;2.2300000190734863;1.9700000286102295;1.9900000095367432;1962800
2021-03-01;2.069999933242798;2.190000057220459;2.0399999618530273;2.069999933242798;2409200
2021-03-02;2.069999933242798;2.180000066757202;1.9299999475479126;1.9500000476837158;3772800
2021-03-03;1.9500000476837158;2.0199999809265137;1.7799999713897705;1.7899999618530273;1946400
2021-03-04;1.7799999713897705;1.7899999618530273;1.5;1.5700000524520874;1865100
2021-03-05;1.590000033378601;1.649999976158142;1.4199999570846558;1.649999976158142;752400
2021-03-08;1.6299999952316284;1.809999942779541;1.600000023841858;1.6399999856948853;2146500
2021-03-09;1.7400000095367432;1.850000023841858;1.6799999475479126;1.7699999809265137;1434000
2021-03-10;1.809999942779541;1.8600000143051147;1.75;1.8300000429153442;719500
2021-03-11;1.840000033378601;1.9500000476837158;1.8300000429153442;1.940000057220459;637200
2021-03-12;1.850000023841858;2.0399999618530273;1.850000023841858;1.9900000095367432;457600
2021-03-15;2.009999990463257;2.049999952316284;1.8700000047683716;1.9900000095367432;759600
2021-03-16;2.009999990463257;2.009999990463257;1.9199999570846558;1.9199999570846558;671100
2021-03-17;1.909999966621399;2.049999952316284;1.850000023841858;2.0;420500
2021-03-18;1.940000057220459;2.0199999809265137;1.909999966621399;1.9199999570846558;368000
2021-03-19;1.940000057220459;2.0199999809265137;1.8700000047683716;1.9600000381469727;451200
2021-03-22;1.9600000381469727;2.069999933242798;1.9500000476837158;2.009999990463257;649800
2021-03-23;2.0399999618530273;2.049999952316284;1.9199999570846558;2.009999990463257;790000
2021-03-24;2.009999990463257;2.009999990463257;1.7599999904632568;1.7599999904632568;565800
2021-03-25;1.7000000476837158;1.809999942779541;1.600000023841858;1.7599999904632568;289200
2021-03-26;1.7999999523162842;1.8600000143051147;1.75;1.840000033378601;191600
2021-03-29;1.7999999523162842;1.8200000524520874;1.75;1.7699999809265137;107900
2021-03-30;1.7699999809265137;1.7799999713897705;1.6699999570846558;1.6699999570846558;162600
2021-03-31;1.7200000286102295;1.7999999523162842;1.7000000476837158;1.7799999713897705;308700
2021-04-01;1.7799999713897705;1.8700000047683716;1.7599999904632568;1.8300000429153442;189100
2021-04-05;1.8600000143051147;1.9199999570846558;1.7799999713897705;1.9199999570846558;396500
2021-04-06;1.909999966621399;1.909999966621399;1.7999999523162842;1.850000023841858;230100
2021-04-07;1.850000023841858;1.8600000143051147;1.7400000095367432;1.7799999713897705;817100
2021-04-08;1.7699999809265137;1.8200000524520874;1.7200000286102295;1.7599999904632568;367900
2021-04-09;1.75;1.75;1.7000000476837158;1.7200000286102295;181200
2021-04-12;1.7100000381469727;1.7200000286102295;1.6200000047683716;1.6299999952316284;271200
2021-04-13;1.6299999952316284;1.7400000095367432;1.6200000047683716;1.7100000381469727;268100
2021-04-14;1.7100000381469727;1.7300000190734863;1.6200000047683716;1.6200000047683716;171600
2021-04-15;1.6200000047683716;1.6799999475479126;1.5700000524520874;1.6399999856948853;856200
2021-04-16;1.5499999523162842;1.5800000429153442;1.5099999904632568;1.5199999809265137;342300
2021-04-19;1.590000033378601;1.590000033378601;1.5099999904632568;1.5399999618530273;407400
2021-04-20;1.5;1.5399999618530273;1.5;1.5;204900
2021-04-21;1.5;1.5700000524520874;1.4900000095367432;1.5499999523162842;98100
2021-04-22;1.6100000143051147;1.6100000143051147;1.4800000190734863;1.5099999904632568;154200
2021-04-23;1.4800000190734863;1.559999942779541;1.4800000190734863;1.5499999523162842;119700
2021-04-26;1.5399999618530273;1.6200000047683716;1.5199999809265137;1.6200000047683716;166700
2021-04-27;1.6200000047683716;1.6399999856948853;1.559999942779541;1.6399999856948853;110600
2021-04-28;1.649999976158142;1.649999976158142;1.600000023841858;1.6200000047683716;98200
2021-04-29;1.6399999856948853;1.7000000476837158;1.6100000143051147;1.690000057220459;155000
2021-04-30;1.690000057220459;1.8300000429153442;1.6699999570846558;1.7899999618530273;1379600
2021-05-03;1.7899999618530273;1.9700000286102295;1.6100000143051147;1.6100000143051147;4123500
2021-05-04;1.6100000143051147;1.6699999570846558;1.5099999904632568;1.6399999856948853;466900
2021-05-05;1.6399999856948853;1.649999976158142;1.5800000429153442;1.590000033378601;124400
2021-05-06;1.5800000429153442;1.6299999952316284;1.4900000095367432;1.5099999904632568;360100
2021-05-07;1.5;1.6299999952316284;1.4900000095367432;1.590000033378601;282900
2021-05-10;1.5800000429153442;1.590000033378601;1.4600000381469727;1.4800000190734863;224500
2021-05-11;1.4199999570846558;1.4800000190734863;1.3700000047683716;1.4600000381469727;134800
2021-05-12;1.4500000476837158;1.4800000190734863;1.399999976158142;1.4199999570846558;118200
2021-05-13;1.4299999475479126;1.4700000286102295;1.340000033378601;1.3700000047683716;273400
2021-05-14;1.3899999856948853;1.4299999475479126;1.3700000047683716;1.409999966621399;148200
2021-05-17;1.4199999570846558;1.5800000429153442;1.3700000047683716;1.5099999904632568;406700
2021-05-18;1.5399999618530273;1.6100000143051147;1.5299999713897705;1.5499999523162842;168800
2021-05-19;1.600000023841858;1.649999976158142;1.5299999713897705;1.5499999523162842;284200
2021-05-20;1.5499999523162842;1.6200000047683716;1.5199999809265137;1.559999942779541;71600
2021-05-21;1.5800000429153442;1.600000023841858;1.5199999809265137;1.5499999523162842;76800
2021-05-24;1.5399999618530273;1.6299999952316284;1.5199999809265137;1.600000023841858;279900
2021-05-25;1.600000023841858;1.600000023841858;1.5299999713897705;1.5399999618530273;99600
2021-05-26;1.5700000524520874;1.6100000143051147;1.5299999713897705;1.5800000429153442;141100
2021-05-27;1.590000033378601;1.6200000047683716;1.559999942779541;1.6200000047683716;151200
2021-05-28;1.6399999856948853;1.649999976158142;1.5700000524520874;1.590000033378601;76900
2021-06-01;1.600000023841858;1.6100000143051147;1.559999942779541;1.590000033378601;109800
2021-06-02;1.5800000429153442;1.6299999952316284;1.5800000429153442;1.600000023841858;97000
2021-06-03;1.6100000143051147;1.6299999952316284;1.5700000524520874;1.6100000143051147;147500
2021-06-04;1.6100000143051147;1.690000057220459;1.600000023841858;1.6200000047683716;207200
2021-06-07;1.659999966621399;1.690000057220459;1.6200000047683716;1.649999976158142;205400
2021-06-08;1.6699999570846558;1.6699999570846558;1.5800000429153442;1.5800000429153442;259000
2021-06-09;1.6200000047683716;1.6699999570846558;1.559999942779541;1.600000023841858;508200
2021-06-10;1.600000023841858;1.7300000190734863;1.559999942779541;1.6399999856948853;940700
2021-06-11;1.600000023841858;1.6699999570846558;1.600000023841858;1.659999966621399;291900
2021-06-14;1.6699999570846558;1.690000057220459;1.6299999952316284;1.649999976158142;107800
2021-06-15;1.6200000047683716;1.649999976158142;1.5399999618530273;1.5399999618530273;184200
2021-06-16;1.5800000429153442;1.7200000286102295;1.5399999618530273;1.6399999856948853;1058200
2021-06-17;1.6399999856948853;1.649999976158142;1.5800000429153442;1.600000023841858;202200
2021-06-18;1.590000033378601;1.6699999570846558;1.5499999523162842;1.6399999856948853;370900
2021-06-21;1.6299999952316284;1.690000057220459;1.5700000524520874;1.5700000524520874;501200
2021-06-22;1.5700000524520874;1.7300000190734863;1.5700000524520874;1.6799999475479126;1433300
2021-06-23;1.75;1.7699999809265137;1.6699999570846558;1.7100000381469727;15332000
2021-06-24;3.009999990463257;3.809999942779541;2.559999942779541;3.509999990463257;196248900
2021-06-25;2.9800000190734863;4.389999866485596;2.8499999046325684;3.809999942779541;72703700
2021-06-28;5.409999847412109;7.519999980926514;4.96999979019165;7.5;300295600
2021-06-29;9.329999923706055;18.81999969482422;8.3100004196167;17.299999237060547;354519500
2021-06-30;13.229999542236328;13.470000267028809;10.199999809265137;10.729999542236328;56182300
2021-07-01;11.859999656677246;19.950000762939453;11.520000457763672;15.079999923706055;160247400
2021-07-02;21.479999542236328;25.600000381469727;18.8799991607666;20.290000915527344;120961200
2021-07-06;27.15999984741211;27.260000228881836;21.549999237060547;24.139999389648438;44787600
2021-07-07;20.010000228881836;21.479999542236328;17.399999618530273;19.239999771118164;20753400
2021-07-08;16.34000015258789;20.899999618530273;15.600000381469727;17.65999984741211;17715800
2021-07-09;19.030000686645508;20.950000762939453;16.780000686645508;17.360000610351562;8983300
2021-07-12;17.309999465942383;17.5;13.800000190734863;14.449999809265137;6108000
2021-07-13;15.510000228881836;17.959999084472656;14.149999618530273;14.40999984741211;12152400
2021-07-14;14.229999542236328;15.0;12.760000228881836;13.670000076293945;5662000
2021-07-15;12.15999984741211;12.460000038146973;9.649999618530273;9.970000267028809;8195800
2021-07-16;10.779999732971191;10.899999618530273;8.699999809265137;8.779999732971191;11114400
2021-07-19;8.289999961853027;9.40999984741211;7.659999847412109;8.15999984741211;11945300
2021-07-20;8.380000114440918;8.399999618530273;7.5;7.849999904632568;5585900
