Date;Open;High;Low;Close;Volume
2018-06-15;17.0;22.18000030517578;17.0;21.0;4202500
2018-06-18;23.639999389648438;29.350000381469727;21.549999237060547;28.799999237060547;2910800
2018-06-19;30.18000030517578;35.0;28.040000915527344;30.0;3832400
2018-06-20;32.5;32.70000076293945;25.0;26.110000610351562;2461500
2018-06-21;25.06999969482422;25.940000534057617;21.260000228881836;21.360000610351562;1661000
2018-06-22;23.299999237060547;23.299999237060547;18.75;18.75;1698900
2018-06-25;18.239999771118164;20.739999771118164;18.200000762939453;20.43000030517578;1474700
2018-06-26;21.579999923706055;22.878999710083008;21.229999542236328;22.6200008392334;1109700
2018-06-27;23.5;23.700000762939453;20.69099998474121;20.81999969482422;1286400
2018-06-28;20.940000534057617;21.5;20.15999984741211;21.229999542236328;371800
2018-06-29;22.059999465942383;22.06999969482422;21.02899932861328;21.399999618530273;271600
2018-07-02;21.229999542236328;21.297000885009766;20.329999923706055;20.610000610351562;140300
2018-07-03;20.610000610351562;20.610000610351562;19.799999237060547;20.020000457763672;164300
2018-07-05;19.799999237060547;20.0;18.979999542236328;19.010000228881836;474700
2018-07-06;18.700000762939453;19.479999542236328;18.700000762939453;19.040000915527344;202600
2018-07-09;19.239999771118164;19.440000534057617;18.889999389648438;18.959999084472656;213500
2018-07-10;19.139999389648438;19.64900016784668;18.75;19.5;591800
2018-07-11;19.280000686645508;19.739999771118164;19.0;19.010000228881836;222600
2018-07-12;19.049999237060547;20.969999313354492;19.049999237060547;20.229999542236328;567000
2018-07-13;20.600000381469727;20.68199920654297;19.365999221801758;20.239999771118164;181500
2018-07-16;20.200000762939453;20.42799949645996;18.920000076293945;19.030000686645508;398700
2018-07-17;19.0;19.600000381469727;19.0;19.020000457763672;202900
2018-07-18;19.020000457763672;19.499000549316406;18.90999984741211;19.139999389648438;119800
2018-07-19;19.190000534057617;19.399999618530273;18.8799991607666;19.079999923706055;141200
2018-07-20;19.100000381469727;19.290000915527344;18.450000762939453;18.93000030517578;221800
2018-07-23;19.09000015258789;19.09000015258789;18.520000457763672;19.0;111300
2018-07-24;19.010000228881836;19.530000686645508;18.899999618530273;19.389999389648438;136900
2018-07-25;19.25;19.93000030517578;19.25;19.850000381469727;127100
2018-07-26;19.31999969482422;19.84000015258789;18.809999465942383;19.0;223700
2018-07-27;18.899999618530273;19.06999969482422;18.649999618530273;18.93000030517578;118700
2018-07-30;18.920000076293945;19.329999923706055;18.530000686645508;18.6299991607666;117700
2018-07-31;18.6200008392334;18.6200008392334;16.780000686645508;16.780000686645508;237800
2018-08-01;16.719999313354492;17.459999084472656;16.384000778198242;17.0;118400
2018-08-02;16.940000534057617;16.940000534057617;15.859999656677246;16.43000030517578;164300
2018-08-03;16.440000534057617;16.440000534057617;15.713000297546387;16.030000686645508;162000
2018-08-06;16.030000686645508;16.170000076293945;15.699999809265137;15.800000190734863;61300
2018-08-07;15.739999771118164;16.43000030517578;15.651000022888184;16.239999771118164;49700
2018-08-08;16.239999771118164;16.700000762939453;15.720000267028809;15.760000228881836;66400
2018-08-09;15.880000114440918;16.1200008392334;15.5600004196167;15.699999809265137;58700
2018-08-10;15.869999885559082;15.928000450134277;15.319999694824219;15.479999542236328;82500
2018-08-13;14.279999732971191;15.390000343322754;14.121000289916992;15.25;164000
2018-08-14;15.15999984741211;15.210000038146973;14.65999984741211;14.670000076293945;107200
2018-08-15;14.369999885559082;14.65999984741211;13.850000381469727;13.859999656677246;141100
2018-08-16;13.890000343322754;14.869999885559082;13.890000343322754;14.180000305175781;195600
2018-08-17;14.1899995803833;14.819999694824219;13.869999885559082;14.149999618530273;63400
2018-08-20;14.149999618530273;14.819999694824219;14.039999961853027;14.069999694824219;345600
2018-08-21;14.40999984741211;14.600000381469727;12.640000343322754;13.0;779800
2018-08-22;13.050000190734863;16.149999618530273;13.050000190734863;15.899999618530273;623300
2018-08-23;14.350000381469727;14.97700023651123;14.010000228881836;14.5;234900
2018-08-24;14.300000190734863;14.5649995803833;14.258000373840332;14.5;148000
2018-08-27;14.520000457763672;14.595999717712402;13.770000457763672;13.920000076293945;195500
2018-08-28;13.899999618530273;14.15999984741211;13.779999732971191;14.0;120900
2018-08-29;13.949999809265137;14.026000022888184;13.149999618530273;13.199999809265137;144100
2018-08-30;13.300000190734863;13.5;12.9399995803833;13.010000228881836;24500
2018-08-31;13.0;13.100000381469727;12.850000381469727;13.050000190734863;36900
2018-09-04;12.949999809265137;12.949999809265137;12.460000038146973;12.479999542236328;52800
2018-09-05;12.510000228881836;12.5600004196167;12.199999809265137;12.210000038146973;89200
2018-09-06;12.210000038146973;12.210000038146973;11.75;11.75;66000
2018-09-07;11.539999961853027;11.989999771118164;11.539999961853027;11.600000381469727;30500
2018-09-10;11.84000015258789;11.84000015258789;10.982999801635742;11.020000457763672;99700
2018-09-11;11.0;11.0;10.34000015258789;10.34000015258789;79900
2018-09-12;10.270000457763672;10.677000045776367;9.9399995803833;10.199999809265137;190600
2018-09-13;9.739999771118164;10.680000305175781;9.739999771118164;9.989999771118164;311300
2018-09-14;10.0;10.050000190734863;9.699999809265137;9.75;112500
2018-09-17;9.770000457763672;9.770000457763672;9.029999732971191;9.029999732971191;98000
2018-09-18;9.100000381469727;9.109999656677246;8.210000038146973;8.300000190734863;140800
2018-09-19;8.279999732971191;8.399999618530273;7.53000020980835;7.53000020980835;199600
2018-09-20;7.5;8.829999923706055;7.427000045776367;8.3100004196167;289100
2018-09-21;8.5;9.315999984741211;8.5;9.100000381469727;161100
2018-09-24;8.930000305175781;9.640000343322754;8.899999618530273;9.359999656677246;98200
2018-09-25;9.420000076293945;9.503999710083008;8.449999809265137;8.59000015258789;96400
2018-09-26;8.670000076293945;8.777000427246094;8.050000190734863;8.25;123600
2018-09-27;8.279999732971191;9.380000114440918;8.229999542236328;8.720000267028809;149900
2018-09-28;8.720000267028809;9.199999809265137;8.550000190734863;8.739999771118164;85900
2018-10-01;8.779999732971191;9.09000015258789;8.75;8.829999923706055;22000
2018-10-02;8.819999694824219;8.890000343322754;8.5;8.859999656677246;43600
2018-10-03;8.920000076293945;9.269000053405762;8.800000190734863;9.0;30300
2018-10-04;9.119999885559082;9.1899995803833;8.75;9.0;50500
2018-10-05;9.100000381469727;9.1899995803833;8.850000381469727;9.09000015258789;64800
2018-10-08;8.979999542236328;9.039999961853027;8.539999961853027;8.600000381469727;117900
2018-10-09;8.621999740600586;8.800000190734863;8.600000381469727;8.800000190734863;8500
2018-10-10;8.699999809265137;8.989999771118164;8.0;8.0;67100
2018-10-11;8.0;8.369999885559082;7.059999942779541;7.150000095367432;67600
2018-10-12;7.96999979019165;8.390000343322754;7.349999904632568;7.739999771118164;200700
2018-10-15;7.760000228881836;7.949999809265137;7.585000038146973;7.800000190734863;63300
2018-10-16;8.149999618530273;8.430000305175781;7.650000095367432;8.420000076293945;169100
2018-10-17;8.479999542236328;8.720000267028809;8.0;8.430000305175781;59000
2018-10-18;8.420000076293945;8.430000305175781;7.771999835968018;8.359999656677246;142400
2018-10-19;8.640000343322754;9.100000381469727;8.149999618530273;9.100000381469727;168900
2018-10-22;8.949999809265137;9.34000015258789;8.75;9.25;180500
2018-10-23;8.420000076293945;9.09000015258789;8.350000381469727;8.949999809265137;523500
2018-10-24;8.800000190734863;9.069999694824219;8.449999809265137;8.550000190734863;178100
2018-10-25;8.979999542236328;9.175000190734863;8.350000381469727;8.819999694824219;206500
2018-10-26;8.65999984741211;8.885000228881836;8.430000305175781;8.699999809265137;171000
2018-10-29;8.979999542236328;8.979999542236328;8.100000381469727;8.319999694824219;159400
2018-10-30;8.15999984741211;8.4399995803833;7.380000114440918;7.380000114440918;87600
2018-10-31;7.570000171661377;7.570000171661377;7.300000190734863;7.360000133514404;90400
2018-11-01;7.349999904632568;7.9120001792907715;7.309999942779541;7.570000171661377;142100
2018-11-02;7.78000020980835;7.980000019073486;7.150000095367432;7.21999979019165;66700
2018-11-05;7.159999847412109;7.2179999351501465;7.0;7.0;68600
2018-11-06;7.0;7.130000114440918;6.829999923706055;6.829999923706055;50600
2018-11-07;7.28000020980835;7.690000057220459;6.989999771118164;7.139999866485596;98900
2018-11-08;6.895999908447266;7.190000057220459;6.800000190734863;6.940000057220459;56400
2018-11-09;7.03000020980835;7.090000152587891;6.670000076293945;6.989999771118164;63600
2018-11-12;6.889999866485596;6.889999866485596;6.340000152587891;6.440000057220459;120300
2018-11-13;6.5;6.75;6.239999771118164;6.260000228881836;56400
2018-11-14;6.320000171661377;6.590000152587891;5.5;5.510000228881836;104500
2018-11-15;5.619999885559082;6.079999923706055;5.610000133514404;5.800000190734863;69900
2018-11-16;6.0;6.079999923706055;5.510000228881836;5.989999771118164;72600
2018-11-19;6.010000228881836;6.010000228881836;5.510000228881836;5.550000190734863;52600
2018-11-20;5.340000152587891;5.590000152587891;5.059999942779541;5.199999809265137;64000
2018-11-21;5.340000152587891;6.139999866485596;5.335000038146973;5.710000038146973;144900
2018-11-23;5.46999979019165;6.300000190734863;5.400000095367432;5.760000228881836;192200
2018-11-26;5.889999866485596;6.340000152587891;5.550000190734863;6.150000095367432;128500
2018-11-27;6.019999980926514;6.300000190734863;5.619999885559082;5.820000171661377;39900
2018-11-28;5.920000076293945;6.099999904632568;5.800000190734863;5.920000076293945;21700
2018-11-29;5.929999828338623;6.119999885559082;5.741000175476074;6.050000190734863;23800
2018-11-30;6.139999866485596;6.151000022888184;5.800000190734863;6.150000095367432;31800
2018-12-03;6.289999961853027;6.584000110626221;6.0;6.010000228881836;41200
2018-12-04;6.0;6.25;5.5;5.760000228881836;43100
2018-12-06;5.53000020980835;5.96999979019165;5.53000020980835;5.75;23900
2018-12-07;5.710000038146973;6.0;5.559999942779541;5.699999809265137;33100
2018-12-10;5.670000076293945;5.900000095367432;5.670000076293945;5.75;51200
2018-12-11;5.71999979019165;5.860000133514404;5.599999904632568;5.679999828338623;36300
2018-12-12;5.699999809265137;6.880000114440918;5.699999809265137;6.820000171661377;265000
2018-12-13;6.679999828338623;7.199999809265137;6.400000095367432;6.579999923706055;136900
2018-12-14;6.500999927520752;6.909999847412109;6.179999828338623;6.5;139100
2018-12-17;6.5;6.730000019073486;6.199999809265137;6.349999904632568;46200
2018-12-18;6.369999885559082;6.570000171661377;6.199999809265137;6.199999809265137;48300
2018-12-19;6.260000228881836;6.440000057220459;6.199999809265137;6.25;42900
2018-12-20;6.25;6.380000114440918;6.050000190734863;6.059999942779541;96300
2018-12-21;6.099999904632568;6.199999809265137;5.849999904632568;5.849999904632568;45600
2018-12-24;5.889999866485596;6.03000020980835;5.800000190734863;5.849999904632568;26200
2018-12-26;5.849999904632568;5.900000095367432;5.434999942779541;5.809999942779541;69300
2018-12-27;5.699999809265137;5.800000190734863;5.559999942779541;5.610000133514404;116400
2018-12-28;5.539999961853027;5.710000038146973;5.539999961853027;5.699999809265137;51600
2018-12-31;5.730000019073486;6.199999809265137;5.64900016784668;5.909999847412109;152500
2019-01-02;5.889999866485596;6.03000020980835;5.679999828338623;6.03000020980835;9900
2019-01-03;6.080999851226807;6.080999851226807;5.860000133514404;5.869999885559082;7100
2019-01-04;6.010000228881836;6.139999866485596;5.900000095367432;6.019999980926514;9100
2019-01-07;5.880000114440918;6.019999980926514;5.699999809265137;5.71999979019165;29100
2019-01-08;5.71999979019165;6.0;5.699999809265137;5.800000190734863;18900
2019-01-09;5.860000133514404;6.019999980926514;5.800000190734863;5.800000190734863;50300
2019-01-10;5.75;5.760000228881836;5.690000057220459;5.690000057220459;60200
2019-01-11;5.75;5.775000095367432;5.699999809265137;5.699999809265137;80200
2019-01-14;5.539999961853027;5.739999771118164;5.539999961853027;5.639999866485596;44800
2019-01-15;5.630000114440918;5.650000095367432;5.539999961853027;5.539999961853027;12300
2019-01-16;5.5;5.599999904632568;5.25;5.25;161500
2019-01-17;5.25;5.340000152587891;5.179999828338623;5.239999771118164;170300
2019-01-18;5.260000228881836;5.260000228881836;5.199999809265137;5.199999809265137;56900
2019-01-22;5.199999809265137;5.28000020980835;5.0;5.179999828338623;293400
2019-01-23;5.199999809265137;5.590000152587891;5.179999828338623;5.320000171661377;43200
2019-01-24;5.380000114440918;5.519999980926514;5.260000228881836;5.349999904632568;36200
2019-01-25;5.380000114440918;5.679999828338623;5.130000114440918;5.550000190734863;25800
2019-01-28;5.449999809265137;5.550000190734863;5.130000114440918;5.210000038146973;44000
2019-01-29;5.25;5.380000114440918;5.199999809265137;5.199999809265137;42100
2019-01-30;5.260000228881836;5.460000038146973;5.260000228881836;5.420000076293945;21200
2019-01-31;5.429999828338623;6.0;5.409999847412109;5.690000057220459;65400
2019-02-01;5.760000228881836;6.224999904632568;5.75;5.949999809265137;79300
2019-02-04;6.150000095367432;6.170000076293945;5.995999813079834;6.099999904632568;42800
2019-02-05;6.099999904632568;6.739999771118164;6.099999904632568;6.630000114440918;152900
2019-02-06;6.570000171661377;6.690000057220459;6.250999927520752;6.400000095367432;36500
2019-02-07;6.369999885559082;6.369999885559082;6.210000038146973;6.309999942779541;40600
2019-02-08;6.199999809265137;6.489999771118164;6.199999809265137;6.300000190734863;22300
2019-02-11;6.320000171661377;6.331999778747559;6.139999866485596;6.199999809265137;32300
2019-02-12;6.260000228881836;6.291999816894531;6.150000095367432;6.150000095367432;31500
2019-02-13;6.210000038146973;6.4670000076293945;6.150000095367432;6.150000095367432;113400
2019-02-14;6.150000095367432;6.25;6.150000095367432;6.239999771118164;24500
2019-02-15;6.150000095367432;6.340000152587891;6.150000095367432;6.210000038146973;19600
2019-02-19;6.21999979019165;6.449999809265137;6.21999979019165;6.300000190734863;34000
2019-02-20;6.28000020980835;6.420000076293945;6.260000228881836;6.420000076293945;24000
2019-02-21;6.309999942779541;6.359000205993652;6.170000076293945;6.21999979019165;96100
2019-02-22;6.281000137329102;6.627999782562256;6.260000228881836;6.389999866485596;43100
2019-02-25;6.400000095367432;7.28000020980835;6.400000095367432;6.889999866485596;200600
2019-02-26;6.949999809265137;7.099999904632568;6.630000114440918;6.929999828338623;64200
2019-02-27;6.880000114440918;6.940000057220459;6.0;6.199999809265137;91300
2019-02-28;6.300000190734863;6.420000076293945;6.199999809265137;6.369999885559082;62600
2019-03-01;6.480000019073486;6.480000019073486;6.164999961853027;6.309999942779541;29000
2019-03-04;6.349999904632568;6.449999809265137;6.0;6.150000095367432;61300
2019-03-05;6.230000019073486;6.419000148773193;6.010000228881836;6.150000095367432;98100
2019-03-06;6.079999923706055;6.349999904632568;6.019999980926514;6.130000114440918;70800
2019-03-07;6.090000152587891;6.239999771118164;5.730000019073486;6.210000038146973;64200
2019-03-08;6.099999904632568;6.170000076293945;6.0;6.139999866485596;100900
2019-03-11;6.170000076293945;6.789999961853027;6.159999847412109;6.789999961853027;116800
2019-03-12;6.800000190734863;7.0;6.139999866485596;6.630000114440918;110000
2019-03-13;6.670000076293945;6.940000057220459;6.559999942779541;6.710000038146973;74700
2019-03-14;6.75;7.090000152587891;6.734000205993652;7.019999980926514;112600
2019-03-15;7.090000152587891;7.099999904632568;6.800000190734863;6.829999923706055;90000
2019-03-18;6.849999904632568;7.0;6.800000190734863;6.849999904632568;51400
2019-03-19;6.949999809265137;7.0;6.800000190734863;6.869999885559082;133800
2019-03-20;6.849999904632568;6.989999771118164;6.679999828338623;6.769999980926514;196800
2019-03-21;6.699999809265137;7.0;6.699999809265137;6.960000038146973;209900
2019-03-22;6.889999866485596;7.0;6.860000133514404;6.96999979019165;180100
2019-03-25;6.980000019073486;6.989999771118164;6.570000171661377;6.769999980926514;200600
2019-03-26;6.71999979019165;7.0;6.599999904632568;6.860000133514404;214700
2019-03-27;6.929999828338623;7.0;6.710000038146973;6.78000020980835;183900
2019-03-28;6.75;7.019999980926514;6.75;6.889999866485596;202500
2019-03-29;6.989999771118164;6.989999771118164;6.860000133514404;6.929999828338623;157900
2019-04-01;7.0;8.300000190734863;6.980000019073486;7.75;509800
2019-04-02;7.849999904632568;8.140000343322754;7.800000190734863;7.96999979019165;164300
2019-04-03;8.069999694824219;8.442999839782715;7.900000095367432;7.960000038146973;188200
2019-04-04;7.980000019073486;8.1899995803833;7.840000152587891;7.900000095367432;118500
2019-04-05;8.020000457763672;8.239999771118164;7.820000171661377;7.840000152587891;123100
2019-04-08;7.900000095367432;8.75;7.879000186920166;8.430000305175781;245400
2019-04-09;8.5;9.5;8.5;9.180000305175781;283900
2019-04-10;9.229999542236328;9.600000381469727;9.0;9.569999694824219;252300
2019-04-11;9.550000190734863;10.279000282287598;9.550000190734863;9.869999885559082;236200
2019-04-12;9.960000038146973;10.149999618530273;9.739999771118164;9.960000038146973;135300
2019-04-15;9.979999542236328;10.510000228881836;9.369999885559082;10.130000114440918;154600
2019-04-16;10.380000114440918;11.25;10.350000381469727;10.920000076293945;453700
2019-04-17;11.0;13.6899995803833;11.0;12.100000381469727;989500
2019-04-18;12.399999618530273;13.40999984741211;12.305000305175781;13.140000343322754;725600
2019-04-22;13.460000038146973;13.699999809265137;12.803999900817871;13.390000343322754;963500
2019-04-23;13.390000343322754;14.039999961853027;11.449999809265137;13.369999885559082;620800
2019-04-24;13.149999618530273;13.149999618530273;11.949999809265137;12.039999961853027;998800
2019-04-25;11.819999694824219;12.949999809265137;11.149999618530273;12.699999809265137;490900
2019-04-26;12.630000114440918;12.630000114440918;11.149999618530273;11.270000457763672;564400
2019-04-29;11.010000228881836;11.260000228881836;8.800000190734863;8.84000015258789;495500
2019-04-30;8.59000015258789;9.175000190734863;8.260000228881836;8.260000228881836;205900
2019-05-01;8.210000038146973;8.970000267028809;8.069999694824219;8.529999732971191;320300
2019-05-02;8.449999809265137;8.800000190734863;7.53000020980835;7.53000020980835;392400
2019-05-03;7.579999923706055;7.947999954223633;7.21999979019165;7.309999942779541;678400
2019-05-06;7.070000171661377;7.429999828338623;6.929999828338623;6.949999809265137;286800
2019-05-07;6.949999809265137;7.195000171661377;6.801000118255615;6.860000133514404;227900
2019-05-08;6.800000190734863;7.099999904632568;6.769999980926514;6.800000190734863;217900
2019-05-09;6.71999979019165;7.079999923706055;6.260000228881836;6.300000190734863;626100
2019-05-10;6.440000057220459;6.75;6.300000190734863;6.650000095367432;460900
2019-05-13;6.855999946594238;6.855999946594238;5.818999767303467;6.059999942779541;344800
2019-05-14;6.099999904632568;6.559999942779541;6.099999904632568;6.369999885559082;209000
2019-05-15;6.260000228881836;6.679999828338623;6.260000228881836;6.480000019073486;236100
2019-05-16;6.590000152587891;7.230999946594238;6.559999942779541;6.940000057220459;328200
2019-05-17;6.909999847412109;7.099999904632568;6.380000114440918;6.460000038146973;410500
2019-05-20;6.900000095367432;7.0;6.440000057220459;6.460000038146973;317500
2019-05-21;6.449999809265137;6.690000057220459;6.300000190734863;6.380000114440918;295000
2019-05-22;6.28000020980835;6.554999828338623;6.139999866485596;6.190000057220459;300800
2019-05-23;6.110000133514404;6.269999980926514;5.889999866485596;5.949999809265137;207500
2019-05-24;6.0;6.269999980926514;5.920000076293945;6.210000038146973;361400
2019-05-28;6.239999771118164;6.629000186920166;6.139999866485596;6.269999980926514;213500
2019-05-29;6.210000038146973;6.579999923706055;6.210000038146973;6.460000038146973;244600
2019-05-30;6.420000076293945;6.770999908447266;6.170000076293945;6.190000057220459;251000
2019-05-31;6.190000057220459;6.409999847412109;5.920000076293945;6.090000152587891;348700
2019-06-03;6.170000076293945;6.329999923706055;6.0;6.010000228881836;184500
2019-06-04;6.039999961853027;6.214000225067139;6.0;6.0;256200
2019-06-05;6.03000020980835;6.171000003814697;5.679999828338623;5.909999847412109;233800
2019-06-06;6.090000152587891;6.139999866485596;5.809999942779541;5.809999942779541;196500
2019-06-07;5.849999904632568;5.96999979019165;5.809999942779541;5.829999923706055;168100
2019-06-10;5.96999979019165;6.5;5.940000057220459;6.400000095367432;424700
2019-06-11;6.489999771118164;6.849999904632568;6.460000038146973;6.75;360800
2019-06-12;6.769999980926514;6.857999801635742;6.519999980926514;6.829999923706055;339100
2019-06-13;6.840000152587891;7.059999942779541;6.630000114440918;7.0;440000
2019-06-14;6.929999828338623;7.110000133514404;6.53000020980835;6.710000038146973;556100
2019-06-17;6.679999828338623;6.769999980926514;6.429999828338623;6.53000020980835;396300
2019-06-18;6.550000190734863;6.619999885559082;6.190000057220459;6.239999771118164;393300
2019-06-19;6.21999979019165;6.300000190734863;6.059999942779541;6.130000114440918;331300
2019-06-20;6.230000019073486;6.360000133514404;6.139999866485596;6.239999771118164;245100
2019-06-21;6.340000152587891;6.46999979019165;6.179999828338623;6.179999828338623;401900
2019-06-24;6.190000057220459;6.329999923706055;6.019999980926514;6.019999980926514;321000
2019-06-25;6.039999961853027;6.289999961853027;6.010000228881836;6.010000228881836;200500
2019-06-26;6.099999904632568;6.329999923706055;6.099999904632568;6.230000019073486;204600
2019-06-27;6.179999828338623;6.5;6.110000133514404;6.239999771118164;235700
2019-06-28;6.340000152587891;6.400000095367432;6.130000114440918;6.28000020980835;205000
2019-07-01;6.400000095367432;6.599999904632568;6.28000020980835;6.409999847412109;253200
2019-07-02;6.309999942779541;6.579999923706055;6.309999942779541;6.420000076293945;353400
2019-07-03;6.539999961853027;6.630000114440918;6.369999885559082;6.420000076293945;273200
2019-07-05;6.5;6.769999980926514;6.480000019073486;6.769999980926514;297900
2019-07-08;6.659999847412109;6.703000068664551;5.909999847412109;5.929999828338623;436600
2019-07-09;5.940000057220459;6.130000114440918;5.699999809265137;5.710000038146973;303700
2019-07-10;5.75;5.860000133514404;5.309999942779541;5.340000152587891;260300
2019-07-11;5.360000133514404;5.75;5.300000190734863;5.730000019073486;189600
2019-07-12;5.789999961853027;5.84499979019165;5.590000152587891;5.730000019073486;96400
2019-07-15;5.78000020980835;5.869999885559082;5.559999942779541;5.559999942779541;134600
2019-07-16;5.550000190734863;5.78000020980835;5.550000190734863;5.619999885559082;90000
2019-07-17;5.699999809265137;5.820000171661377;5.579999923706055;5.579999923706055;38600
2019-07-18;5.550000190734863;5.679999828338623;5.460000038146973;5.619999885559082;56400
2019-07-19;5.679999828338623;5.679999828338623;5.590000152587891;5.599999904632568;50200
2019-07-22;5.630000114440918;5.869999885559082;5.630000114440918;5.710000038146973;152500
2019-07-23;5.849999904632568;5.945000171661377;5.769999980926514;5.840000152587891;94100
2019-07-24;5.860000133514404;5.949999809265137;5.699999809265137;5.809999942779541;111900
2019-07-25;5.880000114440918;5.980000019073486;5.800000190734863;5.820000171661377;201800
2019-07-26;5.900000095367432;6.050000190734863;5.75;5.849999904632568;109200
2019-07-29;5.849999904632568;5.949999809265137;5.730000019073486;5.739999771118164;139200
2019-07-30;5.849999904632568;6.0;5.840000152587891;5.949999809265137;120600
2019-07-31;5.949999809265137;6.190000057220459;5.800000190734863;6.090000152587891;137600
2019-08-01;6.090000152587891;6.21999979019165;5.900000095367432;5.980000019073486;187900
2019-08-02;5.943999767303467;6.170000076293945;5.880000114440918;6.039999961853027;113800
2019-08-05;5.980000019073486;5.980000019073486;5.769999980926514;5.800000190734863;102700
2019-08-06;5.920000076293945;6.170000076293945;5.800000190734863;6.130000114440918;114000
2019-08-07;6.079999923706055;6.400000095367432;5.929999828338623;6.369999885559082;160300
2019-08-08;6.369999885559082;6.599999904632568;6.369999885559082;6.559999942779541;144700
2019-08-09;6.449999809265137;6.599999904632568;6.340000152587891;6.5;98200
2019-08-12;6.409999847412109;6.480000019073486;6.130000114440918;6.409999847412109;113800
2019-08-13;6.610000133514404;6.650000095367432;6.199999809265137;6.409999847412109;200700
2019-08-14;6.269999980926514;6.369999885559082;6.139999866485596;6.210000038146973;71800
2019-08-15;6.239999771118164;6.329999923706055;6.099999904632568;6.190000057220459;119300
2019-08-16;6.239999771118164;6.429999828338623;6.150000095367432;6.409999847412109;104800
2019-08-19;6.440000057220459;6.5;6.25;6.429999828338623;148500
2019-08-20;6.5;6.559999942779541;6.400000095367432;6.53000020980835;179400
2019-08-21;6.5;6.650000095367432;6.5;6.599999904632568;374900
2019-08-22;6.570000171661377;6.798999786376953;6.570000171661377;6.699999809265137;128100
2019-08-23;6.599999904632568;6.699999809265137;6.5;6.519999980926514;127700
2019-08-26;6.599999904632568;6.800000190734863;6.5;6.78000020980835;106900
2019-08-27;6.710000038146973;6.864999771118164;6.550000190734863;6.659999847412109;143100
2019-08-28;6.730000019073486;7.070000171661377;6.560999870300293;6.949999809265137;197100
2019-08-29;6.909999847412109;7.050000190734863;6.789999961853027;6.960000038146973;122800
2019-08-30;6.960000038146973;7.065999984741211;6.820000171661377;7.039999961853027;186000
2019-09-03;7.0;7.289999961853027;6.900000095367432;7.090000152587891;241200
2019-09-04;7.145999908447266;7.989999771118164;7.110000133514404;7.880000114440918;270300
2019-09-05;8.029999732971191;8.300000190734863;7.510000228881836;7.610000133514404;271500
2019-09-06;7.639999866485596;7.909999847412109;7.510000228881836;7.78000020980835;117300
2019-09-09;7.800000190734863;9.229999542236328;7.800000190734863;9.029999732971191;354900
2019-09-10;8.989999771118164;9.449999809265137;8.8100004196167;9.149999618530273;235300
2019-09-11;9.1899995803833;9.859999656677246;8.975000381469727;9.5;286600
2019-09-12;9.4399995803833;9.720000267028809;9.210000038146973;9.5;310100
2019-09-13;9.5;9.699999809265137;9.430000305175781;9.510000228881836;174500
2019-09-16;9.5;9.585000038146973;8.375;8.699999809265137;293300
2019-09-17;8.359999656677246;9.270000457763672;8.359999656677246;9.1899995803833;200500
2019-09-18;9.109999656677246;9.350000381469727;9.0;9.029999732971191;123000
2019-09-19;9.020000457763672;9.449999809265137;8.979999542236328;9.25;133200
2019-09-20;9.229999542236328;9.40999984741211;9.069999694824219;9.380000114440918;259100
2019-09-23;9.359999656677246;9.430000305175781;9.100000381469727;9.369999885559082;176800
2019-09-24;9.449999809265137;9.5;7.860000133514404;8.170000076293945;265200
2019-09-25;8.3100004196167;8.70300006866455;8.010000228881836;8.170000076293945;204400
2019-09-26;8.100000381469727;8.680000305175781;8.100000381469727;8.489999771118164;83400
2019-09-27;8.539999961853027;8.579999923706055;7.71999979019165;7.760000228881836;104500
2019-09-30;7.699999809265137;8.020000457763672;7.699999809265137;7.96999979019165;156900
2019-10-01;7.96999979019165;8.270000457763672;7.670000076293945;7.78000020980835;229500
2019-10-02;7.690000057220459;7.829999923706055;7.510000228881836;7.639999866485596;155100
2019-10-03;7.659999847412109;7.820000171661377;7.46999979019165;7.730000019073486;180600
2019-10-04;7.75;8.180000305175781;7.75;8.020000457763672;145600
2019-10-07;7.889999866485596;7.949999809265137;7.599999904632568;7.869999885559082;175800
2019-10-08;7.869999885559082;8.029999732971191;7.639999866485596;7.699999809265137;229500
2019-10-09;7.730000019073486;7.929999828338623;7.659999847412109;7.679999828338623;138800
2019-10-10;7.829999923706055;7.890999794006348;7.639999866485596;7.730000019073486;171500
2019-10-11;7.78000020980835;8.279999732971191;7.78000020980835;8.1899995803833;143300
2019-10-14;8.220000267028809;8.8100004196167;8.1899995803833;8.539999961853027;96300
2019-10-15;8.510000228881836;8.75;8.40999984741211;8.649999618530273;195400
2019-10-16;8.649999618530273;9.350000381469727;8.59000015258789;9.210000038146973;162300
2019-10-17;9.380000114440918;9.380000114440918;8.649999618530273;8.680000305175781;130800
2019-10-18;8.630000114440918;8.699999809265137;8.350000381469727;8.529999732971191;169700
2019-10-21;8.550000190734863;8.920000076293945;8.5;8.670000076293945;184300
2019-10-22;8.869999885559082;8.9399995803833;8.149999618530273;8.3100004196167;268100
2019-10-23;8.300000190734863;8.5;8.260000228881836;8.399999618530273;310300
2019-10-24;8.34000015258789;8.65999984741211;8.3100004196167;8.489999771118164;156500
2019-10-25;8.489999771118164;9.029999732971191;8.489999771118164;8.869999885559082;302200
2019-10-28;9.050000190734863;9.59000015258789;9.003000259399414;9.359999656677246;172300
2019-10-29;9.279999732971191;9.479999542236328;8.90999984741211;8.979999542236328;138400
2019-10-30;9.0;9.399999618530273;8.864999771118164;9.359999656677246;106200
2019-10-31;9.25;9.989999771118164;9.199999809265137;9.449999809265137;177400
2019-11-01;9.520000457763672;9.970000267028809;9.449999809265137;9.8100004196167;98900
2019-11-04;9.800000190734863;10.680000305175781;9.800000190734863;10.300000190734863;306200
2019-11-05;10.5;10.920000076293945;9.680000305175781;9.770000457763672;350800
2019-11-06;9.699999809265137;9.869999885559082;9.279999732971191;9.75;260700
2019-11-07;9.789999961853027;10.239999771118164;9.75;9.970000267028809;97700
2019-11-08;9.979999542236328;10.09000015258789;9.760000228881836;9.930000305175781;97800
2019-11-11;9.430000305175781;10.289999961853027;9.430000305175781;10.210000038146973;229200
2019-11-12;10.149999618530273;10.40999984741211;9.960000038146973;10.270000457763672;111500
2019-11-13;10.15999984741211;10.399999618530273;10.15999984741211;10.300000190734863;142700
2019-11-14;10.319999694824219;10.699999809265137;10.0;10.180000305175781;158900
2019-11-15;10.109999656677246;10.979999542236328;10.109999656677246;10.880000114440918;245400
2019-11-18;11.579999923706055;11.579999923706055;9.619999885559082;10.149999618530273;525200
2019-11-19;10.3100004196167;10.510000228881836;9.770000457763672;9.869999885559082;248800
2019-11-20;9.770000457763672;10.050000190734863;9.359999656677246;9.380000114440918;186500
2019-11-21;9.489999771118164;9.789999961853027;9.220000267028809;9.579999923706055;213400
2019-11-22;9.420000076293945;9.70300006866455;9.420000076293945;9.579999923706055;257600
2019-11-25;9.510000228881836;9.729999542236328;9.460000038146973;9.579999923706055;207000
2019-11-26;9.619999885559082;9.699999809265137;9.359999656677246;9.489999771118164;215100
2019-11-27;9.5600004196167;9.652999877929688;9.399999618530273;9.460000038146973;177900
2019-11-29;9.449999809265137;9.609999656677246;9.220000267028809;9.569999694824219;119000
2019-12-02;9.5;9.609999656677246;9.140000343322754;9.550000190734863;169200
2019-12-03;9.4399995803833;9.649999618530273;9.109999656677246;9.119999885559082;200500
2019-12-04;9.149999618530273;9.399999618530273;9.079999923706055;9.3100004196167;272000
2019-12-05;9.3100004196167;9.449999809265137;9.15999984741211;9.289999961853027;200900
2019-12-06;9.319999694824219;9.36299991607666;9.149999618530273;9.229999542236328;206100
2019-12-09;9.199999809265137;9.354999542236328;8.890000343322754;8.960000038146973;163600
2019-12-10;9.010000228881836;9.010000228881836;8.4399995803833;8.479999542236328;201000
2019-12-11;8.449999809265137;9.029999732971191;8.449999809265137;8.979999542236328;184900
2019-12-12;8.989999771118164;9.460000038146973;8.989999771118164;9.40999984741211;216700
2019-12-13;9.420000076293945;9.649999618530273;9.109999656677246;9.180000305175781;257600
2019-12-16;9.229999542236328;9.5;9.0;9.279999732971191;117800
2019-12-17;9.319999694824219;9.4399995803833;9.109999656677246;9.140000343322754;142400
2019-12-18;9.130000114440918;9.4399995803833;9.130000114440918;9.329999923706055;99900
2019-12-19;9.229999542236328;9.470000267028809;9.199999809265137;9.34000015258789;204200
2019-12-20;9.34000015258789;9.399999618530273;9.15999984741211;9.300000190734863;218600
2019-12-23;9.319999694824219;9.399999618530273;9.149999618530273;9.149999618530273;162200
2019-12-24;9.170000076293945;9.279999732971191;9.09000015258789;9.199999809265137;118500
2019-12-26;9.210000038146973;9.25;9.069999694824219;9.199999809265137;112700
2019-12-27;9.210000038146973;9.210000038146973;8.800000190734863;8.9399995803833;252900
2019-12-30;8.920000076293945;9.100000381469727;8.449999809265137;8.619999885559082;279200
2019-12-31;8.619999885559082;8.75;8.149999618530273;8.199999809265137;267900
2020-01-02;8.319999694824219;8.699999809265137;8.229999542236328;8.390000343322754;326100
2020-01-03;8.239999771118164;8.449999809265137;7.940000057220459;7.980000019073486;288100
2020-01-06;8.079999923706055;8.390000343322754;8.079999923706055;8.380000114440918;322400
2020-01-07;8.460000038146973;8.930000305175781;8.350000381469727;8.800000190734863;372500
2020-01-08;8.6899995803833;9.5600004196167;8.680000305175781;9.420000076293945;298800
2020-01-09;9.5;10.741000175476074;9.5;10.369999885559082;532900
2020-01-10;10.300000190734863;10.5;9.449999809265137;9.550000190734863;314600
2020-01-13;9.529999732971191;10.23900032043457;9.529999732971191;10.15999984741211;395400
2020-01-14;10.109999656677246;10.640000343322754;10.109999656677246;10.510000228881836;270300
2020-01-15;10.369999885559082;10.760000228881836;10.34000015258789;10.550000190734863;227700
2020-01-16;10.460000038146973;10.763999938964844;10.09000015258789;10.15999984741211;118400
2020-01-17;10.15999984741211;10.420000076293945;9.779999732971191;9.869999885559082;198300
2020-01-21;9.579999923706055;9.819999694824219;9.100000381469727;9.579999923706055;299600
2020-01-22;9.600000381469727;9.800000190734863;9.5;9.529999732971191;124700
2020-01-23;9.399999618530273;9.470000267028809;8.8100004196167;8.890000343322754;267000
2020-01-24;8.890000343322754;8.890000343322754;8.199999809265137;8.270000457763672;297600
2020-01-27;8.149999618530273;8.149999618530273;7.599999904632568;7.599999904632568;377800
2020-01-28;7.650000095367432;8.550000190734863;7.650000095367432;8.199999809265137;237500
2020-01-29;8.260000228881836;8.640000343322754;8.210000038146973;8.350000381469727;150100
2020-01-30;8.1899995803833;8.270000457763672;7.800000190734863;8.0600004196167;168000
2020-01-31;7.989999771118164;8.029999732971191;7.639999866485596;7.679999828338623;156000
2020-02-03;7.75;8.319999694824219;7.679999828338623;8.319999694824219;323700
2020-02-04;8.489999771118164;8.774999618530273;8.15999984741211;8.25;318300
2020-02-05;8.520000457763672;8.520000457763672;7.900000095367432;7.940000057220459;225900
2020-02-06;8.0;8.0;7.679999828338623;7.809999942779541;210300
2020-02-07;7.760000228881836;8.1899995803833;7.760000228881836;7.929999828338623;194100
2020-02-10;7.940000057220459;8.180000305175781;7.840000152587891;8.140000343322754;232100
2020-02-11;8.1899995803833;8.444999694824219;8.100000381469727;8.210000038146973;191900
2020-02-12;8.199999809265137;8.34000015258789;7.820000171661377;7.909999847412109;223000
2020-02-13;7.909999847412109;8.0600004196167;7.800000190734863;7.960000038146973;115400
2020-02-14;7.909999847412109;8.010000228881836;7.699999809265137;7.75;176700
2020-02-18;7.690000057220459;7.980000019073486;7.690000057220459;7.78000020980835;164600
2020-02-19;7.789999961853027;8.0;7.75;7.989999771118164;242500
2020-02-20;8.0;8.163999557495117;7.75;7.769999980926514;179500
2020-02-21;7.710000038146973;7.980000019073486;7.659999847412109;7.900000095367432;178500
2020-02-24;7.710000038146973;7.755000114440918;7.349999904632568;7.550000190734863;191700
2020-02-25;7.5;7.75;7.489999771118164;7.559999942779541;139400
2020-02-26;7.639999866485596;8.079999923706055;7.639999866485596;7.800000190734863;369600
2020-02-27;7.829999923706055;7.940000057220459;7.679999828338623;7.809999942779541;227800
2020-02-28;7.639999866485596;7.940000057220459;7.5;7.630000114440918;272000
2020-03-02;7.619999885559082;7.880000114440918;7.559999942779541;7.659999847412109;226100
2020-03-03;7.730000019073486;8.095000267028809;7.699999809265137;7.889999866485596;466600
2020-03-04;7.949999809265137;8.079999923706055;7.559999942779541;7.639999866485596;286200
2020-03-05;7.820000171661377;8.640000343322754;7.820000171661377;8.59000015258789;641200
2020-03-06;8.460000038146973;8.460000038146973;7.639999866485596;8.140000343322754;325600
2020-03-09;7.820000171661377;7.840000152587891;5.980000019073486;7.5;403900
2020-03-10;7.610000133514404;7.929999828338623;7.230000019073486;7.309999942779541;267100
2020-03-11;7.079999923706055;7.369999885559082;6.949999809265137;7.03000020980835;251900
2020-03-12;6.699999809265137;6.699999809265137;6.150000095367432;6.159999847412109;245000
2020-03-13;6.480000019073486;6.480000019073486;5.960000038146973;6.010000228881836;133900
2020-03-16;5.5;5.980000019073486;5.400000095367432;5.800000190734863;170300
2020-03-17;5.78000020980835;5.929999828338623;5.427000045776367;5.570000171661377;235000
2020-03-18;5.300000190734863;5.480000019073486;4.800000190734863;4.869999885559082;214600
2020-03-19;4.900000095367432;5.25;4.650000095367432;5.0;370200
2020-03-20;4.989999771118164;5.46999979019165;4.989999771118164;5.099999904632568;256300
2020-03-23;5.039999961853027;5.039999961853027;4.309999942779541;4.610000133514404;192800
2020-03-24;4.809999942779541;4.920000076293945;4.590000152587891;4.699999809265137;307700
2020-03-25;4.909999847412109;4.960000038146973;4.625999927520752;4.679999828338623;207100
2020-03-26;4.78000020980835;4.860000133514404;4.659999847412109;4.730000019073486;87400
2020-03-27;4.75;4.75;4.400000095367432;4.420000076293945;295600
2020-03-30;4.5;4.75;4.150000095367432;4.300000190734863;176400
2020-03-31;4.159999847412109;4.440000057220459;4.159999847412109;4.28000020980835;78000
2020-04-01;4.099999904632568;4.199999809265137;3.9200000762939453;3.9800000190734863;150800
2020-04-02;4.0;4.050000190734863;3.8299999237060547;4.03000020980835;201000
2020-04-03;3.940000057220459;4.065999984741211;3.700000047683716;3.75;195600
2020-04-06;3.75;3.9100000858306885;3.619999885559082;3.680000066757202;137000
2020-04-07;3.7200000286102295;4.230000019073486;3.700000047683716;4.079999923706055;612400
2020-04-08;4.079999923706055;4.28000020980835;4.059999942779541;4.170000076293945;286800
2020-04-09;4.119999885559082;4.394999980926514;4.119999885559082;4.300000190734863;360700
2020-04-13;4.409999847412109;4.829999923706055;4.38700008392334;4.809999942779541;790100
2020-04-14;5.0;5.190000057220459;4.71999979019165;4.800000190734863;348000
2020-04-15;4.599999904632568;4.619999885559082;4.28000020980835;4.309999942779541;292400
2020-04-16;4.320000171661377;4.425000190734863;4.25;4.369999885559082;163500
2020-04-17;4.360000133514404;4.550000190734863;4.170000076293945;4.239999771118164;196100
2020-04-20;4.230000019073486;4.300000190734863;4.0;4.110000133514404;240600
2020-04-21;4.0;4.079999923706055;3.8499999046325684;4.019999980926514;288200
2020-04-22;4.0;4.25;3.9700000286102295;4.190000057220459;195400
2020-04-23;4.150000095367432;4.329999923706055;4.006999969482422;4.099999904632568;123600
2020-04-24;4.079999923706055;4.119999885559082;3.9200000762939453;4.03000020980835;216800
2020-04-27;4.110000133514404;4.449999809265137;3.990000009536743;4.440000057220459;295900
2020-04-28;4.489999771118164;4.96999979019165;4.420000076293945;4.920000076293945;232500
2020-04-29;4.989999771118164;5.690000057220459;4.96999979019165;5.690000057220459;274600
2020-04-30;5.699999809265137;5.699999809265137;5.010000228881836;5.590000152587891;303400
2020-05-01;5.199999809265137;5.579999923706055;5.199999809265137;5.579999923706055;210200
2020-05-04;5.449999809265137;5.480000019073486;5.03000020980835;5.139999866485596;263000
2020-05-05;5.130000114440918;5.420000076293945;5.130000114440918;5.389999866485596;156000
2020-05-06;5.300000190734863;6.28000020980835;5.130000114440918;6.099999904632568;455500
2020-05-07;6.170000076293945;7.179999828338623;5.909999847412109;7.03000020980835;568800
2020-05-08;7.239999771118164;7.885000228881836;7.150000095367432;7.599999904632568;875200
2020-05-11;7.599999904632568;7.679999828338623;6.449999809265137;6.559999942779541;624300
2020-05-12;7.010000228881836;7.139999866485596;6.449999809265137;6.650000095367432;340700
2020-05-13;6.519999980926514;6.630000114440918;5.809999942779541;5.929999828338623;514400
2020-05-14;6.099999904632568;6.550000190734863;5.679999828338623;6.409999847412109;270900
2020-05-15;6.28000020980835;6.519999980926514;6.099999904632568;6.230000019073486;160400
2020-05-18;6.25;6.4039998054504395;6.050000190734863;6.179999828338623;165500
2020-05-19;6.300000190734863;7.440000057220459;6.300000190734863;7.070000171661377;735800
2020-05-20;7.130000114440918;7.690000057220459;6.820000171661377;6.900000095367432;306200
2020-05-21;6.71999979019165;7.044000148773193;6.349999904632568;6.440000057220459;404200
2020-05-22;6.21999979019165;6.300000190734863;5.929999828338623;6.070000171661377;308900
2020-05-26;6.320000171661377;7.110000133514404;6.300000190734863;7.050000190734863;646900
2020-05-27;7.449999809265137;7.480000019073486;6.800000190734863;7.210000038146973;568100
2020-05-28;7.099999904632568;7.144000053405762;6.679999828338623;6.760000228881836;184200
2020-05-29;6.659999847412109;6.85699987411499;6.260000228881836;6.760000228881836;310700
2020-06-01;6.570000171661377;6.734000205993652;6.119999885559082;6.699999809265137;526700
2020-06-02;6.75;6.809999942779541;6.505000114440918;6.800000190734863;194100
2020-06-03;6.659999847412109;6.958000183105469;6.659999847412109;6.820000171661377;144000
2020-06-04;6.690000057220459;6.849999904632568;6.440000057220459;6.5;202700
2020-06-05;6.400000095367432;6.659999847412109;6.150000095367432;6.269999980926514;344700
2020-06-08;6.300000190734863;6.46999979019165;5.929999828338623;6.119999885559082;483400
2020-06-09;6.079999923706055;6.5;5.920000076293945;6.440000057220459;396800
2020-06-10;6.610000133514404;6.610000133514404;6.050000190734863;6.090000152587891;636300
2020-06-11;5.96999979019165;6.3979997634887695;5.960000038146973;6.25;219000
2020-06-12;6.260000228881836;6.40500020980835;6.050000190734863;6.199999809265137;238700
2020-06-15;6.059999942779541;6.454999923706055;6.03000020980835;6.320000171661377;172700
2020-06-16;6.300000190734863;6.420000076293945;6.119999885559082;6.190000057220459;131200
2020-06-17;6.079999923706055;6.25;6.039999961853027;6.090000152587891;148700
2020-06-18;6.179999828338623;6.239999771118164;5.960000038146973;6.059999942779541;148900
2020-06-19;6.070000171661377;6.429999828338623;5.949999809265137;6.0;274200
2020-06-22;6.019999980926514;6.079999923706055;5.550000190734863;5.650000095367432;424800
2020-06-23;5.690000057220459;5.840000152587891;5.614999771118164;5.659999847412109;185900
2020-06-24;5.659999847412109;5.730000019073486;5.460000038146973;5.619999885559082;121900
2020-06-25;5.5;5.690000057220459;5.46999979019165;5.659999847412109;179400
2020-06-26;5.53000020980835;5.659999847412109;5.269999980926514;5.320000171661377;223800
2020-06-29;5.349999904632568;5.449999809265137;5.260000228881836;5.309999942779541;219000
2020-06-30;5.28000020980835;5.380000114440918;5.03000020980835;5.159999847412109;235800
2020-07-01;5.179999828338623;5.369999885559082;5.099999904632568;5.239999771118164;160700
2020-07-02;5.28000020980835;5.849999904632568;5.21999979019165;5.670000076293945;290500
2020-07-06;6.139999866485596;7.239999771118164;6.059999942779541;7.179999828338623;1637900
2020-07-07;7.179999828338623;7.380000114440918;6.710000038146973;7.25;579800
2020-07-08;7.199999809265137;8.5;7.199999809265137;8.149999618530273;1134800
2020-07-09;8.380000114440918;8.460000038146973;6.170000076293945;6.690000057220459;1607700
2020-07-10;6.909999847412109;7.940000057220459;6.909999847412109;7.869999885559082;1033300
2020-07-13;8.300000190734863;8.579999923706055;7.949999809265137;8.020000457763672;995900
2020-07-14;7.929999828338623;9.789999961853027;7.75;8.970000267028809;1597400
2020-07-15;9.199999809265137;10.109999656677246;9.1850004196167;9.420000076293945;827000
2020-07-16;9.0;10.0;8.699999809265137;9.8100004196167;881300
2020-07-17;9.970000267028809;10.130000114440918;9.890000343322754;10.050000190734863;344000
2020-07-20;10.020000457763672;10.300000190734863;9.899999618530273;10.109999656677246;511700
2020-07-21;10.210000038146973;10.930000305175781;9.899999618530273;10.90999984741211;530400
2020-07-22;10.5;11.170000076293945;10.140000343322754;10.989999771118164;1026800
2020-07-23;10.90999984741211;11.579999923706055;10.809000015258789;11.470000267028809;707900
2020-07-24;11.039999961853027;11.074999809265137;10.3100004196167;10.510000228881836;573000
2020-07-27;10.520000457763672;11.100000381469727;10.3100004196167;10.430000305175781;315700
2020-07-28;10.149999618530273;11.390000343322754;10.149999618530273;11.220000267028809;559000
2020-07-29;11.130000114440918;11.6899995803833;10.479999542236328;10.529999732971191;362000
2020-07-30;10.470000267028809;11.140000343322754;9.739999771118164;10.850000381469727;388400
2020-07-31;10.779999732971191;11.15999984741211;10.539999961853027;10.930000305175781;303300
2020-08-03;10.880000114440918;10.949999809265137;10.40999984741211;10.5;416900
2020-08-04;10.569999694824219;11.390000343322754;10.479999542236328;11.390000343322754;626500
2020-08-05;11.479999542236328;11.640000343322754;10.680000305175781;11.420000076293945;528800
2020-08-06;11.380000114440918;11.619999885559082;11.010000228881836;11.210000038146973;501600
2020-08-07;11.100000381469727;12.390000343322754;11.050000190734863;11.279999732971191;1100200
2020-08-10;11.510000228881836;12.079999923706055;11.010000228881836;11.460000038146973;499300
2020-08-11;11.619999885559082;11.845000267028809;11.270000457763672;11.359999656677246;417500
2020-08-12;11.449999809265137;11.680000305175781;11.229999542236328;11.260000228881836;305200
2020-08-13;10.9399995803833;11.25;10.0;10.90999984741211;437500
2020-08-14;10.699999809265137;11.180000305175781;10.25;10.930000305175781;446100
2020-08-17;10.859999656677246;11.180000305175781;10.75;10.819999694824219;186500
2020-08-18;10.819999694824219;10.989999771118164;10.569999694824219;10.890000343322754;173000
2020-08-19;10.770000457763672;11.057000160217285;9.34000015258789;9.369999885559082;366200
2020-08-20;9.449999809265137;9.569999694824219;8.829999923706055;9.510000228881836;281800
2020-08-21;9.329999923706055;10.130000114440918;9.329999923706055;9.979999542236328;244200
2020-08-24;10.300000190734863;10.59000015258789;9.5600004196167;9.770000457763672;462800
2020-08-25;9.800000190734863;9.9399995803833;9.3100004196167;9.59000015258789;175100
2020-08-26;9.4399995803833;9.4399995803833;8.5600004196167;8.949999809265137;469700
2020-08-27;8.899999618530273;8.944999694824219;8.600000381469727;8.770000457763672;1162500
2020-08-28;8.920000076293945;9.5;8.640000343322754;9.380000114440918;173400
2020-08-31;9.369999885559082;9.640000343322754;8.859999656677246;8.880000114440918;477800
2020-09-01;8.890000343322754;9.579999923706055;8.890000343322754;9.399999618530273;362500
2020-09-02;9.300000190734863;9.444999694824219;8.9399995803833;9.380000114440918;448100
2020-09-03;9.25;9.989999771118164;9.1899995803833;9.850000381469727;400900
2020-09-04;9.800000190734863;10.470000267028809;9.390000343322754;9.850000381469727;572600
2020-09-08;9.699999809265137;10.59000015258789;9.25;10.199999809265137;604400
2020-09-09;10.199999809265137;10.680000305175781;9.819999694824219;9.970000267028809;602500
2020-09-10;9.960000038146973;10.220000267028809;9.050000190734863;9.100000381469727;567600
2020-09-11;9.130000114440918;9.670000076293945;9.130000114440918;9.380000114440918;373500
2020-09-14;9.300000190734863;9.460000038146973;8.949999809265137;9.010000228881836;232900
2020-09-15;9.100000381469727;9.34000015258789;8.609999656677246;8.949999809265137;547700
2020-09-16;8.829999923706055;9.770000457763672;8.699999809265137;9.25;274300
2020-09-17;9.149999618530273;9.739999771118164;9.050000190734863;9.270000457763672;422100
2020-09-18;9.25;9.539999961853027;9.050000190734863;9.5;205500
2020-09-21;9.350000381469727;9.890000343322754;9.170000076293945;9.40999984741211;448500
2020-09-22;9.460000038146973;9.789999961853027;9.329999923706055;9.729999542236328;398400
2020-09-23;9.729999542236328;10.119999885559082;9.630000114440918;9.829999923706055;397800
2020-09-24;9.829999923706055;10.180000305175781;9.649999618530273;9.899999618530273;476300
2020-09-25;9.720000267028809;10.0600004196167;9.59000015258789;9.789999961853027;372400
2020-09-28;9.720000267028809;10.085000038146973;9.300000190734863;9.300000190734863;409700
2020-09-29;9.34000015258789;9.800000190734863;8.899999618530273;8.899999618530273;497900
2020-09-30;8.920000076293945;9.460000038146973;8.760000228881836;8.890000343322754;469700
2020-10-01;8.979999542236328;9.289999961853027;8.800000190734863;8.880000114440918;417600
2020-10-02;8.739999771118164;9.289999961853027;8.739999771118164;9.15999984741211;202300
2020-10-05;8.979999542236328;9.699999809265137;8.979999542236328;9.600000381469727;249200
2020-10-06;9.470000267028809;9.649999618530273;9.149999618530273;9.180000305175781;275400
2020-10-07;9.25;9.319999694824219;8.899999618530273;9.09000015258789;170700
2020-10-08;9.010000228881836;9.59000015258789;8.770000457763672;8.770000457763672;332100
2020-10-09;8.880000114440918;9.09000015258789;8.729999542236328;9.039999961853027;91400
2020-10-12;9.119999885559082;9.430000305175781;8.920000076293945;9.029999732971191;334400
2020-10-13;9.010000228881836;9.279999732971191;8.899999618530273;8.930000305175781;284100
2020-10-14;9.020000457763672;9.170000076293945;8.800000190734863;8.920000076293945;96000
2020-10-15;8.989999771118164;9.119999885559082;8.899999618530273;9.039999961853027;262400
2020-10-16;9.0600004196167;9.130000114440918;8.90999984741211;9.0;249900
2020-10-19;8.9399995803833;9.050000190734863;8.34000015258789;8.4399995803833;471800
2020-10-20;8.420000076293945;8.640000343322754;8.246000289916992;8.319999694824219;305500
2020-10-21;8.319999694824219;8.319999694824219;7.610000133514404;7.639999866485596;383600
2020-10-22;7.650000095367432;8.140000343322754;7.550000190734863;7.800000190734863;296900
2020-10-23;7.840000152587891;8.0;7.559999942779541;7.730000019073486;238600
2020-10-26;7.679999828338623;7.744999885559082;7.429999828338623;7.630000114440918;224700
2020-10-27;7.710000038146973;7.710000038146973;7.199999809265137;7.210000038146973;266900
2020-10-28;7.260000228881836;7.320000171661377;6.840000152587891;7.039999961853027;375800
2020-10-29;7.070000171661377;7.71999979019165;6.929999828338623;7.489999771118164;335800
2020-10-30;7.519999980926514;7.599999904632568;7.179999828338623;7.389999866485596;328600
2020-11-02;7.340000152587891;7.5;6.980000019073486;7.139999866485596;256300
2020-11-03;7.320000171661377;7.599999904632568;7.183000087738037;7.550000190734863;240300
2020-11-04;7.53000020980835;7.639999866485596;7.099999904632568;7.349999904632568;273600
2020-11-05;7.619999885559082;7.699999809265137;7.349999904632568;7.599999904632568;275000
2020-11-06;7.610000133514404;7.650000095367432;7.300000190734863;7.559999942779541;342800
2020-11-09;7.670000076293945;7.809999942779541;7.260000228881836;7.489999771118164;362300
2020-11-10;7.449999809265137;7.525000095367432;7.0;7.389999866485596;306700
2020-11-11;7.309999942779541;7.789999961853027;7.309999942779541;7.639999866485596;198400
2020-11-12;7.800000190734863;8.229999542236328;7.460000038146973;7.599999904632568;358200
2020-11-13;7.579999923706055;8.199999809265137;7.579999923706055;7.710000038146973;289000
2020-11-16;7.860000133514404;8.09000015258789;7.46999979019165;7.5;377700
2020-11-17;7.5;7.789999961853027;7.25;7.25;380500
2020-11-18;7.28000020980835;7.375;6.849999904632568;6.96999979019165;345400
2020-11-19;7.079999923706055;7.590000152587891;6.860000133514404;7.449999809265137;251400
2020-11-20;7.380000114440918;7.489999771118164;7.179999828338623;7.21999979019165;149900
2020-11-23;7.210000038146973;7.650000095367432;7.210000038146973;7.539999961853027;204200
2020-11-24;7.670000076293945;7.960000038146973;7.630000114440918;7.929999828338623;339100
2020-11-25;8.0;8.100000381469727;7.510000228881836;7.539999961853027;382400
2020-11-27;7.690000057220459;7.989999771118164;7.619999885559082;7.900000095367432;222500
2020-11-30;7.900000095367432;8.359999656677246;7.710000038146973;7.949999809265137;1445200
2020-12-01;8.239999771118164;8.239999771118164;7.449999809265137;7.519999980926514;418600
2020-12-02;7.550000190734863;7.71999979019165;7.190000057220459;7.300000190734863;255000
2020-12-03;7.25;7.619999885559082;7.03000020980835;7.300000190734863;449500
2020-12-04;7.320000171661377;7.489999771118164;7.079999923706055;7.099999904632568;394300
2020-12-07;7.099999904632568;7.400000095367432;7.099999904632568;7.25;347300
2020-12-08;7.25;7.300000190734863;7.0;7.03000020980835;276600
2020-12-09;7.099999904632568;7.389999866485596;7.0;7.039999961853027;358100
2020-12-10;6.989999771118164;7.349999904632568;6.300000190734863;6.570000171661377;639400
2020-12-11;6.570000171661377;6.590000152587891;6.510000228881836;6.510000228881836;111300
2020-12-14;6.570000171661377;6.670000076293945;5.900000095367432;6.090000152587891;578100
2020-12-15;6.300000190734863;6.800000190734863;6.199999809265137;6.760000228881836;326300
2020-12-16;6.849999904632568;6.880000114440918;6.5;6.78000020980835;313200
2020-12-17;6.800000190734863;6.800000190734863;6.5;6.789999961853027;265600
2020-12-18;6.78000020980835;6.860000133514404;6.619999885559082;6.730000019073486;96300
2020-12-21;6.710000038146973;6.800000190734863;6.519999980926514;6.699999809265137;103400
2020-12-22;6.800000190734863;7.130000114440918;6.619999885559082;6.989999771118164;608900
2020-12-23;7.010000228881836;7.139999866485596;6.869999885559082;7.099999904632568;356900
2020-12-24;7.010000228881836;7.010000228881836;6.5;6.849999904632568;205500
2020-12-28;6.96999979019165;6.989999771118164;6.739999771118164;6.860000133514404;345700
2020-12-29;6.880000114440918;6.960000038146973;6.309999942779541;6.809999942779541;261500
2020-12-30;6.820000171661377;6.96999979019165;6.599999904632568;6.769999980926514;212100
2020-12-31;6.800000190734863;6.949999809265137;5.71999979019165;5.820000171661377;661000
2021-01-04;5.820000171661377;6.409999847412109;5.820000171661377;6.119999885559082;323300
2021-01-05;6.099999904632568;6.179999828338623;5.909999847412109;6.159999847412109;376900
2021-01-06;6.159999847412109;6.210000038146973;6.054999828338623;6.099999904632568;427100
2021-01-07;6.119999885559082;6.260000228881836;6.0;6.110000133514404;325400
2021-01-08;6.159999847412109;6.389999866485596;6.110000133514404;6.360000133514404;227800
2021-01-11;6.28000020980835;6.409999847412109;6.150000095367432;6.389999866485596;275500
2021-01-12;6.400000095367432;6.408999919891357;5.929999828338623;6.070000171661377;308800
2021-01-13;6.070000171661377;6.199999809265137;5.949999809265137;6.019999980926514;383300
2021-01-14;6.090000152587891;6.28000020980835;6.0;6.0;228500
2021-01-15;6.010000228881836;6.085000038146973;5.710000038146973;5.739999771118164;327700
2021-01-19;5.809999942779541;6.079999923706055;5.710000038146973;5.96999979019165;572100
2021-01-20;5.980000019073486;6.670000076293945;5.929999828338623;6.360000133514404;751200
2021-01-21;6.510000228881836;6.644999980926514;6.199999809265137;6.539999961853027;487700
2021-01-22;6.579999923706055;7.130000114440918;6.579999923706055;6.940000057220459;841300
2021-01-25;7.0;7.199999809265137;6.599999904632568;6.690000057220459;457200
2021-01-26;6.699999809265137;6.894999980926514;6.460000038146973;6.5;241000
2021-01-27;6.429999828338623;6.960000038146973;6.409999847412109;6.650000095367432;280000
2021-01-28;6.650000095367432;6.650000095367432;6.150000095367432;6.179999828338623;330900
2021-01-29;6.599999904632568;6.739999771118164;6.28000020980835;6.329999923706055;337400
2021-02-01;6.329999923706055;6.710000038146973;6.329999923706055;6.599999904632568;157700
2021-02-02;6.760000228881836;7.050000190734863;6.5;6.849999904632568;502000
2021-02-03;6.900000095367432;7.204999923706055;6.5;6.559999942779541;769000
2021-02-04;6.789999961853027;7.090000152587891;6.599999904632568;6.849999904632568;336700
2021-02-05;7.289999961853027;7.289999961853027;6.824999809265137;7.039999961853027;908100
2021-02-08;7.059999942779541;7.329999923706055;6.909999847412109;6.920000076293945;661300
2021-02-09;6.989999771118164;7.860000133514404;6.949999809265137;7.760000228881836;1027500
2021-02-10;7.989999771118164;7.989999771118164;7.349999904632568;7.510000228881836;1056500
2021-02-11;7.489999771118164;8.100000381469727;7.309999942779541;7.679999828338623;845200
2021-02-12;7.809999942779541;8.180000305175781;7.699999809265137;8.029999732971191;946600
2021-02-16;8.180000305175781;8.779999732971191;8.180000305175781;8.489999771118164;795800
2021-02-17;8.489999771118164;9.079999923706055;8.479999542236328;8.8100004196167;1245100
2021-02-18;8.8100004196167;8.8100004196167;8.289999961853027;8.399999618530273;708500
2021-02-19;8.319999694824219;9.170000076293945;8.319999694824219;8.5;1026200
2021-02-22;8.5600004196167;9.09000015258789;8.010000228881836;8.020000457763672;500700
2021-02-23;8.010000228881836;8.130000114440918;7.239999771118164;7.429999828338623;408900
2021-02-24;7.429999828338623;7.775000095367432;7.309999942779541;7.710000038146973;340700
2021-02-25;7.559999942779541;7.730000019073486;7.0;7.130000114440918;544300
2021-02-26;7.179999828338623;7.409999847412109;6.659999847412109;7.090000152587891;1088400
2021-03-01;7.289999961853027;7.71999979019165;7.2170000076293945;7.420000076293945;780200
2021-03-02;7.420000076293945;7.769999980926514;7.119999885559082;7.130000114440918;255000
2021-03-03;7.150000095367432;7.230000019073486;6.409999847412109;6.46999979019165;341000
2021-03-04;6.480000019073486;6.659999847412109;6.099999904632568;6.260000228881836;261000
2021-03-05;6.389999866485596;6.565000057220459;5.980000019073486;6.539999961853027;343000
2021-03-08;6.610000133514404;6.639999866485596;5.949999809265137;6.210000038146973;461800
2021-03-09;6.28000020980835;6.53000020980835;5.900000095367432;6.119999885559082;535600
2021-03-10;6.329999923706055;6.329999923706055;5.5;5.670000076293945;813200
2021-03-11;5.78000020980835;5.949999809265137;5.309999942779541;5.820000171661377;377100
2021-03-12;5.75;6.070000171661377;5.75;5.949999809265137;221100
2021-03-15;5.78000020980835;6.239999771118164;5.78000020980835;6.210000038146973;265700
2021-03-16;6.289999961853027;6.800000190734863;5.75;5.900000095367432;1089700
2021-03-17;5.840000152587891;5.960000038146973;5.559999942779541;5.769999980926514;278300
2021-03-18;5.71999979019165;5.78000020980835;5.5;5.519999980926514;133900
2021-03-19;5.389999866485596;5.639999866485596;5.301000118255615;5.630000114440918;359700
2021-03-22;5.760000228881836;5.78000020980835;5.460000038146973;5.570000171661377;457500
2021-03-23;5.639999866485596;5.639999866485596;5.119999885559082;5.159999847412109;330400
2021-03-24;5.170000076293945;5.25;4.639999866485596;4.710000038146973;331400
2021-03-25;4.699999809265137;4.739999771118164;4.53000020980835;4.579999923706055;331700
2021-03-26;4.71999979019165;4.71999979019165;3.950000047683716;4.199999809265137;583200
2021-03-29;4.079999923706055;4.079999923706055;3.5399999618530273;3.690000057220459;676100
2021-03-30;3.809999942779541;3.9800000190734863;3.700000047683716;3.759999990463257;693300
2021-03-31;3.890000104904175;4.199999809265137;3.884999990463257;4.0;896800
2021-04-01;4.130000114440918;4.360000133514404;3.9600000381469727;4.349999904632568;657600
2021-04-05;4.389999866485596;4.400000095367432;3.859999895095825;3.880000114440918;737000
2021-04-06;3.859999895095825;4.199999809265137;3.812000036239624;4.090000152587891;296100
2021-04-07;4.099999904632568;4.190000057220459;3.859999895095825;3.9100000858306885;306500
2021-04-08;3.950000047683716;3.990000009536743;3.809999942779541;3.930000066757202;280800
2021-04-09;3.859999895095825;3.869999885559082;3.6500000953674316;3.759999990463257;304800
2021-04-12;3.75;3.75;3.380000114440918;3.5199999809265137;345500
2021-04-13;3.5199999809265137;3.630000114440918;3.4600000381469727;3.5399999618530273;218000
2021-04-14;3.569999933242798;3.569999933242798;3.4600000381469727;3.490000009536743;226100
2021-04-15;3.5999999046325684;3.7899999618530273;3.309999942779541;3.619999885559082;1066000
2021-04-16;3.6600000858306885;4.150000095367432;3.4700000286102295;3.5399999618530273;1122700
2021-04-19;3.6500000953674316;3.8299999237060547;3.4800000190734863;3.819999933242798;497300
2021-04-20;3.740000009536743;3.9800000190734863;3.5;3.609999895095825;367400
2021-04-21;3.509999990463257;3.8399999141693115;3.450000047683716;3.8299999237060547;241500
2021-04-22;3.8399999141693115;4.0;3.740000009536743;3.809999942779541;120800
2021-04-23;3.799999952316284;3.869999885559082;3.7200000286102295;3.809999942779541;273100
2021-04-26;3.890000104904175;4.400000095367432;3.740000009536743;4.130000114440918;1460600
2021-04-27;4.150000095367432;4.150000095367432;3.950000047683716;3.9800000190734863;192800
2021-04-28;3.9000000953674316;4.090000152587891;3.859999895095825;4.050000190734863;193900
2021-04-29;4.0;4.0;3.6389999389648438;3.6700000762939453;541100
2021-04-30;3.5999999046325684;3.6440000534057617;3.5399999618530273;3.5899999141693115;241600
2021-05-03;3.6600000858306885;3.6600000858306885;3.4000000953674316;3.4000000953674316;294600
2021-05-04;3.380000114440918;3.4000000953674316;3.1500000953674316;3.2100000381469727;301700
2021-05-05;3.2100000381469727;3.3299999237060547;3.109999895095825;3.1500000953674316;350000
2021-05-06;3.130000114440918;3.140000104904175;2.8299999237060547;2.990000009536743;414400
2021-05-07;3.0;3.2300000190734863;3.0;3.200000047683716;364500
2021-05-10;3.2100000381469727;3.2100000381469727;2.990000009536743;3.0;265800
2021-05-11;2.950000047683716;3.119999885559082;2.859999895095825;3.0999999046325684;389500
2021-05-12;3.0399999618530273;3.0399999618530273;2.7699999809265137;2.869999885559082;580200
2021-05-13;2.809999942779541;2.8499999046325684;2.5799999237060547;2.5899999141693115;699600
2021-05-14;2.6500000953674316;2.8299999237060547;2.5999999046325684;2.759999990463257;522600
2021-05-17;2.740000009536743;2.759999990463257;2.4800000190734863;2.5299999713897705;490900
2021-05-18;2.509999990463257;2.5899999141693115;2.450000047683716;2.4600000381469727;321900
2021-05-19;2.4200000762939453;2.4200000762939453;2.244999885559082;2.299999952316284;277900
2021-05-20;2.3499999046325684;2.359999895095825;2.2300000190734863;2.3499999046325684;434500
2021-05-21;2.3499999046325684;2.619999885559082;2.3399999141693115;2.5399999618530273;376600
2021-05-24;2.4600000381469727;2.4800000190734863;1.9500000476837158;1.9700000286102295;1421000
2021-05-25;2.0799999237060547;2.0799999237060547;1.850000023841858;1.909999966621399;1140300
2021-05-26;1.8899999856948853;1.8899999856948853;1.7100000381469727;1.7699999809265137;2223500
2021-05-27;1.7699999809265137;2.299999952316284;1.75;2.1600000858306885;7007700
2021-05-28;2.119999885559082;2.25;1.8899999856948853;1.9299999475479126;1627100
2021-06-01;2.009999990463257;2.0899999141693115;1.9700000286102295;2.0199999809265137;950300
2021-06-02;2.0199999809265137;2.0199999809265137;1.909999966621399;1.9600000381469727;821000
2021-06-03;1.9500000476837158;1.9789999723434448;1.850000023841858;1.850000023841858;483900
2021-06-04;1.8700000047683716;1.8700000047683716;1.7699999809265137;1.7999999523162842;741100
2021-06-07;1.850000023841858;1.8899999856948853;1.6799999475479126;1.7599999904632568;856800
2021-06-08;1.840000033378601;1.8700000047683716;1.7100000381469727;1.8600000143051147;873000
2021-06-09;1.899999976158142;2.1989998817443848;1.899999976158142;2.1500000953674316;2708100
2021-06-10;2.1700000762939453;2.5299999713897705;2.119999885559082;2.200000047683716;4921900
2021-06-11;2.190000057220459;2.2829999923706055;2.0199999809265137;2.069999933242798;1039000
2021-06-14;2.109999895095825;2.13100004196167;1.9600000381469727;2.0299999713897705;764400
2021-06-15;2.0199999809265137;2.3299999237060547;1.899999976158142;1.9900000095367432;1551300
2021-06-16;1.899999976158142;1.9500000476837158;1.7699999809265137;1.850000023841858;1459900
2021-06-17;1.8300000429153442;1.8320000171661377;1.7100000381469727;1.7100000381469727;944900
2021-06-18;1.7000000476837158;1.850000023841858;1.649999976158142;1.7999999523162842;1363000
2021-06-21;1.7799999713897705;1.784000039100647;1.7000000476837158;1.7300000190734863;727400
2021-06-22;1.7599999904632568;1.7699999809265137;1.6100000143051147;1.690000057220459;909800
2021-06-23;1.7300000190734863;1.809999942779541;1.7239999771118164;1.7799999713897705;648300
2021-06-24;1.8300000429153442;1.9700000286102295;1.7799999713897705;1.8700000047683716;1187200
2021-06-25;1.850000023841858;1.8799999952316284;1.7660000324249268;1.840000033378601;526400
2021-06-28;1.8300000429153442;1.9700000286102295;1.8200000524520874;1.840000033378601;448300
2021-06-29;1.909999966621399;1.909999966621399;1.7799999713897705;1.840000033378601;328500
2021-06-30;1.850000023841858;1.850000023841858;1.7699999809265137;1.7899999618530273;369400
2021-07-01;1.7899999618530273;1.809999942779541;1.7599999904632568;1.7799999713897705;205600
2021-07-02;1.7699999809265137;1.774999976158142;1.6699999570846558;1.6799999475479126;675900
2021-07-06;1.6399999856948853;1.649999976158142;1.5399999618530273;1.6100000143051147;842400
2021-07-07;1.6200000047683716;1.625;1.4199999570846558;1.4500000476837158;1401800
2021-07-08;1.3600000143051147;1.3869999647140503;1.2999999523162842;1.3600000143051147;1192500
2021-07-09;1.3799999952316284;1.4700000286102295;1.3300000429153442;1.4199999570846558;780900
2021-07-12;1.399999976158142;1.4500000476837158;1.340000033378601;1.3600000143051147;410900
2021-07-13;1.3799999952316284;1.4900000095367432;1.350000023841858;1.4199999570846558;438400
2021-07-14;1.4600000381469727;1.4600000381469727;1.3200000524520874;1.340000033378601;374100
2021-07-15;1.340000033378601;1.340000033378601;1.2200000286102295;1.25;437700
2021-07-16;1.2200000286102295;1.2769999504089355;1.159999966621399;1.2400000095367432;561500
2021-07-19;1.149999976158142;1.1829999685287476;1.1200000047683716;1.159999966621399;424900
2021-07-20;1.2200000286102295;1.225000023841858;1.149999976158142;1.2100000381469727;287700
