,open,high,low,close,volume,Ticker
2023-01-03 08:55:00,17.9871,17.9871,17.9871,17.9871,1000,AMBC
2023-01-03 08:59:00,17.99,17.99,17.99,17.99,1000,AMBC
2023-01-03 09:31:00,17.53,17.53,17.5,17.5,7950,AMBC
2023-01-03 09:32:00,17.46,17.46,17.35,17.38,3810,AMBC
2023-01-03 09:33:00,17.34,17.35,17.34,17.34,1350,AMBC
2023-01-03 09:34:00,17.33,17.33,17.33,17.33,192,AMBC
2023-01-03 09:35:00,17.33,17.47,17.33,17.3665,3716,AMBC
2023-01-03 09:36:00,17.47,17.545,17.46,17.525,2975,AMBC
2023-01-03 09:37:00,17.525,17.525,17.525,17.525,837,AMBC
2023-01-03 09:38:00,17.525,17.535,17.525,17.535,431,AMBC
2023-01-03 09:40:00,17.43,17.485,17.42,17.475,2479,AMBC
2023-01-03 09:41:00,17.475,17.49,17.43,17.49,3793,AMBC
2023-01-03 09:42:00,17.48,17.52,17.48,17.48,2543,AMBC
2023-01-03 09:44:00,17.4519,17.4519,17.4519,17.4519,1001,AMBC
2023-01-03 09:45:00,17.54,17.54,17.445,17.445,3444,AMBC
2023-01-03 09:46:00,17.48,17.48,17.41,17.435,1218,AMBC
2023-01-03 09:47:00,17.45,17.45,17.45,17.45,441,AMBC
2023-01-03 09:48:00,17.455,17.47,17.445,17.445,697,AMBC
2023-01-03 09:49:00,17.48,17.48,17.445,17.445,740,AMBC
2023-01-03 09:50:00,17.445,17.445,17.39,17.39,3426,AMBC
2023-01-03 09:51:00,17.41,17.44,17.41,17.425,2255,AMBC
2023-01-03 09:52:00,17.45,17.45,17.34,17.34,3261,AMBC
2023-01-03 09:53:00,17.32,17.32,17.3,17.31,3673,AMBC
2023-01-03 09:54:00,17.31,17.34,17.31,17.34,412,AMBC
2023-01-03 09:55:00,17.31,17.31,17.27,17.28,1760,AMBC
2023-01-03 09:56:00,17.28,17.28,17.21,17.24,2333,AMBC
2023-01-03 09:57:00,17.23,17.23,17.18,17.21,2263,AMBC
2023-01-03 09:59:00,17.21,17.22,17.16,17.16,2898,AMBC
2023-01-03 10:00:00,17.16,17.1601,17.16,17.1601,1119,AMBC
2023-01-03 10:01:00,17.16,17.23,17.16,17.23,1654,AMBC
2023-01-03 10:02:00,17.23,17.23,17.22,17.22,238,AMBC
2023-01-03 10:03:00,17.21,17.25,17.21,17.25,484,AMBC
2023-01-03 10:04:00,17.25,17.25,17.25,17.25,538,AMBC
2023-01-03 10:05:00,17.25,17.255,17.24,17.255,1389,AMBC
2023-01-03 10:06:00,17.265,17.265,17.235,17.235,727,AMBC
2023-01-03 10:07:00,17.22,17.22,17.17,17.18,778,AMBC
2023-01-03 10:08:00,17.17,17.17,17.15,17.15,903,AMBC
2023-01-03 10:10:00,17.15,17.2,17.15,17.2,1655,AMBC
2023-01-03 10:11:00,17.18,17.18,17.18,17.18,113,AMBC
2023-01-03 10:12:00,17.17,17.17,17.16,17.16,680,AMBC
2023-01-03 10:13:00,17.14,17.14,17.08,17.09,4211,AMBC
2023-01-03 10:14:00,17.08,17.08,17.08,17.08,131,AMBC
2023-01-03 10:15:00,17.08,17.11,17.08,17.11,527,AMBC
2023-01-03 10:17:00,17.09,17.09,17.075,17.09,520,AMBC
2023-01-03 10:18:00,17.09,17.09,17.07,17.07,877,AMBC
2023-01-03 10:19:00,17.06,17.06,17.04,17.045,1638,AMBC
2023-01-03 10:20:00,17.04,17.04,17.04,17.04,261,AMBC
2023-01-03 10:21:00,17.045,17.045,17.045,17.045,217,AMBC
2023-01-03 10:22:00,17.05,17.05,17.05,17.05,370,AMBC
2023-01-03 10:23:00,17.04,17.04,17.02,17.02,3540,AMBC
2023-01-03 10:24:00,17.03,17.12,17.03,17.12,3098,AMBC
2023-01-03 10:25:00,17.12,17.13,17.12,17.13,682,AMBC
2023-01-03 10:26:00,17.125,17.125,17.125,17.125,102,AMBC
2023-01-03 10:27:00,17.13,17.145,17.13,17.14,1369,AMBC
2023-01-03 10:28:00,17.145,17.15,17.13,17.14,1238,AMBC
2023-01-03 10:29:00,17.13,17.13,17.13,17.13,707,AMBC
2023-01-03 10:30:00,17.1301,17.1301,17.12,17.12,363,AMBC
2023-01-03 10:31:00,17.13,17.13,17.11,17.11,1276,AMBC
2023-01-03 10:32:00,17.1,17.105,17.1,17.105,242,AMBC
2023-01-03 10:33:00,17.105,17.105,17.09,17.09,1523,AMBC
2023-01-03 10:34:00,17.08,17.08,17.06,17.06,438,AMBC
2023-01-03 10:35:00,17.07,17.07,17.04,17.04,892,AMBC
2023-01-03 10:36:00,17.04,17.04,17.03,17.03,358,AMBC
2023-01-03 10:37:00,17.02,17.02,17.02,17.02,444,AMBC
2023-01-03 10:38:00,17.03,17.03,17.03,17.03,739,AMBC
2023-01-03 10:39:00,17.03,17.03,17.03,17.03,232,AMBC
2023-01-03 10:40:00,17.02,17.0523,17.01,17.05,2761,AMBC
2023-01-03 10:41:00,17.07,17.14,17.07,17.14,5295,AMBC
2023-01-03 10:42:00,17.14,17.14,17.14,17.14,471,AMBC
2023-01-03 10:43:00,17.14,17.14,17.11,17.11,564,AMBC
2023-01-03 10:44:00,17.11,17.11,17.1,17.1,307,AMBC
2023-01-03 10:45:00,17.08,17.09,17.08,17.085,806,AMBC
2023-01-03 10:46:00,17.07,17.07,17.05,17.05,597,AMBC
2023-01-03 10:47:00,17.05,17.05,17.05,17.05,154,AMBC
2023-01-03 10:48:00,17.055,17.055,17.055,17.055,175,AMBC
2023-01-03 10:49:00,17.0605,17.07,17.0605,17.07,646,AMBC
2023-01-03 10:50:00,17.07,17.18,17.07,17.18,5412,AMBC
2023-01-03 10:51:00,17.165,17.18,17.16,17.18,2937,AMBC
2023-01-03 10:52:00,17.18,17.18,17.16,17.16,890,AMBC
2023-01-03 10:53:00,17.16,17.1634,17.15,17.155,3816,AMBC
2023-01-03 10:54:00,17.17,17.17,17.17,17.17,145,AMBC
2023-01-03 10:56:00,17.15,17.17,17.15,17.17,1001,AMBC
2023-01-03 10:57:00,17.2,17.2,17.2,17.2,1216,AMBC
2023-01-03 10:58:00,17.195,17.21,17.195,17.21,220,AMBC
2023-01-03 10:59:00,17.21,17.27,17.21,17.27,636,AMBC
2023-01-03 11:00:00,17.28,17.28,17.28,17.28,1255,AMBC
2023-01-03 11:01:00,17.31,17.315,17.31,17.315,569,AMBC
2023-01-03 11:02:00,17.33,17.33,17.32,17.32,727,AMBC
2023-01-03 11:03:00,17.31,17.31,17.26,17.275,2418,AMBC
2023-01-03 11:05:00,17.28,17.28,17.27,17.27,202,AMBC
2023-01-03 11:06:00,17.27,17.27,17.27,17.27,103,AMBC
2023-01-03 11:07:00,17.27,17.27,17.26,17.26,958,AMBC
2023-01-03 11:08:00,17.26,17.26,17.255,17.255,849,AMBC
2023-01-03 11:09:00,17.25,17.26,17.24,17.2577,1073,AMBC
2023-01-03 11:10:00,17.26,17.27,17.255,17.27,1701,AMBC
2023-01-03 11:11:00,17.26,17.26,17.26,17.26,251,AMBC
2023-01-03 11:12:00,17.25,17.26,17.25,17.26,865,AMBC
2023-01-03 11:14:00,17.23,17.23,17.21,17.22,2079,AMBC
2023-01-03 11:15:00,17.22,17.22,17.215,17.215,359,AMBC
2023-01-03 11:16:00,17.2,17.21,17.2,17.21,798,AMBC
2023-01-03 11:17:00,17.2,17.2,17.19,17.19,1257,AMBC
2023-01-03 11:18:00,17.2,17.2,17.2,17.2,331,AMBC
2023-01-03 11:19:00,17.21,17.22,17.21,17.22,983,AMBC
2023-01-03 11:20:00,17.23,17.23,17.23,17.23,398,AMBC
2023-01-03 11:21:00,17.23,17.23,17.205,17.205,539,AMBC
2023-01-03 11:22:00,17.22,17.22,17.22,17.22,221,AMBC
2023-01-03 11:23:00,17.23,17.23,17.21,17.21,503,AMBC
2023-01-03 11:25:00,17.22,17.22,17.22,17.22,243,AMBC
2023-01-03 11:26:00,17.22,17.22,17.19,17.2,1169,AMBC
2023-01-03 11:28:00,17.2,17.21,17.2,17.21,877,AMBC
2023-01-03 11:29:00,17.2,17.2,17.2,17.2,230,AMBC
2023-01-03 11:30:00,17.19,17.19,17.19,17.19,237,AMBC
2023-01-03 11:31:00,17.185,17.185,17.18,17.18,484,AMBC
2023-01-03 11:32:00,17.19,17.19,17.18,17.18,296,AMBC
2023-01-03 11:33:00,17.14,17.16,17.14,17.155,1117,AMBC
2023-01-03 11:35:00,17.15,17.15,17.14,17.14,220,AMBC
2023-01-03 11:36:00,17.125,17.125,17.125,17.125,105,AMBC
2023-01-03 11:38:00,17.13,17.13,17.125,17.125,344,AMBC
2023-01-03 11:42:00,17.1,17.11,17.1,17.11,2944,AMBC
2023-01-03 11:43:00,17.11,17.11,17.1,17.1,859,AMBC
2023-01-03 11:46:00,17.09,17.09,17.08,17.09,475,AMBC
2023-01-03 11:48:00,17.06,17.06,17.05,17.05,435,AMBC
2023-01-03 11:49:00,17.04,17.04,17.03,17.03,367,AMBC
2023-01-03 11:50:00,17.03,17.035,17.03,17.035,925,AMBC
2023-01-03 11:51:00,17.03,17.03,17.02,17.02,410,AMBC
2023-01-03 11:52:00,17.02,17.03,17.02,17.03,1442,AMBC
2023-01-03 11:53:00,17.03,17.03,17.01,17.01,1085,AMBC
2023-01-03 11:54:00,17.01,17.01,17.01,17.01,707,AMBC
2023-01-03 11:55:00,17.015,17.045,17.015,17.045,2700,AMBC
2023-01-03 11:56:00,17.04,17.04,17.03,17.03,1333,AMBC
2023-01-03 11:57:00,17.04,17.04,17.04,17.04,4209,AMBC
2023-01-03 11:58:00,17.035,17.035,17.035,17.035,106,AMBC
2023-01-03 11:59:00,17.04,17.04,17.04,17.04,1278,AMBC
2023-01-03 12:00:00,17.04,17.04,17.04,17.04,252,AMBC
2023-01-03 12:01:00,17.04,17.06,17.04,17.06,4143,AMBC
2023-01-03 12:02:00,17.1,17.1,17.08,17.08,495,AMBC
2023-01-03 12:04:00,17.05,17.05,17.05,17.05,573,AMBC
2023-01-03 12:05:00,17.05,17.06,17.05,17.06,766,AMBC
2023-01-03 12:06:00,17.06,17.06,17.05,17.05,460,AMBC
2023-01-03 12:07:00,17.05,17.05,17.05,17.05,518,AMBC
2023-01-03 12:08:00,17.06,17.06,17.06,17.06,633,AMBC
2023-01-03 12:09:00,17.05,17.05,17.05,17.05,304,AMBC
2023-01-03 12:10:00,17.05,17.06,17.05,17.06,584,AMBC
2023-01-03 12:11:00,17.05,17.055,17.05,17.05,841,AMBC
2023-01-03 12:12:00,17.05,17.05,17.04,17.04,804,AMBC
2023-01-03 12:13:00,17.04,17.04,17.035,17.035,964,AMBC
2023-01-03 12:14:00,17.03,17.03,17.02,17.02,649,AMBC
2023-01-03 12:15:00,17.03,17.03,17.03,17.03,830,AMBC
2023-01-03 12:16:00,17.02,17.0299,17.02,17.02,1373,AMBC
2023-01-03 12:17:00,17.02,17.02,17.015,17.015,1324,AMBC
2023-01-03 12:18:00,17.015,17.04,17.01,17.04,5830,AMBC
2023-01-03 12:19:00,17.045,17.045,17.04,17.04,661,AMBC
2023-01-03 12:20:00,17.03,17.03,17.03,17.03,342,AMBC
2023-01-03 12:21:00,17.03,17.03,17.03,17.03,303,AMBC
2023-01-03 12:22:00,17.02,17.02,17.02,17.02,306,AMBC
2023-01-03 12:23:00,17.02,17.02,17.01,17.02,714,AMBC
2023-01-03 12:24:00,17.03,17.03,17.01,17.03,1004,AMBC
2023-01-03 12:25:00,17.01,17.03,17.01,17.03,4299,AMBC
2023-01-03 12:26:00,17.04,17.05,17.04,17.05,1011,AMBC
2023-01-03 12:27:00,17.06,17.1,17.06,17.1,3428,AMBC
2023-01-03 12:28:00,17.09,17.09,17.09,17.09,401,AMBC
2023-01-03 12:29:00,17.09,17.09,17.08,17.08,1899,AMBC
2023-01-03 12:30:00,17.08,17.08,17.07,17.07,330,AMBC
2023-01-03 12:31:00,17.06,17.06,17.05,17.06,1177,AMBC
2023-01-03 12:32:00,17.05,17.06,17.05,17.06,1316,AMBC
2023-01-03 12:33:00,17.06,17.06,17.05,17.05,748,AMBC
2023-01-03 12:34:00,17.05,17.05,17.05,17.05,549,AMBC
2023-01-03 12:35:00,17.065,17.07,17.055,17.07,1878,AMBC
2023-01-03 12:36:00,17.07,17.07,17.07,17.07,702,AMBC
2023-01-03 12:37:00,17.08,17.1,17.08,17.095,749,AMBC
2023-01-03 12:38:00,17.09,17.09,17.09,17.09,594,AMBC
2023-01-03 12:39:00,17.08,17.08,17.05,17.05,1620,AMBC
2023-01-03 12:40:00,17.06,17.06,17.05,17.05,1015,AMBC
2023-01-03 12:41:00,17.05,17.05,17.05,17.05,304,AMBC
2023-01-03 12:42:00,17.05,17.05,17.05,17.05,210,AMBC
2023-01-03 12:43:00,17.04,17.04,17.04,17.04,1247,AMBC
2023-01-03 12:44:00,17.045,17.045,17.03,17.035,626,AMBC
2023-01-03 12:45:00,17.03,17.04,17.03,17.04,949,AMBC
2023-01-03 12:46:00,17.04,17.04,17.03,17.03,520,AMBC
2023-01-03 12:47:00,17.03,17.03,17.02,17.03,1262,AMBC
2023-01-03 12:48:00,17.01,17.01,17.01,17.01,614,AMBC
2023-01-03 12:49:00,17.01,17.02,17.01,17.02,404,AMBC
2023-01-03 12:50:00,17.015,17.02,17.01,17.02,1471,AMBC
2023-01-03 12:51:00,17.01,17.02,17.01,17.02,1032,AMBC
2023-01-03 12:52:00,17.03,17.045,17.03,17.045,1110,AMBC
2023-01-03 12:53:00,17.06,17.07,17.06,17.07,525,AMBC
2023-01-03 12:54:00,17.06,17.06,17.06,17.06,307,AMBC
2023-01-03 12:55:00,17.06,17.06,17.06,17.06,304,AMBC
2023-01-03 12:56:00,17.05,17.05,17.05,17.05,915,AMBC
2023-01-03 12:57:00,17.05,17.055,17.03,17.03,1272,AMBC
2023-01-03 12:58:00,17.03,17.055,17.03,17.055,1826,AMBC
2023-01-03 12:59:00,17.04,17.04,17.04,17.04,611,AMBC
2023-01-03 13:00:00,17.03,17.04,17.03,17.04,467,AMBC
2023-01-03 13:01:00,17.03,17.03,17.01,17.01,1422,AMBC
2023-01-03 13:02:00,17.015,17.015,17.01,17.01,1719,AMBC
2023-01-03 13:03:00,17.01,17.01,16.97,16.97,24348,AMBC
2023-01-03 13:04:00,16.965,16.97,16.965,16.97,726,AMBC
2023-01-03 13:06:00,16.97,16.97,16.97,16.97,962,AMBC
2023-01-03 13:07:00,16.98,16.98,16.975,16.975,440,AMBC
2023-01-03 13:08:00,16.975,16.975,16.975,16.975,315,AMBC
2023-01-03 13:10:00,16.975,16.975,16.975,16.975,145,AMBC
2023-01-03 13:11:00,16.975,17.0,16.975,17.0,1678,AMBC
2023-01-03 13:13:00,16.99,16.99,16.98,16.98,1670,AMBC
2023-01-03 13:14:00,16.975,16.975,16.97,16.97,785,AMBC
2023-01-03 13:15:00,16.92,16.92,16.91,16.91,323,AMBC
2023-01-03 13:16:00,16.89,16.9,16.88,16.9,1465,AMBC
2023-01-03 13:17:00,16.91,16.91,16.89,16.89,1871,AMBC
2023-01-03 13:18:00,16.87,16.89,16.87,16.89,1587,AMBC
2023-01-03 13:19:00,16.91,16.91,16.91,16.91,277,AMBC
2023-01-03 13:20:00,16.91,16.91,16.91,16.91,252,AMBC
2023-01-03 13:21:00,16.905,16.905,16.9,16.9,554,AMBC
2023-01-03 13:24:00,16.8998,16.8998,16.8998,16.8998,256,AMBC
2023-01-03 13:25:00,16.9,16.9,16.9,16.9,110,AMBC
2023-01-03 13:26:00,16.91,16.92,16.91,16.92,2053,AMBC
2023-01-03 13:27:00,16.93,16.94,16.92,16.92,1573,AMBC
2023-01-03 13:29:00,16.9297,16.9297,16.92,16.92,748,AMBC
2023-01-03 13:31:00,16.915,16.915,16.915,16.915,226,AMBC
2023-01-03 13:32:00,16.92,16.92,16.91,16.91,257,AMBC
2023-01-03 13:33:00,16.91,16.91,16.9,16.9,719,AMBC
2023-01-03 13:35:00,16.87,16.87,16.8,16.8,3239,AMBC
2023-01-03 13:36:00,16.8,16.8,16.8,16.8,217,AMBC
2023-01-03 13:37:00,16.8019,16.8019,16.8019,16.8019,104,AMBC
2023-01-03 13:38:00,16.8,16.8,16.8,16.8,202,AMBC
2023-01-03 13:39:00,16.8,16.8,16.79,16.8,303,AMBC
2023-01-03 13:40:00,16.79,16.81,16.79,16.8,4202,AMBC
2023-01-03 13:42:00,16.795,16.795,16.795,16.795,213,AMBC
2023-01-03 13:43:00,16.79,16.79,16.79,16.79,1555,AMBC
2023-01-03 13:44:00,16.79,16.79,16.79,16.79,220,AMBC
2023-01-03 13:45:00,16.79,16.79,16.79,16.79,277,AMBC
2023-01-03 13:46:00,16.79,16.795,16.79,16.795,555,AMBC
2023-01-03 13:47:00,16.79,16.79,16.79,16.79,130,AMBC
2023-01-03 13:48:00,16.79,16.8,16.79,16.79,3093,AMBC
2023-01-03 13:49:00,16.81,16.81,16.81,16.81,1068,AMBC
2023-01-03 13:50:00,16.81,16.81,16.81,16.81,191,AMBC
2023-01-03 13:52:00,16.81,16.81,16.81,16.81,343,AMBC
2023-01-03 13:54:00,16.81,16.81,16.8,16.8,1965,AMBC
2023-01-03 13:55:00,16.79,16.79,16.79,16.79,371,AMBC
2023-01-03 13:56:00,16.8,16.8,16.8,16.8,677,AMBC
2023-01-03 13:57:00,16.805,16.805,16.805,16.805,106,AMBC
2023-01-03 13:58:00,16.805,16.805,16.805,16.805,107,AMBC
2023-01-03 13:59:00,16.8,16.8,16.8,16.8,211,AMBC
2023-01-03 14:00:00,16.8,16.8,16.785,16.785,1443,AMBC
2023-01-03 14:01:00,16.78,16.785,16.77,16.785,3636,AMBC
2023-01-03 14:02:00,16.77,16.77,16.77,16.77,621,AMBC
2023-01-03 14:03:00,16.765,16.765,16.765,16.765,104,AMBC
2023-01-03 14:04:00,16.765,16.78,16.76,16.78,3512,AMBC
2023-01-03 14:05:00,16.785,16.79,16.785,16.79,324,AMBC
2023-01-03 14:06:00,16.78,16.78,16.78,16.78,794,AMBC
2023-01-03 14:07:00,16.76,16.76,16.76,16.76,583,AMBC
2023-01-03 14:09:00,16.765,16.765,16.75,16.75,1330,AMBC
2023-01-03 14:11:00,16.75,16.75,16.75,16.75,360,AMBC
2023-01-03 14:12:00,16.75,16.75,16.75,16.75,247,AMBC
2023-01-03 14:13:00,16.745,16.745,16.72,16.72,1048,AMBC
2023-01-03 14:14:00,16.71,16.71,16.71,16.71,374,AMBC
2023-01-03 14:15:00,16.7,16.7,16.69,16.69,947,AMBC
2023-01-03 14:16:00,16.674,16.674,16.64,16.65,3347,AMBC
2023-01-03 14:17:00,16.65,16.655,16.65,16.655,392,AMBC
2023-01-03 14:18:00,16.66,16.665,16.66,16.66,2060,AMBC
2023-01-03 14:19:00,16.66,16.66,16.66,16.66,752,AMBC
2023-01-03 14:20:00,16.64,16.645,16.63,16.63,2661,AMBC
2023-01-03 14:22:00,16.63,16.635,16.63,16.635,932,AMBC
2023-01-03 14:23:00,16.64,16.65,16.64,16.65,1092,AMBC
2023-01-03 14:24:00,16.65,16.65,16.63,16.63,883,AMBC
2023-01-03 14:25:00,16.62,16.62,16.62,16.62,530,AMBC
2023-01-03 14:28:00,16.6,16.6,16.6,16.6,1344,AMBC
2023-01-03 14:29:00,16.605,16.61,16.605,16.61,696,AMBC
2023-01-03 14:31:00,16.61,16.61,16.595,16.595,1102,AMBC
2023-01-03 14:32:00,16.59,16.59,16.59,16.59,210,AMBC
2023-01-03 14:33:00,16.59,16.59,16.57,16.57,420,AMBC
2023-01-03 14:34:00,16.565,16.565,16.565,16.565,125,AMBC
2023-01-03 14:35:00,16.57,16.57,16.57,16.57,1180,AMBC
2023-01-03 14:36:00,16.565,16.57,16.565,16.57,1157,AMBC
2023-01-03 14:37:00,16.56,16.56,16.53,16.53,1604,AMBC
2023-01-03 14:38:00,16.52,16.52,16.52,16.52,123,AMBC
2023-01-03 14:39:00,16.52,16.53,16.52,16.53,346,AMBC
2023-01-03 14:40:00,16.52,16.525,16.52,16.525,694,AMBC
2023-01-03 14:41:00,16.52,16.52,16.52,16.52,604,AMBC
2023-01-03 14:42:00,16.52,16.52,16.52,16.52,240,AMBC
2023-01-03 14:43:00,16.525,16.525,16.5223,16.5223,942,AMBC
2023-01-03 14:44:00,16.53,16.55,16.53,16.54,3265,AMBC
2023-01-03 14:45:00,16.56,16.56,16.56,16.56,103,AMBC
2023-01-03 14:46:00,16.58,16.6,16.58,16.59,1133,AMBC
2023-01-03 14:47:00,16.605,16.605,16.605,16.605,124,AMBC
2023-01-03 14:48:00,16.6,16.6,16.595,16.6,1418,AMBC
2023-01-03 14:50:00,16.6,16.61,16.6,16.61,1293,AMBC
2023-01-03 14:51:00,16.62,16.62,16.61,16.61,521,AMBC
2023-01-03 14:52:00,16.6033,16.6033,16.6,16.6,1011,AMBC
2023-01-03 14:53:00,16.6,16.6,16.59,16.595,4592,AMBC
2023-01-03 14:54:00,16.6,16.61,16.6,16.61,780,AMBC
2023-01-03 14:55:00,16.64,16.64,16.64,16.64,215,AMBC
2023-01-03 14:56:00,16.66,16.66,16.66,16.66,503,AMBC
2023-01-03 14:57:00,16.6734,16.6734,16.6734,16.6734,304,AMBC
2023-01-03 14:58:00,16.66,16.68,16.66,16.68,1656,AMBC
2023-01-03 15:00:00,16.7,16.7,16.7,16.7,343,AMBC
2023-01-03 15:02:00,16.69,16.705,16.69,16.7,1614,AMBC
2023-01-03 15:03:00,16.7,16.7,16.68,16.68,1128,AMBC
2023-01-03 15:05:00,16.66,16.66,16.635,16.635,958,AMBC
2023-01-03 15:06:00,16.63,16.64,16.625,16.64,1930,AMBC
2023-01-03 15:07:00,16.64,16.64,16.63,16.63,388,AMBC
2023-01-03 15:08:00,16.63,16.635,16.63,16.635,319,AMBC
2023-01-03 15:09:00,16.64,16.65,16.64,16.65,759,AMBC
2023-01-03 15:10:00,16.64,16.64,16.64,16.64,687,AMBC
2023-01-03 15:12:00,16.65,16.66,16.65,16.66,1688,AMBC
2023-01-03 15:14:00,16.66,16.66,16.65,16.65,677,AMBC
2023-01-03 15:15:00,16.655,16.66,16.65,16.66,1156,AMBC
2023-01-03 15:16:00,16.67,16.685,16.67,16.68,2371,AMBC
2023-01-03 15:17:00,16.68,16.68,16.68,16.68,112,AMBC
2023-01-03 15:18:00,16.68,16.695,16.68,16.695,475,AMBC
2023-01-03 15:19:00,16.705,16.705,16.705,16.705,232,AMBC
2023-01-03 15:20:00,16.705,16.705,16.69,16.69,1192,AMBC
2023-01-03 15:21:00,16.695,16.695,16.66,16.66,3668,AMBC
2023-01-03 15:22:00,16.65,16.6507,16.65,16.6507,728,AMBC
2023-01-03 15:23:00,16.65,16.655,16.65,16.65,977,AMBC
2023-01-03 15:24:00,16.65,16.66,16.64,16.66,2966,AMBC
2023-01-03 15:25:00,16.66,16.66,16.65,16.655,524,AMBC
2023-01-03 15:26:00,16.65,16.6584,16.65,16.6584,404,AMBC
2023-01-03 15:27:00,16.655,16.66,16.655,16.66,303,AMBC
2023-01-03 15:28:00,16.65,16.65,16.65,16.65,355,AMBC
2023-01-03 15:29:00,16.655,16.655,16.65,16.6539,1031,AMBC
2023-01-03 15:30:00,16.655,16.675,16.65,16.675,3131,AMBC
2023-01-03 15:31:00,16.675,16.68,16.67,16.68,1433,AMBC
2023-01-03 15:32:00,16.68,16.685,16.665,16.665,2221,AMBC
2023-01-03 15:33:00,16.68,16.68,16.68,16.68,923,AMBC
2023-01-03 15:34:00,16.675,16.68,16.675,16.68,1452,AMBC
2023-01-03 15:35:00,16.68,16.68,16.665,16.665,1477,AMBC
2023-01-03 15:36:00,16.665,16.665,16.655,16.665,1747,AMBC
2023-01-03 15:37:00,16.66,16.66,16.65,16.655,1342,AMBC
2023-01-03 15:38:00,16.655,16.655,16.635,16.64,2801,AMBC
2023-01-03 15:39:00,16.64,16.645,16.64,16.645,914,AMBC
2023-01-03 15:40:00,16.645,16.65,16.64,16.645,2219,AMBC
2023-01-03 15:41:00,16.645,16.65,16.645,16.645,931,AMBC
2023-01-03 15:42:00,16.645,16.645,16.6401,16.645,2587,AMBC
2023-01-03 15:43:00,16.645,16.655,16.645,16.65,2682,AMBC
2023-01-03 15:44:00,16.65,16.66,16.65,16.65,2564,AMBC
2023-01-03 15:45:00,16.65,16.655,16.635,16.635,2874,AMBC
2023-01-03 15:46:00,16.64,16.64,16.635,16.635,1956,AMBC
2023-01-03 15:47:00,16.635,16.64,16.635,16.635,788,AMBC
2023-01-03 15:48:00,16.635,16.66,16.635,16.66,3630,AMBC
2023-01-03 15:49:00,16.655,16.66,16.655,16.66,792,AMBC
2023-01-03 15:50:00,16.655,16.655,16.645,16.645,3798,AMBC
2023-01-03 15:51:00,16.65,16.685,16.65,16.655,5130,AMBC
2023-01-03 15:52:00,16.66,16.7,16.66,16.69,4741,AMBC
2023-01-03 15:53:00,16.69,16.69,16.675,16.68,1958,AMBC
2023-01-03 15:54:00,16.675,16.71,16.675,16.705,2904,AMBC
2023-01-03 15:55:00,16.71,16.74,16.705,16.74,3000,AMBC
2023-01-03 15:56:00,16.74,16.74,16.715,16.72,10168,AMBC
2023-01-03 15:57:00,16.72,16.73,16.71,16.71,6567,AMBC
2023-01-03 15:58:00,16.72,16.72,16.71,16.72,1727,AMBC
2023-01-03 15:59:00,16.71,16.72,16.71,16.72,8191,AMBC
2023-01-03 16:00:00,16.72,16.77,16.71,16.75,39180,AMBC
2023-01-03 16:01:00,16.76,16.76,16.76,16.76,1363,AMBC
2023-01-03 16:02:00,16.76,16.76,16.76,16.76,1783,AMBC
2023-01-04 07:08:00,16.74,16.74,16.74,16.74,100,AMBC
2023-01-04 09:31:00,16.78,16.78,16.78,16.78,2704,AMBC
2023-01-04 09:32:00,16.74,16.74,16.66,16.7,1108,AMBC
2023-01-04 09:33:00,16.66,16.67,16.66,16.66,610,AMBC
2023-01-04 09:34:00,16.67,16.67,16.65,16.67,554,AMBC
2023-01-04 09:36:00,16.81,16.9,16.81,16.86,1744,AMBC
2023-01-04 09:38:00,16.97,17.02,16.955,16.955,500,AMBC
2023-01-04 09:40:00,16.98,17.115,16.98,17.115,1777,AMBC
2023-01-04 09:45:00,17.08,17.08,17.06,17.06,882,AMBC
2023-01-04 09:47:00,17.08,17.12,17.05,17.08,1618,AMBC
2023-01-04 09:50:00,17.07,17.09,17.04,17.09,829,AMBC
2023-01-04 09:52:00,17.04,17.04,17.04,17.04,105,AMBC
2023-01-04 09:53:00,17.09,17.09,17.09,17.09,103,AMBC
2023-01-04 09:54:00,17.07,17.07,16.98,16.98,2353,AMBC
2023-01-04 10:00:00,17.08,17.08,17.05,17.065,1345,AMBC
2023-01-04 10:01:00,17.035,17.035,17.035,17.035,182,AMBC
2023-01-04 10:02:00,17.07,17.07,17.07,17.07,468,AMBC
2023-01-04 10:03:00,17.09,17.1,17.06,17.07,2664,AMBC
2023-01-04 10:04:00,17.01,17.01,17.01,17.01,263,AMBC
2023-01-04 10:05:00,16.99,17.03,16.99,17.03,1101,AMBC
2023-01-04 10:07:00,17.045,17.045,17.045,17.045,203,AMBC
2023-01-04 10:11:00,17.03,17.03,17.03,17.03,193,AMBC
2023-01-04 10:13:00,17.02,17.02,17.02,17.02,153,AMBC
2023-01-04 10:23:00,16.98,17.03,16.98,17.005,784,AMBC
2023-01-04 10:24:00,17.01,17.01,16.97,17.0,3380,AMBC
2023-01-04 10:27:00,17.0,17.0,17.0,17.0,452,AMBC
2023-01-04 10:28:00,16.99,16.99,16.985,16.99,836,AMBC
2023-01-04 10:31:00,16.992,16.992,16.99,16.99,384,AMBC
2023-01-04 10:32:00,16.99,17.0,16.99,17.0,353,AMBC
2023-01-04 10:33:00,17.01,17.01,17.01,17.01,356,AMBC
2023-01-04 10:35:00,17.0,17.0,17.0,17.0,700,AMBC
2023-01-04 10:36:00,17.0,17.0,17.0,17.0,258,AMBC
2023-01-04 10:37:00,17.0,17.0,17.0,17.0,704,AMBC
2023-01-04 10:40:00,16.99,16.99,16.98,16.99,378,AMBC
2023-01-04 10:41:00,16.99,16.99,16.99,16.99,169,AMBC
2023-01-04 10:42:00,16.98,16.98,16.98,16.98,466,AMBC
2023-01-04 10:43:00,16.96,16.96,16.94,16.96,1121,AMBC
2023-01-04 10:45:00,16.96,16.96,16.96,16.96,400,AMBC
2023-01-04 10:46:00,16.96,16.96,16.96,16.96,233,AMBC
2023-01-04 10:48:00,16.99,16.99,16.99,16.99,266,AMBC
2023-01-04 10:50:00,16.98,16.98,16.98,16.98,381,AMBC
2023-01-04 10:52:00,16.97,16.97,16.97,16.97,282,AMBC
2023-01-04 10:56:00,16.99,17.02,16.99,16.99,1282,AMBC
2023-01-04 10:58:00,16.995,16.995,16.99,16.99,300,AMBC
2023-01-04 11:00:00,16.98,16.98,16.96,16.965,1404,AMBC
2023-01-04 11:02:00,16.94,16.97,16.94,16.97,1255,AMBC
2023-01-04 11:05:00,16.95,16.95,16.93,16.93,1062,AMBC
2023-01-04 11:06:00,16.94,16.94,16.89,16.89,1650,AMBC
2023-01-04 11:08:00,16.897,16.91,16.892,16.91,2571,AMBC
2023-01-04 11:12:00,16.955,16.955,16.93,16.932,511,AMBC
2023-01-04 11:13:00,16.96,16.96,16.96,16.96,125,AMBC
2023-01-04 11:17:00,16.95,16.95,16.94,16.945,315,AMBC
2023-01-04 11:19:00,16.93,16.93,16.93,16.93,233,AMBC
2023-01-04 11:20:00,16.94,16.94,16.94,16.94,217,AMBC
2023-01-04 11:24:00,16.92,16.92,16.92,16.92,882,AMBC
2023-01-04 11:26:00,16.91,16.915,16.91,16.915,333,AMBC
2023-01-04 11:28:00,16.92,16.93,16.91,16.91,2678,AMBC
2023-01-04 11:31:00,16.915,16.915,16.915,16.915,537,AMBC
2023-01-04 11:34:00,16.92,16.92,16.92,16.92,157,AMBC
2023-01-04 11:35:00,16.92,16.92,16.92,16.92,133,AMBC
2023-01-04 11:37:00,16.95,16.95,16.93,16.93,320,AMBC
2023-01-04 11:39:00,16.94,16.97,16.94,16.97,865,AMBC
2023-01-04 11:42:00,16.985,16.985,16.985,16.985,420,AMBC
2023-01-04 11:44:00,17.0,17.06,17.0,17.05,3431,AMBC
2023-01-04 11:45:00,17.05,17.05,17.05,17.05,300,AMBC
2023-01-04 11:46:00,17.05,17.05,17.05,17.05,267,AMBC
2023-01-04 11:48:00,17.06,17.06,17.05,17.05,1264,AMBC
2023-01-04 11:49:00,17.07,17.07,17.05,17.05,1341,AMBC
2023-01-04 11:51:00,17.05,17.05,17.05,17.05,120,AMBC
2023-01-04 11:53:00,17.04,17.04,17.04,17.04,430,AMBC
2023-01-04 11:56:00,17.05,17.055,17.04,17.0545,3487,AMBC
2023-01-04 11:57:00,17.05,17.065,17.05,17.05,1275,AMBC
2023-01-04 11:59:00,17.05,17.05,17.05,17.05,363,AMBC
2023-01-04 12:00:00,17.05,17.06,17.04,17.05,1724,AMBC
2023-01-04 12:01:00,17.055,17.055,17.05,17.05,1251,AMBC
2023-01-04 12:02:00,17.04,17.04,17.04,17.04,200,AMBC
2023-01-04 12:05:00,17.06,17.06,17.06,17.06,100,AMBC
2023-01-04 12:06:00,17.05,17.05,17.05,17.05,615,AMBC
2023-01-04 12:07:00,17.04,17.04,17.04,17.04,353,AMBC
2023-01-04 12:11:00,17.03,17.03,17.03,17.03,504,AMBC
2023-01-04 12:15:00,17.02,17.02,17.0,17.0,1565,AMBC
2023-01-04 12:16:00,16.98,16.99,16.98,16.99,1739,AMBC
2023-01-04 12:17:00,16.995,17.0,16.995,17.0,1130,AMBC
2023-01-04 12:20:00,17.01,17.01,17.01,17.01,3122,AMBC
2023-01-04 12:21:00,17.0,17.0,17.0,17.0,576,AMBC
2023-01-04 12:22:00,17.0,17.01,17.0,17.01,600,AMBC
2023-01-04 12:25:00,17.0,17.0,17.0,17.0,408,AMBC
2023-01-04 12:27:00,17.02,17.02,17.02,17.02,403,AMBC
2023-01-04 12:30:00,17.0,17.0,17.0,17.0,672,AMBC
2023-01-04 12:31:00,17.0,17.0,16.995,16.995,460,AMBC
2023-01-04 12:33:00,17.0,17.01,17.0,17.01,752,AMBC
2023-01-04 12:37:00,17.02,17.02,17.02,17.02,122,AMBC
2023-01-04 12:39:00,17.015,17.015,17.015,17.015,248,AMBC
2023-01-04 12:44:00,17.02,17.02,17.02,17.02,459,AMBC
2023-01-04 12:45:00,17.02,17.02,17.01,17.01,810,AMBC
2023-01-04 12:46:00,17.015,17.015,17.015,17.015,100,AMBC
2023-01-04 12:47:00,17.01,17.01,17.01,17.01,223,AMBC
2023-01-04 12:49:00,17.005,17.005,17.0,17.0,520,AMBC
2023-01-04 12:50:00,17.0,17.0,17.0,17.0,503,AMBC
2023-01-04 12:51:00,16.995,16.995,16.995,16.995,200,AMBC
2023-01-04 12:52:00,16.995,16.995,16.995,16.995,445,AMBC
2023-01-04 12:53:00,16.98,16.99,16.97,16.99,2419,AMBC
2023-01-04 12:54:00,16.985,16.985,16.985,16.985,100,AMBC
2023-01-04 12:56:00,16.99,16.99,16.99,16.99,473,AMBC
2023-01-04 12:57:00,16.995,16.995,16.995,16.995,421,AMBC
2023-01-04 12:58:00,16.99,16.99,16.99,16.99,312,AMBC
2023-01-04 12:59:00,16.98,16.99,16.98,16.99,843,AMBC
2023-01-04 13:00:00,16.99,16.99,16.99,16.99,112,AMBC
2023-01-04 13:01:00,17.0,17.005,17.0,17.005,740,AMBC
2023-01-04 13:02:00,17.0,17.0,16.99,16.99,807,AMBC
2023-01-04 13:03:00,16.99,16.99,16.99,16.99,468,AMBC
2023-01-04 13:04:00,16.98,16.98,16.97,16.97,873,AMBC
2023-01-04 13:07:00,16.965,16.965,16.96,16.96,1188,AMBC
2023-01-04 13:10:00,16.965,16.965,16.96,16.96,210,AMBC
2023-01-04 13:11:00,16.96,16.975,16.96,16.975,1575,AMBC
2023-01-04 13:13:00,16.98,17.0,16.98,17.0,656,AMBC
2023-01-04 13:14:00,17.0,17.0,17.0,17.0,414,AMBC
2023-01-04 13:16:00,17.01,17.01,17.01,17.01,201,AMBC
2023-01-04 13:17:00,17.02,17.02,17.02,17.02,254,AMBC
2023-01-04 13:21:00,17.02,17.06,17.02,17.06,2002,AMBC
2023-01-04 13:22:00,17.045,17.07,17.035,17.035,8808,AMBC
2023-01-04 13:26:00,17.04,17.04,17.04,17.04,100,AMBC
2023-01-04 13:28:00,17.04,17.04,17.04,17.04,200,AMBC
2023-01-04 13:29:00,17.04,17.04,17.03,17.03,788,AMBC
2023-01-04 13:33:00,17.04,17.04,17.04,17.04,100,AMBC
2023-01-04 13:35:00,17.03,17.03,17.03,17.03,186,AMBC
2023-01-04 13:37:00,17.03,17.03,17.03,17.03,100,AMBC
2023-01-04 13:38:00,17.04,17.04,17.04,17.04,124,AMBC
2023-01-04 13:40:00,17.035,17.04,17.035,17.04,913,AMBC
2023-01-04 13:41:00,17.035,17.035,17.035,17.035,200,AMBC
2023-01-04 13:42:00,17.04,17.04,17.04,17.04,1508,AMBC
2023-01-04 13:43:00,17.03,17.03,17.03,17.03,535,AMBC
2023-01-04 13:46:00,17.02,17.02,16.995,17.02,3256,AMBC
2023-01-04 13:47:00,17.02,17.02,17.02,17.02,571,AMBC
2023-01-04 13:48:00,17.03,17.03,17.015,17.015,736,AMBC
2023-01-04 13:49:00,17.015,17.015,17.015,17.015,153,AMBC
2023-01-04 13:51:00,17.01,17.01,17.01,17.01,102,AMBC
2023-01-04 13:54:00,17.01,17.01,17.0,17.0,3477,AMBC
2023-01-04 13:55:00,17.0,17.0,17.0,17.0,200,AMBC
2023-01-04 13:56:00,17.0,17.0,17.0,17.0,854,AMBC
2023-01-04 13:57:00,17.0,17.01,17.0,17.01,427,AMBC
2023-01-04 13:58:00,17.0,17.0,16.99,16.99,3277,AMBC
2023-01-04 13:59:00,16.99,16.99,16.99,16.99,200,AMBC
2023-01-04 14:00:00,16.99,16.99,16.97,16.99,2731,AMBC
2023-01-04 14:01:00,16.995,17.01,16.98,16.99,2892,AMBC
2023-01-04 14:02:00,16.98,16.98,16.98,16.98,658,AMBC
2023-01-04 14:03:00,16.985,16.99,16.975,16.99,2047,AMBC
2023-01-04 14:04:00,16.985,17.005,16.9825,17.0,4053,AMBC
2023-01-04 14:06:00,17.01,17.015,17.0,17.0,2039,AMBC
2023-01-04 14:07:00,17.0,17.005,17.0,17.0,501,AMBC
2023-01-04 14:09:00,17.005,17.005,16.99,17.0,1548,AMBC
2023-01-04 14:10:00,16.995,16.995,16.97,16.98,1546,AMBC
2023-01-04 14:11:00,16.97,16.98,16.96,16.98,1263,AMBC
2023-01-04 14:12:00,16.99,16.99,16.97,16.98,717,AMBC
2023-01-04 14:15:00,16.99,17.005,16.99,16.995,2760,AMBC
2023-01-04 14:16:00,17.0,17.005,16.995,17.0,3372,AMBC
2023-01-04 14:17:00,17.0,17.0,17.0,17.0,699,AMBC
2023-01-04 14:18:00,17.0,17.0,16.99,17.0,1351,AMBC
2023-01-04 14:19:00,17.0,17.0,17.0,17.0,703,AMBC
2023-01-04 14:20:00,17.0,17.0,17.0,17.0,534,AMBC
2023-01-04 14:21:00,17.0,17.0,17.0,17.0,1012,AMBC
2023-01-04 14:22:00,17.0,17.0,17.0,17.0,112,AMBC
2023-01-04 14:23:00,16.995,17.0,16.9925,16.995,1018,AMBC
2023-01-04 14:24:00,17.0,17.0,17.0,17.0,2435,AMBC
2023-01-04 14:26:00,16.995,16.995,16.99,16.995,1310,AMBC
2023-01-04 14:27:00,16.99,16.99,16.98,16.99,2272,AMBC
2023-01-04 14:28:00,16.97,16.97,16.96,16.96,692,AMBC
2023-01-04 14:29:00,16.97,16.97,16.97,16.97,442,AMBC
2023-01-04 14:30:00,16.96,16.96,16.96,16.96,110,AMBC
2023-01-04 14:37:00,16.96,16.962,16.96,16.962,1024,AMBC
2023-01-04 14:38:00,16.96,16.96,16.96,16.96,428,AMBC
2023-01-04 14:39:00,16.96,16.96,16.95,16.95,1290,AMBC
2023-01-04 14:40:00,16.945,16.945,16.945,16.945,100,AMBC
2023-01-04 14:41:00,16.94,16.94,16.94,16.94,193,AMBC
2023-01-04 14:42:00,16.955,16.955,16.955,16.955,322,AMBC
2023-01-04 14:43:00,16.95,16.95,16.95,16.95,133,AMBC
2023-01-04 14:44:00,16.955,16.955,16.955,16.955,101,AMBC
2023-01-04 14:45:00,16.95,16.95,16.91,16.93,23677,AMBC
2023-01-04 14:46:00,16.93,16.935,16.93,16.93,1367,AMBC
2023-01-04 14:47:00,16.935,16.945,16.935,16.945,1776,AMBC
2023-01-04 14:48:00,16.945,16.945,16.92,16.92,2103,AMBC
2023-01-04 14:49:00,16.92,16.925,16.92,16.92,798,AMBC
2023-01-04 14:50:00,16.915,16.915,16.89,16.89,927,AMBC
2023-01-04 14:51:00,16.88,16.88,16.86,16.86,890,AMBC
2023-01-04 14:52:00,16.86,16.86,16.86,16.86,316,AMBC
2023-01-04 14:54:00,16.87,16.88,16.87,16.875,1288,AMBC
2023-01-04 14:55:00,16.8765,16.8765,16.87,16.87,303,AMBC
2023-01-04 14:56:00,16.88,16.89,16.88,16.89,793,AMBC
2023-01-04 14:57:00,16.9,16.93,16.9,16.93,468,AMBC
2023-01-04 14:58:00,16.92,16.92,16.92,16.92,450,AMBC
2023-01-04 15:00:00,16.9248,16.9248,16.9248,16.9248,112,AMBC
2023-01-04 15:02:00,16.925,16.95,16.925,16.95,1734,AMBC
2023-01-04 15:04:00,16.95,16.95,16.94,16.94,1110,AMBC
2023-01-04 15:05:00,16.945,16.945,16.945,16.945,1013,AMBC
2023-01-04 15:07:00,16.9408,16.9408,16.94,16.94,1887,AMBC
2023-01-04 15:08:00,16.94,16.95,16.94,16.95,418,AMBC
2023-01-04 15:09:00,16.94,16.94,16.94,16.94,797,AMBC
2023-01-04 15:10:00,16.94,16.94,16.94,16.94,586,AMBC
2023-01-04 15:11:00,16.945,16.945,16.945,16.945,110,AMBC
2023-01-04 15:13:00,16.95,16.97,16.95,16.97,2549,AMBC
2023-01-04 15:14:00,16.97,16.97,16.97,16.97,210,AMBC
2023-01-04 15:15:00,16.98,16.98,16.98,16.98,286,AMBC
2023-01-04 15:16:00,16.99,16.99,16.99,16.99,110,AMBC
2023-01-04 15:18:00,16.995,16.995,16.995,16.995,119,AMBC
2023-01-04 15:19:00,17.0,17.02,16.98,16.98,3683,AMBC
2023-01-04 15:20:00,16.97,16.97,16.97,16.97,610,AMBC
2023-01-04 15:22:00,16.96,16.96,16.945,16.945,1500,AMBC
2023-01-04 15:23:00,16.945,16.945,16.93,16.93,1029,AMBC
2023-01-04 15:24:00,16.91,16.91,16.91,16.91,545,AMBC
2023-01-04 15:26:00,16.915,16.92,16.915,16.915,691,AMBC
2023-01-04 15:27:00,16.915,16.92,16.915,16.915,706,AMBC
2023-01-04 15:28:00,16.915,16.915,16.895,16.9,1173,AMBC
2023-01-04 15:29:00,16.88,16.88,16.88,16.88,422,AMBC
2023-01-04 15:30:00,16.87,16.885,16.85,16.85,3323,AMBC
2023-01-04 15:31:00,16.88,16.885,16.88,16.885,928,AMBC
2023-01-04 15:32:00,16.88,16.89,16.88,16.88,697,AMBC
2023-01-04 15:34:00,16.86,16.86,16.84,16.84,924,AMBC
2023-01-04 15:35:00,16.82,16.825,16.82,16.825,424,AMBC
2023-01-04 15:36:00,16.83,16.84,16.82,16.82,2294,AMBC
2023-01-04 15:37:00,16.8,16.81,16.79,16.79,1033,AMBC
2023-01-04 15:39:00,16.795,16.795,16.795,16.795,215,AMBC
2023-01-04 15:40:00,16.8,16.805,16.8,16.8,1699,AMBC
2023-01-04 15:41:00,16.8,16.805,16.79,16.79,1833,AMBC
2023-01-04 15:42:00,16.8,16.8,16.8,16.8,363,AMBC
2023-01-04 15:43:00,16.8,16.8,16.79,16.79,1723,AMBC
2023-01-04 15:44:00,16.8,16.8,16.8,16.8,367,AMBC
2023-01-04 15:45:00,16.8,16.815,16.79,16.79,1684,AMBC
2023-01-04 15:46:00,16.795,16.8,16.785,16.795,2906,AMBC
2023-01-04 15:47:00,16.8,16.8,16.8,16.8,818,AMBC
2023-01-04 15:48:00,16.82,16.82,16.81,16.82,1499,AMBC
2023-01-04 15:49:00,16.81,16.81,16.805,16.805,706,AMBC
2023-01-04 15:50:00,16.805,16.82,16.805,16.815,2839,AMBC
2023-01-04 15:51:00,16.82,16.825,16.81,16.81,2490,AMBC
2023-01-04 15:52:00,16.81,16.82,16.81,16.815,1531,AMBC
2023-01-04 15:53:00,16.815,16.82,16.805,16.805,1843,AMBC
2023-01-04 15:54:00,16.8,16.8,16.78,16.795,4270,AMBC
2023-01-04 15:55:00,16.795,16.795,16.795,16.795,769,AMBC
2023-01-04 15:56:00,16.8,16.81,16.8,16.81,2393,AMBC
2023-01-04 15:57:00,16.81,16.815,16.805,16.815,1467,AMBC
2023-01-04 15:58:00,16.815,16.83,16.805,16.83,4636,AMBC
2023-01-04 15:59:00,16.82,16.825,16.82,16.82,3060,AMBC
2023-01-04 16:00:00,16.82,16.82,16.79,16.79,10450,AMBC
2023-01-04 16:01:00,16.79,16.79,16.79,16.79,663,AMBC
2023-01-04 16:02:00,16.79,16.79,16.79,16.79,72908,AMBC
2023-01-05 09:27:00,16.59,16.59,16.59,16.59,200,AMBC
2023-01-05 09:31:00,16.75,16.75,16.75,16.75,1158,AMBC
2023-01-05 09:35:00,16.755,16.8,16.755,16.8,469,AMBC
2023-01-05 09:40:00,16.68,16.68,16.68,16.68,688,AMBC
2023-01-05 09:42:00,16.67,16.67,16.6275,16.6275,3265,AMBC
2023-01-05 09:43:00,16.63,16.68,16.63,16.68,2545,AMBC
2023-01-05 09:44:00,16.68,16.68,16.58,16.58,1733,AMBC
2023-01-05 09:59:00,16.62,16.63,16.62,16.63,212,AMBC
2023-01-05 10:02:00,16.61,16.675,16.6,16.675,1462,AMBC
2023-01-05 10:06:00,16.66,16.69,16.66,16.69,435,AMBC
2023-01-05 10:09:00,16.7,16.72,16.68,16.68,1719,AMBC
2023-01-05 10:14:00,16.7,16.7,16.7,16.7,134,AMBC
2023-01-05 10:15:00,16.71,16.71,16.71,16.71,600,AMBC
2023-01-05 10:19:00,16.69,16.7,16.69,16.7,201,AMBC
2023-01-05 10:22:00,16.68,16.68,16.68,16.68,116,AMBC
2023-01-05 10:23:00,16.69,16.69,16.69,16.69,214,AMBC
2023-01-05 10:26:00,16.69,16.69,16.69,16.69,120,AMBC
2023-01-05 10:29:00,16.695,16.715,16.695,16.715,964,AMBC
2023-01-05 10:32:00,16.7,16.72,16.7,16.72,781,AMBC
2023-01-05 10:36:00,16.7,16.7,16.695,16.695,504,AMBC
2023-01-05 10:39:00,16.72,16.72,16.72,16.72,102,AMBC
2023-01-05 10:41:00,16.72,16.72,16.72,16.72,384,AMBC
2023-01-05 10:43:00,16.705,16.705,16.705,16.705,101,AMBC
2023-01-05 10:44:00,16.7,16.7,16.7,16.7,204,AMBC
2023-01-05 10:45:00,16.7008,16.7008,16.7008,16.7008,725,AMBC
2023-01-05 10:46:00,16.69,16.69,16.68,16.68,605,AMBC
2023-01-05 10:47:00,16.67,16.67,16.67,16.67,211,AMBC
2023-01-05 10:48:00,16.67,16.67,16.67,16.67,104,AMBC
2023-01-05 10:52:00,16.65,16.65,16.63,16.63,1414,AMBC
2023-01-05 10:53:00,16.62,16.62,16.62,16.62,300,AMBC
2023-01-05 10:55:00,16.61,16.61,16.61,16.61,102,AMBC
2023-01-05 10:56:00,16.6,16.6,16.6,16.6,107,AMBC
2023-01-05 10:58:00,16.61,16.61,16.61,16.61,651,AMBC
2023-01-05 10:59:00,16.61,16.65,16.61,16.65,2123,AMBC
2023-01-05 11:01:00,16.64,16.64,16.635,16.635,562,AMBC
2023-01-05 11:02:00,16.63,16.63,16.63,16.63,300,AMBC
2023-01-05 11:04:00,16.62,16.63,16.62,16.63,703,AMBC
2023-01-05 11:08:00,16.64,16.645,16.64,16.64,515,AMBC
2023-01-05 11:09:00,16.64,16.64,16.64,16.64,200,AMBC
2023-01-05 11:11:00,16.64,16.64,16.64,16.64,122,AMBC
2023-01-05 11:13:00,16.63,16.63,16.63,16.63,429,AMBC
2023-01-05 11:14:00,16.645,16.65,16.645,16.65,508,AMBC
2023-01-05 11:15:00,16.645,16.645,16.645,16.645,176,AMBC
2023-01-05 11:16:00,16.63,16.63,16.62,16.62,2419,AMBC
2023-01-05 11:18:00,16.63,16.665,16.63,16.665,1613,AMBC
2023-01-05 11:21:00,16.65,16.65,16.64,16.64,1383,AMBC
2023-01-05 11:25:00,16.62,16.64,16.61,16.64,1464,AMBC
2023-01-05 11:37:00,16.645,16.645,16.64,16.64,210,AMBC
2023-01-05 11:38:00,16.63,16.6376,16.63,16.6376,367,AMBC
2023-01-05 11:47:00,16.65,16.65,16.64,16.64,1687,AMBC
2023-01-05 11:51:00,16.6447,16.6447,16.63,16.63,2947,AMBC
2023-01-05 11:52:00,16.615,16.615,16.615,16.615,152,AMBC
2023-01-05 11:53:00,16.61,16.61,16.61,16.61,110,AMBC
2023-01-05 11:58:00,16.605,16.605,16.59,16.59,520,AMBC
2023-01-05 12:00:00,16.58,16.59,16.58,16.59,850,AMBC
2023-01-05 12:01:00,16.6,16.6,16.6,16.6,270,AMBC
2023-01-05 12:02:00,16.61,16.62,16.61,16.615,606,AMBC
2023-01-05 12:03:00,16.62,16.62,16.62,16.62,101,AMBC
2023-01-05 12:05:00,16.62,16.62,16.62,16.62,100,AMBC
2023-01-05 12:07:00,16.62,16.62,16.61,16.61,781,AMBC
2023-01-05 12:08:00,16.62,16.62,16.62,16.62,117,AMBC
2023-01-05 12:09:00,16.615,16.615,16.615,16.615,300,AMBC
2023-01-05 12:10:00,16.615,16.615,16.615,16.615,102,AMBC
2023-01-05 12:11:00,16.61,16.61,16.61,16.61,406,AMBC
2023-01-05 12:12:00,16.6,16.6,16.6,16.6,221,AMBC
2023-01-05 12:14:00,16.6,16.6,16.6,16.6,320,AMBC
2023-01-05 12:16:00,16.62,16.62,16.62,16.62,151,AMBC
2023-01-05 12:17:00,16.62,16.62,16.62,16.62,101,AMBC
2023-01-05 12:18:00,16.62,16.62,16.62,16.62,142,AMBC
2023-01-05 12:20:00,16.61,16.61,16.61,16.61,646,AMBC
2023-01-05 12:21:00,16.61,16.61,16.61,16.61,100,AMBC
2023-01-05 12:22:00,16.61,16.61,16.61,16.61,215,AMBC
2023-01-05 12:23:00,16.61,16.61,16.61,16.61,105,AMBC
2023-01-05 12:26:00,16.62,16.62,16.62,16.62,134,AMBC
2023-01-05 12:27:00,16.62,16.64,16.62,16.64,1062,AMBC
2023-01-05 12:30:00,16.64,16.64,16.64,16.64,120,AMBC
2023-01-05 12:31:00,16.64,16.64,16.64,16.64,226,AMBC
2023-01-05 12:32:00,16.64,16.64,16.64,16.64,100,AMBC
2023-01-05 12:33:00,16.65,16.66,16.65,16.66,1120,AMBC
2023-01-05 12:37:00,16.66,16.66,16.655,16.655,414,AMBC
2023-01-05 12:38:00,16.66,16.66,16.66,16.66,134,AMBC
2023-01-05 12:42:00,16.65,16.65,16.645,16.645,459,AMBC
2023-01-05 12:44:00,16.655,16.655,16.655,16.655,245,AMBC
2023-01-05 12:49:00,16.65,16.65,16.65,16.65,210,AMBC
2023-01-05 12:52:00,16.64,16.64,16.64,16.64,100,AMBC
2023-01-05 12:57:00,16.645,16.645,16.645,16.645,250,AMBC
2023-01-05 13:00:00,16.645,16.645,16.645,16.645,100,AMBC
2023-01-05 13:02:00,16.645,16.645,16.64,16.64,1238,AMBC
2023-01-05 13:03:00,16.63,16.63,16.63,16.63,601,AMBC
2023-01-05 13:04:00,16.62,16.63,16.62,16.63,1333,AMBC
2023-01-05 13:05:00,16.645,16.645,16.645,16.645,151,AMBC
2023-01-05 13:07:00,16.65,16.65,16.65,16.65,100,AMBC
2023-01-05 13:08:00,16.66,16.665,16.66,16.665,545,AMBC
2023-01-05 13:12:00,16.675,16.675,16.675,16.675,100,AMBC
2023-01-05 13:13:00,16.67,16.67,16.67,16.67,767,AMBC
2023-01-05 13:16:00,16.67,16.67,16.67,16.67,100,AMBC
2023-01-05 13:21:00,16.66,16.685,16.66,16.68,1598,AMBC
2023-01-05 13:22:00,16.67,16.67,16.67,16.67,529,AMBC
2023-01-05 13:25:00,16.7,16.7,16.69,16.69,433,AMBC
2023-01-05 13:28:00,16.685,16.69,16.685,16.69,300,AMBC
2023-01-05 13:31:00,16.7,16.7,16.7,16.7,200,AMBC
2023-01-05 13:33:00,16.69,16.69,16.69,16.69,261,AMBC
2023-01-05 13:37:00,16.695,16.695,16.69,16.69,824,AMBC
2023-01-05 13:40:00,16.68,16.68,16.675,16.675,635,AMBC
2023-01-05 13:42:00,16.68,16.68,16.68,16.68,1103,AMBC
2023-01-05 13:44:00,16.68,16.68,16.665,16.665,685,AMBC
2023-01-05 13:46:00,16.66,16.66,16.66,16.66,690,AMBC
2023-01-05 13:49:00,16.66,16.66,16.66,16.66,484,AMBC
2023-01-05 13:51:00,16.655,16.66,16.655,16.66,310,AMBC
2023-01-05 13:52:00,16.67,16.68,16.67,16.68,432,AMBC
2023-01-05 13:53:00,16.685,16.7,16.685,16.69,2393,AMBC
2023-01-05 13:54:00,16.69,16.69,16.69,16.69,300,AMBC
2023-01-05 13:55:00,16.7,16.79,16.7,16.75,8387,AMBC
2023-01-05 13:56:00,16.75,16.75,16.75,16.75,100,AMBC
2023-01-05 13:58:00,16.745,16.745,16.745,16.745,105,AMBC
2023-01-05 13:59:00,16.735,16.74,16.735,16.74,349,AMBC
2023-01-05 14:01:00,16.75,16.775,16.75,16.775,1513,AMBC
2023-01-05 14:04:00,16.78,16.78,16.78,16.78,236,AMBC
2023-01-05 14:06:00,16.76,16.77,16.71,16.73,6971,AMBC
2023-01-05 14:08:00,16.74,16.74,16.74,16.74,322,AMBC
2023-01-05 14:09:00,16.74,16.74,16.74,16.74,436,AMBC
2023-01-05 14:11:00,16.73,16.73,16.72,16.72,383,AMBC
2023-01-05 14:12:00,16.72,16.72,16.72,16.72,300,AMBC
2023-01-05 14:13:00,16.72,16.72,16.72,16.72,315,AMBC
2023-01-05 14:15:00,16.71,16.71,16.7,16.7,1667,AMBC
2023-01-05 14:16:00,16.7,16.7,16.7,16.7,414,AMBC
2023-01-05 14:17:00,16.71,16.71,16.695,16.695,706,AMBC
2023-01-05 14:18:00,16.7,16.705,16.7,16.705,642,AMBC
2023-01-05 14:20:00,16.705,16.705,16.705,16.705,100,AMBC
2023-01-05 14:21:00,16.7,16.7,16.695,16.7,1006,AMBC
2023-01-05 14:22:00,16.695,16.695,16.695,16.695,600,AMBC
2023-01-05 14:23:00,16.705,16.705,16.705,16.705,233,AMBC
2023-01-05 14:27:00,16.7,16.7,16.7,16.7,100,AMBC
2023-01-05 14:28:00,16.7,16.7,16.7,16.7,203,AMBC
2023-01-05 14:29:00,16.695,16.695,16.695,16.695,367,AMBC
2023-01-05 14:30:00,16.7,16.7,16.7,16.7,100,AMBC
2023-01-05 14:31:00,16.7,16.7,16.7,16.7,155,AMBC
2023-01-05 14:32:00,16.71,16.71,16.71,16.71,678,AMBC
2023-01-05 14:37:00,16.7,16.7,16.7,16.7,101,AMBC
2023-01-05 14:38:00,16.72,16.72,16.72,16.72,326,AMBC
2023-01-05 14:40:00,16.715,16.715,16.71,16.71,820,AMBC
2023-01-05 14:44:00,16.7,16.7,16.7,16.7,394,AMBC
2023-01-05 14:47:00,16.71,16.715,16.71,16.71,755,AMBC
2023-01-05 14:48:00,16.71,16.71,16.71,16.71,173,AMBC
2023-01-05 14:50:00,16.71,16.72,16.71,16.71,946,AMBC
2023-01-05 14:53:00,16.71,16.71,16.71,16.71,518,AMBC
2023-01-05 14:54:00,16.7,16.7,16.7,16.7,266,AMBC
2023-01-05 14:57:00,16.69,16.69,16.69,16.69,199,AMBC
2023-01-05 14:58:00,16.685,16.69,16.685,16.69,406,AMBC
2023-01-05 14:59:00,16.685,16.69,16.685,16.69,370,AMBC
2023-01-05 15:00:00,16.69,16.69,16.69,16.69,192,AMBC
2023-01-05 15:01:00,16.685,16.69,16.685,16.685,1234,AMBC
2023-01-05 15:02:00,16.685,16.685,16.685,16.685,200,AMBC
2023-01-05 15:03:00,16.685,16.685,16.685,16.685,120,AMBC
2023-01-05 15:04:00,16.68,16.685,16.68,16.68,455,AMBC
2023-01-05 15:05:00,16.69,16.69,16.69,16.69,379,AMBC
2023-01-05 15:07:00,16.69,16.69,16.69,16.69,210,AMBC
2023-01-05 15:10:00,16.7,16.7,16.695,16.7,1135,AMBC
2023-01-05 15:12:00,16.7,16.7,16.7,16.7,1110,AMBC
2023-01-05 15:13:00,16.7,16.7,16.7,16.7,300,AMBC
2023-01-05 15:16:00,16.71,16.72,16.71,16.72,800,AMBC
2023-01-05 15:19:00,16.715,16.715,16.715,16.715,100,AMBC
2023-01-05 15:20:00,16.71,16.71,16.695,16.695,2128,AMBC
2023-01-05 15:21:00,16.7,16.7,16.7,16.7,300,AMBC
2023-01-05 15:22:00,16.7,16.7,16.7,16.7,356,AMBC
2023-01-05 15:23:00,16.7,16.7,16.67,16.67,1939,AMBC
2023-01-05 15:24:00,16.67,16.68,16.67,16.68,1280,AMBC
2023-01-05 15:26:00,16.67,16.67,16.66,16.66,2279,AMBC
2023-01-05 15:27:00,16.65,16.65,16.65,16.65,742,AMBC
2023-01-05 15:28:00,16.65,16.65,16.65,16.65,202,AMBC
2023-01-05 15:29:00,16.65,16.65,16.65,16.65,200,AMBC
2023-01-05 15:30:00,16.65,16.65,16.65,16.65,716,AMBC
2023-01-05 15:31:00,16.64,16.64,16.62,16.62,1166,AMBC
2023-01-05 15:32:00,16.62,16.645,16.62,16.645,4328,AMBC
2023-01-05 15:33:00,16.645,16.68,16.62,16.68,20698,AMBC
2023-01-05 15:34:00,16.68,16.68,16.68,16.68,1206,AMBC
2023-01-05 15:35:00,16.68,16.68,16.675,16.68,2587,AMBC
2023-01-05 15:36:00,16.675,16.68,16.675,16.68,674,AMBC
2023-01-05 15:37:00,16.68,16.69,16.68,16.68,835,AMBC
2023-01-05 15:38:00,16.68,16.68,16.675,16.675,986,AMBC
2023-01-05 15:39:00,16.675,16.675,16.675,16.675,652,AMBC
2023-01-05 15:40:00,16.675,16.675,16.675,16.675,839,AMBC
2023-01-05 15:41:00,16.675,16.685,16.675,16.68,2539,AMBC
2023-01-05 15:42:00,16.68,16.68,16.675,16.675,910,AMBC
2023-01-05 15:43:00,16.675,16.675,16.6744,16.6744,1922,AMBC
2023-01-05 15:44:00,16.675,16.675,16.675,16.675,980,AMBC
2023-01-05 15:45:00,16.675,16.675,16.675,16.675,844,AMBC
2023-01-05 15:46:00,16.675,16.675,16.67,16.675,1542,AMBC
2023-01-05 15:47:00,16.675,16.68,16.64,16.645,4944,AMBC
2023-01-05 15:48:00,16.645,16.645,16.63,16.635,1756,AMBC
2023-01-05 15:49:00,16.635,16.635,16.625,16.625,917,AMBC
2023-01-05 15:50:00,16.625,16.645,16.625,16.64,3208,AMBC
2023-01-05 15:51:00,16.64,16.64,16.63,16.635,3364,AMBC
2023-01-05 15:52:00,16.64,16.645,16.63,16.645,6081,AMBC
2023-01-05 15:53:00,16.64,16.655,16.64,16.655,4709,AMBC
2023-01-05 15:54:00,16.66,16.67,16.66,16.67,4229,AMBC
2023-01-05 15:55:00,16.67,16.68,16.66,16.675,4433,AMBC
2023-01-05 15:56:00,16.68,16.7,16.675,16.69,7027,AMBC
2023-01-05 15:57:00,16.69,16.71,16.69,16.71,4415,AMBC
2023-01-05 15:58:00,16.71,16.71,16.69,16.69,12837,AMBC
2023-01-05 15:59:00,16.69,16.69,16.67,16.67,7943,AMBC
2023-01-05 16:00:00,16.68,16.71,16.68,16.708,14810,AMBC
2023-01-05 16:01:00,16.7,16.7,16.7,16.7,1355,AMBC
2023-01-05 16:02:00,16.7,16.7,16.7,16.7,1713,AMBC
2023-01-05 17:43:00,16.75,16.75,16.75,16.75,500,AMBC
2023-01-05 18:33:00,16.75,16.75,16.75,16.75,600,AMBC
2023-01-06 09:31:00,16.85,16.85,16.85,16.85,1161,AMBC
2023-01-06 09:35:00,16.845,16.845,16.845,16.845,1168,AMBC
2023-01-06 09:38:00,16.78,16.78,16.75,16.75,861,AMBC
2023-01-06 09:44:00,16.72,16.74,16.72,16.74,850,AMBC
2023-01-06 09:56:00,16.75,16.79,16.75,16.79,956,AMBC
2023-01-06 10:00:00,16.7593,16.7593,16.7593,16.7593,710,AMBC
2023-01-06 10:01:00,16.79,16.79,16.765,16.79,715,AMBC
2023-01-06 10:02:00,16.78,16.81,16.78,16.79,2098,AMBC
2023-01-06 10:03:00,16.8,16.85,16.8,16.85,1254,AMBC
2023-01-06 10:04:00,16.81,16.815,16.81,16.815,437,AMBC
2023-01-06 10:05:00,16.8,16.8,16.8,16.8,249,AMBC
2023-01-06 10:06:00,16.8,16.8,16.8,16.8,108,AMBC
2023-01-06 10:09:00,16.805,16.805,16.805,16.805,138,AMBC
2023-01-06 10:11:00,16.81,16.81,16.81,16.81,193,AMBC
2023-01-06 10:13:00,16.8,16.815,16.8,16.815,603,AMBC
2023-01-06 10:14:00,16.81,16.81,16.81,16.81,232,AMBC
2023-01-06 10:15:00,16.795,16.795,16.795,16.795,101,AMBC
2023-01-06 10:18:00,16.8,16.81,16.8,16.81,542,AMBC
2023-01-06 10:20:00,16.819,16.83,16.775,16.775,3810,AMBC
2023-01-06 10:22:00,16.775,16.775,16.775,16.775,244,AMBC
2023-01-06 10:23:00,16.78,16.78,16.775,16.775,332,AMBC
2023-01-06 10:24:00,16.775,16.8,16.775,16.8,3579,AMBC
2023-01-06 10:26:00,16.82,16.82,16.802,16.802,1031,AMBC
2023-01-06 10:28:00,16.805,16.805,16.805,16.805,203,AMBC
2023-01-06 10:29:00,16.81,16.81,16.81,16.81,106,AMBC
2023-01-06 10:31:00,16.82,16.82,16.82,16.82,478,AMBC
2023-01-06 10:32:00,16.825,16.835,16.785,16.785,5042,AMBC
2023-01-06 10:37:00,16.79,16.805,16.79,16.805,3665,AMBC
2023-01-06 10:38:00,16.8,16.805,16.785,16.8,4943,AMBC
2023-01-06 10:42:00,16.8,16.84,16.8,16.84,1717,AMBC
2023-01-06 10:46:00,16.82,16.82,16.79,16.79,1638,AMBC
2023-01-06 10:50:00,16.7839,16.79,16.7839,16.79,1055,AMBC
2023-01-06 10:51:00,16.79,16.79,16.79,16.79,208,AMBC
2023-01-06 10:52:00,16.8,16.805,16.79,16.795,2679,AMBC
2023-01-06 10:56:00,16.79,16.79,16.785,16.79,1743,AMBC
2023-01-06 10:57:00,16.8,16.8,16.77,16.77,2652,AMBC
2023-01-06 10:58:00,16.77,16.77,16.77,16.77,200,AMBC
2023-01-06 11:00:00,16.775,16.775,16.77,16.775,623,AMBC
2023-01-06 11:01:00,16.77,16.77,16.77,16.77,157,AMBC
2023-01-06 11:02:00,16.77,16.77,16.765,16.765,708,AMBC
2023-01-06 11:03:00,16.77,16.77,16.77,16.77,118,AMBC
2023-01-06 11:04:00,16.77,16.77,16.77,16.77,120,AMBC
2023-01-06 11:06:00,16.77,16.77,16.77,16.77,112,AMBC
2023-01-06 11:08:00,16.77,16.77,16.77,16.77,309,AMBC
2023-01-06 11:10:00,16.78,16.78,16.78,16.78,687,AMBC
2023-01-06 11:12:00,16.78,16.78,16.78,16.78,114,AMBC
2023-01-06 11:13:00,16.78,16.78,16.78,16.78,263,AMBC
2023-01-06 11:16:00,16.79,16.79,16.79,16.79,103,AMBC
2023-01-06 11:18:00,16.785,16.785,16.77,16.78,1904,AMBC
2023-01-06 11:20:00,16.7882,16.7882,16.7882,16.7882,101,AMBC
2023-01-06 11:22:00,16.79,16.805,16.79,16.805,880,AMBC
2023-01-06 11:24:00,16.8,16.8,16.8,16.8,201,AMBC
2023-01-06 11:26:00,16.8039,16.8039,16.8039,16.8039,131,AMBC
2023-01-06 11:28:00,16.8,16.8,16.8,16.8,117,AMBC
2023-01-06 11:30:00,16.8,16.8,16.8,16.8,160,AMBC
2023-01-06 11:36:00,16.8,16.8,16.8,16.8,201,AMBC
2023-01-06 11:37:00,16.796,16.796,16.796,16.796,112,AMBC
2023-01-06 11:38:00,16.79,16.79,16.78,16.78,2634,AMBC
2023-01-06 11:39:00,16.79,16.81,16.78,16.81,3751,AMBC
2023-01-06 11:40:00,16.805,16.81,16.805,16.81,202,AMBC
2023-01-06 11:42:00,16.8,16.8,16.8,16.8,387,AMBC
2023-01-06 11:43:00,16.79,16.795,16.79,16.795,302,AMBC
2023-01-06 11:44:00,16.795,16.795,16.795,16.795,135,AMBC
2023-01-06 11:45:00,16.795,16.795,16.79,16.79,536,AMBC
2023-01-06 11:47:00,16.79,16.79,16.79,16.79,113,AMBC
2023-01-06 11:50:00,16.8,16.8,16.78,16.78,1288,AMBC
2023-01-06 11:51:00,16.79,16.79,16.78,16.78,1371,AMBC
2023-01-06 11:52:00,16.775,16.775,16.775,16.775,142,AMBC
2023-01-06 11:53:00,16.78,16.78,16.78,16.78,102,AMBC
2023-01-06 11:54:00,16.78,16.785,16.78,16.785,588,AMBC
2023-01-06 11:55:00,16.785,16.785,16.785,16.785,117,AMBC
2023-01-06 11:57:00,16.785,16.785,16.785,16.785,102,AMBC
2023-01-06 11:59:00,16.785,16.785,16.785,16.785,127,AMBC
2023-01-06 12:00:00,16.78,16.79,16.78,16.785,3092,AMBC
2023-01-06 12:02:00,16.79,16.8,16.79,16.8,1735,AMBC
2023-01-06 12:03:00,16.79,16.79,16.79,16.79,370,AMBC
2023-01-06 12:07:00,16.79,16.79,16.79,16.79,213,AMBC
2023-01-06 12:08:00,16.79,16.79,16.79,16.79,315,AMBC
2023-01-06 12:10:00,16.79,16.79,16.79,16.79,101,AMBC
2023-01-06 12:12:00,16.79,16.79,16.79,16.79,103,AMBC
2023-01-06 12:14:00,16.79,16.79,16.79,16.79,167,AMBC
2023-01-06 12:15:00,16.79,16.79,16.79,16.79,419,AMBC
2023-01-06 12:18:00,16.79,16.79,16.79,16.79,105,AMBC
2023-01-06 12:19:00,16.7949,16.7949,16.7949,16.7949,360,AMBC
2023-01-06 12:20:00,16.8,16.8,16.8,16.8,108,AMBC
2023-01-06 12:21:00,16.8,16.8,16.8,16.8,145,AMBC
2023-01-06 12:24:00,16.79,16.79,16.78,16.78,3498,AMBC
2023-01-06 12:25:00,16.78,16.78,16.765,16.765,705,AMBC
2023-01-06 12:26:00,16.76,16.76,16.76,16.76,106,AMBC
2023-01-06 12:27:00,16.765,16.785,16.765,16.785,1687,AMBC
2023-01-06 12:28:00,16.785,16.785,16.785,16.785,115,AMBC
2023-01-06 12:29:00,16.78,16.78,16.78,16.78,201,AMBC
2023-01-06 12:30:00,16.79,16.79,16.79,16.79,233,AMBC
2023-01-06 12:32:00,16.789,16.789,16.789,16.789,160,AMBC
2023-01-06 12:33:00,16.77,16.78,16.77,16.78,271,AMBC
2023-01-06 12:34:00,16.78,16.78,16.78,16.78,301,AMBC
2023-01-06 12:35:00,16.78,16.78,16.78,16.78,212,AMBC
2023-01-06 12:39:00,16.78,16.78,16.78,16.78,211,AMBC
2023-01-06 12:41:00,16.78,16.78,16.78,16.78,108,AMBC
2023-01-06 12:43:00,16.78,16.78,16.78,16.78,201,AMBC
2023-01-06 12:44:00,16.78,16.78,16.78,16.78,105,AMBC
2023-01-06 12:45:00,16.79,16.79,16.77,16.78,700,AMBC
2023-01-06 12:46:00,16.78,16.78,16.78,16.78,108,AMBC
2023-01-06 12:47:00,16.78,16.78,16.78,16.78,127,AMBC
2023-01-06 12:52:00,16.77,16.78,16.77,16.78,559,AMBC
2023-01-06 12:53:00,16.78,16.78,16.78,16.78,233,AMBC
2023-01-06 12:54:00,16.77,16.78,16.76,16.76,2450,AMBC
2023-01-06 12:57:00,16.76,16.76,16.76,16.76,460,AMBC
2023-01-06 12:58:00,16.76,16.76,16.76,16.76,100,AMBC
2023-01-06 12:59:00,16.75,16.75,16.75,16.75,100,AMBC
2023-01-06 13:00:00,16.76,16.76,16.76,16.76,326,AMBC
2023-01-06 13:02:00,16.77,16.77,16.77,16.77,1162,AMBC
2023-01-06 13:05:00,16.775,16.775,16.77,16.775,922,AMBC
2023-01-06 13:06:00,16.78,16.785,16.78,16.785,801,AMBC
2023-01-06 13:08:00,16.79,16.79,16.79,16.79,226,AMBC
2023-01-06 13:09:00,16.79,16.79,16.79,16.79,209,AMBC
2023-01-06 13:12:00,16.78,16.785,16.78,16.785,1025,AMBC
2023-01-06 13:16:00,16.78,16.78,16.78,16.78,351,AMBC
2023-01-06 13:18:00,16.78,16.78,16.78,16.78,107,AMBC
2023-01-06 13:19:00,16.78,16.78,16.78,16.78,102,AMBC
2023-01-06 13:20:00,16.77,16.78,16.76,16.78,2203,AMBC
2023-01-06 13:21:00,16.78,16.78,16.78,16.78,301,AMBC
2023-01-06 13:26:00,16.77,16.78,16.77,16.78,312,AMBC
2023-01-06 13:29:00,16.79,16.8,16.79,16.8,5228,AMBC
2023-01-06 13:31:00,16.79,16.79,16.79,16.79,307,AMBC
2023-01-06 13:32:00,16.79,16.79,16.79,16.79,1075,AMBC
2023-01-06 13:34:00,16.79,16.79,16.79,16.79,220,AMBC
2023-01-06 13:36:00,16.78,16.78,16.78,16.78,100,AMBC
2023-01-06 13:37:00,16.78,16.78,16.78,16.78,700,AMBC
2023-01-06 13:39:00,16.79,16.79,16.79,16.79,748,AMBC
2023-01-06 13:40:00,16.79,16.79,16.785,16.785,1102,AMBC
2023-01-06 13:42:00,16.79,16.79,16.79,16.79,107,AMBC
2023-01-06 13:45:00,16.785,16.785,16.785,16.785,400,AMBC
2023-01-06 13:47:00,16.78,16.785,16.78,16.785,792,AMBC
2023-01-06 13:48:00,16.79,16.795,16.79,16.795,2165,AMBC
2023-01-06 13:49:00,16.8,16.82,16.795,16.82,2334,AMBC
2023-01-06 13:50:00,16.825,16.825,16.82,16.82,1102,AMBC
2023-01-06 13:54:00,16.82,16.83,16.82,16.83,765,AMBC
2023-01-06 13:56:00,16.83,16.84,16.83,16.84,1768,AMBC
2023-01-06 13:57:00,16.845,16.845,16.845,16.845,273,AMBC
2023-01-06 13:58:00,16.85,16.85,16.85,16.85,201,AMBC
2023-01-06 13:59:00,16.86,16.86,16.85,16.85,1181,AMBC
2023-01-06 14:01:00,16.86,16.86,16.8595,16.86,2518,AMBC
2023-01-06 14:03:00,16.855,16.86,16.855,16.855,1202,AMBC
2023-01-06 14:04:00,16.85,16.855,16.84,16.84,1933,AMBC
2023-01-06 14:05:00,16.835,16.84,16.83,16.83,1111,AMBC
2023-01-06 14:08:00,16.81,16.81,16.81,16.81,442,AMBC
2023-01-06 14:09:00,16.79,16.79,16.79,16.79,501,AMBC
2023-01-06 14:11:00,16.81,16.815,16.81,16.81,600,AMBC
2023-01-06 14:12:00,16.81,16.81,16.81,16.81,204,AMBC
2023-01-06 14:13:00,16.81,16.81,16.81,16.81,223,AMBC
2023-01-06 14:15:00,16.81,16.81,16.81,16.81,700,AMBC
2023-01-06 14:16:00,16.805,16.815,16.8,16.8,3144,AMBC
2023-01-06 14:20:00,16.81,16.815,16.8,16.8,1356,AMBC
2023-01-06 14:25:00,16.81,16.81,16.8,16.8,404,AMBC
2023-01-06 14:26:00,16.805,16.805,16.805,16.805,200,AMBC
2023-01-06 14:27:00,16.805,16.805,16.8,16.8,1012,AMBC
2023-01-06 14:28:00,16.805,16.805,16.805,16.805,289,AMBC
2023-01-06 14:29:00,16.8,16.8,16.8,16.8,167,AMBC
2023-01-06 14:30:00,16.8,16.8,16.795,16.795,904,AMBC
2023-01-06 14:31:00,16.79,16.8,16.79,16.8,813,AMBC
2023-01-06 14:35:00,16.8,16.8,16.8,16.8,297,AMBC
2023-01-06 14:40:00,16.8,16.8,16.8,16.8,206,AMBC
2023-01-06 14:41:00,16.79,16.8,16.79,16.8,1000,AMBC
2023-01-06 14:42:00,16.8,16.8,16.8,16.8,101,AMBC
2023-01-06 14:43:00,16.8,16.8,16.8,16.8,103,AMBC
2023-01-06 14:45:00,16.79,16.79,16.79,16.79,235,AMBC
2023-01-06 14:46:00,16.8,16.8,16.79,16.79,1395,AMBC
2023-01-06 14:47:00,16.79,16.79,16.79,16.79,516,AMBC
2023-01-06 14:48:00,16.78,16.7801,16.78,16.78,1158,AMBC
2023-01-06 14:49:00,16.78,16.78,16.78,16.78,381,AMBC
2023-01-06 14:50:00,16.78,16.78,16.78,16.78,100,AMBC
2023-01-06 14:51:00,16.78,16.81,16.78,16.81,1917,AMBC
2023-01-06 14:52:00,16.8,16.81,16.8,16.81,743,AMBC
2023-01-06 14:53:00,16.81,16.81,16.81,16.81,104,AMBC
2023-01-06 14:54:00,16.81,16.81,16.81,16.81,100,AMBC
2023-01-06 14:55:00,16.8,16.815,16.795,16.8,4115,AMBC
2023-01-06 14:56:00,16.81,16.81,16.79,16.8,1023,AMBC
2023-01-06 14:57:00,16.8,16.81,16.8,16.81,2075,AMBC
2023-01-06 14:58:00,16.8,16.81,16.8,16.8,914,AMBC
2023-01-06 14:59:00,16.82,16.825,16.82,16.82,1699,AMBC
2023-01-06 15:00:00,16.825,16.84,16.81,16.825,3260,AMBC
2023-01-06 15:02:00,16.82,16.82,16.82,16.82,1501,AMBC
2023-01-06 15:03:00,16.83,16.83,16.83,16.83,1200,AMBC
2023-01-06 15:04:00,16.84,16.84,16.84,16.84,186,AMBC
2023-01-06 15:05:00,16.84,16.84,16.84,16.84,384,AMBC
2023-01-06 15:06:00,16.835,16.84,16.835,16.84,585,AMBC
2023-01-06 15:07:00,16.87,16.87,16.87,16.87,284,AMBC
2023-01-06 15:08:00,16.865,16.87,16.865,16.87,293,AMBC
2023-01-06 15:10:00,16.86,16.86,16.86,16.86,286,AMBC
2023-01-06 15:11:00,16.88,16.88,16.88,16.88,441,AMBC
2023-01-06 15:12:00,16.87,16.87,16.87,16.87,224,AMBC
2023-01-06 15:13:00,16.87,16.87,16.87,16.87,188,AMBC
2023-01-06 15:14:00,16.87,16.87,16.87,16.87,121,AMBC
2023-01-06 15:15:00,16.88,16.88,16.86,16.87,311,AMBC
2023-01-06 15:16:00,16.87,16.88,16.87,16.88,408,AMBC
2023-01-06 15:17:00,16.87,16.88,16.87,16.88,314,AMBC
2023-01-06 15:18:00,16.87,16.87,16.86,16.86,201,AMBC
2023-01-06 15:19:00,16.87,16.87,16.83,16.83,3037,AMBC
2023-01-06 15:20:00,16.83,16.83,16.83,16.83,1007,AMBC
2023-01-06 15:21:00,16.83,16.83,16.83,16.83,453,AMBC
2023-01-06 15:22:00,16.83,16.83,16.83,16.83,1031,AMBC
2023-01-06 15:24:00,16.83,16.83,16.83,16.83,117,AMBC
2023-01-06 15:25:00,16.83,16.83,16.83,16.83,116,AMBC
2023-01-06 15:28:00,16.83,16.83,16.82,16.83,1157,AMBC
2023-01-06 15:29:00,16.83,16.83,16.83,16.83,300,AMBC
2023-01-06 15:30:00,16.84,16.84,16.84,16.84,116,AMBC
2023-01-06 15:31:00,16.83,16.83,16.83,16.83,257,AMBC
2023-01-06 15:32:00,16.84,16.84,16.84,16.84,300,AMBC
2023-01-06 15:33:00,16.83,16.84,16.83,16.83,746,AMBC
2023-01-06 15:34:00,16.83,16.83,16.83,16.83,1387,AMBC
2023-01-06 15:35:00,16.83,16.84,16.82,16.84,598,AMBC
2023-01-06 15:36:00,16.83,16.84,16.83,16.83,640,AMBC
2023-01-06 15:37:00,16.83,16.855,16.83,16.855,2977,AMBC
2023-01-06 15:38:00,16.85,16.86,16.85,16.85,604,AMBC
2023-01-06 15:39:00,16.84,16.86,16.84,16.85,1270,AMBC
2023-01-06 15:40:00,16.842,16.88,16.842,16.87,4618,AMBC
2023-01-06 15:41:00,16.88,16.88,16.87,16.87,589,AMBC
2023-01-06 15:42:00,16.87,16.89,16.87,16.89,2590,AMBC
2023-01-06 15:43:00,16.89,16.89,16.89,16.89,1446,AMBC
2023-01-06 15:44:00,16.89,16.89,16.89,16.89,223,AMBC
2023-01-06 15:45:00,16.9,16.905,16.895,16.895,2468,AMBC
2023-01-06 15:46:00,16.9,16.91,16.895,16.9,3556,AMBC
2023-01-06 15:47:00,16.91,16.91,16.9,16.9,956,AMBC
2023-01-06 15:48:00,16.9,16.91,16.9,16.9,1083,AMBC
2023-01-06 15:49:00,16.905,16.905,16.895,16.9,3153,AMBC
2023-01-06 15:50:00,16.9,16.91,16.9,16.9,1568,AMBC
2023-01-06 15:51:00,16.89,16.94,16.88,16.94,15631,AMBC
2023-01-06 15:52:00,16.94,16.94,16.935,16.94,2882,AMBC
2023-01-06 15:53:00,16.94,16.945,16.94,16.94,1801,AMBC
2023-01-06 15:54:00,16.94,16.95,16.93,16.94,2088,AMBC
2023-01-06 15:55:00,16.935,16.94,16.93,16.935,6064,AMBC
2023-01-06 15:56:00,16.94,16.955,16.94,16.955,5837,AMBC
2023-01-06 15:57:00,16.955,16.96,16.955,16.955,834,AMBC
2023-01-06 15:58:00,16.955,16.955,16.93,16.935,5886,AMBC
2023-01-06 15:59:00,16.94,16.96,16.94,16.955,9682,AMBC
2023-01-06 16:00:00,16.955,16.97,16.955,16.97,12736,AMBC
2023-01-06 16:02:00,16.96,16.96,16.96,16.96,3756,AMBC
2023-01-06 16:03:00,16.96,16.96,16.96,16.96,2297,AMBC
2023-01-09 09:31:00,17.07,17.07,16.95,17.06,2261,AMBC
2023-01-09 09:32:00,17.055,17.16,17.055,17.1074,8320,AMBC
2023-01-09 09:33:00,17.18,17.2,17.15,17.2,22778,AMBC
2023-01-09 09:35:00,17.2,17.21,17.2,17.2,548,AMBC
2023-01-09 09:37:00,17.14,17.24,17.14,17.23,7139,AMBC
2023-01-09 09:38:00,17.225,17.23,17.18,17.18,1339,AMBC
2023-01-09 09:39:00,17.22,17.22,17.22,17.22,101,AMBC
2023-01-09 09:41:00,17.25,17.305,17.25,17.25,1370,AMBC
2023-01-09 09:42:00,17.24,17.24,17.2,17.2,590,AMBC
2023-01-09 09:44:00,17.191,17.191,17.191,17.191,401,AMBC
2023-01-09 09:45:00,17.19,17.24,17.14,17.24,2155,AMBC
2023-01-09 09:46:00,17.2,17.236,17.2,17.236,890,AMBC
2023-01-09 09:50:00,17.21,17.265,17.19,17.23,2177,AMBC
2023-01-09 09:51:00,17.22,17.22,17.19,17.19,641,AMBC
2023-01-09 09:52:00,17.195,17.195,17.195,17.195,117,AMBC
2023-01-09 10:00:00,17.2,17.2,17.1866,17.1866,1080,AMBC
2023-01-09 10:02:00,17.17,17.17,17.17,17.17,174,AMBC
2023-01-09 10:04:00,17.2,17.23,17.2,17.21,789,AMBC
2023-01-09 10:06:00,17.23,17.23,17.23,17.23,110,AMBC
2023-01-09 10:07:00,17.23,17.23,17.22,17.22,649,AMBC
2023-01-09 10:09:00,17.22,17.26,17.22,17.26,705,AMBC
2023-01-09 10:10:00,17.26,17.29,17.26,17.29,933,AMBC
2023-01-09 10:11:00,17.29,17.29,17.29,17.29,122,AMBC
2023-01-09 10:12:00,17.29,17.29,17.29,17.29,178,AMBC
2023-01-09 10:13:00,17.28,17.31,17.28,17.3,2295,AMBC
2023-01-09 10:14:00,17.3,17.3,17.27,17.27,328,AMBC
2023-01-09 10:15:00,17.3,17.3,17.3,17.3,120,AMBC
2023-01-09 10:16:00,17.3,17.3,17.25,17.26,2093,AMBC
2023-01-09 10:17:00,17.25,17.27,17.25,17.27,365,AMBC
2023-01-09 10:18:00,17.255,17.255,17.24,17.255,461,AMBC
2023-01-09 10:19:00,17.25,17.25,17.25,17.25,143,AMBC
2023-01-09 10:20:00,17.25,17.25,17.24,17.24,1010,AMBC
2023-01-09 10:21:00,17.23,17.24,17.23,17.24,401,AMBC
2023-01-09 10:24:00,17.225,17.225,17.21,17.22,1113,AMBC
2023-01-09 10:25:00,17.202,17.22,17.202,17.22,963,AMBC
2023-01-09 10:27:00,17.22,17.24,17.22,17.24,1028,AMBC
2023-01-09 10:28:00,17.225,17.225,17.225,17.225,125,AMBC
2023-01-09 10:29:00,17.24,17.24,17.21,17.21,343,AMBC
2023-01-09 10:31:00,17.24,17.24,17.24,17.24,251,AMBC
2023-01-09 10:32:00,17.2279,17.23,17.22,17.225,2648,AMBC
2023-01-09 10:33:00,17.24,17.25,17.24,17.25,1013,AMBC
2023-01-09 10:34:00,17.25,17.28,17.25,17.28,630,AMBC
2023-01-09 10:35:00,17.29,17.3,17.27,17.27,5385,AMBC
2023-01-09 10:36:00,17.2708,17.28,17.26,17.26,2065,AMBC
2023-01-09 10:37:00,17.27,17.27,17.27,17.27,100,AMBC
2023-01-09 10:39:00,17.24,17.24,17.23,17.235,680,AMBC
2023-01-09 10:41:00,17.2434,17.2434,17.2434,17.2434,405,AMBC
2023-01-09 10:42:00,17.225,17.24,17.225,17.225,522,AMBC
2023-01-09 10:43:00,17.225,17.225,17.225,17.225,227,AMBC
2023-01-09 10:44:00,17.24,17.24,17.24,17.24,228,AMBC
2023-01-09 10:45:00,17.225,17.225,17.225,17.225,320,AMBC
2023-01-09 10:46:00,17.24,17.24,17.24,17.24,121,AMBC
2023-01-09 10:47:00,17.24,17.245,17.225,17.225,2341,AMBC
2023-01-09 10:51:00,17.24,17.25,17.24,17.25,493,AMBC
2023-01-09 10:52:00,17.23,17.275,17.23,17.275,3050,AMBC
2023-01-09 10:53:00,17.28,17.28,17.26,17.27,2225,AMBC
2023-01-09 10:54:00,17.25,17.26,17.25,17.26,1578,AMBC
2023-01-09 10:55:00,17.28,17.28,17.26,17.26,1416,AMBC
2023-01-09 10:56:00,17.26,17.26,17.24,17.24,1036,AMBC
2023-01-09 10:57:00,17.25,17.25,17.25,17.25,417,AMBC
2023-01-09 10:59:00,17.26,17.26,17.26,17.26,265,AMBC
2023-01-09 11:00:00,17.26,17.27,17.255,17.255,1002,AMBC
2023-01-09 11:01:00,17.27,17.27,17.24,17.255,620,AMBC
2023-01-09 11:02:00,17.27,17.27,17.24,17.24,1703,AMBC
2023-01-09 11:03:00,17.24,17.26,17.24,17.26,245,AMBC
2023-01-09 11:04:00,17.26,17.26,17.24,17.26,1352,AMBC
2023-01-09 11:05:00,17.26,17.27,17.24,17.27,644,AMBC
2023-01-09 11:07:00,17.26,17.26,17.26,17.26,100,AMBC
2023-01-09 11:11:00,17.24,17.24,17.21,17.21,1143,AMBC
2023-01-09 11:15:00,17.21,17.21,17.21,17.21,212,AMBC
2023-01-09 11:17:00,17.21,17.21,17.2,17.2,569,AMBC
2023-01-09 11:19:00,17.1957,17.1957,17.195,17.195,440,AMBC
2023-01-09 11:20:00,17.21,17.21,17.2,17.2,676,AMBC
2023-01-09 11:21:00,17.19,17.19,17.19,17.19,200,AMBC
2023-01-09 11:22:00,17.21,17.21,17.21,17.21,100,AMBC
2023-01-09 11:24:00,17.195,17.195,17.195,17.195,297,AMBC
2023-01-09 11:26:00,17.2,17.2,17.2,17.2,310,AMBC
2023-01-09 11:27:00,17.19,17.19,17.15,17.15,1702,AMBC
2023-01-09 11:28:00,17.15,17.15,17.13,17.13,5153,AMBC
2023-01-09 11:29:00,17.16,17.16,17.14,17.14,1000,AMBC
2023-01-09 11:32:00,17.12,17.12,17.11,17.11,853,AMBC
2023-01-09 11:35:00,17.1,17.175,17.1,17.15,3237,AMBC
2023-01-09 11:36:00,17.19,17.19,17.19,17.19,104,AMBC
2023-01-09 11:40:00,17.17,17.17,17.15,17.15,1154,AMBC
2023-01-09 11:41:00,17.14,17.14,17.12,17.12,3451,AMBC
2023-01-09 11:43:00,17.14,17.14,17.11,17.11,1285,AMBC
2023-01-09 11:44:00,17.13,17.13,17.13,17.13,100,AMBC
2023-01-09 11:45:00,17.13,17.13,17.13,17.13,383,AMBC
2023-01-09 11:46:00,17.15,17.15,17.15,17.15,100,AMBC
2023-01-09 11:47:00,17.15,17.15,17.135,17.135,210,AMBC
2023-01-09 11:48:00,17.14,17.14,17.14,17.14,167,AMBC
2023-01-09 11:49:00,17.16,17.16,17.14,17.14,265,AMBC
2023-01-09 11:50:00,17.15,17.15,17.15,17.15,100,AMBC
2023-01-09 11:51:00,17.15,17.15,17.13,17.14,434,AMBC
2023-01-09 11:53:00,17.14,17.17,17.14,17.17,632,AMBC
2023-01-09 11:54:00,17.16,17.18,17.16,17.18,257,AMBC
2023-01-09 11:55:00,17.2,17.2,17.2,17.2,350,AMBC
2023-01-09 11:59:00,17.19,17.19,17.17,17.17,892,AMBC
2023-01-09 12:00:00,17.18,17.18,17.18,17.18,331,AMBC
2023-01-09 12:02:00,17.17,17.18,17.15,17.18,1798,AMBC
2023-01-09 12:03:00,17.16,17.16,17.16,17.16,362,AMBC
2023-01-09 12:06:00,17.17,17.17,17.17,17.17,110,AMBC
2023-01-09 12:07:00,17.17,17.17,17.16,17.16,240,AMBC
2023-01-09 12:08:00,17.15,17.16,17.14,17.16,958,AMBC
2023-01-09 12:09:00,17.14,17.14,17.14,17.14,142,AMBC
2023-01-09 12:10:00,17.14,17.14,17.14,17.14,319,AMBC
2023-01-09 12:13:00,17.1228,17.1228,17.11,17.11,848,AMBC
2023-01-09 12:16:00,17.12,17.12,17.12,17.12,414,AMBC
2023-01-09 12:18:00,17.11,17.11,17.1,17.1,910,AMBC
2023-01-09 12:20:00,17.1,17.1,17.09,17.09,310,AMBC
2023-01-09 12:22:00,17.09,17.09,17.08,17.08,834,AMBC
2023-01-09 12:25:00,17.08,17.08,17.08,17.08,174,AMBC
2023-01-09 12:26:00,17.09,17.09,17.085,17.085,201,AMBC
2023-01-09 12:27:00,17.09,17.09,17.07,17.07,256,AMBC
2023-01-09 12:29:00,17.07,17.07,17.07,17.07,211,AMBC
2023-01-09 12:30:00,17.08,17.08,17.05,17.05,2553,AMBC
2023-01-09 12:31:00,17.07,17.07,17.06,17.06,575,AMBC
2023-01-09 12:34:00,17.07,17.07,17.06,17.06,210,AMBC
2023-01-09 12:35:00,17.065,17.1,17.06,17.09,2433,AMBC
2023-01-09 12:36:00,17.09,17.09,17.07,17.07,898,AMBC
2023-01-09 12:37:00,17.09,17.09,17.07,17.07,275,AMBC
2023-01-09 12:38:00,17.07,17.07,17.05,17.05,543,AMBC
2023-01-09 12:39:00,17.08,17.08,17.06,17.06,684,AMBC
2023-01-09 12:40:00,17.08,17.08,17.06,17.06,233,AMBC
2023-01-09 12:41:00,17.08,17.1,17.08,17.1,3288,AMBC
2023-01-09 12:42:00,17.11,17.11,17.095,17.095,310,AMBC
2023-01-09 12:44:00,17.08,17.08,17.02,17.06,3145,AMBC
2023-01-09 12:46:00,17.03,17.03,17.03,17.03,110,AMBC
2023-01-09 12:47:00,17.06,17.06,17.02,17.02,858,AMBC
2023-01-09 12:48:00,17.02,17.02,17.02,17.02,200,AMBC
2023-01-09 12:49:00,17.03,17.05,17.03,17.03,840,AMBC
2023-01-09 12:50:00,17.03,17.03,17.03,17.03,610,AMBC
2023-01-09 12:53:00,17.03,17.03,17.03,17.03,200,AMBC
2023-01-09 12:56:00,17.03,17.03,17.02,17.02,638,AMBC
2023-01-09 12:57:00,17.01,17.01,17.01,17.01,210,AMBC
2023-01-09 12:58:00,17.01,17.01,17.01,17.01,203,AMBC
2023-01-09 12:59:00,17.01,17.01,17.01,17.01,6427,AMBC
2023-01-09 13:00:00,17.01,17.01,17.01,17.01,992,AMBC
2023-01-09 13:01:00,17.0165,17.02,17.01,17.01,1773,AMBC
2023-01-09 13:03:00,17.01,17.02,17.01,17.02,1389,AMBC
2023-01-09 13:04:00,17.015,17.025,17.01,17.01,1283,AMBC
2023-01-09 13:05:00,17.03,17.03,17.03,17.03,109,AMBC
2023-01-09 13:06:00,17.02,17.02,17.02,17.02,452,AMBC
2023-01-09 13:07:00,17.02,17.02,17.01,17.01,229,AMBC
2023-01-09 13:08:00,17.01,17.03,17.01,17.02,1738,AMBC
2023-01-09 13:09:00,17.03,17.03,17.03,17.03,102,AMBC
2023-01-09 13:10:00,17.01,17.01,17.01,17.01,312,AMBC
2023-01-09 13:13:00,17.01,17.016,17.0,17.016,4064,AMBC
2023-01-09 13:14:00,17.015,17.015,17.01,17.01,212,AMBC
2023-01-09 13:17:00,17.01,17.01,17.01,17.01,202,AMBC
2023-01-09 13:19:00,17.01,17.01,17.01,17.01,132,AMBC
2023-01-09 13:23:00,17.01,17.01,17.01,17.01,1265,AMBC
2023-01-09 13:26:00,17.02,17.04,17.01,17.01,3923,AMBC
2023-01-09 13:27:00,17.01,17.01,17.01,17.01,322,AMBC
2023-01-09 13:28:00,17.02,17.02,17.02,17.02,102,AMBC
2023-01-09 13:29:00,17.01,17.01,17.01,17.01,199,AMBC
2023-01-09 13:31:00,17.03,17.03,17.03,17.03,461,AMBC
2023-01-09 13:33:00,17.05,17.05,17.05,17.05,524,AMBC
2023-01-09 13:35:00,17.06,17.06,17.04,17.04,269,AMBC
2023-01-09 13:36:00,17.04,17.04,17.02,17.02,1476,AMBC
2023-01-09 13:37:00,17.01,17.04,17.01,17.04,2169,AMBC
2023-01-09 13:39:00,17.04,17.06,17.04,17.06,244,AMBC
2023-01-09 13:40:00,17.06,17.06,17.06,17.06,103,AMBC
2023-01-09 13:41:00,17.04,17.04,17.02,17.02,455,AMBC
2023-01-09 13:42:00,17.03,17.03,17.02,17.02,366,AMBC
2023-01-09 13:43:00,17.03,17.03,17.02,17.025,380,AMBC
2023-01-09 13:44:00,17.02,17.02,17.02,17.02,123,AMBC
2023-01-09 13:45:00,17.03,17.03,17.03,17.03,215,AMBC
2023-01-09 13:46:00,17.03,17.03,17.02,17.02,212,AMBC
2023-01-09 13:49:00,17.01,17.03,17.01,17.03,827,AMBC
2023-01-09 13:50:00,17.03,17.03,17.01,17.02,1327,AMBC
2023-01-09 13:51:00,17.02,17.02,17.01,17.01,335,AMBC
2023-01-09 13:52:00,17.02,17.02,17.02,17.02,122,AMBC
2023-01-09 13:53:00,17.02,17.02,17.02,17.02,202,AMBC
2023-01-09 13:54:00,17.02,17.03,17.02,17.02,1306,AMBC
2023-01-09 13:55:00,17.02,17.02,17.01,17.01,593,AMBC
2023-01-09 13:56:00,17.03,17.05,17.02,17.04,4447,AMBC
2023-01-09 13:57:00,17.04,17.04,17.04,17.04,142,AMBC
2023-01-09 13:58:00,17.04,17.04,17.01,17.01,4554,AMBC
2023-01-09 13:59:00,17.02,17.025,17.01,17.01,691,AMBC
2023-01-09 14:00:00,17.025,17.025,17.025,17.025,174,AMBC
2023-01-09 14:01:00,17.03,17.03,17.03,17.03,265,AMBC
2023-01-09 14:04:00,17.04,17.04,17.04,17.04,116,AMBC
2023-01-09 14:05:00,17.04,17.04,17.03,17.03,239,AMBC
2023-01-09 14:06:00,17.03,17.03,17.01,17.01,2853,AMBC
2023-01-09 14:07:00,17.01,17.01,17.01,17.01,1394,AMBC
2023-01-09 14:08:00,17.01,17.0138,17.01,17.0138,2617,AMBC
2023-01-09 14:09:00,17.02,17.03,17.01,17.03,1280,AMBC
2023-01-09 14:10:00,17.02,17.03,17.02,17.03,616,AMBC
2023-01-09 14:11:00,17.02,17.02,17.02,17.02,101,AMBC
2023-01-09 14:13:00,17.02,17.02,17.02,17.02,248,AMBC
2023-01-09 14:17:00,17.02,17.02,17.02,17.02,115,AMBC
2023-01-09 14:19:00,17.02,17.02,17.02,17.02,298,AMBC
2023-01-09 14:21:00,17.02,17.02,17.02,17.02,640,AMBC
2023-01-09 14:22:00,17.03,17.03,17.02,17.025,726,AMBC
2023-01-09 14:23:00,17.02,17.02,17.02,17.02,856,AMBC
2023-01-09 14:24:00,17.03,17.03,17.03,17.03,102,AMBC
2023-01-09 14:25:00,17.02,17.03,17.02,17.03,352,AMBC
2023-01-09 14:28:00,17.01,17.02,17.0,17.0,1433,AMBC
2023-01-09 14:29:00,17.025,17.025,17.025,17.025,347,AMBC
2023-01-09 14:30:00,17.02,17.03,17.02,17.02,418,AMBC
2023-01-09 14:31:00,17.01,17.01,17.01,17.01,2037,AMBC
2023-01-09 14:32:00,17.01,17.01,16.97,16.97,22400,AMBC
2023-01-09 14:35:00,16.98,16.98,16.91,16.94,3280,AMBC
2023-01-09 14:36:00,16.94,16.94,16.93,16.94,311,AMBC
2023-01-09 14:37:00,16.94,16.94,16.94,16.94,201,AMBC
2023-01-09 14:38:00,16.92,16.92,16.89,16.89,1405,AMBC
2023-01-09 14:39:00,16.89,16.91,16.89,16.91,457,AMBC
2023-01-09 14:40:00,16.89,16.9,16.89,16.9,211,AMBC
2023-01-09 14:41:00,16.9,16.9,16.9,16.9,229,AMBC
2023-01-09 14:43:00,16.9,16.91,16.9,16.91,1096,AMBC
2023-01-09 14:44:00,16.91,16.91,16.91,16.91,361,AMBC
2023-01-09 14:45:00,16.905,16.935,16.905,16.935,1606,AMBC
2023-01-09 14:46:00,16.94,16.94,16.94,16.94,483,AMBC
2023-01-09 14:47:00,16.97,16.97,16.97,16.97,101,AMBC
2023-01-09 14:48:00,16.96,16.96,16.96,16.96,122,AMBC
2023-01-09 14:49:00,16.96,16.97,16.96,16.97,1692,AMBC
2023-01-09 14:50:00,17.0,17.0,17.0,17.0,115,AMBC
2023-01-09 14:51:00,17.0,17.0,16.985,16.985,297,AMBC
2023-01-09 14:53:00,16.99,16.99,16.99,16.99,102,AMBC
2023-01-09 14:54:00,16.98,16.99,16.98,16.98,459,AMBC
2023-01-09 14:55:00,16.98,16.99,16.98,16.98,402,AMBC
2023-01-09 14:56:00,16.99,16.99,16.98,16.98,304,AMBC
2023-01-09 14:57:00,16.99,16.99,16.98,16.98,501,AMBC
2023-01-09 14:58:00,16.98,16.99,16.98,16.98,474,AMBC
2023-01-09 14:59:00,16.98,16.99,16.98,16.98,369,AMBC
2023-01-09 15:00:00,16.98,16.99,16.98,16.98,413,AMBC
2023-01-09 15:01:00,16.99,16.99,16.99,16.99,211,AMBC
2023-01-09 15:02:00,16.9837,16.99,16.9837,16.99,1450,AMBC
2023-01-09 15:03:00,17.0,17.0,16.97,16.97,1503,AMBC
2023-01-09 15:04:00,16.97,16.97,16.97,16.97,181,AMBC
2023-01-09 15:05:00,16.96,16.96,16.96,16.96,392,AMBC
2023-01-09 15:06:00,16.95,16.95,16.95,16.95,730,AMBC
2023-01-09 15:07:00,16.95,16.95,16.95,16.95,1053,AMBC
2023-01-09 15:08:00,16.95,16.95,16.95,16.95,578,AMBC
2023-01-09 15:09:00,16.95,16.95,16.945,16.95,1035,AMBC
2023-01-09 15:10:00,16.96,16.97,16.96,16.97,349,AMBC
2023-01-09 15:12:00,16.97,16.97,16.962,16.962,344,AMBC
2023-01-09 15:13:00,16.95,16.95,16.95,16.95,460,AMBC
2023-01-09 15:14:00,16.95,16.95,16.94,16.95,436,AMBC
2023-01-09 15:15:00,16.94,16.95,16.94,16.95,479,AMBC
2023-01-09 15:16:00,16.94,16.94,16.94,16.94,121,AMBC
2023-01-09 15:17:00,16.94,16.96,16.94,16.95,1736,AMBC
2023-01-09 15:18:00,16.96,16.96,16.955,16.955,336,AMBC
2023-01-09 15:19:00,16.95,16.95,16.95,16.95,421,AMBC
2023-01-09 15:21:00,16.96,16.98,16.95,16.98,2053,AMBC
2023-01-09 15:23:00,16.98,16.98,16.98,16.98,343,AMBC
2023-01-09 15:24:00,16.98,16.98,16.98,16.98,152,AMBC
2023-01-09 15:25:00,16.98,16.98,16.965,16.965,1138,AMBC
2023-01-09 15:27:00,16.945,16.95,16.94,16.94,882,AMBC
2023-01-09 15:28:00,16.94,16.94,16.935,16.935,335,AMBC
2023-01-09 15:29:00,16.935,16.95,16.935,16.935,476,AMBC
2023-01-09 15:30:00,16.935,16.935,16.935,16.935,760,AMBC
2023-01-09 15:31:00,16.935,16.935,16.92,16.92,495,AMBC
2023-01-09 15:32:00,16.93,16.93,16.93,16.93,468,AMBC
2023-01-09 15:33:00,16.92,16.93,16.92,16.92,828,AMBC
2023-01-09 15:34:00,16.91,16.91,16.91,16.91,1637,AMBC
2023-01-09 15:35:00,16.91,16.915,16.91,16.91,981,AMBC
2023-01-09 15:37:00,16.89,16.89,16.89,16.89,101,AMBC
2023-01-09 15:38:00,16.88,16.88,16.86,16.87,2899,AMBC
2023-01-09 15:39:00,16.875,16.875,16.875,16.875,253,AMBC
2023-01-09 15:40:00,16.88,16.88,16.88,16.88,103,AMBC
2023-01-09 15:41:00,16.87,16.87,16.85,16.85,1252,AMBC
2023-01-09 15:42:00,16.85,16.86,16.85,16.86,2354,AMBC
2023-01-09 15:43:00,16.86,16.86,16.86,16.86,417,AMBC
2023-01-09 15:44:00,16.855,16.855,16.855,16.855,284,AMBC
2023-01-09 15:45:00,16.86,16.86,16.86,16.86,230,AMBC
2023-01-09 15:46:00,16.85,16.85,16.83,16.83,1005,AMBC
2023-01-09 15:47:00,16.82,16.82,16.8,16.8,819,AMBC
2023-01-09 15:48:00,16.79,16.8,16.79,16.8,1825,AMBC
2023-01-09 15:49:00,16.79,16.8,16.79,16.8,2098,AMBC
2023-01-09 15:50:00,16.79,16.81,16.79,16.8,803,AMBC
2023-01-09 15:51:00,16.81,16.84,16.81,16.82,3111,AMBC
2023-01-09 15:52:00,16.825,16.84,16.81,16.81,1310,AMBC
2023-01-09 15:53:00,16.83,16.83,16.81,16.82,3236,AMBC
2023-01-09 15:54:00,16.82,16.82,16.81,16.815,1659,AMBC
2023-01-09 15:55:00,16.815,16.815,16.8,16.81,2613,AMBC
2023-01-09 15:56:00,16.81,16.81,16.79,16.79,3887,AMBC
2023-01-09 15:57:00,16.8,16.8,16.785,16.785,3511,AMBC
2023-01-09 15:58:00,16.785,16.8,16.78,16.79,4758,AMBC
2023-01-09 15:59:00,16.79,16.8,16.79,16.795,4142,AMBC
2023-01-09 16:00:00,16.79,16.8,16.78,16.79,7945,AMBC
2023-01-09 16:01:00,16.79,16.79,16.79,16.79,200,AMBC
2023-01-10 09:31:00,16.81,16.81,16.81,16.81,2620,AMBC
2023-01-10 09:32:00,16.89,16.89,16.82,16.82,203,AMBC
2023-01-10 09:33:00,16.82,16.82,16.82,16.82,230,AMBC
2023-01-10 09:36:00,16.8,16.8,16.8,16.8,109,AMBC
2023-01-10 09:39:00,16.8,16.8,16.7883,16.7883,2863,AMBC
2023-01-10 09:40:00,16.8,16.8,16.79,16.79,804,AMBC
2023-01-10 09:41:00,16.8,16.8,16.8,16.8,207,AMBC
2023-01-10 09:42:00,16.78,16.78,16.77,16.77,655,AMBC
2023-01-10 09:46:00,16.8,16.8,16.8,16.8,311,AMBC
2023-01-10 09:47:00,16.78,16.78,16.78,16.78,213,AMBC
2023-01-10 09:51:00,16.78,16.78,16.78,16.78,634,AMBC
2023-01-10 09:52:00,16.79,16.79,16.78,16.78,488,AMBC
2023-01-10 09:53:00,16.75,16.75,16.75,16.75,626,AMBC
2023-01-10 09:54:00,16.77,16.78,16.77,16.78,358,AMBC
2023-01-10 10:00:00,16.78,16.78,16.78,16.78,296,AMBC
2023-01-10 10:03:00,16.76,16.825,16.76,16.79,1888,AMBC
2023-01-10 10:04:00,16.8,16.8,16.8,16.8,103,AMBC
2023-01-10 10:09:00,16.84,16.84,16.84,16.84,330,AMBC
2023-01-10 10:11:00,16.8548,16.8548,16.8548,16.8548,297,AMBC
2023-01-10 10:12:00,16.85,16.85,16.85,16.85,388,AMBC
2023-01-10 10:13:00,16.865,16.865,16.865,16.865,113,AMBC
2023-01-10 10:16:00,16.88,16.88,16.88,16.88,218,AMBC
2023-01-10 10:17:00,16.88,16.88,16.875,16.875,656,AMBC
2023-01-10 10:18:00,16.875,16.875,16.875,16.875,166,AMBC
2023-01-10 10:19:00,16.875,16.875,16.875,16.875,122,AMBC
2023-01-10 10:21:00,16.875,16.875,16.86,16.86,989,AMBC
2023-01-10 10:22:00,16.86,16.86,16.86,16.86,102,AMBC
2023-01-10 10:25:00,16.85,16.85,16.85,16.85,622,AMBC
2023-01-10 10:27:00,16.87,16.88,16.87,16.88,1103,AMBC
2023-01-10 10:30:00,16.8787,16.9,16.8787,16.88,1894,AMBC
2023-01-10 10:31:00,16.895,16.895,16.88,16.88,878,AMBC
2023-01-10 10:32:00,16.88,16.88,16.88,16.88,683,AMBC
2023-01-10 10:35:00,16.8714,16.8714,16.8714,16.8714,1504,AMBC
2023-01-10 10:36:00,16.88,16.885,16.88,16.885,633,AMBC
2023-01-10 10:37:00,16.87,16.87,16.87,16.87,222,AMBC
2023-01-10 10:38:00,16.87,16.87,16.865,16.87,952,AMBC
2023-01-10 10:44:00,16.86,16.86,16.835,16.835,680,AMBC
2023-01-10 10:46:00,16.825,16.825,16.78,16.78,5378,AMBC
2023-01-10 10:48:00,16.76,16.76,16.76,16.76,617,AMBC
2023-01-10 10:52:00,16.79,16.8,16.79,16.8,286,AMBC
2023-01-10 10:56:00,16.82,16.82,16.82,16.82,103,AMBC
2023-01-10 10:57:00,16.83,16.83,16.83,16.83,245,AMBC
2023-01-10 10:58:00,16.84,16.85,16.84,16.85,484,AMBC
2023-01-10 11:01:00,16.86,16.87,16.85,16.86,1265,AMBC
2023-01-10 11:02:00,16.86,16.86,16.86,16.86,221,AMBC
2023-01-10 11:04:00,16.87,16.87,16.87,16.87,208,AMBC
2023-01-10 11:05:00,16.86,16.86,16.84,16.86,1201,AMBC
2023-01-10 11:08:00,16.885,16.89,16.885,16.89,357,AMBC
2023-01-10 11:09:00,16.89,16.89,16.88,16.88,2354,AMBC
2023-01-10 11:10:00,16.885,16.885,16.885,16.885,117,AMBC
2023-01-10 11:12:00,16.89,16.91,16.89,16.91,949,AMBC
2023-01-10 11:15:00,16.92,16.92,16.92,16.92,177,AMBC
2023-01-10 11:18:00,16.91,16.91,16.91,16.91,267,AMBC
2023-01-10 11:20:00,16.91,16.91,16.9,16.9,606,AMBC
2023-01-10 11:23:00,16.91,16.91,16.9,16.9,1526,AMBC
2023-01-10 11:27:00,16.89,16.89,16.89,16.89,251,AMBC
2023-01-10 11:28:00,16.87,16.87,16.86,16.86,616,AMBC
2023-01-10 11:32:00,16.82,16.82,16.82,16.82,594,AMBC
2023-01-10 11:34:00,16.83,16.83,16.83,16.83,289,AMBC
2023-01-10 11:38:00,16.84,16.84,16.84,16.84,242,AMBC
2023-01-10 11:39:00,16.83,16.83,16.81,16.81,761,AMBC
2023-01-10 11:43:00,16.8,16.8,16.8,16.8,418,AMBC
2023-01-10 11:44:00,16.8,16.8,16.78,16.78,498,AMBC
2023-01-10 11:46:00,16.78,16.78,16.77,16.77,618,AMBC
2023-01-10 11:47:00,16.77,16.78,16.77,16.78,481,AMBC
2023-01-10 11:48:00,16.77,16.77,16.77,16.77,136,AMBC
2023-01-10 11:49:00,16.76,16.76,16.76,16.76,325,AMBC
2023-01-10 11:50:00,16.76,16.76,16.76,16.76,103,AMBC
2023-01-10 11:53:00,16.765,16.79,16.765,16.79,1509,AMBC
2023-01-10 11:57:00,16.795,16.795,16.795,16.795,102,AMBC
2023-01-10 12:00:00,16.81,16.81,16.81,16.81,342,AMBC
2023-01-10 12:01:00,16.8,16.8,16.78,16.78,1030,AMBC
2023-01-10 12:07:00,16.8,16.8,16.78,16.795,3894,AMBC
2023-01-10 12:08:00,16.79,16.79,16.79,16.79,730,AMBC
2023-01-10 12:12:00,16.79,16.79,16.78,16.79,1297,AMBC
2023-01-10 12:13:00,16.79,16.79,16.79,16.79,671,AMBC
2023-01-10 12:15:00,16.8084,16.8084,16.8084,16.8084,422,AMBC
2023-01-10 12:16:00,16.81,16.81,16.79,16.79,1093,AMBC
2023-01-10 12:18:00,16.795,16.795,16.795,16.795,206,AMBC
2023-01-10 12:19:00,16.79,16.79,16.78,16.79,466,AMBC
2023-01-10 12:22:00,16.79,16.79,16.79,16.79,142,AMBC
2023-01-10 12:24:00,16.79,16.8,16.79,16.8,544,AMBC
2023-01-10 12:29:00,16.79,16.79,16.79,16.79,856,AMBC
2023-01-10 12:34:00,16.79,16.79,16.79,16.79,122,AMBC
2023-01-10 12:36:00,16.78,16.78,16.78,16.78,450,AMBC
2023-01-10 12:39:00,16.775,16.775,16.775,16.775,294,AMBC
2023-01-10 12:40:00,16.78,16.78,16.78,16.78,1249,AMBC
2023-01-10 12:41:00,16.8,16.8,16.8,16.8,456,AMBC
2023-01-10 12:45:00,16.82,16.82,16.79,16.79,1019,AMBC
2023-01-10 12:53:00,16.8,16.8,16.79,16.79,768,AMBC
2023-01-10 12:57:00,16.78,16.78,16.78,16.78,484,AMBC
2023-01-10 13:00:00,16.78,16.78,16.78,16.78,219,AMBC
2023-01-10 13:01:00,16.77,16.77,16.76,16.76,540,AMBC
2023-01-10 13:02:00,16.77,16.77,16.77,16.77,199,AMBC
2023-01-10 13:05:00,16.78,16.78,16.78,16.78,210,AMBC
2023-01-10 13:06:00,16.77,16.77,16.77,16.77,252,AMBC
2023-01-10 13:07:00,16.77,16.77,16.77,16.77,204,AMBC
2023-01-10 13:09:00,16.77,16.77,16.77,16.77,221,AMBC
2023-01-10 13:12:00,16.76,16.76,16.76,16.76,410,AMBC
2023-01-10 13:13:00,16.75,16.75,16.745,16.745,559,AMBC
2023-01-10 13:15:00,16.75,16.75,16.74,16.75,519,AMBC
2023-01-10 13:16:00,16.75,16.75,16.75,16.75,345,AMBC
2023-01-10 13:17:00,16.75,16.75,16.75,16.75,204,AMBC
2023-01-10 13:19:00,16.75,16.75,16.75,16.75,202,AMBC
2023-01-10 13:22:00,16.76,16.76,16.76,16.76,716,AMBC
2023-01-10 13:28:00,16.79,16.79,16.79,16.79,197,AMBC
2023-01-10 13:37:00,16.79,16.82,16.79,16.82,4458,AMBC
2023-01-10 13:43:00,16.825,16.825,16.825,16.825,452,AMBC
2023-01-10 13:45:00,16.83,16.83,16.82,16.83,3120,AMBC
2023-01-10 13:47:00,16.86,16.86,16.8516,16.8516,1063,AMBC
2023-01-10 13:49:00,16.8626,16.8626,16.8626,16.8626,237,AMBC
2023-01-10 13:50:00,16.88,16.88,16.88,16.88,217,AMBC
2023-01-10 13:51:00,16.88,16.88,16.88,16.88,183,AMBC
2023-01-10 13:52:00,16.88,16.885,16.88,16.88,1006,AMBC
2023-01-10 13:53:00,16.88,16.88,16.88,16.88,745,AMBC
2023-01-10 13:54:00,16.87,16.87,16.84,16.855,5705,AMBC
2023-01-10 13:55:00,16.855,16.855,16.855,16.855,997,AMBC
2023-01-10 13:56:00,16.86,16.87,16.86,16.87,1452,AMBC
2023-01-10 14:00:00,16.87,16.89,16.87,16.89,949,AMBC
2023-01-10 14:01:00,16.9,16.92,16.9,16.92,2986,AMBC
2023-01-10 14:02:00,16.92,16.92,16.92,16.92,642,AMBC
2023-01-10 14:04:00,16.93,16.93,16.89,16.89,540,AMBC
2023-01-10 14:07:00,16.89,16.89,16.89,16.89,222,AMBC
2023-01-10 14:08:00,16.89,16.89,16.89,16.89,211,AMBC
2023-01-10 14:14:00,16.895,16.895,16.895,16.895,122,AMBC
2023-01-10 14:15:00,16.9,16.9,16.9,16.9,557,AMBC
2023-01-10 14:18:00,16.9,16.9,16.9,16.9,224,AMBC
2023-01-10 14:19:00,16.895,16.9,16.895,16.9,369,AMBC
2023-01-10 14:20:00,16.9,16.9,16.9,16.9,276,AMBC
2023-01-10 14:21:00,16.9,16.93,16.9,16.93,621,AMBC
2023-01-10 14:22:00,16.92,16.92,16.9,16.9,629,AMBC
2023-01-10 14:24:00,16.9,16.9,16.89,16.89,441,AMBC
2023-01-10 14:25:00,16.885,16.885,16.88,16.88,655,AMBC
2023-01-10 14:27:00,16.86,16.86,16.86,16.86,341,AMBC
2023-01-10 14:28:00,16.87,16.87,16.86,16.86,362,AMBC
2023-01-10 14:29:00,16.85,16.85,16.845,16.845,1011,AMBC
2023-01-10 14:33:00,16.84,16.84,16.84,16.84,135,AMBC
2023-01-10 14:34:00,16.84,16.84,16.84,16.84,564,AMBC
2023-01-10 14:35:00,16.84,16.84,16.83,16.83,788,AMBC
2023-01-10 14:37:00,16.83,16.83,16.83,16.83,549,AMBC
2023-01-10 14:39:00,16.81,16.81,16.81,16.81,860,AMBC
2023-01-10 14:42:00,16.8,16.805,16.8,16.805,221,AMBC
2023-01-10 14:44:00,16.81,16.81,16.81,16.81,2062,AMBC
2023-01-10 14:45:00,16.81,16.81,16.8,16.8,846,AMBC
2023-01-10 14:46:00,16.8,16.8,16.795,16.795,1650,AMBC
2023-01-10 14:47:00,16.81,16.81,16.81,16.81,435,AMBC
2023-01-10 14:48:00,16.82,16.83,16.82,16.83,944,AMBC
2023-01-10 14:53:00,16.82,16.82,16.82,16.82,816,AMBC
2023-01-10 14:56:00,16.801,16.805,16.801,16.805,362,AMBC
2023-01-10 14:57:00,16.8,16.8,16.78,16.78,1533,AMBC
2023-01-10 14:59:00,16.77,16.77,16.77,16.77,362,AMBC
2023-01-10 15:00:00,16.76,16.76,16.75,16.75,1169,AMBC
2023-01-10 15:01:00,16.75,16.76,16.75,16.76,933,AMBC
2023-01-10 15:02:00,16.75,16.77,16.75,16.77,249,AMBC
2023-01-10 15:03:00,16.76,16.76,16.76,16.76,382,AMBC
2023-01-10 15:06:00,16.76,16.76,16.76,16.76,305,AMBC
2023-01-10 15:07:00,16.76,16.76,16.76,16.76,1485,AMBC
2023-01-10 15:08:00,16.75,16.77,16.75,16.77,205,AMBC
2023-01-10 15:09:00,16.77,16.77,16.77,16.77,472,AMBC
2023-01-10 15:10:00,16.77,16.77,16.77,16.77,160,AMBC
2023-01-10 15:11:00,16.78,16.78,16.78,16.78,121,AMBC
2023-01-10 15:13:00,16.77,16.77,16.77,16.77,103,AMBC
2023-01-10 15:14:00,16.78,16.78,16.77,16.77,583,AMBC
2023-01-10 15:17:00,16.775,16.775,16.775,16.775,109,AMBC
2023-01-10 15:19:00,16.77,16.7733,16.77,16.7733,1295,AMBC
2023-01-10 15:21:00,16.76,16.76,16.745,16.745,2406,AMBC
2023-01-10 15:22:00,16.76,16.76,16.75,16.76,2249,AMBC
2023-01-10 15:23:00,16.77,16.77,16.77,16.77,122,AMBC
2023-01-10 15:24:00,16.78,16.78,16.77,16.77,760,AMBC
2023-01-10 15:26:00,16.76,16.76,16.76,16.76,413,AMBC
2023-01-10 15:28:00,16.77,16.775,16.77,16.77,1059,AMBC
2023-01-10 15:29:00,16.77,16.77,16.77,16.77,219,AMBC
2023-01-10 15:30:00,16.78,16.78,16.78,16.78,403,AMBC
2023-01-10 15:31:00,16.77,16.77,16.77,16.77,123,AMBC
2023-01-10 15:32:00,16.76,16.76,16.76,16.76,651,AMBC
2023-01-10 15:33:00,16.76,16.76,16.75,16.75,618,AMBC
2023-01-10 15:34:00,16.75,16.75,16.75,16.75,107,AMBC
2023-01-10 15:35:00,16.75,16.75,16.75,16.75,306,AMBC
2023-01-10 15:36:00,16.75,16.75,16.75,16.75,113,AMBC
2023-01-10 15:37:00,16.755,16.755,16.755,16.755,410,AMBC
2023-01-10 15:38:00,16.76,16.76,16.76,16.76,1693,AMBC
2023-01-10 15:39:00,16.765,16.765,16.765,16.765,513,AMBC
2023-01-10 15:40:00,16.765,16.765,16.76,16.76,847,AMBC
2023-01-10 15:41:00,16.75,16.75,16.75,16.75,1813,AMBC
2023-01-10 15:43:00,16.75,16.75,16.75,16.75,539,AMBC
2023-01-10 15:44:00,16.76,16.77,16.75,16.77,2072,AMBC
2023-01-10 15:45:00,16.77,16.77,16.77,16.77,209,AMBC
2023-01-10 15:46:00,16.78,16.78,16.78,16.78,1010,AMBC
2023-01-10 15:47:00,16.8,16.805,16.8,16.805,1356,AMBC
2023-01-10 15:48:00,16.805,16.82,16.805,16.82,2746,AMBC
2023-01-10 15:49:00,16.83,16.835,16.82,16.835,1289,AMBC
2023-01-10 15:51:00,16.85,16.85,16.84,16.845,850,AMBC
2023-01-10 15:52:00,16.84,16.84,16.825,16.83,2318,AMBC
2023-01-10 15:53:00,16.84,16.84,16.83,16.84,693,AMBC
2023-01-10 15:54:00,16.83,16.84,16.83,16.83,948,AMBC
2023-01-10 15:55:00,16.82,16.825,16.82,16.825,353,AMBC
2023-01-10 15:56:00,16.83,16.84,16.82,16.83,6242,AMBC
2023-01-10 15:57:00,16.82,16.82,16.82,16.82,1470,AMBC
2023-01-10 15:58:00,16.81,16.81,16.8,16.8,2851,AMBC
2023-01-10 15:59:00,16.81,16.815,16.8,16.8,4912,AMBC
2023-01-10 16:00:00,16.81,16.81,16.79,16.79,6501,AMBC
2023-01-10 16:01:00,16.8,16.8,16.8,16.8,6349,AMBC
2023-01-10 16:02:00,16.8,16.8,16.8,16.8,735,AMBC
2023-01-11 09:31:00,16.77,16.77,16.77,16.77,3760,AMBC
2023-01-11 09:33:00,16.77,16.77,16.76,16.77,1378,AMBC
2023-01-11 09:40:00,16.7398,16.74,16.7398,16.74,1165,AMBC
2023-01-11 09:41:00,16.74,16.74,16.74,16.74,376,AMBC
2023-01-11 09:42:00,16.73,16.73,16.705,16.705,689,AMBC
2023-01-11 09:46:00,16.6901,16.6901,16.6901,16.6901,949,AMBC
2023-01-11 09:49:00,16.715,16.715,16.715,16.715,243,AMBC
2023-01-11 09:54:00,16.72,16.73,16.71,16.71,2310,AMBC
2023-01-11 09:59:00,16.7,16.7,16.69,16.69,610,AMBC
2023-01-11 10:01:00,16.7,16.7,16.7,16.7,392,AMBC
2023-01-11 10:16:00,16.67,16.705,16.67,16.705,3324,AMBC
2023-01-11 10:21:00,16.68,16.68,16.68,16.68,370,AMBC
2023-01-11 10:25:00,16.67,16.67,16.67,16.67,249,AMBC
2023-01-11 10:30:00,16.68,16.68,16.63,16.63,4828,AMBC
2023-01-11 10:35:00,16.58,16.58,16.575,16.58,1780,AMBC
2023-01-11 10:36:00,16.6,16.62,16.6,16.61,4044,AMBC
2023-01-11 10:37:00,16.6,16.6,16.6,16.6,565,AMBC
2023-01-11 10:45:00,16.59,16.61,16.59,16.594,1712,AMBC
2023-01-11 10:46:00,16.6,16.6,16.58,16.58,1297,AMBC
2023-01-11 10:47:00,16.55,16.55,16.55,16.55,1150,AMBC
2023-01-11 10:48:00,16.54,16.54,16.5,16.5,1980,AMBC
2023-01-11 10:49:00,16.5022,16.5022,16.5022,16.5022,101,AMBC
2023-01-11 10:50:00,16.49,16.49,16.49,16.49,113,AMBC
2023-01-11 10:51:00,16.49,16.49,16.49,16.49,255,AMBC
2023-01-11 10:52:00,16.49,16.545,16.49,16.545,8832,AMBC
2023-01-11 10:53:00,16.57,16.62,16.57,16.62,1679,AMBC
2023-01-11 10:54:00,16.6,16.62,16.6,16.6,2065,AMBC
2023-01-11 10:55:00,16.59,16.59,16.59,16.59,887,AMBC
2023-01-11 10:56:00,16.58,16.58,16.58,16.58,100,AMBC
2023-01-11 10:57:00,16.58,16.58,16.58,16.58,464,AMBC
2023-01-11 10:59:00,16.5656,16.5656,16.5656,16.5656,110,AMBC
2023-01-11 11:02:00,16.59,16.59,16.58,16.58,2731,AMBC
2023-01-11 11:06:00,16.59,16.59,16.59,16.59,251,AMBC
2023-01-11 11:07:00,16.585,16.59,16.585,16.59,437,AMBC
2023-01-11 11:08:00,16.59,16.59,16.59,16.59,412,AMBC
2023-01-11 11:13:00,16.59,16.59,16.59,16.59,100,AMBC
2023-01-11 11:14:00,16.59,16.62,16.59,16.6,1756,AMBC
2023-01-11 11:15:00,16.62,16.65,16.62,16.64,1091,AMBC
2023-01-11 11:16:00,16.63,16.63,16.621,16.621,778,AMBC
2023-01-11 11:17:00,16.62,16.62,16.62,16.62,297,AMBC
2023-01-11 11:18:00,16.6,16.6,16.6,16.6,243,AMBC
2023-01-11 11:19:00,16.59,16.59,16.585,16.585,575,AMBC
2023-01-11 11:20:00,16.58,16.58,16.58,16.58,505,AMBC
2023-01-11 11:22:00,16.55,16.55,16.55,16.55,613,AMBC
2023-01-11 11:28:00,16.547,16.547,16.547,16.547,530,AMBC
2023-01-11 11:29:00,16.55,16.55,16.55,16.55,146,AMBC
2023-01-11 11:41:00,16.56,16.56,16.56,16.56,797,AMBC
2023-01-11 11:42:00,16.56,16.56,16.56,16.56,210,AMBC
2023-01-11 11:43:00,16.56,16.56,16.56,16.56,349,AMBC
2023-01-11 11:44:00,16.56,16.56,16.56,16.56,200,AMBC
2023-01-11 11:48:00,16.58,16.59,16.58,16.59,843,AMBC
2023-01-11 11:49:00,16.59,16.6,16.59,16.6,211,AMBC
2023-01-11 11:53:00,16.605,16.605,16.605,16.605,105,AMBC
2023-01-11 11:57:00,16.63,16.63,16.63,16.63,101,AMBC
2023-01-11 11:58:00,16.63,16.63,16.63,16.63,523,AMBC
2023-01-11 11:59:00,16.62,16.63,16.62,16.63,303,AMBC
2023-01-11 12:01:00,16.63,16.63,16.63,16.63,114,AMBC
2023-01-11 12:02:00,16.63,16.63,16.63,16.63,103,AMBC
2023-01-11 12:05:00,16.63,16.63,16.63,16.63,190,AMBC
2023-01-11 12:06:00,16.63,16.645,16.63,16.645,791,AMBC
2023-01-11 12:07:00,16.64,16.64,16.64,16.64,104,AMBC
2023-01-11 12:08:00,16.63,16.64,16.63,16.64,1220,AMBC
2023-01-11 12:09:00,16.66,16.66,16.66,16.66,137,AMBC
2023-01-11 12:11:00,16.66,16.6799,16.66,16.6799,1525,AMBC
2023-01-11 12:15:00,16.68,16.68,16.68,16.68,533,AMBC
2023-01-11 12:16:00,16.68,16.68,16.68,16.68,367,AMBC
2023-01-11 12:20:00,16.67,16.67,16.67,16.67,1021,AMBC
2023-01-11 12:21:00,16.68,16.68,16.68,16.68,503,AMBC
2023-01-11 12:23:00,16.68,16.68,16.68,16.68,100,AMBC
2023-01-11 12:24:00,16.679,16.68,16.679,16.68,1433,AMBC
2023-01-11 12:25:00,16.68,16.68,16.68,16.68,317,AMBC
2023-01-11 12:27:00,16.68,16.68,16.68,16.68,100,AMBC
2023-01-11 12:28:00,16.67,16.67,16.67,16.67,205,AMBC
2023-01-11 12:36:00,16.65,16.65,16.65,16.65,804,AMBC
2023-01-11 12:38:00,16.66,16.66,16.66,16.66,393,AMBC
2023-01-11 12:44:00,16.67,16.67,16.67,16.67,283,AMBC
2023-01-11 12:45:00,16.6601,16.67,16.6601,16.67,1010,AMBC
2023-01-11 12:47:00,16.66,16.665,16.66,16.665,798,AMBC
2023-01-11 12:49:00,16.65,16.67,16.65,16.67,318,AMBC
2023-01-11 12:50:00,16.68,16.68,16.67,16.67,1724,AMBC
2023-01-11 12:54:00,16.68,16.68,16.68,16.68,1681,AMBC
2023-01-11 12:55:00,16.69,16.69,16.69,16.69,110,AMBC
2023-01-11 13:01:00,16.68,16.68,16.68,16.68,268,AMBC
2023-01-11 13:03:00,16.69,16.69,16.69,16.69,198,AMBC
2023-01-11 13:04:00,16.68,16.68,16.68,16.68,141,AMBC
2023-01-11 13:06:00,16.69,16.69,16.69,16.69,418,AMBC
2023-01-11 13:10:00,16.69,16.71,16.69,16.69,3282,AMBC
2023-01-11 13:11:00,16.685,16.685,16.67,16.67,1522,AMBC
2023-01-11 13:12:00,16.67,16.67,16.67,16.67,314,AMBC
2023-01-11 13:15:00,16.67,16.67,16.67,16.67,331,AMBC
2023-01-11 13:16:00,16.66,16.66,16.65,16.65,1563,AMBC
2023-01-11 13:17:00,16.65,16.65,16.65,16.65,389,AMBC
2023-01-11 13:19:00,16.64,16.64,16.64,16.64,1104,AMBC
2023-01-11 13:21:00,16.65,16.65,16.65,16.65,100,AMBC
2023-01-11 13:32:00,16.64,16.64,16.64,16.64,200,AMBC
2023-01-11 13:33:00,16.64,16.64,16.64,16.64,101,AMBC
2023-01-11 13:35:00,16.66,16.66,16.66,16.66,622,AMBC
2023-01-11 13:36:00,16.67,16.67,16.66,16.66,323,AMBC
2023-01-11 13:41:00,16.66,16.66,16.66,16.66,210,AMBC
2023-01-11 13:45:00,16.66,16.66,16.66,16.66,222,AMBC
2023-01-11 13:46:00,16.67,16.67,16.67,16.67,430,AMBC
2023-01-11 13:47:00,16.65,16.65,16.65,16.65,1718,AMBC
2023-01-11 13:52:00,16.65,16.65,16.65,16.65,202,AMBC
2023-01-11 13:53:00,16.65,16.65,16.65,16.65,108,AMBC
2023-01-11 13:54:00,16.65,16.65,16.65,16.65,152,AMBC
2023-01-11 13:55:00,16.65,16.65,16.65,16.65,289,AMBC
2023-01-11 13:57:00,16.65,16.65,16.65,16.65,797,AMBC
2023-01-11 14:02:00,16.66,16.66,16.66,16.66,142,AMBC
2023-01-11 14:03:00,16.65,16.65,16.65,16.65,372,AMBC
2023-01-11 14:04:00,16.65,16.65,16.65,16.65,120,AMBC
2023-01-11 14:05:00,16.66,16.685,16.66,16.685,2265,AMBC
2023-01-11 14:06:00,16.685,16.685,16.685,16.685,2127,AMBC
2023-01-11 14:07:00,16.685,16.685,16.685,16.685,135,AMBC
2023-01-11 14:08:00,16.68,16.68,16.68,16.68,118,AMBC
2023-01-11 14:10:00,16.68,16.68,16.68,16.68,236,AMBC
2023-01-11 14:12:00,16.69,16.69,16.69,16.69,110,AMBC
2023-01-11 14:14:00,16.69,16.69,16.69,16.69,205,AMBC
2023-01-11 14:15:00,16.69,16.69,16.69,16.69,200,AMBC
2023-01-11 14:17:00,16.69,16.69,16.685,16.685,443,AMBC
2023-01-11 14:18:00,16.69,16.7,16.69,16.7,621,AMBC
2023-01-11 14:19:00,16.695,16.695,16.695,16.695,735,AMBC
2023-01-11 14:20:00,16.695,16.695,16.695,16.695,200,AMBC
2023-01-11 14:21:00,16.69,16.69,16.68,16.69,1262,AMBC
2023-01-11 14:22:00,16.685,16.685,16.685,16.685,100,AMBC
2023-01-11 14:24:00,16.685,16.685,16.685,16.685,100,AMBC
2023-01-11 14:25:00,16.685,16.685,16.685,16.685,145,AMBC
2023-01-11 14:27:00,16.685,16.685,16.685,16.685,112,AMBC
2023-01-11 14:28:00,16.685,16.69,16.685,16.69,1243,AMBC
2023-01-11 14:37:00,16.69,16.69,16.69,16.69,270,AMBC
2023-01-11 14:38:00,16.69,16.69,16.69,16.69,149,AMBC
2023-01-11 14:39:00,16.69,16.69,16.69,16.69,486,AMBC
2023-01-11 14:40:00,16.69,16.69,16.69,16.69,305,AMBC
2023-01-11 14:41:00,16.69,16.69,16.69,16.69,100,AMBC
2023-01-11 14:43:00,16.7,16.71,16.7,16.705,2041,AMBC
2023-01-11 14:44:00,16.7,16.7,16.7,16.7,294,AMBC
2023-01-11 14:45:00,16.71,16.71,16.71,16.71,115,AMBC
2023-01-11 14:49:00,16.7,16.7,16.69,16.69,1325,AMBC
2023-01-11 14:52:00,16.67,16.67,16.67,16.67,1132,AMBC
2023-01-11 14:55:00,16.66,16.66,16.655,16.655,529,AMBC
2023-01-11 14:56:00,16.65,16.65,16.65,16.65,353,AMBC
2023-01-11 14:57:00,16.635,16.64,16.635,16.64,1006,AMBC
2023-01-11 14:59:00,16.64,16.64,16.63,16.63,671,AMBC
2023-01-11 15:01:00,16.64,16.65,16.64,16.65,1125,AMBC
2023-01-11 15:10:00,16.66,16.69,16.66,16.69,3248,AMBC
2023-01-11 15:11:00,16.7,16.7,16.7,16.7,100,AMBC
2023-01-11 15:15:00,16.72,16.72,16.72,16.72,135,AMBC
2023-01-11 15:16:00,16.72,16.72,16.72,16.72,482,AMBC
2023-01-11 15:19:00,16.73,16.74,16.73,16.74,555,AMBC
2023-01-11 15:22:00,16.75,16.75,16.75,16.75,161,AMBC
2023-01-11 15:23:00,16.75,16.76,16.75,16.76,930,AMBC
2023-01-11 15:25:00,16.75,16.76,16.74,16.76,2012,AMBC
2023-01-11 15:26:00,16.76,16.76,16.76,16.76,100,AMBC
2023-01-11 15:27:00,16.75,16.79,16.75,16.79,3852,AMBC
2023-01-11 15:29:00,16.78,16.78,16.78,16.78,492,AMBC
2023-01-11 15:30:00,16.78,16.78,16.78,16.78,432,AMBC
2023-01-11 15:31:00,16.77,16.77,16.74,16.74,1955,AMBC
2023-01-11 15:33:00,16.735,16.735,16.69,16.69,8078,AMBC
2023-01-11 15:34:00,16.69,16.7,16.69,16.7,3250,AMBC
2023-01-11 15:35:00,16.7,16.7,16.7,16.7,207,AMBC
2023-01-11 15:36:00,16.7,16.7,16.7,16.7,1922,AMBC
2023-01-11 15:37:00,16.7,16.73,16.69,16.73,2610,AMBC
2023-01-11 15:38:00,16.74,16.75,16.73,16.73,617,AMBC
2023-01-11 15:39:00,16.75,16.75,16.75,16.75,126,AMBC
2023-01-11 15:40:00,16.75,16.76,16.75,16.76,1035,AMBC
2023-01-11 15:41:00,16.75,16.75,16.75,16.75,882,AMBC
2023-01-11 15:42:00,16.75,16.75,16.74,16.74,1118,AMBC
2023-01-11 15:43:00,16.72,16.72,16.71,16.71,886,AMBC
2023-01-11 15:45:00,16.72,16.73,16.72,16.73,1554,AMBC
2023-01-11 15:46:00,16.72,16.72,16.72,16.72,448,AMBC
2023-01-11 15:49:00,16.71,16.71,16.71,16.71,1624,AMBC
2023-01-11 15:50:00,16.72,16.72,16.72,16.72,1634,AMBC
2023-01-11 15:51:00,16.715,16.715,16.715,16.715,196,AMBC
2023-01-11 15:52:00,16.71,16.71,16.71,16.71,405,AMBC
2023-01-11 15:53:00,16.71,16.74,16.71,16.74,4603,AMBC
2023-01-11 15:54:00,16.74,16.75,16.74,16.75,1034,AMBC
2023-01-11 15:55:00,16.75,16.79,16.75,16.79,3405,AMBC
2023-01-11 15:56:00,16.785,16.79,16.785,16.79,551,AMBC
2023-01-11 15:57:00,16.79,16.79,16.76,16.76,3811,AMBC
2023-01-11 15:58:00,16.77,16.77,16.76,16.77,1809,AMBC
2023-01-11 15:59:00,16.77,16.77,16.76,16.77,2882,AMBC
2023-01-11 16:00:00,16.77,16.79,16.76,16.77,4704,AMBC
2023-01-11 16:02:00,16.77,16.77,16.77,16.77,4817,AMBC
2023-01-12 09:31:00,16.86,16.86,16.86,16.86,552,AMBC
2023-01-12 09:38:00,16.83,16.83,16.83,16.83,101,AMBC
2023-01-12 09:39:00,16.76,16.76,16.74,16.74,480,AMBC
2023-01-12 09:41:00,16.8,16.8,16.8,16.8,106,AMBC
2023-01-12 09:43:00,16.81,16.81,16.81,16.81,421,AMBC
2023-01-12 09:48:00,16.87,16.87,16.87,16.87,182,AMBC
2023-01-12 09:53:00,16.84,16.84,16.84,16.84,100,AMBC
2023-01-12 09:56:00,16.86,16.86,16.84,16.84,220,AMBC
2023-01-12 10:01:00,16.85,16.89,16.85,16.88,3675,AMBC
2023-01-12 10:02:00,16.872,16.872,16.85,16.85,1089,AMBC
2023-01-12 10:09:00,16.87,16.87,16.87,16.87,101,AMBC
2023-01-12 10:11:00,16.89,16.89,16.89,16.89,328,AMBC
2023-01-12 10:12:00,16.9,16.9,16.9,16.9,169,AMBC
2023-01-12 10:18:00,16.9071,16.9071,16.9071,16.9071,200,AMBC
2023-01-12 10:19:00,16.92,16.95,16.92,16.942,1068,AMBC
2023-01-12 10:23:00,16.925,16.925,16.925,16.925,101,AMBC
2023-01-12 10:25:00,16.925,16.925,16.925,16.925,101,AMBC
2023-01-12 10:29:00,16.92,16.93,16.92,16.92,700,AMBC
2023-01-12 10:35:00,16.914,16.95,16.914,16.93,1176,AMBC
2023-01-12 10:41:00,16.94,16.94,16.94,16.94,203,AMBC
2023-01-12 10:43:00,16.94,16.94,16.94,16.94,320,AMBC
2023-01-12 10:44:00,16.93,16.93,16.91,16.91,2799,AMBC
2023-01-12 10:45:00,16.9,16.9,16.86,16.86,911,AMBC
2023-01-12 10:51:00,16.87,16.875,16.86,16.86,711,AMBC
2023-01-12 10:53:00,16.87,16.87,16.87,16.87,507,AMBC
2023-01-12 10:54:00,16.88,16.88,16.88,16.88,129,AMBC
2023-01-12 10:57:00,16.88,16.88,16.88,16.88,237,AMBC
2023-01-12 10:58:00,16.87,16.87,16.86,16.86,380,AMBC
2023-01-12 11:00:00,16.84,16.84,16.83,16.83,551,AMBC
2023-01-12 11:02:00,16.8,16.8,16.8,16.8,899,AMBC
2023-01-12 11:03:00,16.8,16.82,16.8,16.82,975,AMBC
2023-01-12 11:05:00,16.805,16.805,16.805,16.805,100,AMBC
2023-01-12 11:07:00,16.83,16.83,16.83,16.83,219,AMBC
2023-01-12 11:15:00,16.83,16.83,16.83,16.83,100,AMBC
2023-01-12 11:16:00,16.84,16.845,16.84,16.845,322,AMBC
2023-01-12 11:21:00,16.83,16.83,16.83,16.83,301,AMBC
2023-01-12 11:24:00,16.85,16.85,16.85,16.85,100,AMBC
2023-01-12 11:26:00,16.86,16.88,16.86,16.88,523,AMBC
2023-01-12 11:28:00,16.88,16.88,16.88,16.88,102,AMBC
2023-01-12 11:36:00,16.89,16.89,16.89,16.89,111,AMBC
2023-01-12 11:37:00,16.885,16.885,16.885,16.885,104,AMBC
2023-01-12 11:39:00,16.8909,16.9,16.8909,16.9,304,AMBC
2023-01-12 11:41:00,16.91,16.91,16.91,16.91,521,AMBC
2023-01-12 11:42:00,16.91,16.91,16.91,16.91,443,AMBC
2023-01-12 11:45:00,16.92,16.92,16.905,16.905,970,AMBC
2023-01-12 11:47:00,16.91,16.91,16.91,16.91,223,AMBC
2023-01-12 11:49:00,16.92,16.92,16.92,16.92,101,AMBC
2023-01-12 11:55:00,16.92,16.92,16.92,16.92,242,AMBC
2023-01-12 11:56:00,16.902,16.905,16.89,16.89,1695,AMBC
2023-01-12 11:57:00,16.89,16.89,16.89,16.89,127,AMBC
2023-01-12 11:58:00,16.8923,16.8923,16.8923,16.8923,300,AMBC
2023-01-12 11:59:00,16.9,16.91,16.9,16.91,1399,AMBC
2023-01-12 12:00:00,16.91,16.91,16.9,16.9,1106,AMBC
2023-01-12 12:03:00,16.91,16.915,16.91,16.915,296,AMBC
2023-01-12 12:07:00,16.9001,16.9001,16.9001,16.9001,200,AMBC
2023-01-12 12:09:00,16.91,16.91,16.9,16.9,830,AMBC
2023-01-12 12:11:00,16.91,16.91,16.91,16.91,527,AMBC
2023-01-12 12:12:00,16.92,16.93,16.91,16.93,573,AMBC
2023-01-12 12:13:00,16.92,16.92,16.92,16.92,1365,AMBC
2023-01-12 12:16:00,16.92,16.92,16.9,16.9,873,AMBC
2023-01-12 12:18:00,16.92,16.93,16.91,16.91,1566,AMBC
2023-01-12 12:19:00,16.92,16.95,16.92,16.95,2063,AMBC
2023-01-12 12:21:00,16.95,16.95,16.945,16.945,1457,AMBC
2023-01-12 12:22:00,16.94,16.94,16.94,16.94,105,AMBC
2023-01-12 12:26:00,16.97,16.97,16.97,16.97,259,AMBC
2023-01-12 12:27:00,16.97,16.97,16.97,16.97,138,AMBC
2023-01-12 12:28:00,16.97,16.97,16.97,16.97,181,AMBC
2023-01-12 12:35:00,16.97,16.97,16.97,16.97,280,AMBC
2023-01-12 12:36:00,16.97,16.98,16.97,16.98,768,AMBC
2023-01-12 12:39:00,16.97,16.97,16.97,16.97,224,AMBC
2023-01-12 12:40:00,16.98,16.98,16.97,16.97,1568,AMBC
2023-01-12 12:41:00,16.96,16.96,16.93,16.93,1619,AMBC
2023-01-12 12:42:00,16.94,16.94,16.94,16.94,1119,AMBC
2023-01-12 12:46:00,16.95,16.96,16.95,16.96,209,AMBC
2023-01-12 12:51:00,16.96,16.96,16.96,16.96,438,AMBC
2023-01-12 12:52:00,16.95,16.95,16.95,16.95,229,AMBC
2023-01-12 12:55:00,16.955,16.955,16.955,16.955,100,AMBC
2023-01-12 13:00:00,16.95,16.95,16.95,16.95,1417,AMBC
2023-01-12 13:02:00,16.94,16.95,16.94,16.95,1516,AMBC
2023-01-12 13:07:00,16.95,16.95,16.95,16.95,375,AMBC
2023-01-12 13:08:00,16.95,16.95,16.94,16.94,834,AMBC
2023-01-12 13:09:00,16.9397,16.9397,16.9397,16.9397,138,AMBC
2023-01-12 13:14:00,16.945,16.945,16.945,16.945,100,AMBC
2023-01-12 13:16:00,16.95,16.95,16.95,16.95,234,AMBC
2023-01-12 13:17:00,16.955,16.955,16.95,16.95,631,AMBC
2023-01-12 13:19:00,16.95,16.95,16.94,16.94,1390,AMBC
2023-01-12 13:23:00,16.935,16.94,16.935,16.94,416,AMBC
2023-01-12 13:25:00,16.94,16.94,16.91,16.91,2910,AMBC
2023-01-12 13:27:00,16.885,16.885,16.885,16.885,303,AMBC
2023-01-12 13:28:00,16.87,16.87,16.87,16.87,172,AMBC
2023-01-12 13:29:00,16.86,16.86,16.86,16.86,311,AMBC
2023-01-12 13:30:00,16.85,16.85,16.83,16.83,428,AMBC
2023-01-12 13:32:00,16.82,16.82,16.82,16.82,495,AMBC
2023-01-12 13:33:00,16.815,16.815,16.815,16.815,100,AMBC
2023-01-12 13:34:00,16.83,16.84,16.83,16.83,1696,AMBC
2023-01-12 13:38:00,16.83,16.83,16.83,16.83,172,AMBC
2023-01-12 13:41:00,16.83,16.83,16.83,16.83,561,AMBC
2023-01-12 13:45:00,16.82,16.82,16.8,16.8,1938,AMBC
2023-01-12 13:46:00,16.7965,16.7965,16.7965,16.7965,300,AMBC
2023-01-12 13:47:00,16.8,16.805,16.8,16.805,3020,AMBC
2023-01-12 13:53:00,16.8058,16.81,16.8058,16.81,432,AMBC
2023-01-12 13:54:00,16.81,16.82,16.81,16.82,938,AMBC
2023-01-12 13:56:00,16.81,16.81,16.81,16.81,1210,AMBC
2023-01-12 13:57:00,16.81,16.82,16.81,16.82,200,AMBC
2023-01-12 13:58:00,16.82,16.82,16.82,16.82,210,AMBC
2023-01-12 14:00:00,16.82,16.82,16.81,16.81,739,AMBC
2023-01-12 14:03:00,16.81,16.81,16.81,16.81,179,AMBC
2023-01-12 14:06:00,16.81,16.81,16.79,16.79,842,AMBC
2023-01-12 14:07:00,16.78,16.78,16.78,16.78,163,AMBC
2023-01-12 14:08:00,16.77,16.77,16.77,16.77,200,AMBC
2023-01-12 14:09:00,16.7628,16.77,16.7628,16.77,429,AMBC
2023-01-12 14:10:00,16.76,16.76,16.75,16.75,656,AMBC
2023-01-12 14:11:00,16.745,16.745,16.745,16.745,110,AMBC
2023-01-12 14:13:00,16.75,16.75,16.75,16.75,844,AMBC
2023-01-12 14:14:00,16.75,16.75,16.75,16.75,100,AMBC
2023-01-12 14:18:00,16.75,16.75,16.75,16.75,260,AMBC
2023-01-12 14:19:00,16.74,16.7401,16.74,16.74,700,AMBC
2023-01-12 14:21:00,16.75,16.75,16.75,16.75,1101,AMBC
2023-01-12 14:22:00,16.75,16.75,16.745,16.75,695,AMBC
2023-01-12 14:23:00,16.75,16.75,16.74,16.74,1349,AMBC
2023-01-12 14:24:00,16.74,16.74,16.74,16.74,266,AMBC
2023-01-12 14:26:00,16.745,16.75,16.745,16.75,794,AMBC
2023-01-12 14:27:00,16.75,16.75,16.75,16.75,100,AMBC
2023-01-12 14:28:00,16.745,16.745,16.745,16.745,100,AMBC
2023-01-12 14:29:00,16.745,16.745,16.745,16.745,150,AMBC
2023-01-12 14:31:00,16.74,16.74,16.73,16.73,1205,AMBC
2023-01-12 14:35:00,16.72,16.72,16.72,16.72,210,AMBC
2023-01-12 14:37:00,16.72,16.72,16.72,16.72,400,AMBC
2023-01-12 14:38:00,16.725,16.725,16.72,16.72,566,AMBC
2023-01-12 14:39:00,16.715,16.73,16.715,16.73,760,AMBC
2023-01-12 14:40:00,16.725,16.74,16.725,16.73,910,AMBC
2023-01-12 14:41:00,16.75,16.75,16.75,16.75,116,AMBC
2023-01-12 14:43:00,16.747,16.747,16.747,16.747,321,AMBC
2023-01-12 14:45:00,16.74,16.74,16.74,16.74,200,AMBC
2023-01-12 14:47:00,16.75,16.75,16.75,16.75,130,AMBC
2023-01-12 14:51:00,16.74,16.75,16.74,16.75,1017,AMBC
2023-01-12 14:52:00,16.74,16.74,16.74,16.74,335,AMBC
2023-01-12 14:56:00,16.735,16.735,16.735,16.735,202,AMBC
2023-01-12 14:58:00,16.74,16.74,16.74,16.74,1212,AMBC
2023-01-12 14:59:00,16.74,16.74,16.74,16.74,133,AMBC
2023-01-12 15:00:00,16.735,16.74,16.735,16.74,250,AMBC
2023-01-12 15:02:00,16.735,16.735,16.735,16.735,106,AMBC
2023-01-12 15:03:00,16.73,16.73,16.7,16.7,2133,AMBC
2023-01-12 15:04:00,16.72,16.74,16.72,16.74,1103,AMBC
2023-01-12 15:05:00,16.735,16.74,16.735,16.74,201,AMBC
2023-01-12 15:07:00,16.74,16.74,16.74,16.74,287,AMBC
2023-01-12 15:09:00,16.735,16.735,16.73,16.73,575,AMBC
2023-01-12 15:10:00,16.72,16.72,16.72,16.72,250,AMBC
2023-01-12 15:13:00,16.725,16.725,16.725,16.725,110,AMBC
2023-01-12 15:16:00,16.72,16.72,16.72,16.72,850,AMBC
2023-01-12 15:17:00,16.715,16.72,16.715,16.72,877,AMBC
2023-01-12 15:18:00,16.72,16.73,16.72,16.73,562,AMBC
2023-01-12 15:20:00,16.7325,16.7325,16.7325,16.7325,372,AMBC
2023-01-12 15:22:00,16.73,16.73,16.73,16.73,116,AMBC
2023-01-12 15:23:00,16.73,16.73,16.73,16.73,552,AMBC
2023-01-12 15:24:00,16.73,16.73,16.73,16.73,1317,AMBC
2023-01-12 15:25:00,16.73,16.74,16.73,16.74,220,AMBC
2023-01-12 15:26:00,16.73,16.74,16.73,16.74,306,AMBC
2023-01-12 15:27:00,16.7316,16.75,16.7316,16.75,2057,AMBC
2023-01-12 15:28:00,16.755,16.755,16.755,16.755,430,AMBC
2023-01-12 15:29:00,16.74,16.76,16.74,16.76,720,AMBC
2023-01-12 15:30:00,16.75,16.75,16.75,16.75,102,AMBC
2023-01-12 15:31:00,16.75,16.75,16.75,16.75,222,AMBC
2023-01-12 15:32:00,16.76,16.76,16.75,16.75,201,AMBC
2023-01-12 15:33:00,16.75,16.78,16.75,16.78,1921,AMBC
2023-01-12 15:34:00,16.78,16.78,16.78,16.78,240,AMBC
2023-01-12 15:35:00,16.78,16.81,16.78,16.8,1852,AMBC
2023-01-12 15:36:00,16.8,16.8,16.8,16.8,269,AMBC
2023-01-12 15:37:00,16.8,16.8,16.8,16.8,100,AMBC
2023-01-12 15:38:00,16.8,16.8,16.8,16.8,301,AMBC
2023-01-12 15:39:00,16.79,16.8,16.79,16.8,449,AMBC
2023-01-12 15:40:00,16.805,16.82,16.8,16.82,1171,AMBC
2023-01-12 15:41:00,16.82,16.83,16.82,16.82,825,AMBC
2023-01-12 15:42:00,16.82,16.82,16.82,16.82,1539,AMBC
2023-01-12 15:43:00,16.83,16.83,16.8219,16.8219,600,AMBC
2023-01-12 15:44:00,16.81,16.81,16.81,16.81,352,AMBC
2023-01-12 15:45:00,16.82,16.83,16.82,16.82,515,AMBC
2023-01-12 15:46:00,16.82,16.83,16.82,16.82,889,AMBC
2023-01-12 15:47:00,16.825,16.825,16.825,16.825,303,AMBC
2023-01-12 15:48:00,16.825,16.825,16.825,16.825,272,AMBC
2023-01-12 15:49:00,16.82,16.825,16.795,16.795,3310,AMBC
2023-01-12 15:50:00,16.8,16.8,16.8,16.8,651,AMBC
2023-01-12 15:51:00,16.8,16.81,16.8,16.805,1359,AMBC
2023-01-12 15:52:00,16.82,16.83,16.82,16.83,1435,AMBC
2023-01-12 15:53:00,16.83,16.83,16.8157,16.8157,1958,AMBC
2023-01-12 15:54:00,16.815,16.83,16.815,16.83,1875,AMBC
2023-01-12 15:55:00,16.83,16.84,16.83,16.84,672,AMBC
2023-01-12 15:56:00,16.84,16.84,16.835,16.835,929,AMBC
2023-01-12 15:57:00,16.835,16.84,16.825,16.825,4685,AMBC
2023-01-12 15:58:00,16.825,16.83,16.82,16.825,1932,AMBC
2023-01-12 15:59:00,16.83,16.835,16.825,16.825,2494,AMBC
2023-01-12 16:00:00,16.835,16.835,16.81,16.81,6600,AMBC
2023-01-12 16:01:00,16.81,16.81,16.81,16.81,62421,AMBC
2023-01-12 16:02:00,16.81,16.81,16.81,16.81,1770,AMBC
2023-01-12 16:03:00,16.81,16.81,16.81,16.81,146,AMBC
2023-01-12 16:39:00,17.0,17.0,17.0,17.0,180,AMBC
2023-01-13 09:31:00,16.88,16.88,16.72,16.76,5432,AMBC
2023-01-13 09:32:00,16.8,16.8,16.8,16.8,300,AMBC
2023-01-13 09:34:00,17.05,17.05,17.05,17.05,208,AMBC
2023-01-13 09:40:00,16.9,16.9,16.9,16.9,102,AMBC
2023-01-13 09:42:00,16.87,16.87,16.87,16.87,150,AMBC
2023-01-13 09:45:00,16.91,16.91,16.91,16.91,510,AMBC
2023-01-13 09:46:00,16.8876,16.8876,16.8876,16.8876,500,AMBC
2023-01-13 09:53:00,16.885,16.885,16.885,16.885,250,AMBC
2023-01-13 09:55:00,16.89,16.9,16.86,16.86,885,AMBC
2023-01-13 09:57:00,16.92,16.92,16.92,16.92,125,AMBC
2023-01-13 09:58:00,16.91,16.91,16.9,16.9,345,AMBC
2023-01-13 10:01:00,16.965,17.0,16.965,17.0,750,AMBC
2023-01-13 10:08:00,16.95,16.95,16.94,16.94,1566,AMBC
2023-01-13 10:09:00,16.9,16.92,16.9,16.91,563,AMBC
2023-01-13 10:11:00,16.915,16.915,16.915,16.915,372,AMBC
2023-01-13 10:12:00,16.94,16.94,16.94,16.94,354,AMBC
2023-01-13 10:13:00,16.96,16.96,16.96,16.96,100,AMBC
2023-01-13 10:17:00,16.98,16.98,16.95,16.95,4592,AMBC
2023-01-13 10:18:00,16.95,16.96,16.95,16.96,877,AMBC
2023-01-13 10:20:00,16.9861,16.9861,16.9861,16.9861,622,AMBC
2023-01-13 10:21:00,16.97,16.9715,16.97,16.9715,707,AMBC
2023-01-13 10:23:00,16.97,16.97,16.97,16.97,100,AMBC
2023-01-13 10:24:00,16.9833,16.9833,16.9833,16.9833,200,AMBC
2023-01-13 10:25:00,17.0,17.01,16.99,17.01,1918,AMBC
2023-01-13 10:26:00,17.01,17.01,17.01,17.01,170,AMBC
2023-01-13 10:28:00,17.0291,17.0291,17.0,17.0,817,AMBC
2023-01-13 10:31:00,17.015,17.015,17.015,17.015,121,AMBC
2023-01-13 10:32:00,17.03,17.03,17.03,17.03,141,AMBC
2023-01-13 10:33:00,16.99,16.99,16.99,16.99,191,AMBC
2023-01-13 10:35:00,16.995,16.995,16.995,16.995,252,AMBC
2023-01-13 10:39:00,16.9978,16.9978,16.9978,16.9978,315,AMBC
2023-01-13 10:41:00,17.01,17.01,16.99,17.005,1415,AMBC
2023-01-13 10:42:00,17.02,17.02,17.0,17.005,1097,AMBC
2023-01-13 10:44:00,17.005,17.005,17.005,17.005,330,AMBC
2023-01-13 10:45:00,16.9997,17.005,16.9997,17.005,1890,AMBC
2023-01-13 10:47:00,17.0,17.05,17.0,17.0399,4374,AMBC
2023-01-13 10:49:00,17.04,17.04,17.04,17.04,107,AMBC
2023-01-13 10:52:00,17.04,17.04,17.04,17.04,410,AMBC
2023-01-13 10:54:00,17.03,17.03,17.02,17.02,1558,AMBC
2023-01-13 10:56:00,17.0,17.0,16.97,16.97,3549,AMBC
2023-01-13 11:00:00,16.975,16.975,16.975,16.975,102,AMBC
2023-01-13 11:01:00,16.975,16.975,16.975,16.975,346,AMBC
2023-01-13 11:02:00,16.975,17.06,16.975,17.06,7842,AMBC
2023-01-13 11:03:00,17.03,17.03,17.02,17.02,693,AMBC
2023-01-13 11:06:00,17.0456,17.0456,17.0456,17.0456,162,AMBC
2023-01-13 11:09:00,17.045,17.045,17.045,17.045,100,AMBC
2023-01-13 11:10:00,17.03,17.03,17.0,17.015,3281,AMBC
2023-01-13 11:12:00,17.0208,17.0208,17.0208,17.0208,350,AMBC
2023-01-13 11:13:00,17.01,17.01,17.01,17.01,384,AMBC
2023-01-13 11:14:00,17.005,17.015,17.005,17.015,722,AMBC
2023-01-13 11:16:00,17.015,17.015,17.015,17.015,100,AMBC
2023-01-13 11:17:00,17.015,17.015,17.015,17.015,200,AMBC
2023-01-13 11:18:00,17.02,17.02,16.99,16.99,1040,AMBC
2023-01-13 11:21:00,16.99,16.99,16.99,16.99,202,AMBC
2023-01-13 11:22:00,16.99,16.99,16.99,16.99,100,AMBC
2023-01-13 11:24:00,17.0,17.0,17.0,17.0,380,AMBC
2023-01-13 11:28:00,17.0,17.0,17.0,17.0,220,AMBC
2023-01-13 11:31:00,16.99,16.995,16.99,16.995,428,AMBC
2023-01-13 11:32:00,16.99,16.99,16.99,16.99,120,AMBC
2023-01-13 11:33:00,16.99,16.99,16.98,16.99,1648,AMBC
2023-01-13 11:34:00,16.99,16.99,16.98,16.98,510,AMBC
2023-01-13 11:35:00,16.99,16.99,16.98,16.98,651,AMBC
2023-01-13 11:39:00,16.975,16.975,16.975,16.975,204,AMBC
2023-01-13 11:42:00,16.975,16.975,16.975,16.975,180,AMBC
2023-01-13 11:46:00,16.97,16.97,16.97,16.97,486,AMBC
2023-01-13 11:47:00,16.965,16.965,16.965,16.965,141,AMBC
2023-01-13 11:48:00,16.96,16.96,16.96,16.96,543,AMBC
2023-01-13 11:49:00,16.97,16.97,16.97,16.97,469,AMBC
2023-01-13 11:50:00,16.96,16.9799,16.96,16.97,1580,AMBC
2023-01-13 11:53:00,16.96,16.96,16.955,16.955,342,AMBC
2023-01-13 11:54:00,16.96,16.96,16.96,16.96,149,AMBC
2023-01-13 12:01:00,16.97,16.97,16.97,16.97,460,AMBC
2023-01-13 12:04:00,16.97,16.97,16.97,16.97,100,AMBC
2023-01-13 12:07:00,16.98,17.01,16.98,17.01,1883,AMBC
2023-01-13 12:08:00,17.02,17.02,17.02,17.02,424,AMBC
2023-01-13 12:12:00,17.015,17.015,17.015,17.015,254,AMBC
2023-01-13 12:13:00,17.02,17.02,17.02,17.02,155,AMBC
2023-01-13 12:14:00,17.025,17.025,17.025,17.025,100,AMBC
2023-01-13 12:17:00,17.05,17.05,17.05,17.05,205,AMBC
2023-01-13 12:19:00,17.05,17.07,17.05,17.06,3746,AMBC
2023-01-13 12:24:00,17.055,17.055,17.055,17.055,100,AMBC
2023-01-13 12:26:00,17.04,17.04,17.01,17.015,5684,AMBC
2023-01-13 12:27:00,17.01,17.01,16.95,16.98,33139,AMBC
2023-01-13 12:28:00,16.98,16.99,16.98,16.99,1080,AMBC
2023-01-13 12:29:00,17.0,17.0,17.0,17.0,396,AMBC
2023-01-13 12:30:00,17.0004,17.0004,17.0004,17.0004,200,AMBC
2023-01-13 12:34:00,17.01,17.03,17.01,17.02,1238,AMBC
2023-01-13 12:35:00,17.035,17.05,17.035,17.05,224,AMBC
2023-01-13 12:36:00,17.05,17.05,17.05,17.05,100,AMBC
2023-01-13 12:38:00,17.05,17.05,17.05,17.05,233,AMBC
2023-01-13 12:39:00,17.02,17.02,17.01,17.01,614,AMBC
2023-01-13 12:40:00,17.0,17.0,17.0,17.0,460,AMBC
2023-01-13 12:42:00,17.0,17.0,17.0,17.0,133,AMBC
2023-01-13 12:45:00,17.0,17.01,17.0,17.01,1395,AMBC
2023-01-13 12:47:00,17.01,17.01,17.01,17.01,352,AMBC
2023-01-13 12:48:00,17.01,17.01,17.01,17.01,380,AMBC
2023-01-13 12:49:00,17.03,17.03,17.03,17.03,100,AMBC
2023-01-13 12:50:00,17.02,17.02,17.02,17.02,100,AMBC
2023-01-13 12:53:00,17.03,17.03,17.03,17.03,133,AMBC
2023-01-13 12:55:00,17.02,17.04,17.02,17.04,685,AMBC
2023-01-13 12:56:00,17.04,17.04,17.04,17.04,394,AMBC
2023-01-13 12:57:00,17.06,17.06,17.06,17.06,107,AMBC
2023-01-13 13:01:00,17.045,17.06,17.045,17.06,907,AMBC
2023-01-13 13:03:00,17.05,17.05,17.05,17.05,213,AMBC
2023-01-13 13:04:00,17.07,17.08,17.07,17.08,275,AMBC
2023-01-13 13:12:00,17.075,17.075,17.045,17.06,2347,AMBC
2023-01-13 13:16:00,17.05,17.05,17.05,17.05,422,AMBC
2023-01-13 13:21:00,17.03,17.03,17.03,17.03,354,AMBC
2023-01-13 13:23:00,17.03,17.03,17.03,17.03,110,AMBC
2023-01-13 13:25:00,17.03,17.03,17.03,17.03,101,AMBC
2023-01-13 13:31:00,17.03,17.03,17.03,17.03,351,AMBC
2023-01-13 13:33:00,17.03,17.03,17.03,17.03,349,AMBC
2023-01-13 13:35:00,17.04,17.04,17.035,17.035,496,AMBC
2023-01-13 13:36:00,17.035,17.035,17.035,17.035,100,AMBC
2023-01-13 13:37:00,17.03,17.03,17.025,17.0295,2137,AMBC
2023-01-13 13:43:00,17.04,17.05,17.04,17.05,1229,AMBC
2023-01-13 13:44:00,17.06,17.06,17.06,17.06,140,AMBC
2023-01-13 13:45:00,17.05,17.05,17.05,17.05,122,AMBC
2023-01-13 13:46:00,17.06,17.06,17.06,17.06,679,AMBC
2023-01-13 13:47:00,17.06,17.06,17.06,17.06,100,AMBC
2023-01-13 13:49:00,17.07,17.07,17.07,17.07,191,AMBC
2023-01-13 13:52:00,17.09,17.09,17.09,17.09,125,AMBC
2023-01-13 13:55:00,17.08,17.08,17.08,17.08,744,AMBC
2023-01-13 14:00:00,17.09,17.09,17.09,17.09,323,AMBC
2023-01-13 14:02:00,17.09,17.0915,17.09,17.0915,910,AMBC
2023-01-13 14:05:00,17.08,17.08,17.08,17.08,680,AMBC
2023-01-13 14:06:00,17.08,17.1,17.08,17.09,1471,AMBC
2023-01-13 14:07:00,17.09,17.09,17.08,17.08,470,AMBC
2023-01-13 14:08:00,17.07,17.07,17.07,17.07,650,AMBC
2023-01-13 14:10:00,17.055,17.055,17.055,17.055,200,AMBC
2023-01-13 14:12:00,17.055,17.06,17.055,17.06,574,AMBC
2023-01-13 14:14:00,17.06,17.06,17.06,17.06,203,AMBC
2023-01-13 14:17:00,17.0607,17.07,17.0607,17.07,330,AMBC
2023-01-13 14:18:00,17.0682,17.0682,17.0682,17.0682,460,AMBC
2023-01-13 14:21:00,17.05,17.05,17.05,17.05,528,AMBC
2023-01-13 14:25:00,17.05,17.05,17.05,17.05,153,AMBC
2023-01-13 14:26:00,17.04,17.04,17.04,17.04,902,AMBC
2023-01-13 14:27:00,17.05,17.05,17.05,17.05,417,AMBC
2023-01-13 14:31:00,17.05,17.05,17.05,17.05,230,AMBC
2023-01-13 14:34:00,17.04,17.04,17.04,17.04,539,AMBC
2023-01-13 14:39:00,17.03,17.03,17.03,17.03,143,AMBC
2023-01-13 14:42:00,17.04,17.04,17.03,17.04,969,AMBC
2023-01-13 14:45:00,17.04,17.04,17.03,17.03,577,AMBC
2023-01-13 14:47:00,17.03,17.03,17.03,17.03,210,AMBC
2023-01-13 14:48:00,17.05,17.05,17.05,17.05,147,AMBC
2023-01-13 14:50:00,17.055,17.055,17.055,17.055,132,AMBC
2023-01-13 14:51:00,17.05,17.05,17.05,17.05,250,AMBC
2023-01-13 14:52:00,17.04,17.04,17.035,17.04,991,AMBC
2023-01-13 14:53:00,17.05,17.05,17.05,17.05,647,AMBC
2023-01-13 14:56:00,17.04,17.04,17.04,17.04,281,AMBC
2023-01-13 15:02:00,17.045,17.045,17.045,17.045,288,AMBC
2023-01-13 15:06:00,17.045,17.045,17.045,17.045,128,AMBC
2023-01-13 15:07:00,17.05,17.07,17.0499,17.07,2228,AMBC
2023-01-13 15:08:00,17.06,17.06,17.055,17.055,1259,AMBC
2023-01-13 15:10:00,17.06,17.06,17.06,17.06,232,AMBC
2023-01-13 15:11:00,17.07,17.07,17.07,17.07,211,AMBC
2023-01-13 15:12:00,17.06,17.06,17.06,17.06,649,AMBC
2023-01-13 15:14:00,17.08,17.08,17.07,17.07,685,AMBC
2023-01-13 15:17:00,17.072,17.072,17.072,17.072,239,AMBC
2023-01-13 15:19:00,17.1,17.13,17.1,17.12,822,AMBC
2023-01-13 15:20:00,17.11,17.11,17.11,17.11,165,AMBC
2023-01-13 15:21:00,17.1201,17.15,17.1201,17.13,526,AMBC
2023-01-13 15:22:00,17.13,17.13,17.13,17.13,140,AMBC
2023-01-13 15:23:00,17.13,17.13,17.13,17.13,700,AMBC
2023-01-13 15:24:00,17.12,17.13,17.12,17.13,217,AMBC
2023-01-13 15:25:00,17.13,17.14,17.13,17.13,786,AMBC
2023-01-13 15:26:00,17.14,17.14,17.13,17.13,498,AMBC
2023-01-13 15:27:00,17.14,17.14,17.14,17.14,157,AMBC
2023-01-13 15:29:00,17.12,17.12,17.105,17.105,3150,AMBC
2023-01-13 15:30:00,17.1,17.13,17.1,17.12,1721,AMBC
2023-01-13 15:31:00,17.12,17.12,17.12,17.12,280,AMBC
2023-01-13 15:32:00,17.13,17.13,17.13,17.13,208,AMBC
2023-01-13 15:34:00,17.125,17.125,17.125,17.125,210,AMBC
2023-01-13 15:35:00,17.125,17.13,17.125,17.125,503,AMBC
2023-01-13 15:36:00,17.13,17.13,17.12,17.13,2513,AMBC
2023-01-13 15:37:00,17.125,17.13,17.11,17.13,2680,AMBC
2023-01-13 15:38:00,17.12,17.12,17.12,17.12,741,AMBC
2023-01-13 15:39:00,17.12,17.1234,17.12,17.1234,358,AMBC
2023-01-13 15:40:00,17.13,17.13,17.125,17.13,455,AMBC
2023-01-13 15:41:00,17.13,17.14,17.125,17.125,849,AMBC
2023-01-13 15:42:00,17.125,17.125,17.125,17.125,390,AMBC
2023-01-13 15:43:00,17.13,17.13,17.125,17.125,782,AMBC
2023-01-13 15:44:00,17.12,17.12,17.12,17.12,1865,AMBC
2023-01-13 15:46:00,17.12,17.1299,17.11,17.1299,701,AMBC
2023-01-13 15:47:00,17.11,17.11,17.11,17.11,1225,AMBC
2023-01-13 15:48:00,17.1,17.1,17.095,17.095,793,AMBC
2023-01-13 15:49:00,17.095,17.1,17.0949,17.095,1695,AMBC
2023-01-13 15:50:00,17.1,17.1,17.095,17.095,497,AMBC
2023-01-13 15:51:00,17.095,17.105,17.095,17.105,1970,AMBC
2023-01-13 15:52:00,17.1,17.11,17.09,17.1,3575,AMBC
2023-01-13 15:53:00,17.1,17.1,17.095,17.095,1340,AMBC
2023-01-13 15:54:00,17.095,17.1,17.09,17.09,950,AMBC
2023-01-13 15:55:00,17.095,17.11,17.09,17.1,1994,AMBC
2023-01-13 15:56:00,17.1,17.105,17.09,17.09,664,AMBC
2023-01-13 15:57:00,17.105,17.12,17.105,17.11,2569,AMBC
2023-01-13 15:58:00,17.11,17.11,17.1,17.11,3696,AMBC
2023-01-13 15:59:00,17.11,17.12,17.1,17.1,2260,AMBC
2023-01-13 16:00:00,17.12,17.14,17.1,17.12,9722,AMBC
2023-01-13 16:01:00,17.12,17.12,17.12,17.12,1831,AMBC
2023-01-13 16:02:00,17.12,17.12,17.12,17.12,1539,AMBC
2023-01-13 16:44:00,17.65,17.65,17.65,17.65,100,AMBC
