,open,high,low,close,volume,Ticker
2023-01-03 04:09:00,0.2501,0.2501,0.2501,0.2501,104,ANY
2023-01-03 05:04:00,0.2755,0.2755,0.2755,0.2755,100,ANY
2023-01-03 08:01:00,0.285,0.285,0.285,0.285,250,ANY
2023-01-03 09:31:00,0.27,0.271,0.27,0.271,5682,ANY
2023-01-03 09:34:00,0.2732,0.2732,0.2732,0.2732,180,ANY
2023-01-03 09:35:00,0.2732,0.2878,0.2732,0.2878,615,ANY
2023-01-03 09:37:00,0.2878,0.2878,0.2878,0.2878,100,ANY
2023-01-03 09:38:00,0.2878,0.2878,0.2871,0.2871,3359,ANY
2023-01-03 09:40:00,0.2878,0.2878,0.2878,0.2878,186,ANY
2023-01-03 09:41:00,0.2879,0.2879,0.2879,0.2879,100,ANY
2023-01-03 09:42:00,0.2879,0.2899,0.28,0.28,7340,ANY
2023-01-03 09:46:00,0.2899,0.2899,0.2899,0.2899,131,ANY
2023-01-03 09:50:00,0.2889,0.2889,0.2889,0.2889,401,ANY
2023-01-03 09:51:00,0.2849,0.2849,0.2849,0.2849,100,ANY
2023-01-03 09:52:00,0.2805,0.2805,0.2805,0.2805,433,ANY
2023-01-03 09:59:00,0.2878,0.2878,0.287,0.287,1020,ANY
2023-01-03 10:00:00,0.2877,0.2877,0.2877,0.2877,200,ANY
2023-01-03 10:06:00,0.2878,0.2878,0.2877,0.2878,825,ANY
2023-01-03 10:07:00,0.2865,0.2878,0.2801,0.2878,1062,ANY
2023-01-03 10:10:00,0.2878,0.2878,0.2878,0.2878,100,ANY
2023-01-03 10:15:00,0.2878,0.2878,0.2878,0.2878,100,ANY
2023-01-03 10:20:00,0.2836,0.2836,0.2836,0.2836,100,ANY
2023-01-03 10:23:00,0.2809,0.2835,0.2801,0.2835,6700,ANY
2023-01-03 10:25:00,0.28,0.2802,0.28,0.28,5204,ANY
2023-01-03 10:27:00,0.28,0.28,0.28,0.28,500,ANY
2023-01-03 10:28:00,0.28,0.28,0.28,0.28,363,ANY
2023-01-03 10:29:00,0.28,0.28,0.28,0.28,318,ANY
2023-01-03 10:30:00,0.2801,0.2801,0.2801,0.2801,338,ANY
2023-01-03 10:32:00,0.2801,0.2801,0.2801,0.2801,355,ANY
2023-01-03 10:36:00,0.28,0.28,0.28,0.28,480,ANY
2023-01-03 10:38:00,0.28,0.28,0.28,0.28,424,ANY
2023-01-03 10:39:00,0.28,0.28,0.28,0.28,222,ANY
2023-01-03 10:40:00,0.2801,0.2801,0.2801,0.2801,544,ANY
2023-01-03 10:41:00,0.2801,0.2801,0.28,0.28,1535,ANY
2023-01-03 10:42:00,0.28,0.28,0.28,0.28,1281,ANY
2023-01-03 10:43:00,0.28,0.28,0.28,0.28,1000,ANY
2023-01-03 10:45:00,0.28,0.28,0.28,0.28,1301,ANY
2023-01-03 10:46:00,0.28,0.28,0.28,0.28,101,ANY
2023-01-03 10:47:00,0.28,0.28,0.28,0.28,1000,ANY
2023-01-03 10:53:00,0.28,0.28,0.28,0.28,160,ANY
2023-01-03 10:57:00,0.2801,0.2801,0.2801,0.2801,100,ANY
2023-01-03 11:00:00,0.28,0.28,0.28,0.28,356,ANY
2023-01-03 11:01:00,0.28,0.28,0.28,0.28,3500,ANY
2023-01-03 11:02:00,0.28,0.28,0.28,0.28,610,ANY
2023-01-03 11:03:00,0.2801,0.2801,0.2801,0.2801,100,ANY
2023-01-03 11:05:00,0.28,0.28,0.28,0.28,1000,ANY
2023-01-03 11:07:00,0.28,0.28,0.28,0.28,463,ANY
2023-01-03 11:08:00,0.2801,0.2801,0.2801,0.2801,170,ANY
2023-01-03 11:10:00,0.28,0.28,0.28,0.28,100,ANY
2023-01-03 11:13:00,0.2776,0.2777,0.2776,0.2777,1100,ANY
2023-01-03 11:18:00,0.2777,0.2777,0.2777,0.2777,361,ANY
2023-01-03 11:23:00,0.2777,0.2777,0.2776,0.2777,800,ANY
2023-01-03 11:32:00,0.2775,0.2776,0.2775,0.2775,1450,ANY
2023-01-03 11:41:00,0.2776,0.2776,0.2776,0.2776,350,ANY
2023-01-03 11:42:00,0.2705,0.28,0.2705,0.28,1300,ANY
2023-01-03 11:49:00,0.2704,0.28,0.2704,0.28,4114,ANY
2023-01-03 11:52:00,0.2703,0.2703,0.2703,0.2703,10068,ANY
2023-01-03 12:19:00,0.2701,0.2701,0.2701,0.2701,103,ANY
2023-01-03 12:20:00,0.28,0.28,0.28,0.28,1000,ANY
2023-01-03 12:39:00,0.28,0.28,0.28,0.28,350,ANY
2023-01-03 12:49:00,0.2701,0.2701,0.2701,0.2701,208,ANY
2023-01-03 12:51:00,0.279,0.28,0.279,0.28,2600,ANY
2023-01-03 13:05:00,0.2701,0.2701,0.2701,0.2701,10500,ANY
2023-01-03 13:12:00,0.2703,0.2703,0.2703,0.2703,400,ANY
2023-01-03 13:13:00,0.2703,0.2703,0.2703,0.2703,200,ANY
2023-01-03 13:14:00,0.2703,0.2703,0.2703,0.2703,400,ANY
2023-01-03 13:20:00,0.2703,0.2703,0.27,0.27,7521,ANY
2023-01-03 13:21:00,0.2622,0.2622,0.2622,0.2622,2675,ANY
2023-01-03 13:27:00,0.263,0.263,0.263,0.263,20000,ANY
2023-01-03 13:42:00,0.2761,0.2761,0.2761,0.2761,1000,ANY
2023-01-03 13:48:00,0.2631,0.28,0.2631,0.28,10100,ANY
2023-01-03 13:49:00,0.2798,0.2798,0.268,0.268,619,ANY
2023-01-03 13:50:00,0.2694,0.2694,0.2694,0.2694,200,ANY
2023-01-03 13:51:00,0.28,0.28,0.28,0.28,200,ANY
2023-01-03 13:52:00,0.28,0.28,0.28,0.28,200,ANY
2023-01-03 13:53:00,0.28,0.28,0.28,0.28,800,ANY
2023-01-03 13:58:00,0.2656,0.28,0.2656,0.28,1786,ANY
2023-01-03 13:59:00,0.263,0.263,0.263,0.263,720,ANY
2023-01-03 14:15:00,0.263,0.263,0.263,0.263,218,ANY
2023-01-03 14:17:00,0.27,0.27,0.27,0.27,100,ANY
2023-01-03 14:20:00,0.27,0.27,0.27,0.27,100,ANY
2023-01-03 14:28:00,0.28,0.28,0.28,0.28,300,ANY
2023-01-03 14:39:00,0.2799,0.2799,0.2799,0.2799,808,ANY
2023-01-03 15:00:00,0.27,0.28,0.2675,0.28,1100,ANY
2023-01-03 15:09:00,0.28,0.28,0.28,0.28,100,ANY
2023-01-03 15:10:00,0.2725,0.2725,0.2725,0.2725,2050,ANY
2023-01-03 15:18:00,0.28,0.28,0.28,0.28,100,ANY
2023-01-03 15:22:00,0.28,0.28,0.28,0.28,2751,ANY
2023-01-03 15:27:00,0.2799,0.2799,0.2799,0.2799,100,ANY
2023-01-03 15:32:00,0.28,0.28,0.28,0.28,100,ANY
2023-01-03 15:39:00,0.28,0.28,0.28,0.28,500,ANY
2023-01-03 15:46:00,0.265,0.265,0.265,0.265,2415,ANY
2023-01-03 15:47:00,0.263,0.263,0.263,0.263,500,ANY
2023-01-03 15:49:00,0.28,0.28,0.28,0.28,208,ANY
2023-01-03 15:50:00,0.28,0.28,0.28,0.28,100,ANY
2023-01-03 15:52:00,0.28,0.28,0.2799,0.2799,25258,ANY
2023-01-03 15:54:00,0.28,0.28,0.28,0.28,141,ANY
2023-01-03 15:56:00,0.28,0.28,0.28,0.28,233,ANY
2023-01-03 15:57:00,0.28,0.28,0.28,0.28,206,ANY
2023-01-03 15:59:00,0.28,0.28,0.28,0.28,225,ANY
2023-01-03 16:22:00,0.2849,0.2849,0.2849,0.2849,2500,ANY
2023-01-03 17:28:00,0.2707,0.2707,0.2707,0.2707,123,ANY
2023-01-04 09:31:00,0.28,0.28,0.28,0.28,2445,ANY
2023-01-04 09:37:00,0.2801,0.2841,0.2801,0.2841,700,ANY
2023-01-04 09:39:00,0.2801,0.284,0.2801,0.284,600,ANY
2023-01-04 09:45:00,0.288,0.288,0.2801,0.288,16376,ANY
2023-01-04 09:47:00,0.2879,0.2879,0.2879,0.2879,212,ANY
2023-01-04 09:48:00,0.2879,0.2879,0.2879,0.2879,10000,ANY
2023-01-04 09:50:00,0.2802,0.2879,0.2801,0.2802,2927,ANY
2023-01-04 09:52:00,0.2869,0.2869,0.2869,0.2869,182,ANY
2023-01-04 09:54:00,0.2869,0.2869,0.2869,0.2869,132,ANY
2023-01-04 09:57:00,0.2805,0.2805,0.2805,0.2805,200,ANY
2023-01-04 10:03:00,0.2868,0.2868,0.28,0.28,1363,ANY
2023-01-04 10:09:00,0.2783,0.2783,0.2783,0.2783,141,ANY
2023-01-04 10:12:00,0.2768,0.2768,0.2767,0.2767,701,ANY
2023-01-04 10:23:00,0.2798,0.2798,0.2798,0.2798,230,ANY
2023-01-04 10:24:00,0.2798,0.2798,0.2798,0.2798,200,ANY
2023-01-04 10:26:00,0.2797,0.2797,0.2796,0.2796,12100,ANY
2023-01-04 10:27:00,0.2797,0.2797,0.2797,0.2797,500,ANY
2023-01-04 10:29:00,0.2796,0.28,0.2775,0.2775,5437,ANY
2023-01-04 10:32:00,0.2848,0.2848,0.2848,0.2848,100,ANY
2023-01-04 10:37:00,0.2807,0.2807,0.2807,0.2807,589,ANY
2023-01-04 10:40:00,0.28,0.2801,0.28,0.2801,5844,ANY
2023-01-04 10:51:00,0.2834,0.2834,0.2792,0.2792,200,ANY
2023-01-04 10:53:00,0.2818,0.2825,0.2818,0.2825,520,ANY
2023-01-04 10:54:00,0.2834,0.2834,0.2834,0.2834,200,ANY
2023-01-04 10:55:00,0.2825,0.2825,0.2825,0.2825,1817,ANY
2023-01-04 10:56:00,0.2834,0.2834,0.2834,0.2834,200,ANY
2023-01-04 10:59:00,0.2834,0.2834,0.2834,0.2834,455,ANY
2023-01-04 11:01:00,0.2834,0.2834,0.2834,0.2834,1284,ANY
2023-01-04 11:10:00,0.2834,0.2834,0.2834,0.2834,116,ANY
2023-01-04 11:13:00,0.285,0.285,0.285,0.285,560,ANY
2023-01-04 11:14:00,0.288,0.2999,0.2835,0.2999,77620,ANY
2023-01-04 11:15:00,0.2999,0.2999,0.295,0.295,2711,ANY
2023-01-04 11:16:00,0.2999,0.2999,0.2998,0.2999,14243,ANY
2023-01-04 11:17:00,0.299,0.2999,0.2975,0.2975,2230,ANY
2023-01-04 11:18:00,0.2999,0.3,0.2999,0.3,5013,ANY
2023-01-04 11:19:00,0.295,0.2991,0.29,0.2902,32730,ANY
2023-01-04 11:20:00,0.2901,0.295,0.2826,0.2831,42600,ANY
2023-01-04 11:21:00,0.2898,0.2898,0.2898,0.2898,1002,ANY
2023-01-04 11:22:00,0.2949,0.2949,0.289,0.289,2050,ANY
2023-01-04 11:23:00,0.292,0.2949,0.292,0.2934,527,ANY
2023-01-04 11:24:00,0.292,0.292,0.292,0.292,699,ANY
2023-01-04 11:27:00,0.2921,0.2921,0.2921,0.2921,316,ANY
2023-01-04 11:29:00,0.2935,0.2935,0.2935,0.2935,100,ANY
2023-01-04 11:30:00,0.2948,0.2948,0.2948,0.2948,250,ANY
2023-01-04 11:31:00,0.2935,0.2935,0.2935,0.2935,220,ANY
2023-01-04 11:32:00,0.2935,0.2935,0.2922,0.2928,1805,ANY
2023-01-04 11:33:00,0.2921,0.2921,0.2921,0.2921,4084,ANY
2023-01-04 11:34:00,0.2831,0.2831,0.2831,0.2831,704,ANY
2023-01-04 11:35:00,0.2831,0.2837,0.2831,0.2837,672,ANY
2023-01-04 11:38:00,0.2947,0.2947,0.2947,0.2947,1090,ANY
2023-01-04 11:39:00,0.2899,0.2899,0.2899,0.2899,101,ANY
2023-01-04 11:42:00,0.2899,0.2948,0.2899,0.2948,1700,ANY
2023-01-04 11:45:00,0.2948,0.3179,0.2922,0.31,12080,ANY
2023-01-04 11:47:00,0.2999,0.3,0.2975,0.2975,70204,ANY
2023-01-04 11:48:00,0.3,0.3,0.3,0.3,20258,ANY
2023-01-04 11:49:00,0.295,0.295,0.2949,0.295,7000,ANY
2023-01-04 11:50:00,0.29,0.2912,0.29,0.2906,6456,ANY
2023-01-04 11:51:00,0.2902,0.2902,0.2902,0.2902,300,ANY
2023-01-04 11:52:00,0.2912,0.2912,0.2906,0.2911,950,ANY
2023-01-04 11:53:00,0.3031,0.3031,0.3031,0.3031,270,ANY
2023-01-04 11:54:00,0.3032,0.3033,0.2966,0.3,30761,ANY
2023-01-04 11:55:00,0.3032,0.3032,0.3032,0.3032,7500,ANY
2023-01-04 11:56:00,0.3032,0.3049,0.2922,0.3049,5300,ANY
2023-01-04 11:57:00,0.3001,0.3049,0.3,0.3013,3824,ANY
2023-01-04 11:58:00,0.3049,0.3099,0.3049,0.3099,5000,ANY
2023-01-04 12:01:00,0.3099,0.3099,0.3099,0.3099,10900,ANY
2023-01-04 12:02:00,0.3098,0.3098,0.29,0.29,19410,ANY
2023-01-04 12:04:00,0.2991,0.3044,0.299,0.3044,22700,ANY
2023-01-04 12:08:00,0.299,0.3037,0.299,0.3037,2100,ANY
2023-01-04 12:09:00,0.2972,0.299,0.2972,0.299,2101,ANY
2023-01-04 12:10:00,0.2979,0.2979,0.2979,0.2979,500,ANY
2023-01-04 12:11:00,0.2978,0.2978,0.2901,0.2901,1118,ANY
2023-01-04 12:13:00,0.2909,0.2909,0.2909,0.2909,100,ANY
2023-01-04 12:14:00,0.2918,0.2918,0.2918,0.2918,204,ANY
2023-01-04 12:16:00,0.2909,0.2909,0.2909,0.2909,100,ANY
2023-01-04 12:18:00,0.291,0.291,0.291,0.291,200,ANY
2023-01-04 12:19:00,0.2909,0.2918,0.2909,0.2918,1000,ANY
2023-01-04 12:22:00,0.2909,0.2909,0.2909,0.2909,117,ANY
2023-01-04 12:23:00,0.291,0.3002,0.2909,0.3002,6212,ANY
2023-01-04 12:24:00,0.3002,0.301,0.3,0.3,9903,ANY
2023-01-04 12:27:00,0.3005,0.3005,0.3005,0.3005,3000,ANY
2023-01-04 12:30:00,0.3001,0.3001,0.3001,0.3001,300,ANY
2023-01-04 12:31:00,0.2954,0.2954,0.2954,0.2954,200,ANY
2023-01-04 12:32:00,0.2952,0.2952,0.2952,0.2952,1101,ANY
2023-01-04 12:34:00,0.3002,0.3002,0.3002,0.3002,100,ANY
2023-01-04 12:36:00,0.3001,0.3001,0.3001,0.3001,500,ANY
2023-01-04 12:37:00,0.3002,0.3002,0.3002,0.3002,2556,ANY
2023-01-04 12:39:00,0.3001,0.3001,0.3001,0.3001,750,ANY
2023-01-04 12:41:00,0.2951,0.2951,0.2951,0.2951,1050,ANY
2023-01-04 12:47:00,0.3001,0.3001,0.3001,0.3001,500,ANY
2023-01-04 12:48:00,0.2952,0.2952,0.2952,0.2952,400,ANY
2023-01-04 12:57:00,0.2991,0.2991,0.2971,0.2971,400,ANY
2023-01-04 13:02:00,0.299,0.2991,0.292,0.292,2069,ANY
2023-01-04 13:03:00,0.2904,0.2905,0.2901,0.2905,1658,ANY
2023-01-04 13:07:00,0.2991,0.2991,0.2991,0.2991,100,ANY
2023-01-04 13:09:00,0.2904,0.2904,0.2904,0.2904,124,ANY
2023-01-04 13:25:00,0.297,0.297,0.297,0.297,100,ANY
2023-01-04 13:29:00,0.2948,0.2948,0.2911,0.2911,716,ANY
2023-01-04 13:32:00,0.2914,0.2914,0.2914,0.2914,100,ANY
2023-01-04 13:37:00,0.291,0.2911,0.29,0.29,13935,ANY
2023-01-04 13:38:00,0.2846,0.2856,0.2842,0.2856,1428,ANY
2023-01-04 13:40:00,0.2847,0.2949,0.2847,0.2949,7716,ANY
2023-01-04 13:41:00,0.2949,0.2949,0.2949,0.2949,200,ANY
2023-01-04 13:42:00,0.2871,0.2871,0.2871,0.2871,204,ANY
2023-01-04 13:44:00,0.2949,0.2949,0.2949,0.2949,200,ANY
2023-01-04 13:45:00,0.2949,0.2949,0.2949,0.2949,200,ANY
2023-01-04 13:48:00,0.2881,0.2881,0.2881,0.2881,344,ANY
2023-01-04 13:57:00,0.2941,0.2949,0.2915,0.2948,2300,ANY
2023-01-04 13:58:00,0.2915,0.2915,0.2915,0.2915,200,ANY
2023-01-04 14:01:00,0.2948,0.2948,0.2948,0.2948,100,ANY
2023-01-04 14:02:00,0.2902,0.2902,0.2902,0.2902,1500,ANY
2023-01-04 14:05:00,0.2915,0.301,0.2915,0.2915,10674,ANY
2023-01-04 14:07:00,0.2995,0.2995,0.2995,0.2995,2000,ANY
2023-01-04 14:08:00,0.301,0.301,0.301,0.301,407,ANY
2023-01-04 14:12:00,0.2999,0.2999,0.2999,0.2999,8000,ANY
2023-01-04 14:15:00,0.2999,0.2999,0.2999,0.2999,104,ANY
2023-01-04 14:19:00,0.295,0.295,0.295,0.295,4000,ANY
2023-01-04 14:20:00,0.299,0.299,0.29,0.29,2100,ANY
2023-01-04 14:23:00,0.29,0.29,0.29,0.29,300,ANY
2023-01-04 14:26:00,0.288,0.2989,0.288,0.2935,1600,ANY
2023-01-04 14:28:00,0.299,0.299,0.299,0.299,500,ANY
2023-01-04 14:29:00,0.2989,0.2989,0.2989,0.2989,5500,ANY
2023-01-04 14:34:00,0.2881,0.2935,0.288,0.288,2170,ANY
2023-01-04 14:37:00,0.2914,0.2914,0.2914,0.2914,129,ANY
2023-01-04 14:39:00,0.288,0.288,0.288,0.288,5000,ANY
2023-01-04 14:40:00,0.2886,0.2886,0.28,0.28,41300,ANY
2023-01-04 14:41:00,0.28,0.28,0.2763,0.2763,5556,ANY
2023-01-04 14:42:00,0.2738,0.2748,0.2707,0.2748,5949,ANY
2023-01-04 14:43:00,0.2702,0.2886,0.2702,0.2886,2800,ANY
2023-01-04 14:46:00,0.2794,0.2794,0.2794,0.2794,100,ANY
2023-01-04 14:47:00,0.2887,0.2887,0.2877,0.2877,404,ANY
2023-01-04 14:48:00,0.2849,0.2849,0.2848,0.2848,800,ANY
2023-01-04 14:49:00,0.2834,0.2848,0.2834,0.2848,672,ANY
2023-01-04 14:51:00,0.2829,0.2829,0.2829,0.2829,229,ANY
2023-01-04 14:52:00,0.2829,0.2829,0.2829,0.2829,200,ANY
2023-01-04 14:53:00,0.2829,0.2829,0.2829,0.2829,150,ANY
2023-01-04 14:55:00,0.284,0.284,0.2829,0.2829,500,ANY
2023-01-04 14:59:00,0.2848,0.2848,0.2847,0.2847,825,ANY
2023-01-04 15:01:00,0.2848,0.2848,0.2848,0.2848,100,ANY
2023-01-04 15:04:00,0.2835,0.2835,0.2829,0.2829,542,ANY
2023-01-04 15:06:00,0.2848,0.2848,0.2848,0.2848,5015,ANY
2023-01-04 15:08:00,0.2829,0.2834,0.2811,0.2834,1000,ANY
2023-01-04 15:11:00,0.2848,0.2848,0.2848,0.2848,700,ANY
2023-01-04 15:12:00,0.2834,0.2848,0.2834,0.2835,2100,ANY
2023-01-04 15:14:00,0.2834,0.2834,0.2834,0.2834,101,ANY
2023-01-04 15:15:00,0.2834,0.2834,0.2834,0.2834,100,ANY
2023-01-04 15:16:00,0.2821,0.2821,0.2821,0.2821,534,ANY
2023-01-04 15:17:00,0.2834,0.2834,0.2834,0.2834,435,ANY
2023-01-04 15:19:00,0.2847,0.2847,0.2836,0.2836,668,ANY
2023-01-04 15:21:00,0.2836,0.2836,0.2836,0.2836,5000,ANY
2023-01-04 15:22:00,0.2835,0.2835,0.2835,0.2835,600,ANY
2023-01-04 15:25:00,0.2835,0.2836,0.2835,0.2836,4400,ANY
2023-01-04 15:30:00,0.2836,0.2841,0.2836,0.2841,2807,ANY
2023-01-04 15:31:00,0.2848,0.2848,0.2848,0.2848,201,ANY
2023-01-04 15:32:00,0.2998,0.2998,0.2885,0.2998,3358,ANY
2023-01-04 15:37:00,0.295,0.295,0.295,0.295,497,ANY
2023-01-04 15:39:00,0.292,0.292,0.292,0.292,456,ANY
2023-01-04 15:42:00,0.2991,0.2991,0.2883,0.2883,350,ANY
2023-01-04 15:44:00,0.2945,0.299,0.2945,0.299,2429,ANY
2023-01-04 15:48:00,0.2945,0.2945,0.2945,0.2945,441,ANY
2023-01-04 15:50:00,0.2945,0.2945,0.294,0.294,794,ANY
2023-01-04 15:51:00,0.294,0.294,0.29,0.29,509,ANY
2023-01-04 15:52:00,0.29,0.2919,0.29,0.2919,600,ANY
2023-01-04 15:53:00,0.2909,0.2909,0.2909,0.2909,237,ANY
2023-01-04 15:54:00,0.29,0.29,0.2851,0.2851,2197,ANY
2023-01-04 15:55:00,0.2875,0.2875,0.2835,0.2835,4811,ANY
2023-01-04 15:56:00,0.2838,0.2909,0.2835,0.2909,6973,ANY
2023-01-04 15:58:00,0.2909,0.2909,0.286,0.286,435,ANY
2023-01-04 15:59:00,0.2886,0.2938,0.2861,0.2938,1525,ANY
2023-01-04 16:00:00,0.29,0.2938,0.29,0.2938,10380,ANY
2023-01-04 16:17:00,0.2938,0.2938,0.2938,0.2938,100,ANY
2023-01-04 16:38:00,0.2938,0.2938,0.2938,0.2938,2567,ANY
2023-01-04 16:40:00,0.2937,0.2937,0.2937,0.2937,300,ANY
2023-01-04 16:48:00,0.2937,0.2937,0.2937,0.2937,199,ANY
2023-01-04 16:49:00,0.2937,0.2937,0.2937,0.2937,201,ANY
2023-01-04 17:17:00,0.2935,0.2935,0.2935,0.2935,150,ANY
2023-01-04 17:44:00,0.2935,0.2935,0.2935,0.2935,1000,ANY
2023-01-04 19:41:00,0.2935,0.2935,0.2935,0.2935,223,ANY
2023-01-05 04:35:00,0.2937,0.2937,0.2937,0.2937,107,ANY
2023-01-05 08:05:00,0.2935,0.2935,0.2935,0.2935,100,ANY
2023-01-05 08:22:00,0.2808,0.2808,0.2808,0.2808,10000,ANY
2023-01-05 08:29:00,0.2808,0.2808,0.2808,0.2808,1000,ANY
2023-01-05 08:38:00,0.2808,0.2808,0.2808,0.2808,19500,ANY
2023-01-05 08:39:00,0.2801,0.2801,0.2801,0.2801,280,ANY
2023-01-05 09:30:00,0.29,0.29,0.29,0.29,123,ANY
2023-01-05 09:31:00,0.2957,0.2957,0.2901,0.2901,3704,ANY
2023-01-05 09:32:00,0.295,0.295,0.295,0.295,107,ANY
2023-01-05 09:33:00,0.295,0.295,0.281,0.281,893,ANY
2023-01-05 09:34:00,0.2801,0.2801,0.2801,0.2801,800,ANY
2023-01-05 09:35:00,0.2801,0.2801,0.2801,0.2801,247,ANY
2023-01-05 09:36:00,0.2801,0.2802,0.2801,0.2802,8277,ANY
2023-01-05 09:37:00,0.2869,0.287,0.2801,0.287,400,ANY
2023-01-05 09:38:00,0.2801,0.2801,0.2801,0.2801,423,ANY
2023-01-05 09:39:00,0.2801,0.2801,0.2801,0.2801,300,ANY
2023-01-05 09:40:00,0.2801,0.2801,0.2801,0.2801,319,ANY
2023-01-05 09:41:00,0.287,0.287,0.28,0.28,215,ANY
2023-01-05 09:42:00,0.28,0.2869,0.28,0.2869,839,ANY
2023-01-05 09:44:00,0.2801,0.2801,0.28,0.28,4737,ANY
2023-01-05 09:45:00,0.2835,0.2835,0.28,0.28,200,ANY
2023-01-05 09:46:00,0.287,0.287,0.2801,0.2801,3800,ANY
2023-01-05 09:48:00,0.2835,0.2835,0.2835,0.2835,140,ANY
2023-01-05 09:50:00,0.28,0.2869,0.28,0.2869,8486,ANY
2023-01-05 09:51:00,0.28,0.2869,0.28,0.2869,300,ANY
2023-01-05 09:52:00,0.28,0.2835,0.28,0.2835,3000,ANY
2023-01-05 09:53:00,0.2834,0.2834,0.2834,0.2834,100,ANY
2023-01-05 09:57:00,0.2835,0.2835,0.2801,0.2801,1964,ANY
2023-01-05 09:58:00,0.2801,0.2801,0.2801,0.2801,800,ANY
2023-01-05 09:59:00,0.2835,0.2868,0.28,0.2835,8000,ANY
2023-01-05 10:00:00,0.28,0.2801,0.275,0.2774,2917,ANY
2023-01-05 10:01:00,0.2775,0.2775,0.2775,0.2775,100,ANY
2023-01-05 10:02:00,0.2799,0.2799,0.2787,0.2787,5163,ANY
2023-01-05 10:03:00,0.2787,0.2787,0.2787,0.2787,100,ANY
2023-01-05 10:04:00,0.2775,0.2775,0.2775,0.2775,2001,ANY
2023-01-05 10:05:00,0.2775,0.2775,0.2775,0.2775,710,ANY
2023-01-05 10:06:00,0.2798,0.2798,0.2787,0.2787,1500,ANY
2023-01-05 10:07:00,0.2775,0.2776,0.2775,0.2776,2222,ANY
2023-01-05 10:08:00,0.2776,0.2776,0.2775,0.2776,2734,ANY
2023-01-05 10:09:00,0.2776,0.28,0.2775,0.2778,12302,ANY
2023-01-05 10:10:00,0.2781,0.2781,0.2781,0.2781,400,ANY
2023-01-05 10:12:00,0.2778,0.2778,0.2778,0.2778,110,ANY
2023-01-05 10:14:00,0.2781,0.2787,0.2778,0.2778,8060,ANY
2023-01-05 10:16:00,0.2776,0.2776,0.2776,0.2776,2900,ANY
2023-01-05 10:17:00,0.2776,0.2781,0.2776,0.2778,8390,ANY
2023-01-05 10:20:00,0.2792,0.2868,0.2792,0.2868,2212,ANY
2023-01-05 10:21:00,0.2802,0.2822,0.2802,0.2822,973,ANY
2023-01-05 10:24:00,0.2868,0.2868,0.2868,0.2868,600,ANY
2023-01-05 10:26:00,0.2868,0.2868,0.2868,0.2868,1000,ANY
2023-01-05 10:27:00,0.2775,0.2775,0.2775,0.2775,1600,ANY
2023-01-05 10:30:00,0.2822,0.2822,0.2822,0.2822,100,ANY
2023-01-05 10:32:00,0.2775,0.2778,0.2775,0.2778,1600,ANY
2023-01-05 10:33:00,0.2775,0.2821,0.2775,0.2798,3600,ANY
2023-01-05 10:38:00,0.2821,0.2821,0.2821,0.2821,100,ANY
2023-01-05 10:42:00,0.28,0.28,0.28,0.28,100,ANY
2023-01-05 10:43:00,0.282,0.282,0.282,0.282,1000,ANY
2023-01-05 10:44:00,0.278,0.278,0.278,0.278,3000,ANY
2023-01-05 10:45:00,0.2821,0.2821,0.2821,0.2821,200,ANY
2023-01-05 10:46:00,0.2821,0.2821,0.2818,0.2818,500,ANY
2023-01-05 10:48:00,0.2818,0.2822,0.2818,0.2822,2200,ANY
2023-01-05 10:50:00,0.2869,0.2869,0.2842,0.2842,671,ANY
2023-01-05 10:52:00,0.2842,0.2842,0.2842,0.2842,100,ANY
2023-01-05 10:54:00,0.2842,0.2842,0.2816,0.2816,1389,ANY
2023-01-05 10:56:00,0.2823,0.2823,0.2823,0.2823,290,ANY
2023-01-05 10:57:00,0.2823,0.2869,0.2823,0.2869,670,ANY
2023-01-05 10:59:00,0.2842,0.2842,0.2842,0.2842,100,ANY
2023-01-05 11:00:00,0.2815,0.2815,0.2815,0.2815,1200,ANY
2023-01-05 11:04:00,0.2842,0.2842,0.2842,0.2842,750,ANY
2023-01-05 11:05:00,0.2815,0.2815,0.2815,0.2815,510,ANY
2023-01-05 11:06:00,0.2869,0.2869,0.2869,0.2869,100,ANY
2023-01-05 11:07:00,0.2794,0.2794,0.2794,0.2794,1867,ANY
2023-01-05 11:10:00,0.2869,0.2869,0.2869,0.2869,100,ANY
2023-01-05 11:12:00,0.2832,0.2832,0.2832,0.2832,200,ANY
2023-01-05 11:13:00,0.2794,0.2869,0.278,0.2869,2807,ANY
2023-01-05 11:17:00,0.2868,0.2868,0.2824,0.2824,2099,ANY
2023-01-05 11:19:00,0.2824,0.2824,0.2824,0.2824,200,ANY
2023-01-05 11:22:00,0.278,0.278,0.278,0.278,2200,ANY
2023-01-05 11:23:00,0.2868,0.2868,0.2868,0.2868,100,ANY
2023-01-05 11:24:00,0.278,0.279,0.2775,0.2775,12969,ANY
2023-01-05 11:25:00,0.2778,0.2778,0.2778,0.2778,600,ANY
2023-01-05 11:27:00,0.2776,0.2776,0.2776,0.2776,100,ANY
2023-01-05 11:28:00,0.2775,0.2776,0.2775,0.2776,837,ANY
2023-01-05 11:29:00,0.2776,0.2776,0.2776,0.2776,1900,ANY
2023-01-05 11:31:00,0.2775,0.2775,0.2775,0.2775,200,ANY
2023-01-05 11:32:00,0.2775,0.2775,0.2763,0.2775,900,ANY
2023-01-05 11:33:00,0.2776,0.2776,0.2775,0.2776,2800,ANY
2023-01-05 11:34:00,0.2776,0.2776,0.2776,0.2776,2074,ANY
2023-01-05 11:35:00,0.2776,0.2776,0.2776,0.2776,100,ANY
2023-01-05 11:43:00,0.2776,0.2787,0.2776,0.2776,2335,ANY
2023-01-05 11:45:00,0.2776,0.2776,0.2776,0.2776,180,ANY
2023-01-05 11:47:00,0.2775,0.2776,0.2775,0.2775,3500,ANY
2023-01-05 11:48:00,0.2776,0.2776,0.2775,0.2776,2617,ANY
2023-01-05 11:49:00,0.2776,0.2776,0.2776,0.2776,3495,ANY
2023-01-05 11:51:00,0.2776,0.2776,0.2776,0.2776,100,ANY
2023-01-05 11:54:00,0.2776,0.2776,0.2776,0.2776,3751,ANY
2023-01-05 12:00:00,0.2778,0.2787,0.2777,0.2787,1400,ANY
2023-01-05 12:01:00,0.2788,0.2789,0.2782,0.2782,3697,ANY
2023-01-05 12:02:00,0.2779,0.2779,0.2779,0.2779,398,ANY
2023-01-05 12:03:00,0.2779,0.2783,0.2779,0.2783,1500,ANY
2023-01-05 12:04:00,0.2782,0.2782,0.2782,0.2782,100,ANY
2023-01-05 12:05:00,0.2783,0.2825,0.2783,0.2825,2494,ANY
2023-01-05 12:06:00,0.2791,0.2792,0.2791,0.2792,1100,ANY
2023-01-05 12:07:00,0.2799,0.2799,0.2799,0.2799,1000,ANY
2023-01-05 12:11:00,0.28,0.28,0.28,0.28,100,ANY
2023-01-05 12:16:00,0.2783,0.2783,0.2783,0.2783,100,ANY
2023-01-05 12:19:00,0.2783,0.2783,0.278,0.278,1572,ANY
2023-01-05 12:20:00,0.2778,0.2782,0.2775,0.2775,1629,ANY
2023-01-05 12:23:00,0.2776,0.2776,0.2775,0.2775,2500,ANY
2023-01-05 12:24:00,0.2775,0.2775,0.2775,0.2775,5000,ANY
2023-01-05 12:25:00,0.2776,0.2776,0.2775,0.2775,5143,ANY
2023-01-05 12:26:00,0.2776,0.2776,0.2775,0.2775,7052,ANY
2023-01-05 12:27:00,0.2775,0.2775,0.2775,0.2775,5000,ANY
2023-01-05 12:28:00,0.2776,0.2858,0.2776,0.2858,5101,ANY
2023-01-05 12:29:00,0.2823,0.2869,0.2823,0.2869,300,ANY
2023-01-05 12:35:00,0.28,0.28,0.28,0.28,229,ANY
2023-01-05 12:39:00,0.2869,0.2869,0.2869,0.2869,4000,ANY
2023-01-05 12:42:00,0.2822,0.2869,0.2822,0.2823,3632,ANY
2023-01-05 12:47:00,0.2823,0.2823,0.2823,0.2823,100,ANY
2023-01-05 12:51:00,0.2869,0.2869,0.2869,0.2869,361,ANY
2023-01-05 12:53:00,0.2868,0.2868,0.2868,0.2868,704,ANY
2023-01-05 12:54:00,0.2775,0.2775,0.2775,0.2775,1600,ANY
2023-01-05 12:55:00,0.2775,0.2787,0.267,0.2752,20704,ANY
2023-01-05 12:57:00,0.276,0.276,0.2722,0.2722,1604,ANY
2023-01-05 12:58:00,0.274,0.275,0.272,0.275,6956,ANY
2023-01-05 12:59:00,0.285,0.285,0.285,0.285,398,ANY
2023-01-05 13:01:00,0.2847,0.285,0.2847,0.285,2800,ANY
2023-01-05 13:03:00,0.2825,0.2825,0.2825,0.2825,100,ANY
2023-01-05 13:04:00,0.284,0.284,0.284,0.284,100,ANY
2023-01-05 13:07:00,0.285,0.285,0.285,0.285,100,ANY
2023-01-05 13:08:00,0.2823,0.2823,0.2823,0.2823,100,ANY
2023-01-05 13:17:00,0.284,0.284,0.283,0.283,400,ANY
2023-01-05 13:18:00,0.282,0.282,0.282,0.282,200,ANY
2023-01-05 13:20:00,0.2811,0.2825,0.281,0.2825,5500,ANY
2023-01-05 13:21:00,0.2825,0.2825,0.2803,0.2803,1501,ANY
2023-01-05 13:22:00,0.2801,0.2801,0.2801,0.2801,755,ANY
2023-01-05 13:23:00,0.2801,0.2801,0.2801,0.2801,200,ANY
2023-01-05 13:24:00,0.2801,0.2801,0.2801,0.2801,200,ANY
2023-01-05 13:25:00,0.2801,0.2801,0.2801,0.2801,212,ANY
2023-01-05 13:29:00,0.2801,0.2801,0.2801,0.2801,172,ANY
2023-01-05 13:38:00,0.28,0.2801,0.28,0.2801,13109,ANY
2023-01-05 13:40:00,0.2801,0.2801,0.2801,0.2801,300,ANY
2023-01-05 13:41:00,0.2801,0.2801,0.2801,0.2801,100,ANY
2023-01-05 13:46:00,0.2801,0.2801,0.2801,0.2801,100,ANY
2023-01-05 13:53:00,0.28,0.2801,0.28,0.2801,3900,ANY
2023-01-05 13:59:00,0.2801,0.2801,0.28,0.2801,2250,ANY
2023-01-05 14:01:00,0.28,0.28,0.28,0.28,300,ANY
2023-01-05 14:09:00,0.28,0.2801,0.2789,0.2789,16086,ANY
2023-01-05 14:12:00,0.278,0.278,0.278,0.278,100,ANY
2023-01-05 14:15:00,0.278,0.2789,0.2705,0.2789,1304,ANY
2023-01-05 14:17:00,0.2715,0.2715,0.2715,0.2715,200,ANY
2023-01-05 14:19:00,0.2725,0.2725,0.271,0.2715,3446,ANY
2023-01-05 14:20:00,0.2725,0.2725,0.2725,0.2725,200,ANY
2023-01-05 14:21:00,0.2722,0.2722,0.2705,0.2715,7500,ANY
2023-01-05 14:22:00,0.272,0.285,0.2713,0.28,3350,ANY
2023-01-05 14:23:00,0.282,0.282,0.28,0.28,1500,ANY
2023-01-05 14:24:00,0.285,0.285,0.285,0.285,819,ANY
2023-01-05 14:28:00,0.2849,0.2849,0.2849,0.2849,100,ANY
2023-01-05 14:30:00,0.2849,0.2849,0.2849,0.2849,100,ANY
2023-01-05 14:33:00,0.2761,0.2761,0.2761,0.2761,100,ANY
2023-01-05 14:37:00,0.2733,0.2733,0.2733,0.2733,213,ANY
2023-01-05 14:41:00,0.2762,0.2762,0.2762,0.2762,150,ANY
2023-01-05 14:45:00,0.2733,0.2733,0.2733,0.2733,1186,ANY
2023-01-05 14:47:00,0.2762,0.2762,0.2762,0.2762,300,ANY
2023-01-05 14:51:00,0.2761,0.2762,0.2761,0.2762,1200,ANY
2023-01-05 14:52:00,0.2741,0.2741,0.272,0.273,610,ANY
2023-01-05 14:53:00,0.2725,0.274,0.2723,0.273,7562,ANY
2023-01-05 14:54:00,0.274,0.274,0.274,0.274,200,ANY
2023-01-05 14:56:00,0.275,0.283,0.2735,0.283,2800,ANY
2023-01-05 14:57:00,0.283,0.2869,0.283,0.2869,300,ANY
2023-01-05 14:59:00,0.2869,0.2869,0.285,0.285,7512,ANY
2023-01-05 15:00:00,0.283,0.283,0.28,0.28,3700,ANY
2023-01-05 15:01:00,0.2834,0.2834,0.28,0.28,1000,ANY
2023-01-05 15:05:00,0.2869,0.2869,0.2869,0.2869,200,ANY
2023-01-05 15:08:00,0.2869,0.2869,0.2869,0.2869,200,ANY
2023-01-05 15:09:00,0.28,0.28,0.28,0.28,400,ANY
2023-01-05 15:10:00,0.2807,0.2807,0.2807,0.2807,157,ANY
2023-01-05 15:12:00,0.2862,0.2862,0.2862,0.2862,600,ANY
2023-01-05 15:13:00,0.2869,0.2869,0.2869,0.2869,100,ANY
2023-01-05 15:15:00,0.28,0.28,0.28,0.28,450,ANY
2023-01-05 15:17:00,0.2835,0.2835,0.2835,0.2835,100,ANY
2023-01-05 15:19:00,0.2869,0.2869,0.2869,0.2869,100,ANY
2023-01-05 15:22:00,0.28,0.2869,0.2727,0.2869,489,ANY
2023-01-05 15:25:00,0.2868,0.2868,0.2868,0.2868,1000,ANY
2023-01-05 15:27:00,0.2862,0.2862,0.2794,0.2794,1100,ANY
2023-01-05 15:28:00,0.2869,0.2869,0.2869,0.2869,232,ANY
2023-01-05 15:29:00,0.2721,0.2869,0.2721,0.2869,1850,ANY
2023-01-05 15:31:00,0.2794,0.2794,0.272,0.2722,1800,ANY
2023-01-05 15:37:00,0.2723,0.2855,0.2723,0.2855,512,ANY
2023-01-05 15:39:00,0.2723,0.2847,0.2722,0.2847,1621,ANY
2023-01-05 15:41:00,0.272,0.2776,0.272,0.2776,1112,ANY
2023-01-05 15:43:00,0.2847,0.2847,0.2847,0.2847,113,ANY
2023-01-05 15:46:00,0.2751,0.2751,0.2751,0.2751,617,ANY
2023-01-05 15:47:00,0.2751,0.2846,0.2751,0.2846,2116,ANY
2023-01-05 15:48:00,0.2799,0.283,0.2799,0.283,939,ANY
2023-01-05 15:49:00,0.2751,0.2837,0.2751,0.2837,300,ANY
2023-01-05 15:50:00,0.275,0.2828,0.2722,0.2828,2948,ANY
2023-01-05 15:52:00,0.2713,0.2713,0.2701,0.2701,1136,ANY
2023-01-05 15:53:00,0.2829,0.2829,0.2701,0.2829,636,ANY
2023-01-05 15:54:00,0.27,0.2829,0.27,0.2829,1767,ANY
2023-01-05 15:55:00,0.2764,0.2764,0.2764,0.2764,249,ANY
2023-01-05 15:56:00,0.2701,0.2829,0.27,0.27,2409,ANY
2023-01-05 15:57:00,0.2764,0.2829,0.2764,0.2829,1247,ANY
2023-01-05 15:58:00,0.2829,0.2829,0.27,0.27,1134,ANY
2023-01-05 15:59:00,0.2751,0.28,0.2751,0.28,474,ANY
2023-01-05 16:00:00,0.2701,0.2701,0.2701,0.2701,1611,ANY
2023-01-05 16:52:00,0.2869,0.2869,0.2869,0.2869,350,ANY
2023-01-05 17:16:00,0.2836,0.2836,0.2836,0.2836,195,ANY
2023-01-05 17:30:00,0.28,0.287,0.28,0.287,200,ANY
2023-01-05 18:03:00,0.287,0.287,0.287,0.287,108,ANY
2023-01-05 18:38:00,0.2836,0.2836,0.2836,0.2836,115,ANY
2023-01-06 05:32:00,0.27,0.27,0.235,0.235,500,ANY
2023-01-06 05:33:00,0.2689,0.2689,0.2689,0.2689,100,ANY
2023-01-06 05:54:00,0.2689,0.2689,0.2689,0.2689,100,ANY
2023-01-06 07:01:00,0.28,0.28,0.28,0.28,250,ANY
2023-01-06 07:25:00,0.272,0.272,0.272,0.272,182,ANY
2023-01-06 08:01:00,0.2856,0.2856,0.2856,0.2856,2003,ANY
2023-01-06 08:02:00,0.272,0.272,0.272,0.272,623,ANY
2023-01-06 08:07:00,0.271,0.2711,0.27,0.27,5610,ANY
2023-01-06 08:15:00,0.2699,0.2699,0.2699,0.2699,199,ANY
2023-01-06 08:23:00,0.265,0.265,0.255,0.255,2200,ANY
2023-01-06 08:24:00,0.255,0.2646,0.252,0.2646,966,ANY
2023-01-06 08:37:00,0.27,0.27,0.27,0.27,553,ANY
2023-01-06 08:57:00,0.2722,0.2722,0.2646,0.2646,223,ANY
2023-01-06 09:26:00,0.2835,0.2835,0.2835,0.2835,1624,ANY
2023-01-06 09:31:00,0.2764,0.2764,0.2646,0.2646,10595,ANY
2023-01-06 09:32:00,0.2673,0.2673,0.2673,0.2673,400,ANY
2023-01-06 09:33:00,0.265,0.265,0.2646,0.2649,644,ANY
2023-01-06 09:35:00,0.265,0.28,0.265,0.28,1200,ANY
2023-01-06 09:36:00,0.2669,0.2669,0.2669,0.2669,133,ANY
2023-01-06 09:37:00,0.28,0.28,0.2646,0.2646,1300,ANY
2023-01-06 09:40:00,0.2635,0.2635,0.2635,0.2635,520,ANY
2023-01-06 09:41:00,0.2605,0.2605,0.2605,0.2605,520,ANY
2023-01-06 09:42:00,0.2603,0.2603,0.2603,0.2603,100,ANY
2023-01-06 09:44:00,0.2682,0.2682,0.2682,0.2682,100,ANY
2023-01-06 09:46:00,0.2763,0.2763,0.2763,0.2763,171,ANY
2023-01-06 09:48:00,0.2682,0.2682,0.26,0.2682,3500,ANY
2023-01-06 09:49:00,0.2682,0.2682,0.2682,0.2682,200,ANY
2023-01-06 09:50:00,0.2682,0.2682,0.2682,0.2682,100,ANY
2023-01-06 09:51:00,0.2723,0.2763,0.2682,0.269,1450,ANY
2023-01-06 09:52:00,0.2763,0.2763,0.2763,0.2763,100,ANY
2023-01-06 09:54:00,0.2616,0.269,0.2616,0.269,2000,ANY
2023-01-06 09:56:00,0.2764,0.2764,0.2616,0.2616,4616,ANY
2023-01-06 09:59:00,0.2616,0.2616,0.26,0.26,200,ANY
2023-01-06 10:00:00,0.2617,0.2617,0.2617,0.2617,100,ANY
2023-01-06 10:03:00,0.2641,0.2757,0.26,0.2757,2135,ANY
2023-01-06 10:05:00,0.26,0.26,0.26,0.26,2553,ANY
2023-01-06 10:08:00,0.273,0.2747,0.273,0.2747,3600,ANY
2023-01-06 10:09:00,0.2747,0.2747,0.2747,0.2747,210,ANY
2023-01-06 10:10:00,0.273,0.2763,0.273,0.2763,1229,ANY
2023-01-06 10:11:00,0.276,0.2764,0.276,0.2764,3035,ANY
2023-01-06 10:13:00,0.2713,0.2713,0.2713,0.2713,4000,ANY
2023-01-06 10:14:00,0.2713,0.2713,0.2663,0.2663,1600,ANY
2023-01-06 10:15:00,0.2763,0.2763,0.2763,0.2763,209,ANY
2023-01-06 10:16:00,0.276,0.276,0.2663,0.2663,400,ANY
2023-01-06 10:17:00,0.26,0.261,0.26,0.261,260,ANY
2023-01-06 10:21:00,0.26,0.26,0.26,0.26,1025,ANY
2023-01-06 10:22:00,0.26,0.26,0.26,0.26,2722,ANY
2023-01-06 10:24:00,0.2607,0.2607,0.2607,0.2607,500,ANY
2023-01-06 10:26:00,0.2607,0.276,0.2607,0.276,6001,ANY
2023-01-06 10:28:00,0.2759,0.2759,0.2759,0.2759,1829,ANY
2023-01-06 10:29:00,0.2607,0.2607,0.26,0.2607,2177,ANY
2023-01-06 10:30:00,0.2662,0.2724,0.2662,0.2667,400,ANY
2023-01-06 10:31:00,0.2667,0.2667,0.2667,0.2667,201,ANY
2023-01-06 10:33:00,0.2667,0.2667,0.2667,0.2667,100,ANY
2023-01-06 10:35:00,0.261,0.2662,0.261,0.2662,3416,ANY
2023-01-06 10:37:00,0.26,0.26,0.26,0.26,2900,ANY
2023-01-06 10:38:00,0.2662,0.2662,0.2662,0.2662,100,ANY
2023-01-06 10:41:00,0.2723,0.2724,0.2662,0.2662,3319,ANY
2023-01-06 10:43:00,0.2601,0.265,0.2601,0.265,1100,ANY
2023-01-06 10:44:00,0.2607,0.2607,0.2607,0.2607,700,ANY
2023-01-06 10:50:00,0.2651,0.2651,0.2651,0.2651,100,ANY
2023-01-06 10:51:00,0.265,0.27,0.265,0.27,2500,ANY
2023-01-06 10:55:00,0.2699,0.2699,0.2698,0.2698,200,ANY
2023-01-06 10:59:00,0.26,0.26,0.26,0.26,100,ANY
2023-01-06 11:01:00,0.2699,0.2699,0.26,0.2699,3139,ANY
2023-01-06 11:02:00,0.26,0.2699,0.26,0.2699,500,ANY
2023-01-06 11:03:00,0.2699,0.2699,0.2699,0.2699,1010,ANY
2023-01-06 11:04:00,0.26,0.26,0.26,0.26,100,ANY
2023-01-06 11:05:00,0.2649,0.2649,0.2649,0.2649,110,ANY
2023-01-06 11:06:00,0.26,0.26,0.26,0.26,270,ANY
2023-01-06 11:09:00,0.26,0.26,0.26,0.26,110,ANY
2023-01-06 11:10:00,0.26,0.2698,0.26,0.2698,30110,ANY
2023-01-06 11:11:00,0.2691,0.2691,0.26,0.26,15103,ANY
2023-01-06 11:13:00,0.26,0.26,0.26,0.26,110,ANY
2023-01-06 11:14:00,0.2649,0.2649,0.26,0.26,910,ANY
2023-01-06 11:16:00,0.26,0.26,0.26,0.26,100,ANY
2023-01-06 11:18:00,0.26,0.26,0.26,0.26,892,ANY
2023-01-06 11:20:00,0.26,0.26,0.26,0.26,118,ANY
2023-01-06 11:21:00,0.261,0.261,0.261,0.261,2300,ANY
2023-01-06 11:22:00,0.26,0.26,0.26,0.26,100,ANY
2023-01-06 11:24:00,0.262,0.262,0.262,0.262,100,ANY
2023-01-06 11:26:00,0.262,0.262,0.262,0.262,488,ANY
2023-01-06 11:27:00,0.262,0.262,0.262,0.262,459,ANY
2023-01-06 11:28:00,0.26,0.26,0.26,0.26,100,ANY
2023-01-06 11:33:00,0.26,0.26,0.26,0.26,100,ANY
2023-01-06 11:34:00,0.26,0.26,0.26,0.26,12000,ANY
2023-01-06 11:35:00,0.26,0.26,0.26,0.26,3179,ANY
2023-01-06 11:36:00,0.26,0.2601,0.26,0.2601,400,ANY
2023-01-06 11:38:00,0.26,0.2689,0.26,0.2689,200,ANY
2023-01-06 11:39:00,0.2695,0.2695,0.2648,0.2648,207,ANY
2023-01-06 11:40:00,0.2648,0.2696,0.26,0.2696,550,ANY
2023-01-06 11:42:00,0.2601,0.2601,0.2601,0.2601,300,ANY
2023-01-06 11:45:00,0.2689,0.2689,0.26,0.26,200,ANY
2023-01-06 11:46:00,0.2648,0.2648,0.2648,0.2648,100,ANY
2023-01-06 11:47:00,0.2648,0.2648,0.26,0.26,200,ANY
2023-01-06 11:49:00,0.2601,0.2601,0.26,0.26,900,ANY
2023-01-06 11:51:00,0.26,0.26,0.26,0.26,100,ANY
2023-01-06 11:52:00,0.261,0.261,0.261,0.261,301,ANY
2023-01-06 11:53:00,0.2688,0.2695,0.26,0.2647,13900,ANY
2023-01-06 11:54:00,0.2601,0.2601,0.2601,0.2601,130,ANY
2023-01-06 11:56:00,0.2601,0.2688,0.2601,0.2688,500,ANY
2023-01-06 11:57:00,0.268,0.268,0.268,0.268,230,ANY
2023-01-06 11:58:00,0.2695,0.2695,0.2648,0.2695,5526,ANY
2023-01-06 11:59:00,0.2601,0.2695,0.2601,0.2695,200,ANY
2023-01-06 12:00:00,0.2648,0.2648,0.2648,0.2648,1200,ANY
2023-01-06 12:01:00,0.2694,0.2694,0.2601,0.2601,3103,ANY
2023-01-06 12:02:00,0.2648,0.2648,0.2601,0.2601,525,ANY
2023-01-06 12:04:00,0.2601,0.2602,0.2601,0.2602,462,ANY
2023-01-06 12:06:00,0.2601,0.2694,0.2601,0.2694,9469,ANY
2023-01-06 12:07:00,0.2693,0.2693,0.2693,0.2693,533,ANY
2023-01-06 12:08:00,0.2694,0.2694,0.261,0.261,302,ANY
2023-01-06 12:11:00,0.261,0.261,0.261,0.261,305,ANY
2023-01-06 12:12:00,0.2611,0.2611,0.2601,0.2601,716,ANY
2023-01-06 12:13:00,0.2647,0.2647,0.2601,0.2601,1149,ANY
2023-01-06 12:15:00,0.2605,0.2605,0.2605,0.2605,147,ANY
2023-01-06 12:16:00,0.2649,0.2649,0.2648,0.2648,200,ANY
2023-01-06 12:17:00,0.2621,0.2621,0.2603,0.261,16896,ANY
2023-01-06 12:18:00,0.2601,0.2629,0.2601,0.2615,18100,ANY
2023-01-06 12:19:00,0.262,0.263,0.262,0.263,2402,ANY
2023-01-06 12:20:00,0.2639,0.269,0.2635,0.2675,2099,ANY
2023-01-06 12:21:00,0.27,0.27,0.268,0.27,500,ANY
2023-01-06 12:26:00,0.269,0.269,0.269,0.269,201,ANY
2023-01-06 12:27:00,0.2699,0.2699,0.2699,0.2699,500,ANY
2023-01-06 12:28:00,0.2699,0.2699,0.2699,0.2699,290,ANY
2023-01-06 12:30:00,0.27,0.27,0.27,0.27,2662,ANY
2023-01-06 12:31:00,0.269,0.269,0.268,0.268,17196,ANY
2023-01-06 12:34:00,0.2614,0.2614,0.2614,0.2614,100,ANY
2023-01-06 12:36:00,0.2622,0.2622,0.2622,0.2622,100,ANY
2023-01-06 12:39:00,0.2615,0.2615,0.2615,0.2615,100,ANY
2023-01-06 12:41:00,0.2614,0.2614,0.2614,0.2614,100,ANY
2023-01-06 12:42:00,0.2622,0.2622,0.2615,0.2615,4000,ANY
2023-01-06 12:43:00,0.2614,0.2614,0.2614,0.2614,228,ANY
2023-01-06 12:45:00,0.2601,0.2601,0.2601,0.2601,100,ANY
2023-01-06 12:47:00,0.27,0.27,0.27,0.27,1000,ANY
2023-01-06 12:48:00,0.2601,0.2699,0.2601,0.2699,1100,ANY
2023-01-06 12:49:00,0.2613,0.2613,0.2613,0.2613,1100,ANY
2023-01-06 12:50:00,0.2611,0.2611,0.2611,0.2611,100,ANY
2023-01-06 12:51:00,0.265,0.265,0.265,0.265,302,ANY
2023-01-06 12:53:00,0.2651,0.2697,0.2651,0.2697,250,ANY
2023-01-06 12:56:00,0.2697,0.2697,0.2697,0.2697,100,ANY
2023-01-06 12:59:00,0.265,0.269,0.265,0.269,1100,ANY
2023-01-06 13:01:00,0.265,0.265,0.265,0.265,106,ANY
2023-01-06 13:03:00,0.265,0.265,0.265,0.265,195,ANY
2023-01-06 13:04:00,0.2696,0.2696,0.2696,0.2696,275,ANY
2023-01-06 13:06:00,0.265,0.265,0.265,0.265,100,ANY
2023-01-06 13:08:00,0.265,0.265,0.265,0.265,1700,ANY
2023-01-06 13:09:00,0.265,0.2673,0.265,0.2661,800,ANY
2023-01-06 13:11:00,0.2672,0.2672,0.2672,0.2672,1200,ANY
2023-01-06 13:13:00,0.265,0.265,0.265,0.265,150,ANY
2023-01-06 13:16:00,0.265,0.265,0.265,0.265,100,ANY
2023-01-06 13:18:00,0.2661,0.2661,0.265,0.265,1000,ANY
2023-01-06 13:19:00,0.265,0.265,0.265,0.265,1000,ANY
2023-01-06 13:20:00,0.265,0.2657,0.26,0.26,27116,ANY
2023-01-06 13:21:00,0.26,0.26,0.26,0.26,100,ANY
2023-01-06 13:22:00,0.2672,0.2672,0.2672,0.2672,275,ANY
2023-01-06 13:24:00,0.26,0.26,0.26,0.26,100,ANY
2023-01-06 13:25:00,0.26,0.26,0.26,0.26,2919,ANY
2023-01-06 13:26:00,0.2671,0.2671,0.2671,0.2671,3000,ANY
2023-01-06 13:27:00,0.26,0.26,0.26,0.26,100,ANY
2023-01-06 13:29:00,0.2601,0.2601,0.2601,0.2601,100,ANY
2023-01-06 13:31:00,0.2608,0.2608,0.2608,0.2608,1625,ANY
2023-01-06 13:32:00,0.2601,0.2601,0.2601,0.2601,140,ANY
2023-01-06 13:33:00,0.2636,0.2636,0.2636,0.2636,100,ANY
2023-01-06 13:34:00,0.2636,0.2636,0.2636,0.2636,150,ANY
2023-01-06 13:35:00,0.2636,0.2636,0.2601,0.2601,600,ANY
2023-01-06 13:37:00,0.262,0.2636,0.262,0.262,1300,ANY
2023-01-06 13:38:00,0.262,0.2671,0.262,0.264,700,ANY
2023-01-06 13:42:00,0.2602,0.2671,0.2602,0.2671,200,ANY
2023-01-06 13:43:00,0.2601,0.267,0.2601,0.267,203,ANY
2023-01-06 13:46:00,0.2602,0.2602,0.2602,0.2602,100,ANY
2023-01-06 13:47:00,0.2649,0.2671,0.2637,0.2671,900,ANY
2023-01-06 13:48:00,0.2602,0.2602,0.2602,0.2602,100,ANY
2023-01-06 13:49:00,0.2636,0.264,0.2636,0.264,200,ANY
2023-01-06 13:51:00,0.2602,0.2602,0.2602,0.2602,100,ANY
2023-01-06 13:52:00,0.2602,0.2639,0.2602,0.2639,3009,ANY
2023-01-06 13:54:00,0.2602,0.2639,0.2602,0.2639,1154,ANY
2023-01-06 13:56:00,0.2602,0.2603,0.2602,0.2603,474,ANY
2023-01-06 13:58:00,0.2639,0.2639,0.2639,0.2639,100,ANY
2023-01-06 13:59:00,0.2602,0.2639,0.2602,0.2639,200,ANY
2023-01-06 14:00:00,0.2621,0.2638,0.2621,0.2621,2000,ANY
2023-01-06 14:01:00,0.2602,0.2602,0.2602,0.2602,100,ANY
2023-01-06 14:02:00,0.263,0.263,0.263,0.263,100,ANY
2023-01-06 14:04:00,0.2639,0.2639,0.2639,0.2639,100,ANY
2023-01-06 14:08:00,0.2602,0.2602,0.2602,0.2602,1245,ANY
2023-01-06 14:10:00,0.2638,0.2638,0.2602,0.2602,204,ANY
2023-01-06 14:11:00,0.262,0.262,0.262,0.262,1801,ANY
2023-01-06 14:13:00,0.2602,0.2602,0.2602,0.2602,100,ANY
2023-01-06 14:15:00,0.2602,0.2602,0.2602,0.2602,100,ANY
2023-01-06 14:16:00,0.2638,0.2638,0.2602,0.2602,1300,ANY
2023-01-06 14:18:00,0.2602,0.2603,0.2602,0.2602,5592,ANY
2023-01-06 14:19:00,0.2609,0.2609,0.2604,0.2605,927,ANY
2023-01-06 14:20:00,0.2602,0.2605,0.26,0.2605,13355,ANY
2023-01-06 14:21:00,0.2605,0.2605,0.2605,0.2605,700,ANY
2023-01-06 14:22:00,0.2605,0.2606,0.2605,0.2606,500,ANY
2023-01-06 14:24:00,0.2601,0.2605,0.2601,0.2605,2000,ANY
2023-01-06 14:26:00,0.2605,0.2605,0.2603,0.2603,1240,ANY
2023-01-06 14:27:00,0.2606,0.2606,0.2606,0.2606,100,ANY
2023-01-06 14:28:00,0.2606,0.2606,0.2606,0.2606,2000,ANY
2023-01-06 14:29:00,0.2605,0.2605,0.2605,0.2605,100,ANY
2023-01-06 14:31:00,0.2609,0.2609,0.2609,0.2609,450,ANY
2023-01-06 14:34:00,0.261,0.261,0.261,0.261,202,ANY
2023-01-06 14:39:00,0.2605,0.2605,0.2605,0.2605,300,ANY
2023-01-06 14:40:00,0.26,0.2601,0.2584,0.2584,17130,ANY
2023-01-06 14:41:00,0.261,0.261,0.261,0.261,200,ANY
2023-01-06 14:42:00,0.2584,0.2603,0.2584,0.26,15823,ANY
2023-01-06 14:43:00,0.261,0.261,0.2605,0.2605,844,ANY
2023-01-06 14:46:00,0.26,0.26,0.26,0.26,2100,ANY
2023-01-06 14:48:00,0.26,0.26,0.26,0.26,100,ANY
2023-01-06 14:50:00,0.2605,0.269,0.2605,0.269,15297,ANY
2023-01-06 14:51:00,0.269,0.2697,0.269,0.2697,1485,ANY
2023-01-06 14:52:00,0.261,0.2697,0.261,0.2697,15100,ANY
2023-01-06 14:54:00,0.2697,0.2699,0.2655,0.2699,55616,ANY
2023-01-06 14:55:00,0.27,0.27,0.27,0.27,217,ANY
2023-01-06 14:56:00,0.269,0.2772,0.269,0.275,39260,ANY
2023-01-06 14:57:00,0.275,0.275,0.275,0.275,500,ANY
2023-01-06 14:59:00,0.2736,0.2736,0.2601,0.2601,400,ANY
2023-01-06 15:02:00,0.2696,0.279,0.2696,0.279,200,ANY
2023-01-06 15:04:00,0.2695,0.2695,0.2695,0.2695,100,ANY
2023-01-06 15:09:00,0.2665,0.2665,0.2665,0.2665,100,ANY
2023-01-06 15:10:00,0.2665,0.2665,0.2665,0.2665,501,ANY
2023-01-06 15:12:00,0.2665,0.2665,0.2665,0.2665,100,ANY
2023-01-06 15:13:00,0.2665,0.2665,0.2665,0.2665,100,ANY
2023-01-06 15:14:00,0.2665,0.2665,0.2665,0.2665,100,ANY
2023-01-06 15:16:00,0.2665,0.2665,0.2665,0.2665,100,ANY
2023-01-06 15:17:00,0.2665,0.2665,0.2665,0.2665,100,ANY
2023-01-06 15:18:00,0.2665,0.2665,0.2665,0.2665,100,ANY
2023-01-06 15:19:00,0.2665,0.2665,0.2665,0.2665,100,ANY
2023-01-06 15:20:00,0.2665,0.2665,0.2665,0.2665,100,ANY
2023-01-06 15:22:00,0.2666,0.2666,0.2666,0.2666,520,ANY
2023-01-06 15:23:00,0.2667,0.2667,0.2666,0.2666,1250,ANY
2023-01-06 15:25:00,0.2666,0.275,0.2604,0.2666,2950,ANY
2023-01-06 15:26:00,0.2666,0.2666,0.2666,0.2666,1000,ANY
2023-01-06 15:28:00,0.2604,0.2604,0.2604,0.2604,100,ANY
2023-01-06 15:29:00,0.2604,0.2611,0.2604,0.2611,1726,ANY
2023-01-06 15:31:00,0.2604,0.2604,0.2604,0.2604,100,ANY
2023-01-06 15:33:00,0.2604,0.2604,0.2604,0.2604,110,ANY
2023-01-06 15:35:00,0.269,0.269,0.2651,0.2651,1059,ANY
2023-01-06 15:37:00,0.2651,0.2651,0.2651,0.2651,100,ANY
2023-01-06 15:38:00,0.2651,0.2689,0.2605,0.2605,3414,ANY
2023-01-06 15:40:00,0.2605,0.2611,0.2605,0.2605,1817,ANY
2023-01-06 15:42:00,0.2607,0.2607,0.2607,0.2607,100,ANY
2023-01-06 15:43:00,0.2607,0.2607,0.2607,0.2607,114,ANY
2023-01-06 15:44:00,0.2607,0.2607,0.2607,0.2607,100,ANY
2023-01-06 15:45:00,0.2607,0.2649,0.2607,0.2611,2037,ANY
2023-01-06 15:46:00,0.2611,0.2611,0.2611,0.2611,100,ANY
2023-01-06 15:47:00,0.2611,0.2611,0.2611,0.2611,1113,ANY
2023-01-06 15:49:00,0.2611,0.2611,0.2607,0.2607,872,ANY
2023-01-06 15:50:00,0.2611,0.2611,0.2607,0.2607,1554,ANY
2023-01-06 15:53:00,0.2607,0.2673,0.2607,0.2673,2273,ANY
2023-01-06 15:54:00,0.2607,0.2607,0.2607,0.2607,304,ANY
2023-01-06 15:55:00,0.2669,0.2669,0.2607,0.2611,3281,ANY
2023-01-06 15:56:00,0.2611,0.267,0.2611,0.2663,5266,ANY
2023-01-06 15:57:00,0.2669,0.2669,0.2611,0.2611,483,ANY
2023-01-06 15:58:00,0.2669,0.2669,0.2611,0.2611,1596,ANY
2023-01-06 15:59:00,0.2611,0.2611,0.2602,0.261,984,ANY
2023-01-06 16:00:00,0.2602,0.261,0.2602,0.2603,2176,ANY
2023-01-06 16:35:00,0.2776,0.2776,0.2776,0.2776,100,ANY
2023-01-06 19:26:00,0.2768,0.2768,0.2768,0.2768,460,ANY
2023-01-06 20:00:00,0.2765,0.2767,0.2765,0.2767,720,ANY
2023-01-09 07:48:00,0.2864,0.2864,0.2864,0.2864,316,ANY
2023-01-09 08:01:00,0.2864,0.2864,0.2864,0.2864,3570,ANY
2023-01-09 08:49:00,0.2858,0.2858,0.2858,0.2858,1500,ANY
2023-01-09 09:08:00,0.2862,0.2862,0.2862,0.2862,109,ANY
2023-01-09 09:29:00,0.279,0.279,0.279,0.279,120,ANY
2023-01-09 09:31:00,0.2707,0.2725,0.2707,0.2725,8701,ANY
2023-01-09 09:32:00,0.2751,0.2751,0.2751,0.2751,709,ANY
2023-01-09 09:33:00,0.28,0.28,0.2778,0.2778,14695,ANY
2023-01-09 09:34:00,0.28,0.2811,0.28,0.2811,311,ANY
2023-01-09 09:35:00,0.2801,0.286,0.2801,0.286,700,ANY
2023-01-09 09:36:00,0.2812,0.2863,0.2812,0.2863,15600,ANY
2023-01-09 09:37:00,0.285,0.2863,0.285,0.2863,1210,ANY
2023-01-09 09:38:00,0.2863,0.2863,0.2855,0.2855,926,ANY
2023-01-09 09:42:00,0.2826,0.2855,0.2826,0.2854,9661,ANY
2023-01-09 09:43:00,0.2818,0.2818,0.2818,0.2818,25005,ANY
2023-01-09 09:44:00,0.2818,0.2818,0.2763,0.2763,2000,ANY
2023-01-09 09:45:00,0.2762,0.2762,0.2762,0.2762,1714,ANY
2023-01-09 09:47:00,0.2808,0.285,0.2808,0.285,8559,ANY
2023-01-09 09:48:00,0.2854,0.2863,0.285,0.2857,97712,ANY
2023-01-09 09:49:00,0.2857,0.2857,0.2857,0.2857,912,ANY
2023-01-09 09:50:00,0.285,0.2863,0.285,0.2857,12816,ANY
2023-01-09 09:51:00,0.2864,0.2864,0.2864,0.2864,100,ANY
2023-01-09 09:52:00,0.286,0.2875,0.2859,0.286,5399,ANY
2023-01-09 09:54:00,0.2893,0.2953,0.2893,0.294,14173,ANY
2023-01-09 09:55:00,0.2953,0.3139,0.2953,0.3105,110020,ANY
2023-01-09 09:56:00,0.3033,0.3119,0.2946,0.2946,12000,ANY
2023-01-09 09:57:00,0.3099,0.3099,0.2954,0.2954,593,ANY
2023-01-09 09:58:00,0.308,0.308,0.3017,0.3017,512,ANY
2023-01-09 09:59:00,0.306,0.3079,0.2962,0.2962,736,ANY
2023-01-09 10:00:00,0.3078,0.3078,0.3077,0.3077,10100,ANY
2023-01-09 10:02:00,0.3005,0.3008,0.3005,0.3008,2707,ANY
2023-01-09 10:03:00,0.3025,0.3078,0.3025,0.3076,31701,ANY
2023-01-09 10:04:00,0.3002,0.3078,0.3002,0.3078,3414,ANY
2023-01-09 10:05:00,0.3042,0.3077,0.3041,0.3041,3699,ANY
2023-01-09 10:06:00,0.3041,0.3078,0.304,0.304,19533,ANY
2023-01-09 10:07:00,0.302,0.302,0.3002,0.3002,4100,ANY
2023-01-09 10:08:00,0.3,0.3039,0.3,0.302,558,ANY
2023-01-09 10:09:00,0.304,0.304,0.301,0.301,412,ANY
2023-01-09 10:11:00,0.3039,0.3039,0.3039,0.3039,3006,ANY
2023-01-09 10:12:00,0.3038,0.3038,0.3038,0.3038,502,ANY
2023-01-09 10:13:00,0.3038,0.304,0.3038,0.304,1006,ANY
2023-01-09 10:15:00,0.3,0.3,0.295,0.295,7755,ANY
2023-01-09 10:16:00,0.2995,0.304,0.295,0.295,4902,ANY
2023-01-09 10:17:00,0.3,0.3,0.295,0.2975,3065,ANY
2023-01-09 10:18:00,0.295,0.295,0.295,0.295,202,ANY
2023-01-09 10:20:00,0.295,0.2992,0.295,0.295,800,ANY
2023-01-09 10:21:00,0.295,0.295,0.295,0.295,100,ANY
2023-01-09 10:22:00,0.2999,0.2999,0.2998,0.2999,2200,ANY
2023-01-09 10:23:00,0.295,0.2999,0.295,0.295,15276,ANY
2023-01-09 10:24:00,0.2998,0.2998,0.2975,0.2975,5217,ANY
2023-01-09 10:25:00,0.2998,0.2998,0.295,0.295,9731,ANY
2023-01-09 10:26:00,0.295,0.295,0.295,0.295,191,ANY
2023-01-09 10:27:00,0.2999,0.2999,0.295,0.295,2902,ANY
2023-01-09 10:28:00,0.2998,0.2998,0.295,0.295,286,ANY
2023-01-09 10:30:00,0.295,0.295,0.295,0.295,100,ANY
2023-01-09 10:31:00,0.2973,0.2997,0.295,0.2997,2846,ANY
2023-01-09 10:32:00,0.2973,0.2997,0.2973,0.2981,5313,ANY
2023-01-09 10:33:00,0.295,0.295,0.295,0.295,2272,ANY
2023-01-09 10:34:00,0.2991,0.2991,0.2991,0.2991,284,ANY
2023-01-09 10:35:00,0.295,0.295,0.295,0.295,191,ANY
2023-01-09 10:38:00,0.295,0.2996,0.295,0.2996,1117,ANY
2023-01-09 10:39:00,0.295,0.2997,0.295,0.2997,627,ANY
2023-01-09 10:40:00,0.2974,0.2974,0.295,0.295,698,ANY
2023-01-09 10:42:00,0.295,0.295,0.295,0.295,190,ANY
2023-01-09 10:44:00,0.295,0.2974,0.29,0.29,48612,ANY
2023-01-09 10:45:00,0.2899,0.2899,0.287,0.287,4802,ANY
2023-01-09 10:46:00,0.29,0.29,0.28,0.28,1071,ANY
2023-01-09 10:47:00,0.29,0.29,0.29,0.29,150,ANY
2023-01-09 10:49:00,0.29,0.29,0.2831,0.2899,2800,ANY
2023-01-09 10:51:00,0.2865,0.2865,0.2865,0.2865,421,ANY
2023-01-09 10:52:00,0.2865,0.2865,0.2865,0.2865,200,ANY
2023-01-09 10:53:00,0.287,0.287,0.287,0.287,2300,ANY
2023-01-09 10:54:00,0.2899,0.29,0.2875,0.2875,11000,ANY
2023-01-09 10:55:00,0.29,0.29,0.2899,0.2899,3200,ANY
2023-01-09 10:56:00,0.2899,0.2899,0.2899,0.2899,191,ANY
2023-01-09 10:57:00,0.2875,0.2875,0.2875,0.2875,200,ANY
2023-01-09 10:58:00,0.2875,0.2875,0.2875,0.2875,300,ANY
2023-01-09 10:59:00,0.2851,0.29,0.285,0.2899,11692,ANY
2023-01-09 11:00:00,0.29,0.29,0.29,0.29,700,ANY
2023-01-09 11:01:00,0.29,0.29,0.29,0.29,100,ANY
2023-01-09 11:02:00,0.2875,0.2899,0.2875,0.2899,400,ANY
2023-01-09 11:03:00,0.2899,0.29,0.2875,0.2875,2200,ANY
2023-01-09 11:06:00,0.29,0.29,0.29,0.29,2000,ANY
2023-01-09 11:07:00,0.2875,0.2922,0.2875,0.2903,12848,ANY
2023-01-09 11:08:00,0.29,0.29,0.2899,0.2899,300,ANY
2023-01-09 11:10:00,0.29,0.29,0.29,0.29,3272,ANY
2023-01-09 11:11:00,0.29,0.29,0.29,0.29,100,ANY
2023-01-09 11:13:00,0.29,0.29,0.2879,0.2879,3100,ANY
2023-01-09 11:14:00,0.2899,0.2972,0.2899,0.2899,71849,ANY
2023-01-09 11:15:00,0.2899,0.2901,0.2899,0.2901,2900,ANY
2023-01-09 11:16:00,0.2911,0.2911,0.2911,0.2911,165,ANY
2023-01-09 11:18:00,0.29,0.29,0.29,0.29,3500,ANY
2023-01-09 11:21:00,0.2911,0.2911,0.2911,0.2911,876,ANY
2023-01-09 11:22:00,0.2881,0.2911,0.2881,0.2911,8395,ANY
2023-01-09 11:23:00,0.2972,0.2972,0.2972,0.2972,100,ANY
2023-01-09 11:24:00,0.2971,0.2971,0.2942,0.2942,2300,ANY
2023-01-09 11:26:00,0.2972,0.2972,0.2961,0.2972,836,ANY
2023-01-09 11:28:00,0.2971,0.2972,0.2971,0.2972,6000,ANY
2023-01-09 11:29:00,0.2961,0.2972,0.2901,0.2901,1200,ANY
2023-01-09 11:30:00,0.295,0.2972,0.295,0.2972,2100,ANY
2023-01-09 11:31:00,0.295,0.2972,0.295,0.2972,733,ANY
2023-01-09 11:32:00,0.295,0.2971,0.295,0.2971,858,ANY
2023-01-09 11:33:00,0.295,0.295,0.295,0.295,373,ANY
2023-01-09 11:34:00,0.2877,0.2877,0.2877,0.2877,200,ANY
2023-01-09 11:35:00,0.2831,0.2831,0.2831,0.2831,100,ANY
2023-01-09 11:36:00,0.2949,0.2949,0.2949,0.2949,108,ANY
2023-01-09 11:38:00,0.29,0.295,0.29,0.295,4000,ANY
2023-01-09 11:39:00,0.2949,0.3,0.2949,0.3,27518,ANY
2023-01-09 11:40:00,0.3022,0.3034,0.3005,0.3034,35415,ANY
2023-01-09 11:41:00,0.3018,0.3026,0.3017,0.3017,7197,ANY
2023-01-09 11:42:00,0.2989,0.299,0.2989,0.299,5849,ANY
2023-01-09 11:44:00,0.2989,0.2989,0.2988,0.2989,13505,ANY
2023-01-09 11:48:00,0.2994,0.3028,0.2994,0.3014,10790,ANY
2023-01-09 11:49:00,0.3014,0.3015,0.2987,0.2987,5210,ANY
2023-01-09 11:50:00,0.2999,0.2999,0.2999,0.2999,7500,ANY
2023-01-09 11:52:00,0.3,0.3,0.2954,0.2973,5110,ANY
2023-01-09 11:53:00,0.2973,0.3057,0.2973,0.3057,45011,ANY
2023-01-09 11:54:00,0.3038,0.3038,0.3037,0.3037,2300,ANY
2023-01-09 11:55:00,0.3037,0.3037,0.3012,0.3012,65400,ANY
2023-01-09 11:56:00,0.3038,0.3038,0.3038,0.3038,328,ANY
2023-01-09 11:57:00,0.3001,0.3002,0.3,0.3001,7662,ANY
2023-01-09 11:58:00,0.3,0.3019,0.2964,0.3001,20221,ANY
2023-01-09 11:59:00,0.2964,0.3001,0.29,0.29,1072,ANY
2023-01-09 12:00:00,0.2901,0.2964,0.2901,0.295,512,ANY
2023-01-09 12:01:00,0.295,0.2994,0.295,0.295,606,ANY
2023-01-09 12:02:00,0.2994,0.3037,0.2901,0.2901,2900,ANY
2023-01-09 12:03:00,0.2901,0.2969,0.2901,0.2901,700,ANY
2023-01-09 12:04:00,0.2969,0.3037,0.2901,0.2901,950,ANY
2023-01-09 12:05:00,0.2901,0.297,0.2901,0.297,7249,ANY
2023-01-09 12:06:00,0.2902,0.3038,0.2902,0.2924,2000,ANY
2023-01-09 12:07:00,0.2911,0.2925,0.2911,0.2925,1701,ANY
2023-01-09 12:08:00,0.2925,0.2981,0.2911,0.2911,6099,ANY
2023-01-09 12:09:00,0.2925,0.3037,0.291,0.291,22536,ANY
2023-01-09 12:10:00,0.29,0.2968,0.29,0.29,699,ANY
2023-01-09 12:11:00,0.2865,0.2911,0.283,0.2911,10265,ANY
2023-01-09 12:12:00,0.29,0.2921,0.29,0.2921,1499,ANY
2023-01-09 12:13:00,0.2911,0.2911,0.29,0.29,503,ANY
2023-01-09 12:14:00,0.29,0.29,0.29,0.29,500,ANY
2023-01-09 12:15:00,0.2916,0.2916,0.2876,0.2877,23514,ANY
2023-01-09 12:16:00,0.2865,0.2865,0.2865,0.2865,100,ANY
2023-01-09 12:18:00,0.2862,0.289,0.2862,0.2863,5300,ANY
2023-01-09 12:23:00,0.2889,0.2889,0.2836,0.2836,200,ANY
2023-01-09 12:24:00,0.289,0.289,0.2836,0.2836,200,ANY
2023-01-09 12:25:00,0.2861,0.2889,0.2861,0.2883,6400,ANY
2023-01-09 12:26:00,0.2887,0.2889,0.2887,0.2889,1700,ANY
2023-01-09 12:27:00,0.2889,0.2911,0.2889,0.2889,40531,ANY
2023-01-09 12:28:00,0.2895,0.2897,0.2889,0.2889,8632,ANY
2023-01-09 12:29:00,0.289,0.289,0.289,0.289,4181,ANY
2023-01-09 12:30:00,0.289,0.2966,0.2889,0.29,48917,ANY
2023-01-09 12:31:00,0.29,0.2933,0.289,0.29,11709,ANY
2023-01-09 12:32:00,0.29,0.295,0.29,0.29,1975,ANY
2023-01-09 12:33:00,0.29,0.29,0.2889,0.2889,19148,ANY
2023-01-09 12:34:00,0.289,0.2891,0.2889,0.289,2460,ANY
2023-01-09 12:35:00,0.289,0.289,0.285,0.285,14550,ANY
2023-01-09 12:36:00,0.286,0.286,0.283,0.283,66347,ANY
2023-01-09 12:37:00,0.2831,0.2831,0.2831,0.2831,100,ANY
2023-01-09 12:39:00,0.2856,0.2856,0.2856,0.2856,6307,ANY
2023-01-09 12:41:00,0.2856,0.29,0.2856,0.289,26637,ANY
2023-01-09 12:42:00,0.289,0.289,0.2866,0.2866,1787,ANY
2023-01-09 12:43:00,0.2866,0.2866,0.2866,0.2866,339,ANY
2023-01-09 12:47:00,0.289,0.289,0.2882,0.2882,400,ANY
2023-01-09 12:51:00,0.288,0.288,0.288,0.288,500,ANY
2023-01-09 12:54:00,0.287,0.2871,0.2799,0.2799,41745,ANY
2023-01-09 12:55:00,0.2799,0.28,0.2793,0.2799,8714,ANY
2023-01-09 12:56:00,0.2799,0.2799,0.2799,0.2799,100,ANY
2023-01-09 12:57:00,0.28,0.28,0.2792,0.28,20945,ANY
2023-01-09 12:58:00,0.28,0.2801,0.28,0.2801,8160,ANY
2023-01-09 12:59:00,0.2811,0.2845,0.2811,0.2821,5831,ANY
2023-01-09 13:00:00,0.2845,0.2845,0.2845,0.2845,200,ANY
2023-01-09 13:01:00,0.284,0.284,0.284,0.284,500,ANY
2023-01-09 13:02:00,0.2845,0.2845,0.2845,0.2845,100,ANY
2023-01-09 13:04:00,0.287,0.287,0.287,0.287,408,ANY
2023-01-09 13:07:00,0.2869,0.289,0.2869,0.289,6333,ANY
2023-01-09 13:10:00,0.2871,0.2871,0.2851,0.2851,700,ANY
2023-01-09 13:12:00,0.287,0.2874,0.2845,0.2845,8166,ANY
2023-01-09 13:13:00,0.288,0.288,0.288,0.288,1010,ANY
2023-01-09 13:14:00,0.2881,0.2881,0.2881,0.2881,3900,ANY
2023-01-09 13:15:00,0.2873,0.2873,0.2873,0.2873,500,ANY
2023-01-09 13:20:00,0.2881,0.2881,0.2881,0.2881,100,ANY
2023-01-09 13:22:00,0.2881,0.2881,0.2881,0.2881,3765,ANY
2023-01-09 13:23:00,0.2863,0.2863,0.2863,0.2863,100,ANY
2023-01-09 13:24:00,0.2863,0.2863,0.2863,0.2863,456,ANY
2023-01-09 13:27:00,0.2863,0.2863,0.2863,0.2863,100,ANY
2023-01-09 13:29:00,0.2881,0.2881,0.2881,0.2881,5430,ANY
2023-01-09 13:30:00,0.2888,0.2888,0.2887,0.2888,400,ANY
2023-01-09 13:31:00,0.2888,0.2888,0.2888,0.2888,715,ANY
2023-01-09 13:32:00,0.2888,0.29,0.2888,0.2896,13226,ANY
2023-01-09 13:33:00,0.29,0.2905,0.2892,0.2892,42668,ANY
2023-01-09 13:34:00,0.289,0.289,0.2889,0.2889,2656,ANY
2023-01-09 13:35:00,0.2889,0.289,0.2889,0.2889,20566,ANY
2023-01-09 13:37:00,0.2889,0.2889,0.2883,0.2883,2640,ANY
2023-01-09 13:38:00,0.289,0.289,0.289,0.289,100,ANY
2023-01-09 13:42:00,0.2878,0.289,0.2875,0.2875,4994,ANY
2023-01-09 13:43:00,0.286,0.2875,0.27,0.2711,60063,ANY
2023-01-09 13:44:00,0.2875,0.2875,0.2722,0.28,488,ANY
2023-01-09 13:45:00,0.2874,0.2874,0.2874,0.2874,100,ANY
2023-01-09 13:46:00,0.2865,0.2871,0.2865,0.2871,7500,ANY
2023-01-09 13:48:00,0.2872,0.2872,0.2872,0.2872,100,ANY
2023-01-09 13:49:00,0.277,0.2821,0.277,0.277,5553,ANY
2023-01-09 13:50:00,0.2872,0.2872,0.28,0.28,3150,ANY
2023-01-09 13:51:00,0.2821,0.2821,0.277,0.277,700,ANY
2023-01-09 13:52:00,0.277,0.2772,0.277,0.2772,500,ANY
2023-01-09 13:53:00,0.2772,0.2781,0.2772,0.2781,600,ANY
2023-01-09 13:54:00,0.2781,0.2836,0.2781,0.2801,700,ANY
2023-01-09 13:55:00,0.2809,0.2872,0.2801,0.2872,880,ANY
2023-01-09 13:56:00,0.2801,0.286,0.2801,0.2801,2500,ANY
2023-01-09 13:57:00,0.2801,0.2872,0.277,0.277,2301,ANY
2023-01-09 13:58:00,0.277,0.2821,0.277,0.277,1399,ANY
2023-01-09 13:59:00,0.2775,0.283,0.27,0.283,50703,ANY
2023-01-09 14:00:00,0.2759,0.283,0.27,0.283,6034,ANY
2023-01-09 14:01:00,0.2711,0.2711,0.2711,0.2711,100,ANY
2023-01-09 14:02:00,0.283,0.283,0.279,0.283,14200,ANY
2023-01-09 14:04:00,0.28,0.28,0.275,0.275,400,ANY
2023-01-09 14:07:00,0.2829,0.283,0.278,0.2805,2575,ANY
2023-01-09 14:09:00,0.2806,0.2815,0.2806,0.2815,957,ANY
2023-01-09 14:10:00,0.2815,0.2815,0.2815,0.2815,1408,ANY
2023-01-09 14:11:00,0.2815,0.283,0.2815,0.2815,1551,ANY
2023-01-09 14:12:00,0.2815,0.2815,0.28,0.28,908,ANY
2023-01-09 14:13:00,0.2815,0.2815,0.2815,0.2815,300,ANY
2023-01-09 14:14:00,0.2815,0.2815,0.2815,0.2815,300,ANY
2023-01-09 14:15:00,0.2815,0.2815,0.2815,0.2815,731,ANY
2023-01-09 14:16:00,0.2815,0.2841,0.2815,0.2841,3504,ANY
2023-01-09 14:18:00,0.2835,0.2872,0.283,0.2871,21827,ANY
2023-01-09 14:19:00,0.2872,0.2872,0.2872,0.2872,300,ANY
2023-01-09 14:21:00,0.2872,0.2872,0.2872,0.2872,200,ANY
2023-01-09 14:22:00,0.2852,0.2852,0.2852,0.2852,1500,ANY
2023-01-09 14:23:00,0.2862,0.2862,0.2862,0.2862,140,ANY
2023-01-09 14:24:00,0.2872,0.2872,0.2868,0.2871,1728,ANY
2023-01-09 14:25:00,0.2872,0.2875,0.2872,0.2872,3146,ANY
2023-01-09 14:27:00,0.2853,0.2853,0.2853,0.2853,100,ANY
2023-01-09 14:34:00,0.2853,0.2868,0.2853,0.2853,5100,ANY
2023-01-09 14:35:00,0.2894,0.2894,0.2894,0.2894,100,ANY
2023-01-09 14:37:00,0.2857,0.2894,0.2857,0.2894,1100,ANY
2023-01-09 14:43:00,0.2857,0.2865,0.2857,0.2865,325,ANY
2023-01-09 14:44:00,0.2858,0.2858,0.2858,0.2858,2550,ANY
2023-01-09 14:45:00,0.2857,0.2857,0.2857,0.2857,100,ANY
2023-01-09 14:46:00,0.2857,0.2874,0.2857,0.2874,1100,ANY
2023-01-09 14:48:00,0.2857,0.2881,0.2857,0.2881,4406,ANY
2023-01-09 14:49:00,0.2881,0.2881,0.2881,0.2881,100,ANY
2023-01-09 14:50:00,0.2872,0.288,0.2855,0.2855,10100,ANY
2023-01-09 14:52:00,0.2873,0.288,0.2873,0.288,332,ANY
2023-01-09 14:54:00,0.2873,0.2873,0.2873,0.2873,100,ANY
2023-01-09 14:57:00,0.2873,0.2873,0.2873,0.2873,1800,ANY
2023-01-09 14:59:00,0.2856,0.2873,0.2856,0.2873,5200,ANY
2023-01-09 15:01:00,0.2868,0.2873,0.2868,0.2873,320,ANY
2023-01-09 15:02:00,0.2863,0.2863,0.2863,0.2863,179,ANY
2023-01-09 15:07:00,0.2855,0.2855,0.2855,0.2855,6350,ANY
2023-01-09 15:09:00,0.2855,0.2855,0.2855,0.2855,100,ANY
2023-01-09 15:13:00,0.2869,0.2882,0.2869,0.2882,2874,ANY
2023-01-09 15:14:00,0.2869,0.2869,0.2869,0.2869,218,ANY
2023-01-09 15:15:00,0.2855,0.2876,0.2855,0.2876,1800,ANY
2023-01-09 15:16:00,0.2876,0.2876,0.2876,0.2876,200,ANY
2023-01-09 15:17:00,0.2869,0.2876,0.2869,0.2876,4700,ANY
2023-01-09 15:19:00,0.2883,0.2883,0.2876,0.2876,2940,ANY
2023-01-09 15:22:00,0.2868,0.2877,0.2855,0.2877,3521,ANY
2023-01-09 15:23:00,0.2868,0.2869,0.2854,0.2868,2700,ANY
2023-01-09 15:24:00,0.2854,0.2854,0.2854,0.2854,1000,ANY
2023-01-09 15:25:00,0.2865,0.2866,0.2865,0.2866,1100,ANY
2023-01-09 15:27:00,0.285,0.285,0.285,0.285,300,ANY
2023-01-09 15:30:00,0.285,0.2866,0.285,0.2864,9400,ANY
2023-01-09 15:31:00,0.285,0.285,0.285,0.285,220,ANY
2023-01-09 15:32:00,0.285,0.285,0.285,0.285,100,ANY
2023-01-09 15:33:00,0.2878,0.2878,0.2877,0.2877,2100,ANY
2023-01-09 15:34:00,0.285,0.285,0.285,0.285,100,ANY
2023-01-09 15:36:00,0.2815,0.2841,0.2803,0.2841,5679,ANY
2023-01-09 15:37:00,0.2804,0.2805,0.276,0.28,52285,ANY
2023-01-09 15:38:00,0.276,0.2801,0.276,0.2801,301,ANY
2023-01-09 15:39:00,0.28,0.28,0.276,0.276,3023,ANY
2023-01-09 15:40:00,0.278,0.278,0.275,0.275,18800,ANY
2023-01-09 15:41:00,0.2759,0.276,0.27,0.2719,34216,ANY
2023-01-09 15:42:00,0.2721,0.2737,0.2706,0.2718,11255,ANY
2023-01-09 15:43:00,0.2718,0.2737,0.2701,0.2736,11500,ANY
2023-01-09 15:44:00,0.27,0.27,0.27,0.27,160,ANY
2023-01-09 15:45:00,0.2736,0.2736,0.27,0.2719,14661,ANY
2023-01-09 15:46:00,0.2737,0.2737,0.2729,0.2729,10726,ANY
2023-01-09 15:47:00,0.2736,0.2736,0.2715,0.273,1892,ANY
2023-01-09 15:48:00,0.2715,0.2715,0.2715,0.2715,713,ANY
2023-01-09 15:49:00,0.2715,0.272,0.2715,0.272,2475,ANY
2023-01-09 15:50:00,0.2715,0.2805,0.2715,0.2805,35015,ANY
2023-01-09 15:52:00,0.2804,0.2804,0.2804,0.2804,117,ANY
2023-01-09 15:53:00,0.2804,0.2804,0.2752,0.2752,300,ANY
2023-01-09 15:56:00,0.2752,0.2752,0.2701,0.2701,306,ANY
2023-01-09 15:57:00,0.2752,0.2781,0.27,0.2711,4529,ANY
2023-01-09 15:58:00,0.2721,0.2795,0.2721,0.2731,2687,ANY
2023-01-09 15:59:00,0.2731,0.2795,0.2731,0.2795,11037,ANY
2023-01-09 16:00:00,0.2796,0.285,0.2796,0.2817,18068,ANY
2023-01-09 16:14:00,0.2705,0.2705,0.2705,0.2705,125,ANY
2023-01-09 16:26:00,0.2878,0.2879,0.2878,0.2879,200,ANY
2023-01-09 16:28:00,0.287,0.2871,0.287,0.2871,800,ANY
2023-01-09 16:30:00,0.2869,0.2869,0.2869,0.2869,100,ANY
2023-01-09 16:48:00,0.2864,0.2864,0.2864,0.2864,300,ANY
2023-01-09 16:57:00,0.2864,0.2864,0.2864,0.2864,500,ANY
2023-01-09 17:02:00,0.2864,0.2864,0.2864,0.2864,100,ANY
2023-01-09 17:07:00,0.2863,0.2863,0.2863,0.2863,999,ANY
2023-01-09 17:14:00,0.2864,0.2864,0.2864,0.2864,250,ANY
2023-01-09 17:19:00,0.28,0.28,0.28,0.28,150,ANY
2023-01-09 17:22:00,0.2863,0.2863,0.2863,0.2863,100,ANY
2023-01-09 17:32:00,0.2864,0.2864,0.2864,0.2864,422,ANY
2023-01-09 17:33:00,0.2864,0.2864,0.2864,0.2864,2078,ANY
2023-01-09 17:42:00,0.286,0.286,0.286,0.286,1604,ANY
2023-01-09 17:47:00,0.286,0.286,0.286,0.286,145,ANY
2023-01-09 18:01:00,0.286,0.286,0.286,0.286,250,ANY
2023-01-09 18:14:00,0.286,0.286,0.286,0.286,500,ANY
2023-01-09 18:29:00,0.2801,0.2801,0.2801,0.2801,125,ANY
2023-01-09 18:38:00,0.28,0.28,0.275,0.275,1300,ANY
2023-01-09 19:03:00,0.285,0.285,0.285,0.285,1000,ANY
2023-01-09 19:46:00,0.286,0.286,0.286,0.286,100,ANY
2023-01-09 19:50:00,0.286,0.286,0.286,0.286,107,ANY
2023-01-10 07:00:00,0.29,0.29,0.29,0.29,506,ANY
2023-01-10 07:01:00,0.29,0.29,0.2849,0.285,1017,ANY
2023-01-10 08:01:00,0.28,0.28,0.28,0.28,366,ANY
2023-01-10 08:34:00,0.278,0.278,0.278,0.278,107,ANY
2023-01-10 08:59:00,0.285,0.285,0.285,0.285,100,ANY
2023-01-10 09:11:00,0.285,0.285,0.285,0.285,100,ANY
2023-01-10 09:12:00,0.285,0.285,0.285,0.285,316,ANY
2023-01-10 09:15:00,0.2879,0.2879,0.2879,0.2879,1000,ANY
2023-01-10 09:26:00,0.289,0.289,0.289,0.289,100,ANY
2023-01-10 09:27:00,0.289,0.289,0.289,0.289,4000,ANY
2023-01-10 09:30:00,0.289,0.289,0.289,0.289,316,ANY
2023-01-10 09:31:00,0.2943,0.2968,0.2943,0.2968,8579,ANY
2023-01-10 09:32:00,0.295,0.295,0.2949,0.2949,3100,ANY
2023-01-10 09:33:00,0.295,0.295,0.2949,0.2949,1500,ANY
2023-01-10 09:34:00,0.2801,0.2804,0.2801,0.2802,14015,ANY
2023-01-10 09:35:00,0.29,0.29,0.2802,0.2802,7001,ANY
2023-01-10 09:36:00,0.2812,0.29,0.2812,0.2876,6633,ANY
2023-01-10 09:38:00,0.2822,0.2822,0.28,0.28,25781,ANY
2023-01-10 09:39:00,0.28,0.28,0.28,0.28,10020,ANY
2023-01-10 09:40:00,0.2949,0.295,0.294,0.295,15152,ANY
2023-01-10 09:41:00,0.2968,0.2968,0.2901,0.2949,39346,ANY
2023-01-10 09:44:00,0.294,0.294,0.294,0.294,486,ANY
2023-01-10 09:45:00,0.29,0.29,0.2852,0.2852,5000,ANY
2023-01-10 09:47:00,0.2852,0.29,0.2852,0.2859,4000,ANY
2023-01-10 09:49:00,0.2925,0.2925,0.2924,0.2925,8700,ANY
2023-01-10 09:51:00,0.29,0.29,0.29,0.29,500,ANY
2023-01-10 09:53:00,0.2944,0.2944,0.2904,0.2904,653,ANY
2023-01-10 09:55:00,0.287,0.287,0.287,0.287,100,ANY
2023-01-10 09:58:00,0.29,0.29,0.29,0.29,5945,ANY
2023-01-10 09:59:00,0.2897,0.2941,0.2897,0.2941,950,ANY
2023-01-10 10:00:00,0.2949,0.295,0.2949,0.295,3063,ANY
2023-01-10 10:01:00,0.2949,0.295,0.2949,0.2949,1348,ANY
2023-01-10 10:02:00,0.295,0.2968,0.295,0.2968,37300,ANY
2023-01-10 10:03:00,0.2968,0.2968,0.2968,0.2968,8501,ANY
2023-01-10 10:04:00,0.2951,0.2951,0.2951,0.2951,2200,ANY
2023-01-10 10:05:00,0.3,0.3078,0.3,0.3078,3100,ANY
2023-01-10 10:06:00,0.295,0.3008,0.295,0.3008,455,ANY
2023-01-10 10:07:00,0.3076,0.3076,0.3076,0.3076,214,ANY
2023-01-10 10:08:00,0.3,0.3,0.3,0.3,300,ANY
2023-01-10 10:09:00,0.3078,0.3078,0.2961,0.2961,1173,ANY
2023-01-10 10:11:00,0.296,0.2964,0.296,0.2964,4356,ANY
2023-01-10 10:12:00,0.292,0.3052,0.292,0.3052,800,ANY
2023-01-10 10:13:00,0.292,0.292,0.292,0.292,201,ANY
2023-01-10 10:14:00,0.3052,0.3052,0.3052,0.3052,1000,ANY
2023-01-10 10:16:00,0.305,0.305,0.305,0.305,100,ANY
2023-01-10 10:17:00,0.292,0.292,0.292,0.292,180,ANY
2023-01-10 10:18:00,0.2921,0.2921,0.2921,0.2921,209,ANY
2023-01-10 10:19:00,0.2921,0.299,0.2921,0.2921,2260,ANY
2023-01-10 10:20:00,0.3,0.3,0.2921,0.2929,1736,ANY
2023-01-10 10:21:00,0.2921,0.304,0.2921,0.304,403,ANY
2023-01-10 10:22:00,0.2921,0.304,0.2921,0.293,600,ANY
2023-01-10 10:23:00,0.293,0.3039,0.293,0.293,700,ANY
2023-01-10 10:24:00,0.293,0.293,0.293,0.293,300,ANY
2023-01-10 10:25:00,0.293,0.304,0.293,0.293,1550,ANY
2023-01-10 10:26:00,0.293,0.293,0.293,0.293,361,ANY
2023-01-10 10:27:00,0.293,0.293,0.293,0.293,300,ANY
2023-01-10 10:28:00,0.2931,0.2931,0.2931,0.2931,230,ANY
2023-01-10 10:29:00,0.2931,0.2932,0.2931,0.2931,990,ANY
2023-01-10 10:30:00,0.2931,0.302,0.2931,0.2931,2300,ANY
2023-01-10 10:31:00,0.2934,0.2935,0.2934,0.2935,301,ANY
2023-01-10 10:32:00,0.2935,0.2935,0.2935,0.2935,303,ANY
2023-01-10 10:33:00,0.2935,0.3,0.2935,0.2935,500,ANY
2023-01-10 10:34:00,0.2935,0.2935,0.2935,0.2935,300,ANY
2023-01-10 10:35:00,0.2935,0.2935,0.2935,0.2935,330,ANY
2023-01-10 10:36:00,0.2935,0.2935,0.2935,0.2935,431,ANY
2023-01-10 10:37:00,0.2935,0.2935,0.2935,0.2935,300,ANY
2023-01-10 10:38:00,0.2935,0.297,0.2935,0.2935,612,ANY
2023-01-10 10:39:00,0.2935,0.297,0.2935,0.2968,14818,ANY
2023-01-10 10:40:00,0.2984,0.2984,0.2984,0.2984,391,ANY
2023-01-10 10:41:00,0.2984,0.3012,0.2984,0.3012,6000,ANY
2023-01-10 10:42:00,0.2938,0.303,0.2938,0.2938,3346,ANY
2023-01-10 10:43:00,0.2938,0.2938,0.2938,0.2938,329,ANY
2023-01-10 10:44:00,0.2938,0.2983,0.2938,0.2938,1900,ANY
2023-01-10 10:45:00,0.2938,0.2939,0.2938,0.2938,6849,ANY
2023-01-10 10:46:00,0.2969,0.2969,0.2969,0.2969,300,ANY
2023-01-10 10:47:00,0.2969,0.2969,0.2938,0.2938,1300,ANY
2023-01-10 10:48:00,0.2938,0.2938,0.2938,0.2938,300,ANY
2023-01-10 10:49:00,0.2938,0.2938,0.2938,0.2938,300,ANY
2023-01-10 10:50:00,0.2938,0.2938,0.2938,0.2938,300,ANY
2023-01-10 10:51:00,0.2938,0.303,0.2938,0.2938,3477,ANY
2023-01-10 10:52:00,0.2984,0.2984,0.2938,0.2951,866,ANY
2023-01-10 10:53:00,0.2938,0.2938,0.2938,0.2938,300,ANY
2023-01-10 10:54:00,0.2938,0.2938,0.2938,0.2938,300,ANY
2023-01-10 10:55:00,0.2938,0.2938,0.2938,0.2938,300,ANY
2023-01-10 10:56:00,0.2984,0.2984,0.2984,0.2984,300,ANY
2023-01-10 10:57:00,0.2939,0.2939,0.2939,0.2939,300,ANY
2023-01-10 10:58:00,0.2939,0.294,0.2939,0.2939,4004,ANY
2023-01-10 10:59:00,0.303,0.303,0.2939,0.2939,500,ANY
2023-01-10 11:00:00,0.2951,0.2958,0.2951,0.2958,300,ANY
2023-01-10 11:01:00,0.2957,0.3,0.2957,0.2957,600,ANY
2023-01-10 11:02:00,0.2957,0.2957,0.2957,0.2957,300,ANY
2023-01-10 11:03:00,0.2957,0.2957,0.2957,0.2957,200,ANY
2023-01-10 11:04:00,0.2957,0.2957,0.2957,0.2957,400,ANY
2023-01-10 11:05:00,0.3,0.3,0.2957,0.2957,400,ANY
2023-01-10 11:06:00,0.2957,0.3,0.2957,0.2957,400,ANY
2023-01-10 11:07:00,0.2957,0.2957,0.2957,0.2957,300,ANY
2023-01-10 11:08:00,0.2965,0.2998,0.2957,0.2957,941,ANY
2023-01-10 11:09:00,0.2957,0.2957,0.2957,0.2957,300,ANY
2023-01-10 11:10:00,0.2957,0.2957,0.2957,0.2957,300,ANY
2023-01-10 11:11:00,0.2957,0.2957,0.2957,0.2957,300,ANY
2023-01-10 11:12:00,0.2957,0.2957,0.2957,0.2957,300,ANY
2023-01-10 11:13:00,0.2957,0.2957,0.2957,0.2957,300,ANY
2023-01-10 11:14:00,0.2957,0.2957,0.2957,0.2957,200,ANY
2023-01-10 11:15:00,0.2957,0.2958,0.2957,0.2958,400,ANY
2023-01-10 11:16:00,0.2998,0.2998,0.2958,0.2958,300,ANY
2023-01-10 11:17:00,0.2958,0.2958,0.2958,0.2958,300,ANY
2023-01-10 11:18:00,0.2958,0.2958,0.2958,0.2958,300,ANY
2023-01-10 11:19:00,0.2958,0.2958,0.2958,0.2958,300,ANY
2023-01-10 11:20:00,0.2958,0.2958,0.2958,0.2958,300,ANY
2023-01-10 11:21:00,0.2958,0.2998,0.2958,0.2998,400,ANY
2023-01-10 11:22:00,0.2958,0.2998,0.2958,0.2958,1405,ANY
2023-01-10 11:23:00,0.2958,0.2958,0.2958,0.2958,1002,ANY
2023-01-10 11:24:00,0.2958,0.2958,0.2958,0.2958,300,ANY
2023-01-10 11:25:00,0.2958,0.2958,0.2958,0.2958,300,ANY
2023-01-10 11:26:00,0.2958,0.2996,0.2958,0.2958,800,ANY
2023-01-10 11:27:00,0.296,0.303,0.2958,0.303,41701,ANY
2023-01-10 11:28:00,0.2992,0.303,0.2976,0.2976,9055,ANY
2023-01-10 11:29:00,0.2976,0.2976,0.2976,0.2976,300,ANY
2023-01-10 11:30:00,0.2976,0.2976,0.2976,0.2976,385,ANY
2023-01-10 11:31:00,0.2976,0.2976,0.2976,0.2976,300,ANY
2023-01-10 11:32:00,0.2976,0.303,0.2976,0.303,8100,ANY
2023-01-10 11:33:00,0.2976,0.2976,0.2976,0.2976,300,ANY
2023-01-10 11:34:00,0.2976,0.302,0.2976,0.302,303,ANY
2023-01-10 11:35:00,0.302,0.302,0.2976,0.2976,300,ANY
2023-01-10 11:36:00,0.302,0.302,0.3006,0.3006,300,ANY
2023-01-10 11:37:00,0.3006,0.302,0.3006,0.302,4065,ANY
2023-01-10 11:38:00,0.302,0.302,0.302,0.302,200,ANY
2023-01-10 11:39:00,0.302,0.302,0.302,0.302,300,ANY
2023-01-10 11:40:00,0.302,0.302,0.302,0.302,324,ANY
2023-01-10 11:41:00,0.302,0.3034,0.3006,0.3006,580,ANY
2023-01-10 11:42:00,0.3006,0.302,0.3006,0.302,300,ANY
2023-01-10 11:43:00,0.3025,0.305,0.302,0.305,638,ANY
2023-01-10 11:44:00,0.302,0.302,0.302,0.302,320,ANY
2023-01-10 11:45:00,0.302,0.302,0.302,0.302,316,ANY
2023-01-10 11:46:00,0.302,0.302,0.302,0.302,300,ANY
2023-01-10 11:47:00,0.302,0.302,0.302,0.302,378,ANY
2023-01-10 11:48:00,0.302,0.307,0.302,0.3051,2775,ANY
2023-01-10 11:49:00,0.307,0.3078,0.3051,0.3078,1183,ANY
2023-01-10 11:50:00,0.3051,0.3078,0.3051,0.3051,15851,ANY
2023-01-10 11:51:00,0.3051,0.3051,0.3051,0.3051,304,ANY
2023-01-10 11:52:00,0.3051,0.3077,0.3051,0.3051,700,ANY
2023-01-10 11:53:00,0.3051,0.3069,0.3051,0.3051,1070,ANY
2023-01-10 11:54:00,0.3051,0.3065,0.3051,0.3051,6300,ANY
2023-01-10 11:55:00,0.3051,0.3051,0.3051,0.3051,300,ANY
2023-01-10 11:56:00,0.3051,0.3053,0.3051,0.3051,5500,ANY
2023-01-10 11:57:00,0.3052,0.3052,0.3051,0.3051,5300,ANY
2023-01-10 11:58:00,0.3051,0.31,0.3051,0.3051,3900,ANY
2023-01-10 11:59:00,0.3051,0.3051,0.3051,0.3051,300,ANY
2023-01-10 12:00:00,0.3051,0.3051,0.3051,0.3051,200,ANY
2023-01-10 12:01:00,0.3051,0.3051,0.3051,0.3051,400,ANY
2023-01-10 12:02:00,0.3051,0.3051,0.3051,0.3051,200,ANY
2023-01-10 12:03:00,0.3051,0.3129,0.3051,0.3121,31368,ANY
2023-01-10 12:04:00,0.3121,0.34,0.3121,0.3301,25904,ANY
2023-01-10 12:05:00,0.34,0.34,0.33,0.3379,2452,ANY
2023-01-10 12:06:00,0.338,0.338,0.3304,0.3307,3900,ANY
2023-01-10 12:07:00,0.3315,0.34,0.3305,0.3305,35048,ANY
2023-01-10 12:08:00,0.3306,0.34,0.3306,0.3346,12487,ANY
2023-01-10 12:09:00,0.3311,0.338,0.3311,0.3311,4016,ANY
2023-01-10 12:10:00,0.338,0.338,0.3311,0.3322,60119,ANY
2023-01-10 12:11:00,0.3311,0.3321,0.3311,0.332,16255,ANY
2023-01-10 12:12:00,0.332,0.332,0.325,0.325,90800,ANY
2023-01-10 12:13:00,0.325,0.3275,0.325,0.325,18928,ANY
2023-01-10 12:14:00,0.325,0.326,0.325,0.326,10303,ANY
2023-01-10 12:15:00,0.325,0.325,0.325,0.325,300,ANY
2023-01-10 12:16:00,0.325,0.3259,0.325,0.325,5637,ANY
2023-01-10 12:17:00,0.326,0.3291,0.326,0.326,801,ANY
2023-01-10 12:18:00,0.326,0.3299,0.325,0.325,2340,ANY
2023-01-10 12:19:00,0.325,0.325,0.325,0.325,305,ANY
2023-01-10 12:20:00,0.3357,0.3379,0.325,0.325,805,ANY
2023-01-10 12:21:00,0.3378,0.3378,0.325,0.325,1545,ANY
2023-01-10 12:22:00,0.325,0.3379,0.325,0.3379,5600,ANY
2023-01-10 12:23:00,0.325,0.3379,0.325,0.325,517,ANY
2023-01-10 12:24:00,0.325,0.337,0.325,0.325,800,ANY
2023-01-10 12:25:00,0.325,0.3379,0.325,0.3379,1570,ANY
2023-01-10 12:26:00,0.325,0.3378,0.325,0.33,839,ANY
2023-01-10 12:27:00,0.33,0.335,0.33,0.335,8100,ANY
2023-01-10 12:28:00,0.335,0.3399,0.335,0.339,43779,ANY
2023-01-10 12:29:00,0.339,0.34,0.338,0.34,24199,ANY
2023-01-10 12:30:00,0.34,0.34,0.338,0.338,8752,ANY
2023-01-10 12:31:00,0.338,0.3419,0.338,0.34,8028,ANY
2023-01-10 12:32:00,0.338,0.339,0.338,0.338,707,ANY
2023-01-10 12:33:00,0.338,0.3499,0.338,0.3401,85826,ANY
2023-01-10 12:34:00,0.3499,0.3499,0.3401,0.3401,1579,ANY
2023-01-10 12:35:00,0.3479,0.3579,0.3401,0.3529,19093,ANY
2023-01-10 12:36:00,0.3578,0.368,0.35,0.3646,74595,ANY
2023-01-10 12:37:00,0.3623,0.366,0.35,0.35,47348,ANY
2023-01-10 12:38:00,0.35,0.3629,0.35,0.36,27000,ANY
2023-01-10 12:39:00,0.36,0.365,0.3501,0.3504,16442,ANY
2023-01-10 12:40:00,0.3504,0.365,0.3504,0.3505,21778,ANY
2023-01-10 12:41:00,0.3649,0.3649,0.3505,0.3506,10954,ANY
2023-01-10 12:42:00,0.3505,0.363,0.3505,0.3507,30575,ANY
2023-01-10 12:43:00,0.3507,0.3649,0.3401,0.3401,14667,ANY
2023-01-10 12:44:00,0.35,0.35,0.3401,0.3401,8403,ANY
2023-01-10 12:45:00,0.3401,0.345,0.3401,0.3448,53129,ANY
2023-01-10 12:46:00,0.3401,0.3449,0.338,0.34,35546,ANY
2023-01-10 12:47:00,0.3401,0.3449,0.338,0.34,34624,ANY
2023-01-10 12:48:00,0.34,0.3448,0.338,0.338,22510,ANY
2023-01-10 12:49:00,0.338,0.3449,0.338,0.34,16608,ANY
2023-01-10 12:50:00,0.34,0.3449,0.34,0.3425,13304,ANY
2023-01-10 12:51:00,0.3449,0.3449,0.34,0.3425,22950,ANY
2023-01-10 12:52:00,0.3425,0.3449,0.3425,0.3425,1998,ANY
2023-01-10 12:53:00,0.3425,0.3439,0.3401,0.3401,2209,ANY
2023-01-10 12:54:00,0.3401,0.3401,0.3401,0.3401,2501,ANY
2023-01-10 12:55:00,0.3401,0.3438,0.3401,0.3401,2999,ANY
2023-01-10 12:56:00,0.3401,0.3438,0.3401,0.341,5701,ANY
2023-01-10 12:57:00,0.341,0.341,0.341,0.341,1956,ANY
2023-01-10 12:58:00,0.341,0.3437,0.341,0.3437,5999,ANY
2023-01-10 12:59:00,0.341,0.3437,0.341,0.3432,3354,ANY
2023-01-10 13:00:00,0.34,0.3437,0.34,0.342,6003,ANY
2023-01-10 13:01:00,0.342,0.3421,0.34,0.34,3652,ANY
2023-01-10 13:02:00,0.34,0.3414,0.34,0.34,7736,ANY
2023-01-10 13:03:00,0.34,0.3414,0.34,0.3405,2334,ANY
2023-01-10 13:04:00,0.3405,0.3429,0.34,0.34,3403,ANY
2023-01-10 13:05:00,0.34,0.3428,0.34,0.3413,5131,ANY
2023-01-10 13:06:00,0.34,0.3414,0.34,0.3414,12314,ANY
2023-01-10 13:07:00,0.34,0.3414,0.34,0.34,2400,ANY
2023-01-10 13:08:00,0.34,0.3414,0.34,0.34,2306,ANY
2023-01-10 13:09:00,0.34,0.3414,0.34,0.3414,2300,ANY
2023-01-10 13:10:00,0.34,0.3414,0.34,0.34,2100,ANY
2023-01-10 13:11:00,0.34,0.3427,0.34,0.34,2500,ANY
2023-01-10 13:12:00,0.34,0.3414,0.34,0.34,2776,ANY
2023-01-10 13:13:00,0.34,0.3414,0.338,0.338,6812,ANY
2023-01-10 13:14:00,0.338,0.3404,0.338,0.338,22692,ANY
2023-01-10 13:15:00,0.338,0.3403,0.338,0.338,11891,ANY
2023-01-10 13:16:00,0.338,0.3403,0.338,0.338,2101,ANY
2023-01-10 13:17:00,0.338,0.34,0.335,0.335,6573,ANY
2023-01-10 13:18:00,0.335,0.335,0.3255,0.3255,17560,ANY
2023-01-10 13:19:00,0.3255,0.3256,0.3255,0.3255,1400,ANY
2023-01-10 13:20:00,0.3255,0.327,0.3255,0.327,6912,ANY
2023-01-10 13:21:00,0.3255,0.33,0.3255,0.3255,1500,ANY
2023-01-10 13:22:00,0.3255,0.3291,0.3255,0.3255,3240,ANY
2023-01-10 13:23:00,0.3255,0.3255,0.3255,0.3255,2006,ANY
2023-01-10 13:24:00,0.3255,0.3288,0.3255,0.3255,2901,ANY
2023-01-10 13:25:00,0.3255,0.3288,0.3255,0.3255,4307,ANY
2023-01-10 13:26:00,0.3255,0.3289,0.3255,0.3255,14131,ANY
2023-01-10 13:27:00,0.3255,0.3286,0.3255,0.3255,4150,ANY
2023-01-10 13:28:00,0.3255,0.3281,0.321,0.321,8127,ANY
2023-01-10 13:29:00,0.3201,0.3206,0.3183,0.3183,12389,ANY
2023-01-10 13:30:00,0.317,0.3269,0.316,0.3238,12823,ANY
2023-01-10 13:31:00,0.324,0.324,0.321,0.321,3496,ANY
2023-01-10 13:32:00,0.321,0.324,0.321,0.322,5000,ANY
2023-01-10 13:33:00,0.3239,0.324,0.322,0.322,24702,ANY
2023-01-10 13:34:00,0.322,0.323,0.316,0.316,11998,ANY
2023-01-10 13:35:00,0.327,0.329,0.3165,0.3165,1835,ANY
2023-01-10 13:36:00,0.3166,0.319,0.316,0.316,1300,ANY
2023-01-10 13:37:00,0.316,0.3191,0.316,0.3165,3175,ANY
2023-01-10 13:38:00,0.3178,0.329,0.3165,0.3165,18881,ANY
2023-01-10 13:39:00,0.3191,0.3207,0.3186,0.3207,8701,ANY
2023-01-10 13:40:00,0.319,0.327,0.319,0.3238,14791,ANY
2023-01-10 13:41:00,0.3238,0.3269,0.3199,0.3206,10056,ANY
2023-01-10 13:42:00,0.321,0.321,0.321,0.321,2422,ANY
2023-01-10 13:43:00,0.321,0.321,0.321,0.321,2400,ANY
2023-01-10 13:44:00,0.321,0.321,0.3185,0.3185,650,ANY
2023-01-10 13:45:00,0.3191,0.3191,0.3165,0.3185,925,ANY
2023-01-10 13:46:00,0.319,0.319,0.3165,0.3165,3300,ANY
2023-01-10 13:47:00,0.3165,0.3165,0.3165,0.3165,640,ANY
2023-01-10 13:48:00,0.3165,0.3165,0.3165,0.3165,360,ANY
2023-01-10 13:49:00,0.316,0.3183,0.316,0.316,3300,ANY
2023-01-10 13:50:00,0.3191,0.3269,0.316,0.316,5329,ANY
2023-01-10 13:51:00,0.316,0.3191,0.316,0.319,4300,ANY
2023-01-10 13:52:00,0.3161,0.3191,0.3161,0.3161,20850,ANY
2023-01-10 13:53:00,0.3161,0.319,0.3161,0.3161,800,ANY
2023-01-10 13:54:00,0.3161,0.3207,0.3161,0.32,9649,ANY
2023-01-10 13:55:00,0.3204,0.329,0.3204,0.3208,26755,ANY
2023-01-10 13:56:00,0.329,0.329,0.3207,0.3208,132214,ANY
2023-01-10 13:57:00,0.3208,0.329,0.3208,0.329,99294,ANY
2023-01-10 13:58:00,0.329,0.342,0.327,0.3419,98372,ANY
2023-01-10 13:59:00,0.3419,0.3565,0.3387,0.35,75928,ANY
2023-01-10 14:00:00,0.3498,0.354,0.34,0.3414,15401,ANY
2023-01-10 14:01:00,0.3401,0.3402,0.3401,0.3402,4101,ANY
2023-01-10 14:02:00,0.3402,0.35,0.34,0.3404,24731,ANY
2023-01-10 14:03:00,0.3404,0.3404,0.34,0.34,3706,ANY
2023-01-10 14:04:00,0.34,0.3455,0.34,0.34,13600,ANY
2023-01-10 14:05:00,0.34,0.3471,0.34,0.34,15983,ANY
2023-01-10 14:06:00,0.34,0.3439,0.34,0.34,4815,ANY
2023-01-10 14:07:00,0.34,0.34,0.3225,0.3245,5100,ANY
2023-01-10 14:08:00,0.3245,0.33,0.3245,0.33,2401,ANY
2023-01-10 14:09:00,0.3261,0.3339,0.3261,0.3261,3740,ANY
2023-01-10 14:10:00,0.3261,0.3262,0.326,0.326,2400,ANY
2023-01-10 14:11:00,0.326,0.326,0.326,0.326,2500,ANY
2023-01-10 14:12:00,0.326,0.3265,0.326,0.3265,2601,ANY
2023-01-10 14:13:00,0.326,0.3339,0.326,0.326,2442,ANY
2023-01-10 14:14:00,0.326,0.33,0.326,0.326,5299,ANY
2023-01-10 14:15:00,0.33,0.3339,0.326,0.326,12300,ANY
2023-01-10 14:16:00,0.326,0.3261,0.326,0.326,2501,ANY
2023-01-10 14:17:00,0.326,0.326,0.326,0.326,2099,ANY
2023-01-10 14:18:00,0.326,0.3339,0.326,0.326,3050,ANY
2023-01-10 14:19:00,0.326,0.3261,0.326,0.326,21586,ANY
2023-01-10 14:20:00,0.326,0.3294,0.325,0.325,2526,ANY
2023-01-10 14:21:00,0.325,0.328,0.325,0.325,2601,ANY
2023-01-10 14:22:00,0.325,0.325,0.325,0.325,2601,ANY
2023-01-10 14:23:00,0.325,0.325,0.324,0.324,2597,ANY
2023-01-10 14:24:00,0.324,0.3329,0.3225,0.3225,3800,ANY
2023-01-10 14:25:00,0.3225,0.3228,0.3225,0.3225,2301,ANY
2023-01-10 14:26:00,0.3225,0.33,0.321,0.321,24501,ANY
2023-01-10 14:27:00,0.3274,0.3287,0.3199,0.3199,22414,ANY
2023-01-10 14:28:00,0.3199,0.3199,0.3188,0.3188,327,ANY
2023-01-10 14:29:00,0.319,0.3207,0.319,0.3191,4474,ANY
2023-01-10 14:30:00,0.319,0.3207,0.319,0.3205,5860,ANY
2023-01-10 14:31:00,0.3206,0.3273,0.3204,0.3206,11337,ANY
2023-01-10 14:32:00,0.3206,0.3207,0.32,0.32,1905,ANY
2023-01-10 14:33:00,0.319,0.3191,0.319,0.3191,2146,ANY
2023-01-10 14:34:00,0.319,0.3207,0.319,0.3191,2702,ANY
2023-01-10 14:35:00,0.3204,0.3262,0.32,0.32,5900,ANY
2023-01-10 14:36:00,0.32,0.3204,0.32,0.32,999,ANY
2023-01-10 14:37:00,0.32,0.3203,0.32,0.3202,15526,ANY
2023-01-10 14:38:00,0.3202,0.3202,0.32,0.32,2679,ANY
2023-01-10 14:39:00,0.3204,0.3204,0.32,0.3204,1101,ANY
2023-01-10 14:40:00,0.32,0.3205,0.32,0.3205,1698,ANY
2023-01-10 14:41:00,0.3204,0.3204,0.32,0.32,7901,ANY
2023-01-10 14:42:00,0.32,0.324,0.32,0.321,3291,ANY
2023-01-10 14:43:00,0.321,0.324,0.321,0.321,2179,ANY
2023-01-10 14:44:00,0.321,0.321,0.32,0.3207,8794,ANY
2023-01-10 14:45:00,0.32,0.3206,0.32,0.32,3402,ANY
2023-01-10 14:46:00,0.3204,0.3255,0.3204,0.3207,13601,ANY
2023-01-10 14:47:00,0.3207,0.327,0.3207,0.3269,5188,ANY
2023-01-10 14:48:00,0.3207,0.3207,0.32,0.3201,18130,ANY
2023-01-10 14:49:00,0.32,0.3206,0.32,0.3206,2301,ANY
2023-01-10 14:50:00,0.3206,0.3206,0.32,0.32,1300,ANY
2023-01-10 14:51:00,0.32,0.32,0.32,0.32,1116,ANY
2023-01-10 14:52:00,0.32,0.334,0.32,0.33,11499,ANY
2023-01-10 14:53:00,0.33,0.334,0.3204,0.3204,54963,ANY
2023-01-10 14:54:00,0.3206,0.3207,0.3204,0.3204,1941,ANY
2023-01-10 14:55:00,0.3206,0.3206,0.32,0.32,1299,ANY
2023-01-10 14:56:00,0.32,0.333,0.32,0.33,52930,ANY
2023-01-10 14:57:00,0.33,0.333,0.33,0.33,9399,ANY
2023-01-10 14:58:00,0.33,0.33,0.32,0.32,39204,ANY
2023-01-10 14:59:00,0.32,0.3268,0.32,0.322,2867,ANY
2023-01-10 15:00:00,0.3221,0.3329,0.322,0.322,6321,ANY
2023-01-10 15:01:00,0.322,0.3275,0.322,0.3275,2601,ANY
2023-01-10 15:02:00,0.322,0.33,0.322,0.33,2700,ANY
2023-01-10 15:03:00,0.33,0.33,0.32,0.32,5268,ANY
2023-01-10 15:04:00,0.3201,0.3207,0.32,0.3207,3123,ANY
2023-01-10 15:05:00,0.3207,0.3207,0.32,0.3201,11200,ANY
2023-01-10 15:06:00,0.3201,0.3287,0.32,0.32,20353,ANY
2023-01-10 15:07:00,0.32,0.32,0.32,0.32,1102,ANY
2023-01-10 15:08:00,0.32,0.3201,0.32,0.32,1807,ANY
2023-01-10 15:09:00,0.32,0.3287,0.32,0.3201,10058,ANY
2023-01-10 15:10:00,0.3207,0.3287,0.32,0.3201,4437,ANY
2023-01-10 15:11:00,0.3201,0.3207,0.32,0.3204,1614,ANY
2023-01-10 15:12:00,0.3204,0.3204,0.32,0.3201,4087,ANY
2023-01-10 15:13:00,0.32,0.3203,0.32,0.32,1299,ANY
2023-01-10 15:14:00,0.32,0.3206,0.32,0.32,1302,ANY
2023-01-10 15:15:00,0.32,0.32,0.3191,0.3191,1003,ANY
2023-01-10 15:16:00,0.3189,0.3207,0.3189,0.3191,1820,ANY
2023-01-10 15:17:00,0.3191,0.3191,0.3188,0.319,400,ANY
2023-01-10 15:18:00,0.3189,0.3207,0.3149,0.3149,17805,ANY
2023-01-10 15:19:00,0.3166,0.3191,0.3148,0.3148,1801,ANY
2023-01-10 15:20:00,0.3191,0.3191,0.3148,0.3166,569,ANY
2023-01-10 15:21:00,0.3166,0.3207,0.3166,0.3191,11101,ANY
2023-01-10 15:22:00,0.319,0.319,0.3176,0.3185,9266,ANY
2023-01-10 15:23:00,0.318,0.318,0.3141,0.3148,10653,ANY
2023-01-10 15:24:00,0.3141,0.3166,0.3141,0.3141,4800,ANY
2023-01-10 15:25:00,0.3166,0.3183,0.3141,0.3141,4600,ANY
2023-01-10 15:26:00,0.3141,0.3141,0.3105,0.3105,8405,ANY
2023-01-10 15:27:00,0.31,0.315,0.31,0.31,10571,ANY
2023-01-10 15:28:00,0.3072,0.31,0.3072,0.3099,4310,ANY
2023-01-10 15:29:00,0.31,0.3172,0.31,0.31,6300,ANY
2023-01-10 15:30:00,0.31,0.31,0.3072,0.31,13900,ANY
2023-01-10 15:31:00,0.3086,0.31,0.3072,0.3072,4679,ANY
2023-01-10 15:32:00,0.3072,0.3183,0.3072,0.31,14601,ANY
2023-01-10 15:33:00,0.3099,0.31,0.308,0.308,2820,ANY
2023-01-10 15:34:00,0.308,0.308,0.308,0.308,300,ANY
2023-01-10 15:35:00,0.308,0.317,0.308,0.308,5800,ANY
2023-01-10 15:36:00,0.31,0.31,0.308,0.3081,2400,ANY
2023-01-10 15:37:00,0.31,0.3177,0.308,0.31,9139,ANY
2023-01-10 15:38:00,0.3082,0.319,0.3081,0.311,24200,ANY
2023-01-10 15:39:00,0.311,0.33,0.308,0.31,144993,ANY
2023-01-10 15:40:00,0.312,0.3399,0.312,0.3207,97132,ANY
2023-01-10 15:41:00,0.3207,0.38,0.3207,0.3695,215826,ANY
2023-01-10 15:42:00,0.3651,0.3899,0.36,0.368,142804,ANY
2023-01-10 15:43:00,0.368,0.3725,0.351,0.3558,143343,ANY
2023-01-10 15:44:00,0.351,0.386,0.351,0.38,36389,ANY
2023-01-10 15:45:00,0.38,0.386,0.361,0.37,64678,ANY
2023-01-10 15:46:00,0.37,0.375,0.3541,0.3581,47567,ANY
2023-01-10 15:47:00,0.3536,0.36,0.342,0.342,19193,ANY
2023-01-10 15:48:00,0.3495,0.351,0.342,0.342,14939,ANY
2023-01-10 15:49:00,0.342,0.35,0.332,0.332,49105,ANY
2023-01-10 15:50:00,0.3321,0.337,0.3315,0.332,36615,ANY
2023-01-10 15:51:00,0.332,0.335,0.33,0.33,12102,ANY
2023-01-10 15:52:00,0.33,0.342,0.33,0.33,14952,ANY
2023-01-10 15:53:00,0.33,0.3415,0.33,0.331,34450,ANY
2023-01-10 15:54:00,0.331,0.3415,0.331,0.331,32578,ANY
2023-01-10 15:55:00,0.331,0.3412,0.331,0.3327,18050,ANY
2023-01-10 15:56:00,0.3337,0.35,0.3327,0.34,20196,ANY
2023-01-10 15:57:00,0.34,0.3449,0.34,0.34,13649,ANY
2023-01-10 15:58:00,0.34,0.3401,0.3323,0.3323,24674,ANY
2023-01-10 15:59:00,0.3323,0.3398,0.331,0.331,155959,ANY
2023-01-10 16:00:00,0.331,0.34,0.331,0.34,56781,ANY
2023-01-10 16:02:00,0.331,0.331,0.331,0.331,1400,ANY
2023-01-10 16:07:00,0.34,0.34,0.34,0.34,1300,ANY
2023-01-10 16:08:00,0.3399,0.34,0.3399,0.34,1750,ANY
2023-01-10 16:13:00,0.34,0.34,0.34,0.34,1649,ANY
2023-01-10 16:14:00,0.345,0.345,0.345,0.345,200,ANY
2023-01-10 16:21:00,0.335,0.335,0.335,0.335,250,ANY
2023-01-10 16:36:00,0.3399,0.3399,0.3399,0.3399,681,ANY
2023-01-10 16:52:00,0.3315,0.3315,0.3315,0.3315,150,ANY
2023-01-10 16:56:00,0.3399,0.3399,0.3399,0.3399,1000,ANY
2023-01-10 16:57:00,0.34,0.34,0.34,0.34,9100,ANY
2023-01-10 17:10:00,0.3315,0.3315,0.3315,0.3315,1218,ANY
2023-01-10 17:11:00,0.3315,0.3315,0.3312,0.3312,15300,ANY
2023-01-10 17:16:00,0.331,0.331,0.331,0.331,100,ANY
2023-01-10 17:32:00,0.339,0.339,0.339,0.339,4000,ANY
2023-01-10 17:38:00,0.34,0.34,0.34,0.34,100,ANY
2023-01-10 17:42:00,0.34,0.34,0.34,0.34,1003,ANY
2023-01-10 17:44:00,0.3401,0.3401,0.3401,0.3401,3000,ANY
2023-01-10 17:56:00,0.34,0.34,0.34,0.34,4900,ANY
2023-01-10 18:17:00,0.3322,0.3322,0.3322,0.3322,3850,ANY
2023-01-10 18:38:00,0.345,0.345,0.345,0.345,200,ANY
2023-01-10 18:39:00,0.345,0.345,0.345,0.345,300,ANY
2023-01-10 18:48:00,0.3322,0.3322,0.3322,0.3322,650,ANY
2023-01-10 19:19:00,0.345,0.345,0.345,0.345,1386,ANY
2023-01-10 19:55:00,0.345,0.345,0.345,0.345,300,ANY
2023-01-11 04:17:00,0.3312,0.3312,0.3299,0.33,16399,ANY
2023-01-11 06:53:00,0.336,0.336,0.336,0.336,100,ANY
2023-01-11 07:24:00,0.336,0.336,0.336,0.336,1200,ANY
2023-01-11 08:01:00,0.34,0.34,0.336,0.336,10122,ANY
2023-01-11 08:09:00,0.34,0.34,0.34,0.34,200,ANY
2023-01-11 08:10:00,0.3378,0.3378,0.3378,0.3378,718,ANY
2023-01-11 08:14:00,0.336,0.34,0.3312,0.34,8046,ANY
2023-01-11 08:19:00,0.3499,0.35,0.3499,0.35,11023,ANY
2023-01-11 08:21:00,0.3532,0.3549,0.3532,0.3549,1526,ANY
2023-01-11 08:22:00,0.3565,0.3565,0.3565,0.3565,1062,ANY
2023-01-11 08:25:00,0.3566,0.3566,0.343,0.343,750,ANY
2023-01-11 08:30:00,0.356,0.356,0.356,0.356,200,ANY
2023-01-11 08:31:00,0.356,0.356,0.356,0.356,400,ANY
2023-01-11 08:39:00,0.3491,0.3491,0.349,0.349,550,ANY
2023-01-11 08:42:00,0.343,0.3431,0.343,0.343,1000,ANY
2023-01-11 08:53:00,0.3489,0.3489,0.3489,0.3489,1000,ANY
2023-01-11 08:54:00,0.3489,0.3489,0.3489,0.3489,150,ANY
2023-01-11 08:56:00,0.3489,0.3489,0.3489,0.3489,100,ANY
2023-01-11 09:00:00,0.345,0.345,0.345,0.345,142,ANY
2023-01-11 09:07:00,0.3489,0.3489,0.3489,0.3489,1000,ANY
2023-01-11 09:08:00,0.3489,0.3489,0.3489,0.3489,3250,ANY
2023-01-11 09:10:00,0.345,0.345,0.345,0.345,300,ANY
2023-01-11 09:11:00,0.3489,0.3489,0.3489,0.3489,4000,ANY
2023-01-11 09:20:00,0.345,0.345,0.343,0.343,2029,ANY
2023-01-11 09:21:00,0.34,0.34,0.34,0.34,9625,ANY
2023-01-11 09:23:00,0.34,0.34,0.34,0.34,10007,ANY
2023-01-11 09:31:00,0.35,0.35,0.3489,0.3489,9631,ANY
2023-01-11 09:32:00,0.3458,0.3501,0.345,0.3501,44072,ANY
2023-01-11 09:33:00,0.353,0.3545,0.332,0.332,64825,ANY
2023-01-11 09:34:00,0.3321,0.34,0.3321,0.3321,6697,ANY
2023-01-11 09:35:00,0.3321,0.34,0.33,0.331,15215,ANY
2023-01-11 09:36:00,0.331,0.3399,0.33,0.331,500,ANY
2023-01-11 09:37:00,0.33,0.3399,0.33,0.3301,17200,ANY
2023-01-11 09:38:00,0.3301,0.3399,0.3301,0.3301,8400,ANY
2023-01-11 09:39:00,0.3399,0.34,0.335,0.3351,5150,ANY
2023-01-11 09:40:00,0.335,0.3399,0.33,0.33,1725,ANY
2023-01-11 09:41:00,0.33,0.3399,0.33,0.33,17550,ANY
2023-01-11 09:42:00,0.331,0.339,0.331,0.331,800,ANY
2023-01-11 09:43:00,0.331,0.3399,0.331,0.3399,4110,ANY
2023-01-11 09:44:00,0.331,0.3399,0.331,0.331,12369,ANY
2023-01-11 09:45:00,0.331,0.3355,0.331,0.331,700,ANY
2023-01-11 09:46:00,0.331,0.339,0.331,0.331,2060,ANY
2023-01-11 09:47:00,0.331,0.3379,0.331,0.337,3015,ANY
2023-01-11 09:48:00,0.331,0.3368,0.331,0.331,700,ANY
2023-01-11 09:49:00,0.3312,0.3368,0.3312,0.333,1900,ANY
2023-01-11 09:50:00,0.333,0.335,0.333,0.333,21412,ANY
2023-01-11 09:51:00,0.333,0.337,0.333,0.333,5413,ANY
2023-01-11 09:52:00,0.333,0.337,0.333,0.335,65245,ANY
2023-01-11 09:53:00,0.3378,0.346,0.3365,0.346,102089,ANY
2023-01-11 09:54:00,0.3499,0.3533,0.3499,0.35,20731,ANY
2023-01-11 09:55:00,0.3559,0.356,0.35,0.3559,15508,ANY
2023-01-11 09:56:00,0.35,0.35,0.35,0.35,1500,ANY
2023-01-11 09:57:00,0.35,0.3512,0.3312,0.3497,23487,ANY
2023-01-11 09:58:00,0.34,0.3498,0.34,0.3498,16100,ANY
2023-01-11 09:59:00,0.3401,0.3497,0.34,0.34,3790,ANY
2023-01-11 10:00:00,0.34,0.34,0.34,0.34,1100,ANY
2023-01-11 10:01:00,0.34,0.3441,0.34,0.34,3775,ANY
2023-01-11 10:02:00,0.34,0.345,0.336,0.336,14375,ANY
2023-01-11 10:03:00,0.336,0.3405,0.336,0.336,1000,ANY
2023-01-11 10:04:00,0.336,0.35,0.336,0.34,26236,ANY
2023-01-11 10:05:00,0.34,0.3435,0.34,0.34,78200,ANY
2023-01-11 10:06:00,0.34,0.34,0.34,0.34,1463,ANY
2023-01-11 10:07:00,0.34,0.345,0.34,0.34,7104,ANY
2023-01-11 10:08:00,0.34,0.34,0.34,0.34,1600,ANY
2023-01-11 10:09:00,0.34,0.346,0.336,0.336,18620,ANY
2023-01-11 10:10:00,0.336,0.3399,0.336,0.3365,4914,ANY
2023-01-11 10:11:00,0.3365,0.3399,0.3365,0.3398,6518,ANY
2023-01-11 10:12:00,0.3365,0.35,0.3365,0.3365,20538,ANY
2023-01-11 10:13:00,0.3365,0.3365,0.3365,0.3365,1500,ANY
2023-01-11 10:14:00,0.3365,0.3365,0.3365,0.3365,1625,ANY
2023-01-11 10:15:00,0.3365,0.337,0.3365,0.3365,1827,ANY
2023-01-11 10:16:00,0.3365,0.3468,0.3365,0.3419,27569,ANY
2023-01-11 10:17:00,0.3419,0.3468,0.3365,0.3365,7467,ANY
2023-01-11 10:18:00,0.3365,0.3369,0.3365,0.3368,2601,ANY
2023-01-11 10:19:00,0.3368,0.3368,0.3368,0.3368,1699,ANY
2023-01-11 10:20:00,0.3368,0.3368,0.3368,0.3368,1800,ANY
2023-01-11 10:21:00,0.3368,0.3368,0.3368,0.3368,1300,ANY
2023-01-11 10:22:00,0.3368,0.3467,0.3368,0.3368,3800,ANY
2023-01-11 10:23:00,0.3368,0.3368,0.3368,0.3368,1601,ANY
2023-01-11 10:24:00,0.3368,0.3368,0.3368,0.3368,1835,ANY
2023-01-11 10:25:00,0.3368,0.3368,0.3365,0.3365,1645,ANY
2023-01-11 10:26:00,0.3365,0.3467,0.3365,0.3365,3641,ANY
2023-01-11 10:27:00,0.3365,0.3365,0.3365,0.3365,1701,ANY
2023-01-11 10:28:00,0.3365,0.3416,0.3365,0.3365,2199,ANY
2023-01-11 10:29:00,0.3365,0.3467,0.3365,0.3365,2750,ANY
2023-01-11 10:30:00,0.3365,0.34,0.33,0.33,73254,ANY
2023-01-11 10:31:00,0.3301,0.335,0.33,0.33,26200,ANY
2023-01-11 10:32:00,0.33,0.3329,0.33,0.33,58797,ANY
2023-01-11 10:33:00,0.33,0.3349,0.33,0.33,2902,ANY
2023-01-11 10:34:00,0.33,0.33,0.3269,0.3299,26783,ANY
2023-01-11 10:35:00,0.3269,0.3269,0.3105,0.3105,51909,ANY
2023-01-11 10:36:00,0.3158,0.321,0.3157,0.321,9959,ANY
2023-01-11 10:37:00,0.321,0.3281,0.31,0.32,50779,ANY
2023-01-11 10:38:00,0.3209,0.321,0.32,0.321,3149,ANY
2023-01-11 10:39:00,0.321,0.321,0.321,0.321,1340,ANY
2023-01-11 10:40:00,0.321,0.321,0.31,0.31,56823,ANY
2023-01-11 10:41:00,0.317,0.3192,0.3111,0.3112,13419,ANY
2023-01-11 10:42:00,0.315,0.315,0.312,0.3135,20100,ANY
2023-01-11 10:43:00,0.3149,0.315,0.3135,0.3135,33525,ANY
2023-01-11 10:44:00,0.3168,0.3199,0.3168,0.3199,10379,ANY
2023-01-11 10:45:00,0.32,0.32,0.315,0.32,2814,ANY
2023-01-11 10:46:00,0.3198,0.3223,0.3198,0.3223,302,ANY
2023-01-11 10:47:00,0.3245,0.3246,0.32,0.3246,10012,ANY
2023-01-11 10:48:00,0.32,0.32,0.32,0.32,366,ANY
2023-01-11 10:49:00,0.32,0.32,0.32,0.32,300,ANY
2023-01-11 10:50:00,0.32,0.32,0.32,0.32,400,ANY
2023-01-11 10:51:00,0.32,0.32,0.32,0.32,4551,ANY
2023-01-11 10:52:00,0.32,0.3201,0.32,0.3201,300,ANY
2023-01-11 10:53:00,0.3201,0.3201,0.3201,0.3201,504,ANY
2023-01-11 10:54:00,0.321,0.3246,0.3201,0.3201,14100,ANY
2023-01-11 10:55:00,0.3201,0.3201,0.3201,0.3201,400,ANY
2023-01-11 10:56:00,0.3201,0.3202,0.3201,0.3201,6347,ANY
2023-01-11 10:57:00,0.3224,0.3246,0.3201,0.3201,2009,ANY
2023-01-11 10:58:00,0.3201,0.3201,0.3201,0.3201,400,ANY
2023-01-11 10:59:00,0.3201,0.3201,0.3201,0.3201,1400,ANY
2023-01-11 11:00:00,0.3201,0.3201,0.3201,0.3201,425,ANY
2023-01-11 11:01:00,0.3201,0.3201,0.3201,0.3201,500,ANY
2023-01-11 11:02:00,0.32,0.3245,0.315,0.315,5800,ANY
2023-01-11 11:03:00,0.315,0.32,0.315,0.315,1900,ANY
2023-01-11 11:04:00,0.315,0.315,0.315,0.315,10373,ANY
2023-01-11 11:05:00,0.3175,0.3175,0.315,0.315,400,ANY
2023-01-11 11:06:00,0.315,0.315,0.315,0.315,300,ANY
2023-01-11 11:07:00,0.315,0.3151,0.315,0.3151,300,ANY
2023-01-11 11:08:00,0.3151,0.3199,0.3151,0.3153,1160,ANY
2023-01-11 11:09:00,0.3153,0.3153,0.3153,0.3153,350,ANY
2023-01-11 11:10:00,0.3153,0.3302,0.3153,0.3153,14666,ANY
2023-01-11 11:11:00,0.3153,0.32,0.3153,0.32,484,ANY
2023-01-11 11:12:00,0.32,0.32,0.32,0.32,300,ANY
2023-01-11 11:13:00,0.32,0.32,0.32,0.32,400,ANY
2023-01-11 11:14:00,0.32,0.3301,0.3154,0.3154,5600,ANY
2023-01-11 11:15:00,0.3154,0.33,0.3154,0.3251,1900,ANY
2023-01-11 11:16:00,0.3251,0.3251,0.316,0.316,5600,ANY
2023-01-11 11:17:00,0.316,0.316,0.3154,0.3154,402,ANY
2023-01-11 11:18:00,0.32,0.32,0.32,0.32,2000,ANY
2023-01-11 11:19:00,0.32,0.32,0.32,0.32,500,ANY
2023-01-11 11:20:00,0.32,0.32,0.32,0.32,300,ANY
2023-01-11 11:21:00,0.32,0.32,0.316,0.316,700,ANY
2023-01-11 11:22:00,0.316,0.316,0.316,0.316,310,ANY
2023-01-11 11:23:00,0.3226,0.3226,0.316,0.316,639,ANY
2023-01-11 11:24:00,0.316,0.316,0.316,0.316,400,ANY
2023-01-11 11:25:00,0.316,0.316,0.316,0.316,346,ANY
2023-01-11 11:26:00,0.316,0.3226,0.316,0.316,300,ANY
2023-01-11 11:27:00,0.316,0.316,0.316,0.316,400,ANY
2023-01-11 11:28:00,0.316,0.3226,0.316,0.316,400,ANY
2023-01-11 11:29:00,0.316,0.3226,0.316,0.3226,1916,ANY
2023-01-11 11:30:00,0.3226,0.3226,0.3161,0.3161,4268,ANY
2023-01-11 11:31:00,0.3161,0.3161,0.3161,0.3161,300,ANY
2023-01-11 11:32:00,0.3161,0.3161,0.3161,0.3161,400,ANY
2023-01-11 11:33:00,0.32,0.32,0.32,0.32,928,ANY
2023-01-11 11:34:00,0.32,0.32,0.32,0.32,500,ANY
2023-01-11 11:35:00,0.32,0.3245,0.32,0.32,603,ANY
2023-01-11 11:36:00,0.3245,0.3245,0.32,0.32,650,ANY
2023-01-11 11:37:00,0.32,0.32,0.32,0.32,500,ANY
2023-01-11 11:38:00,0.32,0.32,0.32,0.32,600,ANY
2023-01-11 11:39:00,0.3201,0.3201,0.32,0.32,3150,ANY
2023-01-11 11:40:00,0.32,0.32,0.32,0.32,2400,ANY
2023-01-11 11:41:00,0.32,0.32,0.32,0.32,1600,ANY
2023-01-11 11:42:00,0.32,0.32,0.316,0.316,300,ANY
2023-01-11 11:43:00,0.316,0.316,0.316,0.316,300,ANY
2023-01-11 11:44:00,0.316,0.316,0.316,0.316,400,ANY
2023-01-11 11:45:00,0.3245,0.3245,0.317,0.317,800,ANY
2023-01-11 11:46:00,0.317,0.32,0.317,0.32,1300,ANY
2023-01-11 11:47:00,0.32,0.32,0.32,0.32,900,ANY
2023-01-11 11:48:00,0.3289,0.3289,0.32,0.3203,811,ANY
2023-01-11 11:49:00,0.3203,0.3203,0.3203,0.3203,300,ANY
2023-01-11 11:50:00,0.3203,0.3245,0.3203,0.3203,600,ANY
2023-01-11 11:51:00,0.3245,0.3245,0.3203,0.3203,600,ANY
2023-01-11 11:52:00,0.3203,0.3286,0.3203,0.3286,101000,ANY
2023-01-11 11:53:00,0.3203,0.3286,0.3203,0.3203,2581,ANY
2023-01-11 11:54:00,0.3203,0.3285,0.3203,0.3225,6861,ANY
2023-01-11 11:55:00,0.3225,0.3225,0.3225,0.3225,359,ANY
2023-01-11 11:56:00,0.3225,0.3243,0.32,0.32,3660,ANY
2023-01-11 11:57:00,0.32,0.3235,0.32,0.32,6700,ANY
2023-01-11 11:58:00,0.32,0.32,0.32,0.32,1300,ANY
2023-01-11 11:59:00,0.32,0.32,0.32,0.32,2000,ANY
2023-01-11 12:00:00,0.32,0.3256,0.32,0.32,1400,ANY
2023-01-11 12:01:00,0.32,0.32,0.32,0.32,1300,ANY
2023-01-11 12:02:00,0.32,0.3228,0.32,0.32,4500,ANY
2023-01-11 12:03:00,0.32,0.3224,0.32,0.32,2000,ANY
2023-01-11 12:04:00,0.32,0.32,0.3198,0.3198,30564,ANY
2023-01-11 12:05:00,0.3198,0.3198,0.3198,0.3198,1300,ANY
2023-01-11 12:06:00,0.3198,0.3198,0.3198,0.3198,1230,ANY
2023-01-11 12:07:00,0.3198,0.3198,0.3198,0.3198,1476,ANY
2023-01-11 12:08:00,0.3198,0.3198,0.3198,0.3198,1500,ANY
2023-01-11 12:09:00,0.3198,0.3198,0.3198,0.3198,1407,ANY
2023-01-11 12:10:00,0.3198,0.3198,0.3198,0.3198,1300,ANY
2023-01-11 12:11:00,0.3198,0.3198,0.3198,0.3198,1359,ANY
2023-01-11 12:12:00,0.3198,0.3198,0.3198,0.3198,1400,ANY
2023-01-11 12:13:00,0.3198,0.3223,0.3198,0.3198,5202,ANY
2023-01-11 12:14:00,0.3198,0.3198,0.3198,0.3198,1400,ANY
2023-01-11 12:15:00,0.3168,0.32,0.3168,0.3168,10800,ANY
2023-01-11 12:16:00,0.3168,0.3168,0.3168,0.3168,1200,ANY
2023-01-11 12:17:00,0.3168,0.3168,0.316,0.316,1307,ANY
2023-01-11 12:18:00,0.316,0.3162,0.316,0.3162,3305,ANY
2023-01-11 12:19:00,0.3162,0.3168,0.316,0.3168,15418,ANY
2023-01-11 12:20:00,0.316,0.316,0.3132,0.3132,1589,ANY
2023-01-11 12:21:00,0.312,0.3123,0.312,0.3123,1300,ANY
2023-01-11 12:22:00,0.3159,0.3159,0.312,0.312,1500,ANY
2023-01-11 12:23:00,0.312,0.3159,0.312,0.3159,40300,ANY
2023-01-11 12:24:00,0.312,0.313,0.312,0.313,400,ANY
2023-01-11 12:25:00,0.3132,0.3159,0.313,0.313,5200,ANY
2023-01-11 12:26:00,0.313,0.313,0.313,0.313,300,ANY
2023-01-11 12:27:00,0.313,0.3145,0.313,0.3131,400,ANY
2023-01-11 12:28:00,0.313,0.313,0.313,0.313,300,ANY
2023-01-11 12:29:00,0.313,0.3159,0.313,0.313,1947,ANY
2023-01-11 12:30:00,0.313,0.313,0.313,0.313,405,ANY
2023-01-11 12:31:00,0.313,0.3151,0.313,0.313,721,ANY
2023-01-11 12:32:00,0.313,0.313,0.313,0.313,400,ANY
2023-01-11 12:33:00,0.313,0.313,0.313,0.313,320,ANY
2023-01-11 12:34:00,0.313,0.3131,0.313,0.3131,300,ANY
2023-01-11 12:35:00,0.3131,0.3148,0.3131,0.3148,400,ANY
2023-01-11 12:36:00,0.3131,0.3159,0.3131,0.3152,5600,ANY
2023-01-11 12:37:00,0.3152,0.3159,0.3152,0.3159,1000,ANY
2023-01-11 12:38:00,0.3158,0.3159,0.3158,0.3158,1600,ANY
2023-01-11 12:39:00,0.3158,0.3158,0.315,0.315,303,ANY
2023-01-11 12:40:00,0.315,0.3159,0.315,0.3158,1100,ANY
2023-01-11 12:41:00,0.315,0.315,0.315,0.315,400,ANY
2023-01-11 12:42:00,0.315,0.3159,0.315,0.3159,1400,ANY
2023-01-11 12:43:00,0.315,0.3159,0.315,0.315,680,ANY
2023-01-11 12:44:00,0.315,0.315,0.3142,0.315,1136,ANY
2023-01-11 12:45:00,0.3135,0.3157,0.313,0.313,1480,ANY
2023-01-11 12:46:00,0.313,0.3157,0.313,0.3157,794,ANY
2023-01-11 12:47:00,0.3157,0.3157,0.313,0.313,10716,ANY
2023-01-11 12:48:00,0.3131,0.3131,0.3131,0.3131,710,ANY
2023-01-11 12:49:00,0.3131,0.3156,0.3131,0.3131,552,ANY
2023-01-11 12:50:00,0.3131,0.3139,0.312,0.3139,405,ANY
2023-01-11 12:51:00,0.312,0.3139,0.312,0.312,400,ANY
2023-01-11 12:52:00,0.312,0.3139,0.312,0.312,1900,ANY
2023-01-11 12:53:00,0.312,0.3139,0.312,0.3121,1450,ANY
2023-01-11 12:54:00,0.3121,0.3156,0.3121,0.3121,450,ANY
2023-01-11 12:55:00,0.3121,0.3121,0.312,0.312,600,ANY
2023-01-11 12:56:00,0.312,0.3125,0.312,0.3125,3300,ANY
2023-01-11 12:57:00,0.312,0.3157,0.312,0.3149,952,ANY
2023-01-11 12:58:00,0.312,0.312,0.312,0.312,400,ANY
2023-01-11 12:59:00,0.312,0.312,0.312,0.312,725,ANY
2023-01-11 13:00:00,0.3115,0.3143,0.3115,0.3118,1564,ANY
2023-01-11 13:01:00,0.3115,0.3142,0.311,0.311,1648,ANY
2023-01-11 13:02:00,0.311,0.3145,0.311,0.311,3200,ANY
2023-01-11 13:03:00,0.311,0.311,0.311,0.311,1400,ANY
2023-01-11 13:04:00,0.311,0.311,0.311,0.311,1986,ANY
2023-01-11 13:05:00,0.311,0.3155,0.3101,0.3101,1400,ANY
2023-01-11 13:06:00,0.3101,0.3101,0.3101,0.3101,1200,ANY
2023-01-11 13:07:00,0.3101,0.3107,0.31,0.3101,38025,ANY
2023-01-11 13:08:00,0.3101,0.3101,0.3101,0.3101,1740,ANY
2023-01-11 13:09:00,0.3101,0.3101,0.3101,0.3101,1440,ANY
2023-01-11 13:10:00,0.3102,0.3102,0.3101,0.3101,1855,ANY
2023-01-11 13:11:00,0.3102,0.3102,0.3101,0.3102,13362,ANY
2023-01-11 13:12:00,0.311,0.3156,0.3106,0.3156,31312,ANY
2023-01-11 13:13:00,0.3156,0.3248,0.3145,0.3178,174911,ANY
2023-01-11 13:14:00,0.3214,0.3244,0.3156,0.3157,37862,ANY
2023-01-11 13:15:00,0.3157,0.3201,0.3156,0.3156,4845,ANY
2023-01-11 13:16:00,0.3156,0.3157,0.3156,0.3157,2100,ANY
2023-01-11 13:17:00,0.311,0.3245,0.311,0.3121,5785,ANY
2023-01-11 13:18:00,0.3121,0.3244,0.3121,0.3129,5200,ANY
2023-01-11 13:19:00,0.3126,0.3183,0.3125,0.3125,21900,ANY
2023-01-11 13:20:00,0.3125,0.3239,0.3125,0.313,1691,ANY
2023-01-11 13:21:00,0.3135,0.3136,0.313,0.3135,1600,ANY
2023-01-11 13:22:00,0.3135,0.3185,0.313,0.313,1740,ANY
2023-01-11 13:23:00,0.324,0.324,0.313,0.318,4331,ANY
2023-01-11 13:24:00,0.313,0.317,0.311,0.3135,2065,ANY
2023-01-11 13:25:00,0.3136,0.315,0.311,0.311,11481,ANY
2023-01-11 13:26:00,0.311,0.314,0.311,0.311,1335,ANY
2023-01-11 13:27:00,0.311,0.3169,0.311,0.311,26800,ANY
2023-01-11 13:28:00,0.311,0.314,0.311,0.3135,1799,ANY
2023-01-11 13:29:00,0.3135,0.3164,0.311,0.311,2400,ANY
2023-01-11 13:30:00,0.311,0.3162,0.311,0.3135,2702,ANY
2023-01-11 13:31:00,0.3135,0.317,0.311,0.3135,1601,ANY
2023-01-11 13:32:00,0.311,0.3135,0.311,0.3135,1722,ANY
2023-01-11 13:33:00,0.3135,0.3135,0.3112,0.3135,1400,ANY
2023-01-11 13:34:00,0.3124,0.3137,0.3112,0.3137,3600,ANY
2023-01-11 13:35:00,0.311,0.32,0.311,0.3135,2413,ANY
2023-01-11 13:36:00,0.3135,0.3135,0.3135,0.3135,1332,ANY
2023-01-11 13:37:00,0.3136,0.3136,0.3119,0.3135,2978,ANY
2023-01-11 13:38:00,0.3135,0.316,0.3119,0.3135,1900,ANY
2023-01-11 13:39:00,0.313,0.317,0.311,0.3135,2201,ANY
2023-01-11 13:40:00,0.3165,0.32,0.313,0.3133,2800,ANY
2023-01-11 13:41:00,0.3133,0.3155,0.3113,0.3113,1546,ANY
2023-01-11 13:42:00,0.3113,0.3116,0.3113,0.3116,1399,ANY
2023-01-11 13:43:00,0.3116,0.3117,0.3116,0.3116,1507,ANY
2023-01-11 13:44:00,0.3116,0.3158,0.3116,0.3116,4000,ANY
2023-01-11 13:45:00,0.3117,0.32,0.3117,0.3117,2057,ANY
2023-01-11 13:46:00,0.3117,0.3117,0.3117,0.3117,1485,ANY
2023-01-11 13:47:00,0.3117,0.32,0.3116,0.3117,3787,ANY
2023-01-11 13:48:00,0.3117,0.3118,0.3117,0.3118,1600,ANY
2023-01-11 13:49:00,0.3117,0.3159,0.3117,0.3117,3200,ANY
2023-01-11 13:50:00,0.3118,0.3118,0.3117,0.3118,1401,ANY
2023-01-11 13:51:00,0.3118,0.3158,0.3117,0.3158,1650,ANY
2023-01-11 13:52:00,0.3117,0.3158,0.3116,0.3117,4299,ANY
2023-01-11 13:53:00,0.3117,0.3158,0.3117,0.3118,2243,ANY
2023-01-11 13:54:00,0.3158,0.3199,0.3117,0.3117,1651,ANY
2023-01-11 13:55:00,0.3117,0.3199,0.3117,0.3119,1800,ANY
2023-01-11 13:56:00,0.3117,0.3199,0.3117,0.3119,2202,ANY
2023-01-11 13:57:00,0.3158,0.3158,0.3117,0.3118,2402,ANY
2023-01-11 13:58:00,0.3119,0.3199,0.3117,0.3117,2399,ANY
2023-01-11 13:59:00,0.3118,0.3158,0.3117,0.3158,5440,ANY
2023-01-11 14:00:00,0.3158,0.3158,0.3117,0.3117,5099,ANY
2023-01-11 14:01:00,0.3117,0.3117,0.3117,0.3117,1500,ANY
2023-01-11 14:02:00,0.3117,0.3117,0.3117,0.3117,1500,ANY
2023-01-11 14:03:00,0.3116,0.3199,0.3116,0.3156,3052,ANY
2023-01-11 14:04:00,0.3113,0.3113,0.3113,0.3113,1299,ANY
2023-01-11 14:05:00,0.3113,0.3113,0.311,0.311,6785,ANY
2023-01-11 14:06:00,0.311,0.3198,0.305,0.305,39195,ANY
2023-01-11 14:07:00,0.3059,0.306,0.3058,0.306,1700,ANY
2023-01-11 14:08:00,0.306,0.3098,0.306,0.3061,2201,ANY
2023-01-11 14:09:00,0.3061,0.3099,0.3061,0.3082,3799,ANY
2023-01-11 14:10:00,0.3082,0.3098,0.3063,0.3063,5200,ANY
2023-01-11 14:11:00,0.3099,0.3099,0.3058,0.3058,11460,ANY
2023-01-11 14:12:00,0.3058,0.31,0.3058,0.31,5578,ANY
2023-01-11 14:13:00,0.3099,0.31,0.3099,0.31,2960,ANY
2023-01-11 14:15:00,0.3095,0.3095,0.3095,0.3095,900,ANY
2023-01-11 14:16:00,0.3076,0.3076,0.3076,0.3076,100,ANY
2023-01-11 14:17:00,0.3076,0.3245,0.3075,0.3245,26432,ANY
2023-01-11 14:18:00,0.3194,0.3194,0.3194,0.3194,100,ANY
2023-01-11 14:19:00,0.317,0.317,0.317,0.317,2000,ANY
2023-01-11 14:23:00,0.317,0.3183,0.317,0.3182,3598,ANY
2023-01-11 14:24:00,0.3177,0.3177,0.3177,0.3177,665,ANY
2023-01-11 14:26:00,0.3177,0.318,0.3125,0.3125,1509,ANY
2023-01-11 14:27:00,0.3125,0.3125,0.3125,0.3125,200,ANY
2023-01-11 14:31:00,0.3136,0.3136,0.3136,0.3136,100,ANY
2023-01-11 14:32:00,0.3118,0.3124,0.3111,0.3115,6605,ANY
2023-01-11 14:33:00,0.3115,0.3174,0.3103,0.3174,7301,ANY
2023-01-11 14:34:00,0.3192,0.3192,0.3192,0.3192,201,ANY
2023-01-11 14:35:00,0.3214,0.3214,0.3214,0.3214,1601,ANY
2023-01-11 14:36:00,0.3214,0.3242,0.319,0.319,400,ANY
2023-01-11 14:37:00,0.3196,0.3196,0.3114,0.3114,1401,ANY
2023-01-11 14:38:00,0.3114,0.312,0.3114,0.312,1200,ANY
2023-01-11 14:39:00,0.312,0.3182,0.312,0.3182,1699,ANY
2023-01-11 14:40:00,0.312,0.3182,0.3115,0.3115,2152,ANY
2023-01-11 14:41:00,0.3115,0.3115,0.3113,0.3113,4100,ANY
2023-01-11 14:42:00,0.3114,0.3152,0.3103,0.315,3805,ANY
2023-01-11 14:43:00,0.3114,0.3198,0.3114,0.3114,1977,ANY
2023-01-11 14:44:00,0.3114,0.3115,0.3114,0.3115,1316,ANY
2023-01-11 14:45:00,0.3115,0.3115,0.3114,0.3115,701,ANY
2023-01-11 14:46:00,0.3107,0.3107,0.3107,0.3107,158,ANY
2023-01-11 14:47:00,0.3114,0.3152,0.3108,0.3113,5395,ANY
2023-01-11 14:48:00,0.3108,0.3108,0.3108,0.3108,977,ANY
2023-01-11 14:49:00,0.3108,0.3113,0.31,0.3113,900,ANY
2023-01-11 14:50:00,0.3092,0.3092,0.3092,0.3092,1000,ANY
2023-01-11 14:53:00,0.3113,0.3114,0.3113,0.3114,5810,ANY
2023-01-11 14:54:00,0.3114,0.3157,0.3114,0.313,11539,ANY
2023-01-11 14:55:00,0.3114,0.3114,0.3114,0.3114,1224,ANY
2023-01-11 14:56:00,0.3113,0.3113,0.3113,0.3113,668,ANY
2023-01-11 14:57:00,0.3113,0.3113,0.3113,0.3113,1126,ANY
2023-01-11 14:59:00,0.3113,0.3113,0.3113,0.3113,336,ANY
2023-01-11 15:00:00,0.3113,0.3113,0.3113,0.3113,200,ANY
2023-01-11 15:01:00,0.3113,0.3114,0.3108,0.3108,4349,ANY
2023-01-11 15:02:00,0.31,0.3107,0.31,0.3107,700,ANY
2023-01-11 15:04:00,0.31,0.3183,0.31,0.3154,46526,ANY
2023-01-11 15:05:00,0.3114,0.3114,0.3114,0.3114,1205,ANY
2023-01-11 15:06:00,0.3114,0.3115,0.3114,0.3115,1690,ANY
2023-01-11 15:07:00,0.3114,0.3114,0.3114,0.3114,922,ANY
2023-01-11 15:08:00,0.3107,0.3107,0.3107,0.3107,200,ANY
2023-01-11 15:10:00,0.3107,0.3107,0.3107,0.3107,5210,ANY
2023-01-11 15:11:00,0.3112,0.3112,0.3111,0.3111,371,ANY
2023-01-11 15:12:00,0.3113,0.3113,0.3105,0.3105,318,ANY
2023-01-11 15:13:00,0.3105,0.3105,0.3105,0.3105,418,ANY
2023-01-11 15:14:00,0.3105,0.3107,0.3104,0.3107,2224,ANY
2023-01-11 15:15:00,0.3114,0.3114,0.3114,0.3114,905,ANY
2023-01-11 15:22:00,0.3114,0.3114,0.3114,0.3114,950,ANY
2023-01-11 15:23:00,0.3114,0.3114,0.3114,0.3114,404,ANY
2023-01-11 15:24:00,0.3109,0.3114,0.3109,0.3114,3627,ANY
2023-01-11 15:25:00,0.3114,0.3114,0.3114,0.3114,2969,ANY
2023-01-11 15:26:00,0.3114,0.3288,0.3113,0.3182,54886,ANY
2023-01-11 15:27:00,0.3252,0.3252,0.3114,0.312,5693,ANY
2023-01-11 15:28:00,0.312,0.3211,0.312,0.3123,6330,ANY
2023-01-11 15:29:00,0.3129,0.3212,0.3129,0.3129,1140,ANY
2023-01-11 15:30:00,0.3129,0.3212,0.3129,0.3129,1412,ANY
2023-01-11 15:31:00,0.3212,0.3212,0.3125,0.3126,1556,ANY
2023-01-11 15:32:00,0.3129,0.3299,0.3126,0.3127,7342,ANY
2023-01-11 15:33:00,0.3127,0.3127,0.3126,0.3126,1210,ANY
2023-01-11 15:34:00,0.3126,0.3128,0.3126,0.3128,1048,ANY
2023-01-11 15:35:00,0.3128,0.3129,0.3128,0.3129,1350,ANY
2023-01-11 15:36:00,0.3129,0.3129,0.3129,0.3129,1316,ANY
2023-01-11 15:37:00,0.3129,0.3214,0.3129,0.3214,3052,ANY
2023-01-11 15:38:00,0.3214,0.3214,0.3129,0.3129,2538,ANY
2023-01-11 15:39:00,0.3129,0.3299,0.3129,0.3129,3928,ANY
2023-01-11 15:40:00,0.3129,0.3214,0.3129,0.3129,12052,ANY
2023-01-11 15:41:00,0.3129,0.3173,0.3129,0.313,26933,ANY
2023-01-11 15:42:00,0.313,0.3149,0.313,0.3149,6656,ANY
2023-01-11 15:43:00,0.3131,0.3273,0.313,0.313,4416,ANY
2023-01-11 15:44:00,0.3299,0.3299,0.313,0.313,8284,ANY
2023-01-11 15:45:00,0.313,0.3229,0.313,0.313,5753,ANY
2023-01-11 15:46:00,0.313,0.3192,0.313,0.3131,8451,ANY
2023-01-11 15:47:00,0.3131,0.3161,0.3131,0.3135,3660,ANY
2023-01-11 15:48:00,0.3135,0.3161,0.3131,0.3161,2534,ANY
2023-01-11 15:49:00,0.3161,0.3179,0.3131,0.3131,2557,ANY
2023-01-11 15:50:00,0.3132,0.3151,0.3131,0.3131,24257,ANY
2023-01-11 15:51:00,0.3132,0.3144,0.3127,0.3127,6332,ANY
2023-01-11 15:52:00,0.3114,0.3114,0.3102,0.3114,7322,ANY
2023-01-11 15:53:00,0.3114,0.3115,0.3114,0.3115,3140,ANY
2023-01-11 15:54:00,0.3115,0.3115,0.3115,0.3115,244,ANY
2023-01-11 15:55:00,0.3168,0.3168,0.3136,0.3139,836,ANY
2023-01-11 15:56:00,0.3158,0.3158,0.315,0.315,666,ANY
2023-01-11 15:57:00,0.3131,0.3131,0.3127,0.3131,946,ANY
2023-01-11 15:58:00,0.3131,0.323,0.3131,0.3199,51701,ANY
2023-01-11 15:59:00,0.3192,0.3295,0.3192,0.3295,16656,ANY
2023-01-11 16:00:00,0.328,0.3298,0.327,0.327,38056,ANY
2023-01-11 16:01:00,0.3131,0.3131,0.3131,0.3131,1050,ANY
2023-01-11 16:05:00,0.314,0.3288,0.314,0.3288,204,ANY
2023-01-11 16:06:00,0.3255,0.3288,0.3255,0.3288,250,ANY
2023-01-11 16:08:00,0.314,0.314,0.314,0.314,502,ANY
2023-01-11 16:17:00,0.3288,0.3288,0.3288,0.3288,333,ANY
2023-01-11 16:21:00,0.3199,0.3199,0.3199,0.3199,2030,ANY
2023-01-11 16:27:00,0.32,0.3288,0.32,0.3288,8500,ANY
2023-01-11 18:13:00,0.32,0.32,0.3144,0.3144,300,ANY
2023-01-11 18:38:00,0.3288,0.3288,0.327,0.3288,7306,ANY
2023-01-11 18:39:00,0.3299,0.33,0.3299,0.33,458,ANY
2023-01-11 18:40:00,0.3319,0.3419,0.3319,0.3419,5532,ANY
2023-01-11 18:41:00,0.3439,0.349,0.3439,0.349,7330,ANY
2023-01-11 18:42:00,0.349,0.349,0.349,0.349,204,ANY
2023-01-11 18:46:00,0.3486,0.3486,0.3486,0.3486,5000,ANY
2023-01-11 18:47:00,0.3486,0.3486,0.3486,0.3486,500,ANY
2023-01-11 18:55:00,0.34,0.34,0.34,0.34,300,ANY
2023-01-11 18:57:00,0.34,0.34,0.34,0.34,746,ANY
2023-01-11 19:43:00,0.3468,0.3468,0.3468,0.3468,756,ANY
2023-01-11 19:48:00,0.3468,0.3468,0.3468,0.3468,100,ANY
2023-01-11 19:57:00,0.3456,0.3456,0.3456,0.3456,500,ANY
2023-01-11 19:59:00,0.345,0.345,0.345,0.345,300,ANY
2023-01-11 20:00:00,0.34,0.34,0.34,0.34,1525,ANY
2023-01-12 04:03:00,0.3405,0.3405,0.3405,0.3405,118,ANY
2023-01-12 06:41:00,0.33,0.33,0.33,0.33,2500,ANY
2023-01-12 06:58:00,0.33,0.33,0.33,0.33,250,ANY
2023-01-12 07:18:00,0.33,0.33,0.33,0.33,151,ANY
2023-01-12 07:19:00,0.327,0.327,0.327,0.327,111,ANY
2023-01-12 07:21:00,0.3269,0.327,0.3269,0.327,950,ANY
2023-01-12 08:01:00,0.3334,0.3336,0.327,0.3317,6327,ANY
2023-01-12 08:03:00,0.3336,0.3398,0.33,0.33,14600,ANY
2023-01-12 08:05:00,0.3397,0.3397,0.3397,0.3397,5000,ANY
2023-01-12 08:14:00,0.3398,0.3398,0.3398,0.3398,1600,ANY
2023-01-12 08:26:00,0.3399,0.3399,0.3399,0.3399,500,ANY
2023-01-12 08:28:00,0.3399,0.3399,0.3399,0.3399,500,ANY
2023-01-12 08:34:00,0.33,0.33,0.327,0.327,1828,ANY
2023-01-12 08:35:00,0.327,0.327,0.327,0.327,2542,ANY
2023-01-12 08:36:00,0.325,0.325,0.325,0.325,6900,ANY
2023-01-12 08:37:00,0.325,0.325,0.325,0.325,1217,ANY
2023-01-12 08:38:00,0.3249,0.325,0.3249,0.325,2429,ANY
2023-01-12 08:40:00,0.325,0.325,0.3236,0.3236,5000,ANY
2023-01-12 08:41:00,0.327,0.327,0.327,0.327,1011,ANY
2023-01-12 08:42:00,0.327,0.327,0.327,0.327,489,ANY
2023-01-12 08:43:00,0.3175,0.3175,0.3175,0.3175,220,ANY
2023-01-12 08:48:00,0.327,0.327,0.327,0.327,500,ANY
2023-01-12 08:49:00,0.327,0.327,0.327,0.327,250,ANY
2023-01-12 08:56:00,0.32,0.32,0.32,0.32,125,ANY
2023-01-12 09:02:00,0.3267,0.3267,0.3267,0.3267,155,ANY
2023-01-12 09:03:00,0.327,0.327,0.327,0.327,455,ANY
2023-01-12 09:06:00,0.33,0.33,0.3299,0.33,39500,ANY
2023-01-12 09:07:00,0.3299,0.33,0.3299,0.33,4706,ANY
2023-01-12 09:08:00,0.33,0.33,0.3299,0.33,11650,ANY
2023-01-12 09:09:00,0.3299,0.33,0.3299,0.33,9572,ANY
2023-01-12 09:17:00,0.329,0.329,0.329,0.329,250,ANY
2023-01-12 09:19:00,0.3299,0.33,0.3299,0.33,5100,ANY
2023-01-12 09:21:00,0.34,0.34,0.34,0.34,104,ANY
2023-01-12 09:26:00,0.3399,0.3399,0.3399,0.3399,100,ANY
2023-01-12 09:30:00,0.3387,0.3387,0.3387,0.3387,177,ANY
2023-01-12 09:31:00,0.3399,0.3399,0.3301,0.3301,22434,ANY
2023-01-12 09:32:00,0.338,0.338,0.331,0.3319,11740,ANY
2023-01-12 09:33:00,0.338,0.338,0.3301,0.3301,11418,ANY
2023-01-12 09:34:00,0.33,0.3379,0.33,0.3301,12710,ANY
2023-01-12 09:35:00,0.3301,0.338,0.33,0.334,7675,ANY
2023-01-12 09:36:00,0.3301,0.3305,0.318,0.318,62140,ANY
2023-01-12 09:37:00,0.318,0.318,0.318,0.318,510,ANY
2023-01-12 09:38:00,0.318,0.3291,0.3135,0.32,22449,ANY
2023-01-12 09:39:00,0.32,0.33,0.32,0.32,1260,ANY
2023-01-12 09:40:00,0.32,0.3227,0.3179,0.3227,6730,ANY
2023-01-12 09:41:00,0.3131,0.32,0.3131,0.3136,4796,ANY
2023-01-12 09:42:00,0.3136,0.3227,0.3135,0.3227,43918,ANY
2023-01-12 09:43:00,0.3135,0.3135,0.3135,0.3135,615,ANY
2023-01-12 09:44:00,0.3135,0.3226,0.3135,0.3135,610,ANY
2023-01-12 09:45:00,0.3135,0.3138,0.3135,0.3135,699,ANY
2023-01-12 09:46:00,0.3135,0.3226,0.3135,0.3135,11675,ANY
2023-01-12 09:47:00,0.3225,0.3225,0.3135,0.3135,5935,ANY
2023-01-12 09:48:00,0.3135,0.3135,0.3135,0.3135,560,ANY
2023-01-12 09:49:00,0.3136,0.3188,0.3136,0.3155,520,ANY
2023-01-12 09:50:00,0.3155,0.3225,0.3155,0.3155,1432,ANY
2023-01-12 09:51:00,0.3157,0.3218,0.3155,0.3218,4733,ANY
2023-01-12 09:52:00,0.3155,0.3225,0.3155,0.3155,491,ANY
2023-01-12 09:53:00,0.3155,0.3155,0.3155,0.3155,400,ANY
2023-01-12 09:54:00,0.3155,0.3155,0.313,0.313,13750,ANY
2023-01-12 09:55:00,0.313,0.3138,0.313,0.313,844,ANY
2023-01-12 09:56:00,0.313,0.313,0.309,0.311,22167,ANY
2023-01-12 09:57:00,0.309,0.309,0.301,0.307,20550,ANY
2023-01-12 09:58:00,0.301,0.3129,0.301,0.3013,1550,ANY
2023-01-12 09:59:00,0.308,0.308,0.303,0.303,400,ANY
2023-01-12 10:00:00,0.3041,0.3128,0.304,0.3128,4832,ANY
2023-01-12 10:01:00,0.305,0.3128,0.305,0.305,831,ANY
2023-01-12 10:02:00,0.305,0.313,0.305,0.3089,11050,ANY
2023-01-12 10:03:00,0.3115,0.3122,0.3115,0.3115,1200,ANY
2023-01-12 10:04:00,0.3129,0.313,0.3115,0.3115,2756,ANY
2023-01-12 10:05:00,0.3129,0.313,0.3115,0.3115,15302,ANY
2023-01-12 10:10:00,0.313,0.313,0.31,0.3125,15864,ANY
2023-01-12 10:12:00,0.3212,0.3212,0.3212,0.3212,188,ANY
2023-01-12 10:14:00,0.3131,0.3131,0.3131,0.3131,315,ANY
2023-01-12 10:15:00,0.3144,0.3145,0.3144,0.3145,411,ANY
2023-01-12 10:16:00,0.3145,0.329,0.3145,0.316,1400,ANY
2023-01-12 10:17:00,0.316,0.3225,0.316,0.3225,450,ANY
2023-01-12 10:18:00,0.3162,0.3204,0.3162,0.3199,20800,ANY
2023-01-12 10:19:00,0.3232,0.3232,0.3145,0.3149,40244,ANY
2023-01-12 10:20:00,0.3149,0.321,0.3149,0.3152,617,ANY
2023-01-12 10:21:00,0.3152,0.3232,0.3152,0.3192,1454,ANY
2023-01-12 10:22:00,0.3215,0.3215,0.32,0.32,2556,ANY
2023-01-12 10:23:00,0.315,0.315,0.315,0.315,250,ANY
2023-01-12 10:24:00,0.315,0.315,0.315,0.315,400,ANY
2023-01-12 10:25:00,0.3145,0.3145,0.31,0.31,500,ANY
2023-01-12 10:26:00,0.31,0.3219,0.31,0.31,1549,ANY
2023-01-12 10:27:00,0.31,0.31,0.31,0.31,406,ANY
2023-01-12 10:28:00,0.31,0.3227,0.31,0.31,500,ANY
2023-01-12 10:29:00,0.31,0.3101,0.31,0.3101,600,ANY
2023-01-12 10:30:00,0.3101,0.315,0.3101,0.315,516,ANY
2023-01-12 10:31:00,0.3101,0.3101,0.3101,0.3101,308,ANY
2023-01-12 10:32:00,0.3101,0.3101,0.3101,0.3101,500,ANY
2023-01-12 10:33:00,0.3102,0.3102,0.3102,0.3102,500,ANY
2023-01-12 10:34:00,0.3102,0.3102,0.3102,0.3102,419,ANY
2023-01-12 10:35:00,0.3102,0.311,0.3102,0.311,400,ANY
2023-01-12 10:36:00,0.311,0.311,0.311,0.311,500,ANY
2023-01-12 10:37:00,0.311,0.311,0.311,0.311,304,ANY
2023-01-12 10:38:00,0.311,0.311,0.311,0.311,500,ANY
2023-01-12 10:39:00,0.313,0.313,0.313,0.313,400,ANY
2023-01-12 10:40:00,0.313,0.3194,0.313,0.3162,5600,ANY
2023-01-12 10:43:00,0.313,0.313,0.313,0.313,100,ANY
2023-01-12 10:44:00,0.313,0.313,0.313,0.313,177,ANY
2023-01-12 10:45:00,0.313,0.313,0.3117,0.3117,300,ANY
2023-01-12 10:46:00,0.3117,0.3148,0.3101,0.3101,10700,ANY
2023-01-12 10:47:00,0.3102,0.3102,0.3101,0.3102,3035,ANY
2023-01-12 10:48:00,0.3101,0.3101,0.3101,0.3101,400,ANY
2023-01-12 10:49:00,0.3101,0.3102,0.3101,0.3101,652,ANY
2023-01-12 10:50:00,0.3101,0.3144,0.3101,0.3102,1624,ANY
2023-01-12 10:51:00,0.3101,0.3101,0.3101,0.3101,500,ANY
2023-01-12 10:52:00,0.3101,0.3101,0.3101,0.3101,601,ANY
2023-01-12 10:53:00,0.3101,0.3178,0.31,0.31,5505,ANY
2023-01-12 10:54:00,0.3171,0.3171,0.31,0.31,1099,ANY
2023-01-12 10:55:00,0.31,0.31,0.31,0.31,500,ANY
2023-01-12 10:56:00,0.31,0.314,0.31,0.31,700,ANY
2023-01-12 10:57:00,0.31,0.31,0.31,0.31,920,ANY
2023-01-12 10:58:00,0.31,0.31,0.31,0.31,500,ANY
2023-01-12 10:59:00,0.31,0.31,0.31,0.31,500,ANY
2023-01-12 11:00:00,0.31,0.3103,0.31,0.3103,600,ANY
2023-01-12 11:01:00,0.3105,0.314,0.3105,0.314,600,ANY
2023-01-12 11:02:00,0.314,0.314,0.31,0.31,1664,ANY
2023-01-12 11:03:00,0.3101,0.3101,0.3101,0.3101,600,ANY
2023-01-12 11:04:00,0.3101,0.3131,0.3101,0.3101,1400,ANY
2023-01-12 11:05:00,0.3101,0.3101,0.3101,0.3101,300,ANY
2023-01-12 11:06:00,0.3101,0.3101,0.3101,0.3101,500,ANY
2023-01-12 11:07:00,0.3101,0.311,0.3101,0.311,500,ANY
2023-01-12 11:08:00,0.3101,0.311,0.3101,0.3101,995,ANY
2023-01-12 11:09:00,0.31,0.312,0.31,0.31,2372,ANY
2023-01-12 11:10:00,0.31,0.31,0.31,0.31,500,ANY
2023-01-12 11:11:00,0.31,0.311,0.31,0.311,1027,ANY
2023-01-12 11:12:00,0.311,0.3119,0.311,0.311,700,ANY
2023-01-12 11:13:00,0.311,0.311,0.31,0.31,900,ANY
2023-01-12 11:14:00,0.31,0.312,0.31,0.312,650,ANY
2023-01-12 11:15:00,0.31,0.312,0.31,0.311,2252,ANY
2023-01-12 11:16:00,0.311,0.3119,0.311,0.3119,3299,ANY
2023-01-12 11:17:00,0.311,0.311,0.311,0.311,800,ANY
2023-01-12 11:18:00,0.311,0.311,0.311,0.311,526,ANY
2023-01-12 11:19:00,0.311,0.311,0.311,0.311,800,ANY
2023-01-12 11:20:00,0.3115,0.3115,0.3115,0.3115,400,ANY
2023-01-12 11:21:00,0.3119,0.3119,0.3115,0.3119,3500,ANY
2023-01-12 11:22:00,0.3119,0.312,0.31,0.31,10432,ANY
2023-01-12 11:23:00,0.3195,0.3195,0.3195,0.3195,500,ANY
2023-01-12 11:26:00,0.3165,0.3178,0.3165,0.3165,4250,ANY
2023-01-12 11:27:00,0.3153,0.3153,0.3102,0.3102,3248,ANY
2023-01-12 11:28:00,0.3102,0.3127,0.3102,0.312,5499,ANY
2023-01-12 11:29:00,0.312,0.3124,0.3114,0.3114,5271,ANY
2023-01-12 11:30:00,0.3114,0.3124,0.3114,0.3124,1200,ANY
2023-01-12 11:31:00,0.3114,0.3114,0.3114,0.3114,500,ANY
2023-01-12 11:32:00,0.3114,0.3119,0.3105,0.3105,1000,ANY
2023-01-12 11:33:00,0.3115,0.3115,0.3105,0.3105,1100,ANY
2023-01-12 11:34:00,0.3115,0.3125,0.3115,0.3115,33542,ANY
2023-01-12 11:35:00,0.311,0.3125,0.311,0.3124,1221,ANY
2023-01-12 11:36:00,0.3115,0.3125,0.3112,0.3112,1136,ANY
2023-01-12 11:37:00,0.3115,0.3118,0.3115,0.3117,900,ANY
2023-01-12 11:38:00,0.3117,0.3117,0.3112,0.3112,1300,ANY
2023-01-12 11:39:00,0.3105,0.3105,0.3105,0.3105,100,ANY
2023-01-12 11:40:00,0.3105,0.3114,0.31,0.31,17252,ANY
2023-01-12 11:41:00,0.3079,0.3099,0.3075,0.3079,5730,ANY
2023-01-12 11:42:00,0.3096,0.3096,0.3074,0.3092,14581,ANY
2023-01-12 11:43:00,0.3086,0.3086,0.308,0.3086,4267,ANY
2023-01-12 11:45:00,0.3086,0.3086,0.3084,0.3084,400,ANY
2023-01-12 11:46:00,0.3084,0.3086,0.3084,0.3084,2600,ANY
2023-01-12 11:47:00,0.3084,0.3084,0.3081,0.3081,2000,ANY
2023-01-12 11:49:00,0.3081,0.3087,0.3081,0.3087,1600,ANY
2023-01-12 11:50:00,0.3084,0.3088,0.3084,0.3086,2928,ANY
2023-01-12 11:51:00,0.3085,0.3085,0.3085,0.3085,100,ANY
2023-01-12 11:52:00,0.3088,0.3088,0.3086,0.3087,1730,ANY
2023-01-12 11:53:00,0.3085,0.3135,0.3084,0.31,44250,ANY
2023-01-12 11:54:00,0.3109,0.3109,0.3109,0.3109,800,ANY
2023-01-12 11:55:00,0.3101,0.3101,0.31,0.3101,8900,ANY
2023-01-12 11:56:00,0.3101,0.3101,0.31,0.31,300,ANY
2023-01-12 11:57:00,0.31,0.31,0.31,0.31,100,ANY
2023-01-12 11:59:00,0.31,0.31,0.31,0.31,100,ANY
2023-01-12 12:00:00,0.3124,0.3147,0.31,0.3147,5203,ANY
2023-01-12 12:01:00,0.3124,0.3147,0.31,0.31,2805,ANY
2023-01-12 12:03:00,0.31,0.31,0.31,0.31,100,ANY
2023-01-12 12:04:00,0.3124,0.3124,0.3101,0.3124,4340,ANY
2023-01-12 12:05:00,0.3124,0.3124,0.3101,0.3101,600,ANY
2023-01-12 12:06:00,0.3125,0.3128,0.3115,0.3115,2550,ANY
2023-01-12 12:08:00,0.3101,0.3115,0.3101,0.3115,200,ANY
2023-01-12 12:09:00,0.3101,0.3101,0.3101,0.3101,200,ANY
2023-01-12 12:10:00,0.3148,0.3148,0.3148,0.3148,200,ANY
2023-01-12 12:11:00,0.3101,0.3101,0.3101,0.3101,100,ANY
2023-01-12 12:12:00,0.3101,0.3148,0.3101,0.3148,450,ANY
2023-01-12 12:13:00,0.3147,0.3147,0.3147,0.3147,2610,ANY
2023-01-12 12:14:00,0.3101,0.3101,0.3101,0.3101,201,ANY
2023-01-12 12:15:00,0.3101,0.3101,0.3101,0.3101,500,ANY
2023-01-12 12:16:00,0.3101,0.3244,0.3101,0.3151,18617,ANY
2023-01-12 12:17:00,0.3179,0.3179,0.31,0.3141,23800,ANY
2023-01-12 12:18:00,0.314,0.3161,0.314,0.3161,600,ANY
2023-01-12 12:19:00,0.3161,0.325,0.3161,0.3179,107803,ANY
2023-01-12 12:20:00,0.325,0.325,0.3249,0.3249,20000,ANY
2023-01-12 12:21:00,0.325,0.325,0.3221,0.3221,34000,ANY
2023-01-12 12:22:00,0.3246,0.325,0.3241,0.3245,101562,ANY
2023-01-12 12:23:00,0.325,0.33,0.3242,0.33,40828,ANY
2023-01-12 12:24:00,0.339,0.339,0.3251,0.3251,104359,ANY
2023-01-12 12:25:00,0.3251,0.3289,0.3251,0.3251,4001,ANY
2023-01-12 12:31:00,0.3286,0.3288,0.328,0.328,34480,ANY
2023-01-12 12:32:00,0.3289,0.3289,0.3256,0.3256,5300,ANY
2023-01-12 12:33:00,0.328,0.328,0.328,0.328,100,ANY
2023-01-12 12:34:00,0.3285,0.3289,0.3285,0.3289,8875,ANY
2023-01-12 12:35:00,0.337,0.337,0.3365,0.3365,2605,ANY
2023-01-12 12:36:00,0.3341,0.337,0.334,0.3362,26730,ANY
2023-01-12 12:37:00,0.3362,0.3368,0.332,0.334,9250,ANY
2023-01-12 12:38:00,0.334,0.334,0.334,0.334,1400,ANY
2023-01-12 12:39:00,0.3358,0.3359,0.3342,0.3355,8425,ANY
2023-01-12 12:40:00,0.3351,0.3359,0.3351,0.3355,15204,ANY
2023-01-12 12:41:00,0.3355,0.3417,0.3355,0.3417,74952,ANY
2023-01-12 12:42:00,0.3401,0.345,0.334,0.3401,125418,ANY
2023-01-12 12:43:00,0.34,0.344,0.34,0.344,12804,ANY
2023-01-12 12:45:00,0.34,0.352,0.3395,0.3515,66301,ANY
2023-01-12 12:46:00,0.3501,0.365,0.3405,0.365,446133,ANY
2023-01-12 12:47:00,0.367,0.38,0.355,0.3599,189892,ANY
2023-01-12 12:48:00,0.36,0.3748,0.35,0.37,104404,ANY
2023-01-12 12:49:00,0.37,0.37,0.3601,0.3601,88707,ANY
2023-01-12 12:50:00,0.3602,0.3859,0.3602,0.3773,120595,ANY
2023-01-12 12:51:00,0.3751,0.3799,0.3665,0.3699,140767,ANY
2023-01-12 12:52:00,0.3684,0.3749,0.352,0.3558,209688,ANY
2023-01-12 12:53:00,0.3521,0.375,0.3521,0.375,23528,ANY
2023-01-12 12:54:00,0.37,0.379,0.37,0.37,32918,ANY
2023-01-12 12:55:00,0.37,0.3789,0.3693,0.374,36427,ANY
2023-01-12 12:56:00,0.3676,0.37,0.365,0.365,6138,ANY
2023-01-12 12:57:00,0.375,0.375,0.365,0.369,11525,ANY
2023-01-12 12:58:00,0.37,0.3724,0.3653,0.3718,12543,ANY
2023-01-12 12:59:00,0.3747,0.3747,0.366,0.3661,50498,ANY
2023-01-12 13:00:00,0.37,0.375,0.366,0.3665,85661,ANY
2023-01-12 13:01:00,0.3682,0.3739,0.3682,0.3739,2700,ANY
2023-01-12 13:02:00,0.3725,0.3793,0.372,0.3789,59216,ANY
2023-01-12 13:03:00,0.3751,0.3798,0.367,0.3798,141066,ANY
2023-01-12 13:04:00,0.3728,0.3901,0.3728,0.3845,183890,ANY
2023-01-12 13:05:00,0.3855,0.3893,0.38,0.3855,50022,ANY
2023-01-12 13:06:00,0.3832,0.388,0.379,0.382,77346,ANY
2023-01-12 13:07:00,0.3835,0.4,0.3835,0.3962,117103,ANY
2023-01-12 13:08:00,0.3963,0.399,0.38,0.3801,129296,ANY
2023-01-12 13:09:00,0.3888,0.3964,0.38,0.389,22016,ANY
2023-01-12 13:10:00,0.3802,0.3889,0.3801,0.3801,92111,ANY
2023-01-12 13:11:00,0.39,0.39,0.3801,0.3801,22445,ANY
2023-01-12 13:12:00,0.3899,0.3964,0.381,0.3964,113303,ANY
2023-01-12 13:13:00,0.3957,0.401,0.3895,0.401,149112,ANY
2023-01-12 13:14:00,0.4009,0.401,0.39,0.3953,38764,ANY
2023-01-12 13:15:00,0.3979,0.398,0.381,0.3895,107866,ANY
2023-01-12 13:16:00,0.3811,0.3967,0.3811,0.3902,27780,ANY
2023-01-12 13:17:00,0.3924,0.3947,0.3902,0.3947,21718,ANY
2023-01-12 13:18:00,0.3924,0.3944,0.3901,0.3924,7778,ANY
2023-01-12 13:19:00,0.3901,0.399,0.3901,0.3924,37502,ANY
2023-01-12 13:20:00,0.3924,0.3952,0.3924,0.395,8984,ANY
2023-01-12 13:21:00,0.395,0.3988,0.3925,0.3969,63115,ANY
2023-01-12 13:22:00,0.3969,0.3969,0.3816,0.382,92120,ANY
2023-01-12 13:23:00,0.3816,0.3909,0.3816,0.3883,8998,ANY
2023-01-12 13:24:00,0.3924,0.395,0.3901,0.3901,52655,ANY
2023-01-12 13:25:00,0.39,0.392,0.39,0.392,11732,ANY
2023-01-12 13:26:00,0.392,0.392,0.3816,0.3816,16381,ANY
2023-01-12 13:27:00,0.3899,0.39,0.3817,0.385,24004,ANY
2023-01-12 13:28:00,0.385,0.385,0.381,0.381,89033,ANY
2023-01-12 13:29:00,0.38,0.3898,0.3705,0.38,48618,ANY
2023-01-12 13:30:00,0.385,0.385,0.3705,0.3706,11637,ANY
2023-01-12 13:31:00,0.3706,0.3753,0.3706,0.3706,5956,ANY
2023-01-12 13:32:00,0.3706,0.3753,0.37,0.37,47542,ANY
2023-01-12 13:33:00,0.37,0.375,0.37,0.37,2860,ANY
2023-01-12 13:34:00,0.375,0.3799,0.37,0.3701,2808,ANY
2023-01-12 13:35:00,0.37,0.38,0.37,0.37,40965,ANY
2023-01-12 13:36:00,0.3799,0.38,0.37,0.37,6727,ANY
2023-01-12 13:37:00,0.37,0.3799,0.37,0.3711,6116,ANY
2023-01-12 13:38:00,0.3711,0.3742,0.3711,0.3711,8063,ANY
2023-01-12 13:39:00,0.3711,0.3721,0.3711,0.3721,1859,ANY
2023-01-12 13:40:00,0.38,0.38,0.375,0.3756,9355,ANY
2023-01-12 13:41:00,0.375,0.38,0.375,0.3775,14305,ANY
2023-01-12 13:42:00,0.3799,0.3799,0.375,0.375,11607,ANY
2023-01-12 13:43:00,0.375,0.38,0.375,0.3799,30303,ANY
2023-01-12 13:44:00,0.3775,0.378,0.376,0.376,1103,ANY
2023-01-12 13:45:00,0.376,0.38,0.375,0.376,12325,ANY
2023-01-12 13:46:00,0.376,0.3761,0.376,0.376,12306,ANY
2023-01-12 13:47:00,0.376,0.39,0.376,0.376,46586,ANY
2023-01-12 13:48:00,0.39,0.39,0.3765,0.3765,6102,ANY
2023-01-12 13:49:00,0.3765,0.3775,0.3765,0.3775,1400,ANY
2023-01-12 13:50:00,0.3775,0.39,0.3775,0.39,46225,ANY
2023-01-12 13:51:00,0.39,0.392,0.39,0.39,22622,ANY
2023-01-12 13:52:00,0.39,0.392,0.38,0.38,7926,ANY
2023-01-12 13:53:00,0.38,0.38,0.38,0.38,13463,ANY
2023-01-12 13:54:00,0.3849,0.3899,0.38,0.38,5500,ANY
2023-01-12 13:55:00,0.381,0.3896,0.381,0.382,8168,ANY
2023-01-12 13:56:00,0.382,0.3878,0.38,0.38,16340,ANY
2023-01-12 13:57:00,0.38,0.38,0.38,0.38,1700,ANY
2023-01-12 13:58:00,0.38,0.387,0.38,0.38,8806,ANY
2023-01-12 13:59:00,0.38,0.3866,0.38,0.38,1800,ANY
2023-01-12 14:00:00,0.3775,0.3775,0.3765,0.3765,8575,ANY
2023-01-12 14:01:00,0.3765,0.3767,0.375,0.375,2335,ANY
2023-01-12 14:02:00,0.376,0.39,0.375,0.3791,24500,ANY
2023-01-12 14:03:00,0.3785,0.39,0.3784,0.38,80197,ANY
2023-01-12 14:04:00,0.3799,0.39,0.3799,0.3888,10500,ANY
2023-01-12 14:05:00,0.3888,0.3899,0.3799,0.3799,12142,ANY
2023-01-12 14:06:00,0.385,0.3875,0.3774,0.3774,2606,ANY
2023-01-12 14:07:00,0.3774,0.3899,0.3774,0.3801,32391,ANY
2023-01-12 14:08:00,0.3801,0.3899,0.3801,0.3801,2961,ANY
2023-01-12 14:09:00,0.3801,0.389,0.3801,0.3803,5600,ANY
2023-01-12 14:10:00,0.3803,0.3851,0.3803,0.3813,4631,ANY
2023-01-12 14:11:00,0.3856,0.3898,0.3813,0.3898,5796,ANY
2023-01-12 14:12:00,0.3889,0.3898,0.3813,0.3813,11100,ANY
2023-01-12 14:13:00,0.3856,0.3899,0.3814,0.3899,1747,ANY
2023-01-12 14:14:00,0.3899,0.3899,0.3899,0.3899,300,ANY
2023-01-12 14:15:00,0.3874,0.3898,0.3874,0.3898,5000,ANY
2023-01-12 14:16:00,0.3899,0.3988,0.3887,0.3956,35080,ANY
2023-01-12 14:17:00,0.3946,0.405,0.3946,0.4024,90036,ANY
2023-01-12 14:18:00,0.4024,0.42,0.4024,0.415,127695,ANY
2023-01-12 14:19:00,0.4124,0.4157,0.4003,0.414,67452,ANY
2023-01-12 14:20:00,0.414,0.414,0.4119,0.412,37426,ANY
2023-01-12 14:21:00,0.4119,0.416,0.401,0.4098,9069,ANY
2023-01-12 14:22:00,0.4094,0.4094,0.4094,0.4094,503,ANY
2023-01-12 14:23:00,0.409,0.4094,0.3907,0.3999,49683,ANY
2023-01-12 14:24:00,0.3953,0.3999,0.3913,0.3999,30806,ANY
2023-01-12 14:25:00,0.3998,0.4,0.3998,0.4,12775,ANY
2023-01-12 14:26:00,0.3957,0.4049,0.3956,0.4049,14867,ANY
2023-01-12 14:27:00,0.4025,0.405,0.4001,0.405,2410,ANY
2023-01-12 14:28:00,0.4001,0.405,0.4,0.405,15989,ANY
2023-01-12 14:29:00,0.4075,0.41,0.402,0.4087,47497,ANY
2023-01-12 14:30:00,0.4021,0.406,0.4021,0.4021,7801,ANY
2023-01-12 14:31:00,0.405,0.41,0.405,0.4051,1270,ANY
2023-01-12 14:32:00,0.4057,0.41,0.4051,0.41,8905,ANY
2023-01-12 14:33:00,0.41,0.41,0.4078,0.4078,3000,ANY
2023-01-12 14:34:00,0.41,0.41,0.4062,0.4084,20114,ANY
2023-01-12 14:35:00,0.414,0.4175,0.4057,0.4138,4230,ANY
2023-01-12 14:36:00,0.4138,0.4138,0.4138,0.4138,2002,ANY
2023-01-12 14:37:00,0.4163,0.4174,0.4137,0.4174,1435,ANY
2023-01-12 14:38:00,0.4138,0.4163,0.4137,0.4137,3745,ANY
2023-01-12 14:39:00,0.4129,0.414,0.4129,0.4133,9161,ANY
2023-01-12 14:40:00,0.4101,0.4175,0.3841,0.4133,169868,ANY
2023-01-12 14:41:00,0.4064,0.4128,0.4,0.4087,4326,ANY
2023-01-12 14:42:00,0.4001,0.4087,0.4,0.4087,9958,ANY
2023-01-12 14:43:00,0.4087,0.4127,0.4086,0.4086,19048,ANY
2023-01-12 14:44:00,0.4127,0.4127,0.4127,0.4127,462,ANY
2023-01-12 14:45:00,0.4127,0.4127,0.4,0.4,4009,ANY
2023-01-12 14:47:00,0.4128,0.4128,0.4128,0.4128,1000,ANY
2023-01-12 14:48:00,0.41,0.4128,0.41,0.41,22330,ANY
2023-01-12 14:49:00,0.4102,0.4128,0.41,0.4128,3450,ANY
2023-01-12 14:50:00,0.4119,0.412,0.4119,0.412,605,ANY
2023-01-12 14:51:00,0.41,0.4101,0.406,0.406,14706,ANY
2023-01-12 14:52:00,0.401,0.401,0.4001,0.4001,5000,ANY
2023-01-12 14:54:00,0.4,0.4068,0.4,0.4068,4500,ANY
2023-01-12 14:55:00,0.4069,0.4069,0.4,0.4035,3981,ANY
2023-01-12 14:56:00,0.4001,0.4069,0.4001,0.4069,456,ANY
2023-01-12 14:57:00,0.4,0.4069,0.4,0.4069,5575,ANY
2023-01-12 14:58:00,0.4069,0.4069,0.4068,0.4068,2063,ANY
2023-01-12 14:59:00,0.4034,0.4069,0.4034,0.4069,355,ANY
2023-01-12 15:00:00,0.4035,0.4069,0.4,0.4034,3453,ANY
2023-01-12 15:01:00,0.4034,0.4034,0.4034,0.4034,100,ANY
2023-01-12 15:02:00,0.4069,0.4069,0.4035,0.4069,3850,ANY
2023-01-12 15:03:00,0.4025,0.4025,0.4024,0.4024,500,ANY
2023-01-12 15:04:00,0.4,0.405,0.4,0.4049,17111,ANY
2023-01-12 15:05:00,0.4,0.4049,0.4,0.4049,26000,ANY
2023-01-12 15:06:00,0.4049,0.4049,0.4001,0.4001,2250,ANY
2023-01-12 15:07:00,0.4002,0.4118,0.4001,0.4118,25931,ANY
2023-01-12 15:08:00,0.412,0.4199,0.4112,0.4156,57866,ANY
2023-01-12 15:09:00,0.4156,0.4198,0.4156,0.4189,28321,ANY
2023-01-12 15:10:00,0.4199,0.4329,0.4179,0.43,81538,ANY
2023-01-12 15:11:00,0.4311,0.44,0.4299,0.4362,69296,ANY
2023-01-12 15:12:00,0.44,0.44,0.4303,0.4351,26661,ANY
2023-01-12 15:13:00,0.4338,0.44,0.4303,0.4375,18753,ANY
2023-01-12 15:14:00,0.4371,0.44,0.437,0.4385,26453,ANY
2023-01-12 15:15:00,0.437,0.4438,0.437,0.4379,47589,ANY
2023-01-12 15:16:00,0.44,0.4427,0.44,0.4401,13150,ANY
2023-01-12 15:17:00,0.4301,0.44,0.42,0.44,20987,ANY
2023-01-12 15:18:00,0.4259,0.4403,0.4259,0.4403,11249,ANY
2023-01-12 15:19:00,0.4321,0.4399,0.43,0.4399,9513,ANY
2023-01-12 15:20:00,0.4301,0.44,0.4301,0.4301,14442,ANY
2023-01-12 15:21:00,0.4365,0.4365,0.4333,0.4365,5171,ANY
2023-01-12 15:22:00,0.4303,0.4332,0.4275,0.4275,9239,ANY
2023-01-12 15:23:00,0.4348,0.4349,0.4249,0.43,80833,ANY
2023-01-12 15:24:00,0.4299,0.4299,0.4227,0.425,5951,ANY
2023-01-12 15:25:00,0.42,0.43,0.42,0.4221,33625,ANY
2023-01-12 15:26:00,0.4221,0.4283,0.4202,0.4202,5865,ANY
2023-01-12 15:27:00,0.4215,0.4215,0.4215,0.4215,200,ANY
2023-01-12 15:28:00,0.4202,0.43,0.4202,0.4282,16044,ANY
2023-01-12 15:29:00,0.4201,0.4283,0.4201,0.4283,8690,ANY
2023-01-12 15:30:00,0.4283,0.4283,0.4201,0.4242,2459,ANY
2023-01-12 15:31:00,0.4202,0.4283,0.4202,0.4282,8710,ANY
2023-01-12 15:32:00,0.4283,0.4283,0.42,0.4201,20388,ANY
2023-01-12 15:33:00,0.4111,0.4281,0.4111,0.4281,18869,ANY
2023-01-12 15:34:00,0.4217,0.4267,0.4217,0.4267,1176,ANY
2023-01-12 15:35:00,0.42,0.4217,0.3979,0.408,123644,ANY
2023-01-12 15:36:00,0.4153,0.42,0.4074,0.42,19613,ANY
2023-01-12 15:37:00,0.417,0.417,0.417,0.417,100,ANY
2023-01-12 15:38:00,0.419,0.42,0.4105,0.4199,6772,ANY
2023-01-12 15:39:00,0.4153,0.4199,0.4151,0.4175,7491,ANY
2023-01-12 15:41:00,0.4151,0.4151,0.4151,0.4151,986,ANY
2023-01-12 15:42:00,0.415,0.4182,0.415,0.4182,9570,ANY
2023-01-12 15:43:00,0.4181,0.4181,0.4173,0.4173,3939,ANY
2023-01-12 15:44:00,0.4171,0.42,0.4171,0.4188,3629,ANY
2023-01-12 15:45:00,0.4199,0.42,0.4198,0.42,6734,ANY
2023-01-12 15:46:00,0.42,0.42,0.41,0.42,25107,ANY
2023-01-12 15:47:00,0.42,0.42,0.41,0.41,13473,ANY
2023-01-12 15:48:00,0.4199,0.4199,0.4101,0.4101,10361,ANY
2023-01-12 15:49:00,0.414,0.414,0.4101,0.4111,2215,ANY
2023-01-12 15:50:00,0.41,0.4167,0.41,0.41,17766,ANY
2023-01-12 15:51:00,0.41,0.415,0.41,0.4125,13779,ANY
2023-01-12 15:52:00,0.4107,0.415,0.41,0.415,3054,ANY
2023-01-12 15:53:00,0.4125,0.4138,0.4125,0.4127,8689,ANY
2023-01-12 15:54:00,0.4126,0.4198,0.4126,0.4174,20046,ANY
2023-01-12 15:55:00,0.4197,0.4198,0.4174,0.4174,3134,ANY
2023-01-12 15:56:00,0.4174,0.42,0.4101,0.4199,35312,ANY
2023-01-12 15:57:00,0.4155,0.43,0.4155,0.4215,32059,ANY
2023-01-12 15:58:00,0.4215,0.43,0.4215,0.43,7509,ANY
2023-01-12 15:59:00,0.43,0.43,0.425,0.4275,28486,ANY
2023-01-12 16:00:00,0.4275,0.43,0.425,0.43,37408,ANY
2023-01-12 16:01:00,0.4101,0.4101,0.4101,0.4101,108,ANY
2023-01-12 16:05:00,0.42,0.42,0.42,0.42,200,ANY
2023-01-12 16:06:00,0.4372,0.4372,0.4372,0.4372,510,ANY
2023-01-12 16:09:00,0.425,0.425,0.42,0.42,16500,ANY
2023-01-12 16:10:00,0.43,0.438,0.43,0.438,1000,ANY
2023-01-12 16:11:00,0.42,0.42,0.42,0.42,1444,ANY
2023-01-12 16:14:00,0.425,0.425,0.425,0.425,250,ANY
2023-01-12 16:15:00,0.439,0.439,0.439,0.439,119,ANY
2023-01-12 16:16:00,0.44,0.44,0.439,0.44,463,ANY
2023-01-12 16:17:00,0.44,0.44,0.42,0.42,10006,ANY
2023-01-12 16:20:00,0.421,0.421,0.421,0.421,5000,ANY
2023-01-12 16:23:00,0.4355,0.4355,0.4355,0.4355,283,ANY
2023-01-12 16:25:00,0.4339,0.4362,0.4339,0.4355,1302,ANY
2023-01-12 16:27:00,0.425,0.425,0.42,0.42,1048,ANY
2023-01-12 16:31:00,0.4354,0.4354,0.4354,0.4354,1000,ANY
2023-01-12 16:39:00,0.421,0.421,0.42,0.42,4009,ANY
2023-01-12 16:40:00,0.42,0.42,0.42,0.42,4000,ANY
2023-01-12 16:41:00,0.4354,0.4354,0.4354,0.4354,250,ANY
2023-01-12 16:42:00,0.4201,0.4201,0.4201,0.4201,105,ANY
2023-01-12 16:43:00,0.42,0.42,0.42,0.42,1000,ANY
2023-01-12 16:44:00,0.42,0.42,0.42,0.42,1202,ANY
2023-01-12 16:46:00,0.4354,0.4354,0.4354,0.4354,2400,ANY
2023-01-12 16:47:00,0.4354,0.4354,0.4354,0.4354,121,ANY
2023-01-12 16:49:00,0.4239,0.4239,0.42,0.42,1700,ANY
2023-01-12 16:50:00,0.4239,0.4239,0.4239,0.4239,300,ANY
2023-01-12 16:54:00,0.42,0.42,0.42,0.42,1098,ANY
2023-01-12 16:58:00,0.4353,0.4353,0.4353,0.4353,120,ANY
2023-01-12 16:59:00,0.4353,0.4353,0.4353,0.4353,100,ANY
2023-01-12 17:08:00,0.42,0.42,0.42,0.42,500,ANY
2023-01-12 17:09:00,0.42,0.42,0.42,0.42,1058,ANY
2023-01-12 17:12:00,0.4201,0.4201,0.42,0.42,5707,ANY
2023-01-12 17:13:00,0.42,0.42,0.4103,0.4103,4002,ANY
2023-01-12 17:19:00,0.42,0.42,0.42,0.42,1713,ANY
2023-01-12 17:34:00,0.4102,0.4102,0.4102,0.4102,600,ANY
2023-01-12 17:39:00,0.4102,0.4103,0.4102,0.4103,320,ANY
2023-01-12 17:42:00,0.416,0.416,0.416,0.416,700,ANY
2023-01-12 17:43:00,0.4159,0.4159,0.4159,0.4159,208,ANY
2023-01-12 17:47:00,0.4102,0.4102,0.4102,0.4102,750,ANY
2023-01-12 17:49:00,0.416,0.416,0.416,0.416,254,ANY
2023-01-12 17:53:00,0.4158,0.4159,0.4158,0.4159,280,ANY
2023-01-12 17:54:00,0.4159,0.4159,0.4159,0.4159,3700,ANY
2023-01-12 17:59:00,0.4159,0.4159,0.4159,0.4159,2000,ANY
2023-01-12 18:03:00,0.4159,0.4159,0.4159,0.4159,100,ANY
2023-01-12 18:10:00,0.4101,0.4158,0.4101,0.4158,292,ANY
2023-01-12 18:14:00,0.4159,0.4159,0.4159,0.4159,1200,ANY
2023-01-12 18:29:00,0.4101,0.4101,0.4101,0.4101,20000,ANY
2023-01-12 18:33:00,0.4101,0.4101,0.4101,0.4101,7564,ANY
2023-01-12 18:38:00,0.4101,0.4101,0.4101,0.4101,1500,ANY
2023-01-12 18:42:00,0.4159,0.4159,0.4159,0.4159,2500,ANY
2023-01-12 18:49:00,0.4101,0.4101,0.4101,0.4101,100,ANY
2023-01-12 18:57:00,0.411,0.411,0.411,0.411,5140,ANY
2023-01-12 18:58:00,0.4102,0.4102,0.4101,0.4101,3445,ANY
2023-01-12 19:10:00,0.405,0.405,0.405,0.405,300,ANY
2023-01-12 19:11:00,0.405,0.405,0.4049,0.4049,200,ANY
2023-01-12 19:13:00,0.405,0.425,0.4049,0.425,14575,ANY
2023-01-12 19:23:00,0.425,0.425,0.425,0.425,6393,ANY
2023-01-12 19:27:00,0.425,0.425,0.425,0.425,24907,ANY
2023-01-12 19:38:00,0.436,0.436,0.436,0.436,250,ANY
2023-01-12 19:42:00,0.4228,0.4228,0.4228,0.4228,200,ANY
2023-01-12 19:44:00,0.42,0.42,0.42,0.42,100,ANY
2023-01-12 19:50:00,0.4207,0.4207,0.4207,0.4207,100,ANY
2023-01-12 19:52:00,0.43,0.43,0.43,0.43,125,ANY
2023-01-12 20:00:00,0.425,0.4388,0.425,0.43,600,ANY
2023-01-13 04:03:00,0.425,0.425,0.425,0.425,300,ANY
2023-01-13 04:11:00,0.425,0.43,0.425,0.43,405,ANY
2023-01-13 04:15:00,0.43,0.43,0.43,0.43,323,ANY
2023-01-13 05:23:00,0.43,0.43,0.43,0.43,181,ANY
2023-01-13 05:54:00,0.428,0.428,0.428,0.428,3000,ANY
2023-01-13 05:58:00,0.4262,0.4262,0.425,0.425,2150,ANY
2023-01-13 06:30:00,0.425,0.425,0.425,0.425,2000,ANY
2023-01-13 06:33:00,0.425,0.425,0.425,0.425,252,ANY
2023-01-13 06:34:00,0.4175,0.4175,0.4175,0.4175,100,ANY
2023-01-13 07:02:00,0.425,0.425,0.425,0.425,140,ANY
2023-01-13 07:12:00,0.41,0.41,0.41,0.41,750,ANY
2023-01-13 07:17:00,0.4088,0.4088,0.4088,0.4088,280,ANY
2023-01-13 07:19:00,0.41,0.41,0.41,0.41,275,ANY
2023-01-13 07:30:00,0.41,0.41,0.41,0.41,1000,ANY
2023-01-13 07:31:00,0.41,0.41,0.41,0.41,860,ANY
2023-01-13 08:01:00,0.425,0.44,0.4088,0.41,33187,ANY
2023-01-13 08:11:00,0.4286,0.4286,0.4286,0.4286,100,ANY
2023-01-13 08:16:00,0.41,0.41,0.41,0.41,100,ANY
2023-01-13 08:17:00,0.4089,0.4089,0.4088,0.4088,400,ANY
2023-01-13 08:19:00,0.41,0.41,0.409,0.409,2444,ANY
2023-01-13 08:21:00,0.409,0.41,0.409,0.4099,2756,ANY
2023-01-13 08:31:00,0.42,0.42,0.42,0.42,2000,ANY
2023-01-13 08:35:00,0.41,0.41,0.41,0.41,1500,ANY
2023-01-13 08:40:00,0.41,0.42,0.41,0.42,2726,ANY
2023-01-13 08:41:00,0.41,0.41,0.41,0.41,2000,ANY
2023-01-13 08:43:00,0.41,0.41,0.41,0.41,1500,ANY
2023-01-13 08:45:00,0.42,0.42,0.41,0.41,900,ANY
2023-01-13 08:47:00,0.418,0.418,0.4179,0.4179,500,ANY
2023-01-13 08:48:00,0.4179,0.4179,0.4179,0.4179,200,ANY
2023-01-13 08:57:00,0.41,0.41,0.41,0.41,1860,ANY
2023-01-13 09:04:00,0.409,0.409,0.4088,0.4088,3193,ANY
2023-01-13 09:05:00,0.4088,0.4088,0.4088,0.4088,200,ANY
2023-01-13 09:06:00,0.4088,0.4088,0.4088,0.4088,300,ANY
2023-01-13 09:07:00,0.4088,0.4088,0.4088,0.4088,356,ANY
2023-01-13 09:09:00,0.4,0.408,0.4,0.4,1000,ANY
2023-01-13 09:10:00,0.4,0.4,0.4,0.4,1000,ANY
2023-01-13 09:11:00,0.4088,0.41,0.397,0.397,5100,ANY
2023-01-13 09:13:00,0.3971,0.3971,0.39,0.397,1500,ANY
2023-01-13 09:16:00,0.4,0.4,0.39,0.39,1103,ANY
2023-01-13 09:17:00,0.4,0.4,0.4,0.4,111,ANY
2023-01-13 09:19:00,0.3901,0.4,0.3901,0.4,3000,ANY
2023-01-13 09:20:00,0.4,0.4,0.4,0.4,850,ANY
2023-01-13 09:21:00,0.41,0.41,0.41,0.41,300,ANY
2023-01-13 09:24:00,0.403,0.403,0.403,0.403,100,ANY
2023-01-13 09:25:00,0.4,0.4,0.4,0.4,273,ANY
2023-01-13 09:26:00,0.4,0.4,0.4,0.4,500,ANY
2023-01-13 09:29:00,0.403,0.403,0.403,0.403,829,ANY
2023-01-13 09:31:00,0.41,0.41,0.4,0.4,58975,ANY
2023-01-13 09:32:00,0.4,0.4,0.4,0.4,100,ANY
2023-01-13 09:33:00,0.4179,0.42,0.415,0.415,4390,ANY
2023-01-13 09:34:00,0.4199,0.4199,0.4,0.4023,135523,ANY
2023-01-13 09:35:00,0.4001,0.41,0.4001,0.41,17540,ANY
2023-01-13 09:36:00,0.4001,0.42,0.4,0.4,4507,ANY
2023-01-13 09:37:00,0.4183,0.4189,0.415,0.415,11039,ANY
2023-01-13 09:38:00,0.4199,0.42,0.4195,0.42,14541,ANY
2023-01-13 09:39:00,0.4199,0.4389,0.4199,0.4389,68411,ANY
2023-01-13 09:40:00,0.43,0.43,0.42,0.4201,10681,ANY
2023-01-13 09:41:00,0.4201,0.4397,0.4201,0.4299,22454,ANY
2023-01-13 09:42:00,0.4371,0.4371,0.43,0.4346,2220,ANY
2023-01-13 09:43:00,0.4371,0.448,0.4371,0.4469,54255,ANY
2023-01-13 09:44:00,0.4437,0.4498,0.431,0.431,19237,ANY
2023-01-13 09:45:00,0.431,0.4311,0.42,0.4295,31690,ANY
2023-01-13 09:46:00,0.434,0.4395,0.425,0.4395,11272,ANY
2023-01-13 09:47:00,0.43,0.4338,0.43,0.4338,21660,ANY
2023-01-13 09:48:00,0.4394,0.4495,0.4347,0.4422,42298,ANY
2023-01-13 09:49:00,0.4495,0.4499,0.44,0.4499,54094,ANY
2023-01-13 09:50:00,0.4401,0.4554,0.44,0.4496,56382,ANY
2023-01-13 09:51:00,0.4558,0.4559,0.4496,0.4496,93222,ANY
2023-01-13 09:52:00,0.45,0.468,0.448,0.46,85008,ANY
2023-01-13 09:53:00,0.46,0.47,0.46,0.4698,48254,ANY
2023-01-13 09:54:00,0.461,0.4697,0.4601,0.4611,9355,ANY
2023-01-13 09:55:00,0.4646,0.47,0.461,0.4675,39669,ANY
2023-01-13 09:56:00,0.4675,0.4699,0.465,0.465,17934,ANY
2023-01-13 09:57:00,0.465,0.4695,0.46,0.4695,68928,ANY
2023-01-13 09:58:00,0.465,0.4695,0.46,0.466,74127,ANY
2023-01-13 09:59:00,0.4659,0.466,0.46,0.4648,21201,ANY
2023-01-13 10:00:00,0.4648,0.4649,0.46,0.4649,26326,ANY
2023-01-13 10:01:00,0.4612,0.4648,0.46,0.4601,62040,ANY
2023-01-13 10:02:00,0.4624,0.465,0.46,0.4601,14246,ANY
2023-01-13 10:03:00,0.4624,0.4647,0.4624,0.4647,992,ANY
2023-01-13 10:04:00,0.46,0.46,0.45,0.46,39838,ANY
2023-01-13 10:05:00,0.4574,0.4647,0.4536,0.4574,2528,ANY
2023-01-13 10:06:00,0.4537,0.4599,0.4537,0.4599,5069,ANY
2023-01-13 10:07:00,0.4598,0.4598,0.4586,0.4586,1273,ANY
2023-01-13 10:08:00,0.4599,0.4599,0.4501,0.4556,12446,ANY
2023-01-13 10:09:00,0.4567,0.4567,0.4501,0.4567,35760,ANY
2023-01-13 10:10:00,0.456,0.4566,0.456,0.4565,26110,ANY
2023-01-13 10:11:00,0.4566,0.4566,0.4566,0.4566,642,ANY
2023-01-13 10:12:00,0.4599,0.46,0.4599,0.46,743,ANY
2023-01-13 10:13:00,0.4599,0.46,0.4566,0.46,12547,ANY
2023-01-13 10:14:00,0.4625,0.4649,0.456,0.4561,9617,ANY
2023-01-13 10:15:00,0.4648,0.4648,0.4612,0.4612,1118,ANY
2023-01-13 10:16:00,0.46,0.4636,0.46,0.4634,15406,ANY
2023-01-13 10:17:00,0.4631,0.4632,0.463,0.4632,6205,ANY
2023-01-13 10:18:00,0.4631,0.4631,0.4602,0.4631,780,ANY
2023-01-13 10:19:00,0.4632,0.4632,0.463,0.4632,8790,ANY
2023-01-13 10:20:00,0.4632,0.4632,0.463,0.4632,15148,ANY
2023-01-13 10:21:00,0.4632,0.4632,0.46,0.46,13178,ANY
2023-01-13 10:22:00,0.4616,0.463,0.46,0.463,6065,ANY
2023-01-13 10:23:00,0.4601,0.463,0.44,0.4517,103859,ANY
2023-01-13 10:24:00,0.4536,0.4536,0.4442,0.4498,11532,ANY
2023-01-13 10:25:00,0.4432,0.4622,0.4432,0.45,7749,ANY
2023-01-13 10:26:00,0.4598,0.4599,0.45,0.4599,11713,ANY
2023-01-13 10:27:00,0.4562,0.4599,0.4562,0.4575,1407,ANY
2023-01-13 10:28:00,0.4598,0.4599,0.4598,0.4599,1731,ANY
2023-01-13 10:29:00,0.459,0.4599,0.4575,0.4582,3747,ANY
2023-01-13 10:30:00,0.4551,0.459,0.4551,0.457,13431,ANY
2023-01-13 10:31:00,0.4589,0.459,0.4582,0.459,8929,ANY
2023-01-13 10:32:00,0.4589,0.459,0.45,0.45,37130,ANY
2023-01-13 10:33:00,0.4501,0.4549,0.444,0.444,47304,ANY
2023-01-13 10:34:00,0.4474,0.4499,0.445,0.4474,51028,ANY
2023-01-13 10:35:00,0.445,0.4456,0.436,0.436,74420,ANY
2023-01-13 10:36:00,0.4371,0.44,0.436,0.44,36632,ANY
2023-01-13 10:37:00,0.444,0.445,0.4436,0.445,3998,ANY
2023-01-13 10:38:00,0.4398,0.45,0.4398,0.4499,134044,ANY
2023-01-13 10:39:00,0.45,0.45,0.447,0.447,13556,ANY
2023-01-13 10:40:00,0.4525,0.455,0.45,0.45,1526,ANY
2023-01-13 10:41:00,0.455,0.4631,0.4501,0.4631,31113,ANY
2023-01-13 10:42:00,0.463,0.4631,0.463,0.4631,402,ANY
2023-01-13 10:43:00,0.459,0.463,0.459,0.4629,6621,ANY
2023-01-13 10:44:00,0.4628,0.4629,0.4555,0.46,26686,ANY
2023-01-13 10:45:00,0.4577,0.4614,0.4502,0.46,15337,ANY
2023-01-13 10:46:00,0.4594,0.46,0.4501,0.4551,1450,ANY
2023-01-13 10:47:00,0.4513,0.4599,0.4513,0.4599,1780,ANY
2023-01-13 10:48:00,0.4599,0.4599,0.4599,0.4599,5710,ANY
2023-01-13 10:49:00,0.4618,0.463,0.4599,0.4599,9951,ANY
2023-01-13 10:50:00,0.4598,0.465,0.4598,0.465,60960,ANY
2023-01-13 10:51:00,0.467,0.469,0.4651,0.469,2797,ANY
2023-01-13 10:52:00,0.4689,0.4689,0.4662,0.4677,10931,ANY
2023-01-13 10:53:00,0.4552,0.4689,0.4552,0.4689,18503,ANY
2023-01-13 10:54:00,0.4689,0.469,0.4688,0.4688,14237,ANY
2023-01-13 10:55:00,0.4688,0.4689,0.4644,0.4688,21245,ANY
2023-01-13 10:56:00,0.4689,0.4709,0.4688,0.4699,21980,ANY
2023-01-13 10:57:00,0.47,0.4789,0.47,0.4788,63134,ANY
2023-01-13 10:58:00,0.4777,0.496,0.472,0.4959,98781,ANY
2023-01-13 10:59:00,0.4932,0.4979,0.4919,0.4979,33686,ANY
2023-01-13 11:00:00,0.4978,0.4979,0.47,0.4838,65851,ANY
2023-01-13 11:01:00,0.48,0.485,0.48,0.4801,22505,ANY
2023-01-13 11:02:00,0.4804,0.4979,0.48,0.4931,18414,ANY
2023-01-13 11:03:00,0.4831,0.4932,0.4831,0.4927,18178,ANY
2023-01-13 11:04:00,0.4919,0.499,0.4907,0.4945,22327,ANY
2023-01-13 11:05:00,0.4989,0.5,0.4901,0.4912,64174,ANY
2023-01-13 11:06:00,0.4955,0.5,0.4919,0.4979,26488,ANY
2023-01-13 11:07:00,0.4979,0.4999,0.4979,0.4997,40333,ANY
2023-01-13 11:08:00,0.4994,0.4994,0.4846,0.49,16680,ANY
2023-01-13 11:09:00,0.4831,0.4865,0.48,0.4801,31998,ANY
2023-01-13 11:10:00,0.4813,0.4826,0.48,0.4826,24986,ANY
2023-01-13 11:11:00,0.4826,0.4826,0.48,0.4814,625,ANY
2023-01-13 11:12:00,0.48,0.482,0.47,0.4725,25544,ANY
2023-01-13 11:13:00,0.47,0.4749,0.47,0.47,13750,ANY
2023-01-13 11:14:00,0.47,0.475,0.4603,0.4603,55019,ANY
2023-01-13 11:15:00,0.4699,0.48,0.4625,0.48,56555,ANY
2023-01-13 11:16:00,0.48,0.4801,0.4699,0.4777,14316,ANY
2023-01-13 11:17:00,0.4618,0.4699,0.4604,0.4688,8039,ANY
2023-01-13 11:18:00,0.4686,0.4686,0.451,0.451,58084,ANY
2023-01-13 11:19:00,0.4512,0.46,0.4512,0.4599,12215,ANY
2023-01-13 11:21:00,0.4515,0.46,0.4515,0.4527,9184,ANY
2023-01-13 11:22:00,0.46,0.46,0.4516,0.46,22726,ANY
2023-01-13 11:23:00,0.46,0.46,0.4517,0.455,1556,ANY
2023-01-13 11:24:00,0.46,0.46,0.455,0.4575,11992,ANY
2023-01-13 11:25:00,0.4551,0.4719,0.4551,0.4719,14240,ANY
2023-01-13 11:26:00,0.4797,0.4797,0.477,0.4782,6157,ANY
2023-01-13 11:27:00,0.4701,0.4782,0.4701,0.4782,2440,ANY
2023-01-13 11:28:00,0.4782,0.4782,0.475,0.475,15263,ANY
2023-01-13 11:29:00,0.478,0.478,0.475,0.475,5103,ANY
2023-01-13 11:30:00,0.4752,0.4781,0.4752,0.4752,5188,ANY
2023-01-13 11:31:00,0.4781,0.4781,0.46,0.46,9866,ANY
2023-01-13 11:32:00,0.4638,0.4638,0.46,0.46,1946,ANY
2023-01-13 11:33:00,0.4697,0.4697,0.46,0.46,21952,ANY
2023-01-13 11:34:00,0.4582,0.4582,0.44,0.44,88175,ANY
2023-01-13 11:35:00,0.44,0.44,0.436,0.44,33160,ANY
2023-01-13 11:36:00,0.44,0.4492,0.44,0.4492,3210,ANY
2023-01-13 11:37:00,0.449,0.449,0.449,0.449,100,ANY
2023-01-13 11:38:00,0.4452,0.4452,0.436,0.438,11953,ANY
2023-01-13 11:39:00,0.436,0.436,0.4298,0.4359,59330,ANY
2023-01-13 11:40:00,0.4358,0.4358,0.42,0.425,48803,ANY
2023-01-13 11:41:00,0.4298,0.4427,0.4251,0.4401,39511,ANY
2023-01-13 11:42:00,0.44,0.4499,0.435,0.436,13693,ANY
2023-01-13 11:43:00,0.43,0.433,0.43,0.433,13643,ANY
2023-01-13 11:44:00,0.4301,0.436,0.4301,0.436,14536,ANY
2023-01-13 11:45:00,0.4399,0.44,0.436,0.436,1836,ANY
2023-01-13 11:47:00,0.436,0.44,0.43,0.43,8710,ANY
2023-01-13 11:48:00,0.43,0.4399,0.43,0.43,1713,ANY
2023-01-13 11:49:00,0.43,0.4398,0.43,0.43,2218,ANY
2023-01-13 11:50:00,0.43,0.43,0.43,0.43,2411,ANY
2023-01-13 11:51:00,0.43,0.435,0.43,0.43,46935,ANY
2023-01-13 11:52:00,0.4316,0.432,0.4316,0.432,8101,ANY
2023-01-13 11:53:00,0.4283,0.4283,0.4265,0.4265,610,ANY
2023-01-13 11:54:00,0.4265,0.4265,0.426,0.426,5463,ANY
2023-01-13 11:55:00,0.4201,0.421,0.4201,0.4202,3265,ANY
2023-01-13 11:56:00,0.4201,0.43,0.4201,0.43,3300,ANY
2023-01-13 11:57:00,0.4254,0.4254,0.425,0.425,1575,ANY
2023-01-13 11:58:00,0.4231,0.4254,0.4231,0.4254,1100,ANY
2023-01-13 11:59:00,0.4231,0.4231,0.4207,0.4231,1861,ANY
2023-01-13 12:00:00,0.4255,0.4255,0.4238,0.4255,2500,ANY
2023-01-13 12:01:00,0.4238,0.4289,0.4238,0.425,19419,ANY
2023-01-13 12:02:00,0.4299,0.43,0.425,0.43,7003,ANY
2023-01-13 12:03:00,0.44,0.44,0.44,0.44,100,ANY
2023-01-13 12:04:00,0.4399,0.44,0.4399,0.44,1995,ANY
2023-01-13 12:05:00,0.44,0.4499,0.44,0.4499,19840,ANY
2023-01-13 12:06:00,0.4492,0.4499,0.4301,0.4301,8800,ANY
2023-01-13 12:07:00,0.44,0.44,0.4399,0.4399,3100,ANY
2023-01-13 12:09:00,0.4347,0.4347,0.43,0.43,420,ANY
2023-01-13 12:11:00,0.43,0.4347,0.43,0.43,7833,ANY
2023-01-13 12:12:00,0.4347,0.4347,0.422,0.4221,11000,ANY
2023-01-13 12:13:00,0.422,0.422,0.422,0.422,130,ANY
2023-01-13 12:14:00,0.4279,0.4297,0.4278,0.4278,2300,ANY
2023-01-13 12:15:00,0.426,0.4261,0.422,0.422,21696,ANY
2023-01-13 12:16:00,0.4296,0.4296,0.4296,0.4296,522,ANY
2023-01-13 12:18:00,0.4249,0.425,0.424,0.425,5126,ANY
2023-01-13 12:19:00,0.444,0.444,0.4377,0.4377,482,ANY
2023-01-13 12:21:00,0.4277,0.4277,0.418,0.418,35145,ANY
2023-01-13 12:23:00,0.4492,0.4492,0.4492,0.4492,2050,ANY
2023-01-13 12:24:00,0.4493,0.4494,0.4493,0.4493,12484,ANY
2023-01-13 12:25:00,0.4392,0.4424,0.4392,0.4424,4248,ANY
2023-01-13 12:26:00,0.442,0.442,0.442,0.442,5271,ANY
2023-01-13 12:27:00,0.442,0.4445,0.442,0.4445,6151,ANY
2023-01-13 12:28:00,0.442,0.4421,0.43,0.442,6770,ANY
2023-01-13 12:29:00,0.4399,0.4399,0.4345,0.4345,2000,ANY
2023-01-13 12:31:00,0.4399,0.4399,0.4311,0.4361,17780,ANY
2023-01-13 12:32:00,0.437,0.4399,0.437,0.4389,10090,ANY
2023-01-13 12:33:00,0.4398,0.4399,0.4395,0.4395,428,ANY
2023-01-13 12:34:00,0.4399,0.4399,0.4395,0.4399,4970,ANY
2023-01-13 12:35:00,0.4415,0.442,0.4415,0.4419,1900,ANY
2023-01-13 12:36:00,0.442,0.4424,0.442,0.4424,7902,ANY
2023-01-13 12:37:00,0.4421,0.4421,0.4418,0.4418,4431,ANY
2023-01-13 12:38:00,0.4418,0.4418,0.4377,0.4377,7175,ANY
2023-01-13 12:39:00,0.4356,0.4379,0.4356,0.4373,12305,ANY
2023-01-13 12:40:00,0.4379,0.4673,0.4376,0.4623,28645,ANY
2023-01-13 12:41:00,0.46,0.4613,0.4541,0.4541,49600,ANY
2023-01-13 12:42:00,0.4432,0.4432,0.4365,0.4365,442,ANY
2023-01-13 12:43:00,0.4499,0.4499,0.4499,0.4499,1010,ANY
2023-01-13 12:45:00,0.441,0.441,0.4365,0.4365,750,ANY
2023-01-13 12:47:00,0.4392,0.4497,0.4392,0.4497,338,ANY
2023-01-13 12:48:00,0.4365,0.4366,0.4365,0.4365,716,ANY
2023-01-13 12:51:00,0.4355,0.4355,0.431,0.431,600,ANY
2023-01-13 12:52:00,0.431,0.431,0.431,0.431,5028,ANY
2023-01-13 12:53:00,0.44,0.44,0.44,0.44,525,ANY
2023-01-13 12:54:00,0.44,0.44,0.4315,0.4329,8606,ANY
2023-01-13 12:56:00,0.4315,0.45,0.4315,0.45,12400,ANY
2023-01-13 12:57:00,0.45,0.45,0.45,0.45,331,ANY
2023-01-13 12:58:00,0.4315,0.4499,0.4315,0.44,1500,ANY
2023-01-13 12:59:00,0.44,0.44,0.44,0.44,2200,ANY
2023-01-13 13:00:00,0.445,0.445,0.445,0.445,160,ANY
2023-01-13 13:01:00,0.44,0.44,0.43,0.43,4125,ANY
2023-01-13 13:02:00,0.4399,0.4399,0.4398,0.4398,17099,ANY
2023-01-13 13:03:00,0.4399,0.44,0.4399,0.44,400,ANY
2023-01-13 13:08:00,0.44,0.4499,0.44,0.44,5600,ANY
2023-01-13 13:09:00,0.44,0.4499,0.44,0.44,325,ANY
2023-01-13 13:10:00,0.44,0.44,0.43,0.43,65393,ANY
2023-01-13 13:11:00,0.4389,0.4389,0.4389,0.4389,400,ANY
2023-01-13 13:12:00,0.4486,0.4486,0.4461,0.4461,200,ANY
2023-01-13 13:13:00,0.4461,0.4461,0.4461,0.4461,300,ANY
2023-01-13 13:16:00,0.43,0.43,0.43,0.43,700,ANY
2023-01-13 13:18:00,0.438,0.438,0.438,0.438,195,ANY
2023-01-13 13:19:00,0.43,0.43,0.43,0.43,900,ANY
2023-01-13 13:20:00,0.4301,0.431,0.4301,0.431,4300,ANY
2023-01-13 13:21:00,0.4435,0.4435,0.431,0.4311,300,ANY
2023-01-13 13:22:00,0.4316,0.4326,0.4314,0.4316,4200,ANY
2023-01-13 13:23:00,0.4316,0.4459,0.4316,0.44,4500,ANY
2023-01-13 13:24:00,0.44,0.44,0.43,0.43,1505,ANY
2023-01-13 13:26:00,0.43,0.43,0.43,0.43,211,ANY
2023-01-13 13:27:00,0.438,0.438,0.438,0.438,100,ANY
2023-01-13 13:28:00,0.4379,0.4379,0.436,0.436,672,ANY
2023-01-13 13:29:00,0.4379,0.4379,0.4379,0.4379,162,ANY
2023-01-13 13:31:00,0.43,0.43,0.43,0.43,516,ANY
2023-01-13 13:34:00,0.434,0.4344,0.43,0.4338,10448,ANY
2023-01-13 13:36:00,0.4343,0.4343,0.4343,0.4343,332,ANY
2023-01-13 13:37:00,0.4349,0.4349,0.4349,0.4349,3600,ANY
2023-01-13 13:38:00,0.4348,0.4349,0.43,0.4348,17748,ANY
2023-01-13 13:39:00,0.4348,0.4348,0.4348,0.4348,100,ANY
2023-01-13 13:40:00,0.4349,0.4349,0.4348,0.4349,2148,ANY
2023-01-13 13:41:00,0.4348,0.4348,0.4348,0.4348,103,ANY
2023-01-13 13:43:00,0.4349,0.4349,0.43,0.4325,1500,ANY
2023-01-13 13:44:00,0.4348,0.4348,0.4348,0.4348,101,ANY
2023-01-13 13:45:00,0.4325,0.4325,0.4325,0.4325,200,ANY
2023-01-13 13:46:00,0.4325,0.4348,0.43,0.43,1500,ANY
2023-01-13 13:47:00,0.4325,0.4325,0.4325,0.4325,240,ANY
2023-01-13 13:48:00,0.43,0.43,0.43,0.43,2015,ANY
2023-01-13 13:49:00,0.4301,0.4325,0.4265,0.4265,10555,ANY
2023-01-13 13:50:00,0.4299,0.4299,0.4299,0.4299,200,ANY
2023-01-13 13:51:00,0.4348,0.4348,0.43,0.43,3501,ANY
2023-01-13 13:53:00,0.43,0.4349,0.425,0.4349,3124,ANY
2023-01-13 13:54:00,0.4348,0.4348,0.4348,0.4348,100,ANY
2023-01-13 13:55:00,0.4304,0.4349,0.4304,0.4304,440,ANY
2023-01-13 13:56:00,0.4305,0.4349,0.4305,0.4349,400,ANY
2023-01-13 13:57:00,0.4305,0.4305,0.4305,0.4305,3100,ANY
2023-01-13 13:58:00,0.4318,0.433,0.4305,0.4305,1840,ANY
2023-01-13 13:59:00,0.433,0.433,0.4328,0.4328,1600,ANY
2023-01-13 14:00:00,0.4329,0.4329,0.4329,0.4329,800,ANY
2023-01-13 14:01:00,0.4329,0.4329,0.4329,0.4329,150,ANY
2023-01-13 14:02:00,0.433,0.433,0.4329,0.4329,900,ANY
2023-01-13 14:03:00,0.433,0.433,0.4329,0.4329,668,ANY
2023-01-13 14:04:00,0.4329,0.4329,0.4329,0.4329,500,ANY
2023-01-13 14:05:00,0.433,0.433,0.4329,0.4329,1301,ANY
2023-01-13 14:06:00,0.433,0.433,0.433,0.433,685,ANY
2023-01-13 14:07:00,0.4329,0.433,0.4329,0.433,1100,ANY
2023-01-13 14:08:00,0.433,0.433,0.4329,0.433,340,ANY
2023-01-13 14:09:00,0.4329,0.433,0.4329,0.433,794,ANY
2023-01-13 14:10:00,0.4329,0.4329,0.4329,0.4329,700,ANY
2023-01-13 14:11:00,0.4329,0.4329,0.43,0.43,7700,ANY
2023-01-13 14:12:00,0.43,0.43,0.43,0.43,1348,ANY
2023-01-13 14:14:00,0.43,0.4315,0.4267,0.4279,3379,ANY
2023-01-13 14:15:00,0.4277,0.4277,0.4251,0.4251,7783,ANY
2023-01-13 14:16:00,0.4279,0.4279,0.4278,0.4278,1464,ANY
2023-01-13 14:17:00,0.4279,0.4279,0.4279,0.4279,1200,ANY
2023-01-13 14:18:00,0.4278,0.4279,0.4278,0.4279,1420,ANY
2023-01-13 14:19:00,0.4279,0.4279,0.4278,0.4279,1200,ANY
2023-01-13 14:20:00,0.4279,0.4279,0.4278,0.4278,6500,ANY
2023-01-13 14:21:00,0.4278,0.4278,0.4278,0.4278,443,ANY
2023-01-13 14:22:00,0.427,0.427,0.427,0.427,1000,ANY
2023-01-13 14:23:00,0.4278,0.4278,0.4233,0.4242,10371,ANY
2023-01-13 14:24:00,0.4243,0.4275,0.4243,0.4275,99018,ANY
2023-01-13 14:25:00,0.4331,0.4379,0.432,0.4331,5818,ANY
2023-01-13 14:27:00,0.4379,0.4379,0.432,0.4369,400,ANY
2023-01-13 14:29:00,0.4379,0.4379,0.4379,0.4379,1000,ANY
2023-01-13 14:31:00,0.4355,0.4355,0.4355,0.4355,157,ANY
2023-01-13 14:32:00,0.4355,0.4368,0.4355,0.4368,2750,ANY
2023-01-13 14:33:00,0.4368,0.4368,0.4368,0.4368,900,ANY
2023-01-13 14:34:00,0.434,0.4367,0.433,0.433,1575,ANY
2023-01-13 14:38:00,0.4331,0.4331,0.4331,0.4331,245,ANY
2023-01-13 14:39:00,0.4355,0.4396,0.4355,0.4396,26496,ANY
2023-01-13 14:40:00,0.443,0.443,0.4429,0.4429,1200,ANY
2023-01-13 14:43:00,0.4429,0.443,0.4383,0.44,9248,ANY
2023-01-13 14:45:00,0.4307,0.4307,0.4307,0.4307,120,ANY
2023-01-13 14:48:00,0.4374,0.4374,0.4308,0.4308,477,ANY
2023-01-13 14:49:00,0.4308,0.4318,0.4307,0.4307,3107,ANY
2023-01-13 14:50:00,0.4307,0.4307,0.4307,0.4307,125,ANY
2023-01-13 14:51:00,0.4307,0.4307,0.4307,0.4307,762,ANY
2023-01-13 14:52:00,0.4307,0.4307,0.4307,0.4307,406,ANY
2023-01-13 14:54:00,0.4307,0.4439,0.4307,0.4439,5340,ANY
2023-01-13 14:55:00,0.4307,0.4307,0.4307,0.4307,500,ANY
2023-01-13 14:56:00,0.4433,0.4433,0.4307,0.4307,97299,ANY
2023-01-13 14:57:00,0.4312,0.4312,0.4312,0.4312,500,ANY
2023-01-13 14:58:00,0.4376,0.4376,0.4376,0.4376,380,ANY
2023-01-13 14:59:00,0.4312,0.4376,0.4312,0.4376,1299,ANY
2023-01-13 15:00:00,0.4312,0.4312,0.4312,0.4312,606,ANY
2023-01-13 15:01:00,0.4429,0.4429,0.4429,0.4429,264,ANY
2023-01-13 15:02:00,0.444,0.444,0.444,0.444,1043,ANY
2023-01-13 15:03:00,0.4429,0.4429,0.4377,0.4377,1718,ANY
2023-01-13 15:04:00,0.4325,0.4429,0.4325,0.4429,736,ANY
2023-01-13 15:05:00,0.44,0.44,0.44,0.44,340,ANY
2023-01-13 15:06:00,0.4314,0.4314,0.4314,0.4314,600,ANY
2023-01-13 15:08:00,0.4399,0.4399,0.4357,0.4398,1425,ANY
2023-01-13 15:10:00,0.4398,0.4398,0.4314,0.4388,2443,ANY
2023-01-13 15:11:00,0.4314,0.4314,0.4314,0.4314,600,ANY
2023-01-13 15:12:00,0.4314,0.4398,0.4314,0.4388,7000,ANY
2023-01-13 15:13:00,0.4398,0.4399,0.4314,0.4314,3746,ANY
2023-01-13 15:14:00,0.4314,0.4314,0.4314,0.4314,658,ANY
2023-01-13 15:15:00,0.4314,0.4314,0.4314,0.4314,591,ANY
2023-01-13 15:17:00,0.4314,0.4314,0.4314,0.4314,376,ANY
2023-01-13 15:18:00,0.4315,0.45,0.4315,0.4315,17664,ANY
2023-01-13 15:19:00,0.4399,0.4399,0.4324,0.4329,5370,ANY
2023-01-13 15:20:00,0.4333,0.44,0.4333,0.44,745,ANY
2023-01-13 15:23:00,0.4366,0.4392,0.4366,0.4384,6983,ANY
2023-01-13 15:27:00,0.44,0.44,0.44,0.44,2984,ANY
2023-01-13 15:28:00,0.4389,0.4389,0.4368,0.4368,769,ANY
2023-01-13 15:29:00,0.4367,0.4367,0.4367,0.4367,500,ANY
2023-01-13 15:30:00,0.4314,0.4375,0.43,0.4301,24505,ANY
2023-01-13 15:31:00,0.4342,0.4383,0.43,0.4383,10861,ANY
2023-01-13 15:32:00,0.4342,0.4342,0.4301,0.4301,7298,ANY
2023-01-13 15:33:00,0.4339,0.4339,0.4339,0.4339,320,ANY
2023-01-13 15:35:00,0.4339,0.4339,0.4339,0.4339,1905,ANY
2023-01-13 15:36:00,0.433,0.4335,0.4325,0.433,3246,ANY
2023-01-13 15:37:00,0.4302,0.4329,0.4301,0.4301,6100,ANY
2023-01-13 15:38:00,0.4327,0.4327,0.4303,0.4303,1192,ANY
2023-01-13 15:39:00,0.4303,0.4321,0.4303,0.4321,1900,ANY
2023-01-13 15:40:00,0.4325,0.4325,0.4209,0.4298,29810,ANY
2023-01-13 15:41:00,0.4313,0.4327,0.4201,0.4314,19947,ANY
2023-01-13 15:42:00,0.4326,0.4326,0.4297,0.4297,16264,ANY
2023-01-13 15:43:00,0.4314,0.4314,0.4314,0.4314,2000,ANY
2023-01-13 15:44:00,0.4314,0.4327,0.4207,0.4327,4323,ANY
2023-01-13 15:45:00,0.4285,0.4295,0.4226,0.4226,7969,ANY
2023-01-13 15:46:00,0.4291,0.4293,0.4285,0.4291,2137,ANY
2023-01-13 15:47:00,0.4291,0.4291,0.4207,0.4208,2731,ANY
2023-01-13 15:48:00,0.4226,0.426,0.4226,0.426,2100,ANY
2023-01-13 15:49:00,0.4225,0.4293,0.4225,0.4293,15401,ANY
2023-01-13 15:50:00,0.4293,0.4329,0.429,0.4329,24537,ANY
2023-01-13 15:51:00,0.433,0.439,0.4329,0.439,7105,ANY
2023-01-13 15:52:00,0.439,0.439,0.434,0.434,1397,ANY
2023-01-13 15:53:00,0.434,0.4365,0.4207,0.4207,2200,ANY
2023-01-13 15:54:00,0.4285,0.4321,0.4285,0.4321,249,ANY
2023-01-13 15:55:00,0.425,0.4251,0.425,0.4251,3412,ANY
2023-01-13 15:56:00,0.425,0.425,0.425,0.425,2553,ANY
2023-01-13 15:57:00,0.4261,0.4261,0.425,0.425,2275,ANY
2023-01-13 15:58:00,0.4287,0.4287,0.4252,0.4266,54328,ANY
2023-01-13 15:59:00,0.4265,0.4265,0.421,0.421,24707,ANY
2023-01-13 16:00:00,0.42,0.4251,0.42,0.4231,5981,ANY
2023-01-13 16:02:00,0.4462,0.4462,0.4462,0.4462,500,ANY
2023-01-13 16:19:00,0.445,0.445,0.445,0.445,1119,ANY
2023-01-13 16:25:00,0.4251,0.4251,0.4251,0.4251,500,ANY
2023-01-13 16:28:00,0.4251,0.4251,0.4251,0.4251,106,ANY
2023-01-13 16:34:00,0.4493,0.4493,0.4493,0.4493,3750,ANY
2023-01-13 16:39:00,0.44,0.44,0.44,0.44,250,ANY
2023-01-13 16:41:00,0.445,0.4493,0.445,0.4493,7900,ANY
2023-01-13 16:42:00,0.4493,0.4493,0.4493,0.4493,351,ANY
2023-01-13 16:43:00,0.4493,0.4493,0.4493,0.4493,200,ANY
2023-01-13 16:44:00,0.43,0.43,0.43,0.43,500,ANY
2023-01-13 16:46:00,0.44,0.4493,0.44,0.4493,4560,ANY
2023-01-13 16:47:00,0.4493,0.4493,0.4493,0.4493,500,ANY
2023-01-13 16:49:00,0.44,0.44,0.44,0.44,1862,ANY
2023-01-13 16:50:00,0.4355,0.4355,0.4355,0.4355,39000,ANY
2023-01-13 16:51:00,0.44,0.44,0.44,0.44,100,ANY
2023-01-13 16:55:00,0.439,0.439,0.439,0.439,5000,ANY
2023-01-13 17:06:00,0.439,0.439,0.4355,0.4355,264,ANY
2023-01-13 17:13:00,0.439,0.44,0.439,0.44,1108,ANY
2023-01-13 17:14:00,0.4355,0.4355,0.4355,0.4355,500,ANY
2023-01-13 17:16:00,0.44,0.44,0.44,0.44,100,ANY
2023-01-13 17:18:00,0.44,0.44,0.44,0.44,100,ANY
2023-01-13 17:20:00,0.44,0.44,0.44,0.44,301,ANY
2023-01-13 17:26:00,0.4492,0.4492,0.4492,0.4492,1013,ANY
2023-01-13 17:30:00,0.4492,0.4492,0.4492,0.4492,200,ANY
2023-01-13 17:39:00,0.44,0.44,0.44,0.44,425,ANY
2023-01-13 17:41:00,0.4492,0.4492,0.4492,0.4492,2003,ANY
2023-01-13 17:44:00,0.44,0.449,0.44,0.449,4805,ANY
2023-01-13 17:45:00,0.44,0.449,0.44,0.449,280,ANY
2023-01-13 17:50:00,0.4391,0.4391,0.4391,0.4391,1506,ANY
2023-01-13 17:51:00,0.44,0.44,0.44,0.44,500,ANY
2023-01-13 17:55:00,0.449,0.449,0.449,0.449,150,ANY
2023-01-13 18:13:00,0.446,0.446,0.446,0.446,100,ANY
2023-01-13 18:14:00,0.44,0.44,0.44,0.44,2450,ANY
2023-01-13 18:18:00,0.4355,0.4355,0.4355,0.4355,1062,ANY
2023-01-13 18:19:00,0.43,0.43,0.43,0.43,1860,ANY
2023-01-13 18:27:00,0.43,0.43,0.43,0.43,300,ANY
2023-01-13 18:52:00,0.43,0.43,0.43,0.43,160,ANY
2023-01-13 18:53:00,0.43,0.43,0.43,0.43,1000,ANY
2023-01-13 18:56:00,0.4265,0.4265,0.4265,0.4265,250,ANY
2023-01-13 18:59:00,0.43,0.43,0.43,0.43,2128,ANY
2023-01-13 19:03:00,0.449,0.449,0.449,0.449,150,ANY
2023-01-13 19:05:00,0.4496,0.4496,0.4496,0.4496,1350,ANY
2023-01-13 19:08:00,0.4496,0.4496,0.4496,0.4496,200,ANY
2023-01-13 19:15:00,0.435,0.435,0.435,0.435,3034,ANY
2023-01-13 19:19:00,0.4496,0.4496,0.4496,0.4496,200,ANY
2023-01-13 19:24:00,0.4496,0.4496,0.4496,0.4496,100,ANY
2023-01-13 19:25:00,0.4496,0.4496,0.4496,0.4496,398,ANY
2023-01-13 19:26:00,0.45,0.45,0.45,0.45,2007,ANY
2023-01-13 19:27:00,0.45,0.45,0.4499,0.4499,750,ANY
2023-01-13 19:35:00,0.4495,0.4495,0.4495,0.4495,500,ANY
2023-01-13 19:36:00,0.4495,0.45,0.4495,0.45,18209,ANY
2023-01-13 19:38:00,0.45,0.45,0.45,0.45,101,ANY
2023-01-13 19:40:00,0.45,0.45,0.45,0.45,1050,ANY
2023-01-13 19:43:00,0.469,0.4749,0.469,0.4748,14961,ANY
2023-01-13 19:44:00,0.47,0.48,0.47,0.48,2217,ANY
2023-01-13 19:45:00,0.4794,0.4794,0.475,0.475,7900,ANY
2023-01-13 19:46:00,0.475,0.48,0.475,0.48,7919,ANY
2023-01-13 19:47:00,0.4826,0.4826,0.4826,0.4826,689,ANY
2023-01-13 19:48:00,0.49,0.49,0.49,0.49,1040,ANY
2023-01-13 19:49:00,0.48,0.48,0.48,0.48,130,ANY
2023-01-13 19:50:00,0.48,0.49,0.48,0.49,300,ANY
2023-01-13 19:51:00,0.48,0.49,0.48,0.49,1411,ANY
2023-01-13 19:53:00,0.4801,0.49,0.4801,0.49,5444,ANY
2023-01-13 19:54:00,0.495,0.499,0.49,0.49,5121,ANY
2023-01-13 19:55:00,0.498,0.4999,0.498,0.4999,4070,ANY
2023-01-13 19:56:00,0.4998,0.4998,0.4998,0.4998,3117,ANY
2023-01-13 19:57:00,0.4998,0.4999,0.4901,0.4901,4100,ANY
2023-01-13 19:58:00,0.4999,0.5,0.4988,0.5,16655,ANY
2023-01-13 19:59:00,0.5,0.5,0.5,0.5,6023,ANY
2023-01-13 20:00:00,0.5,0.5,0.49,0.5,20626,ANY
