Datetime;Open;High;Low;Close;Volume
2021-07-19 09:30:00-04:00;3.869999885559082;3.869999885559082;3.819999933242798;3.8299999237060547;39489
2021-07-19 09:31:00-04:00;3.8201000690460205;3.8201000690460205;3.819999933242798;3.8201000690460205;4285
2021-07-19 09:33:00-04:00;3.8550000190734863;3.8550000190734863;3.819999933242798;3.8550000190734863;623
2021-07-19 09:35:00-04:00;3.899899959564209;3.899899959564209;3.899899959564209;3.899899959564209;125
2021-07-19 09:36:00-04:00;3.89739990234375;3.9200000762939453;3.89739990234375;3.9200000762939453;3370
2021-07-19 09:37:00-04:00;3.871000051498413;3.9200000762939453;3.871000051498413;3.9200000762939453;5490
2021-07-19 09:39:00-04:00;3.900099992752075;3.900099992752075;3.900099992752075;3.900099992752075;5015
2021-07-19 09:40:00-04:00;3.869999885559082;3.869999885559082;3.869999885559082;3.869999885559082;3033
2021-07-19 09:41:00-04:00;3.8701000213623047;3.8701000213623047;3.8701000213623047;3.8701000213623047;150
2021-07-19 09:42:00-04:00;3.9200000762939453;3.924999952316284;3.9200000762939453;3.924999952316284;500
2021-07-19 09:44:00-04:00;3.934999942779541;3.950000047683716;3.910099983215332;3.950000047683716;735
2021-07-19 09:45:00-04:00;3.954200029373169;3.954200029373169;3.8701000213623047;3.8701000213623047;4480
2021-07-19 09:46:00-04:00;3.8965001106262207;3.9000000953674316;3.8965001106262207;3.9000000953674316;1330
2021-07-19 09:47:00-04:00;3.9000000953674316;3.9200000762939453;3.9000000953674316;3.9200000762939453;16523
2021-07-19 09:48:00-04:00;3.9793999195098877;3.9793999195098877;3.9200000762939453;3.9793999195098877;5792
2021-07-19 09:50:00-04:00;3.9347000122070312;3.950000047683716;3.9347000122070312;3.950000047683716;275
2021-07-19 09:54:00-04:00;3.9700000286102295;3.9700000286102295;3.9200000762939453;3.9200000762939453;1517
2021-07-19 09:55:00-04:00;3.9200000762939453;3.9591000080108643;3.9200000762939453;3.9591000080108643;6907
2021-07-19 09:56:00-04:00;3.9149999618530273;3.9149999618530273;3.869999885559082;3.869999885559082;651
2021-07-19 09:57:00-04:00;3.93149995803833;3.9600000381469727;3.93149995803833;3.9600000381469727;7225
2021-07-19 09:58:00-04:00;3.869999885559082;3.912400007247925;3.869999885559082;3.912400007247925;656
2021-07-19 09:59:00-04:00;3.9367001056671143;3.9367001056671143;3.9000000953674316;3.9000000953674316;2051
2021-07-19 10:00:00-04:00;3.869999885559082;3.869999885559082;3.869999885559082;3.869999885559082;379
2021-07-19 10:01:00-04:00;3.8801000118255615;3.8801000118255615;3.8801000118255615;3.8801000118255615;700
2021-07-19 10:02:00-04:00;3.887200117111206;3.887200117111206;3.887200117111206;3.887200117111206;330
2021-07-19 10:03:00-04:00;3.930000066757202;3.930000066757202;3.890000104904175;3.890000104904175;500
2021-07-19 10:04:00-04:00;3.9000000953674316;3.9100000858306885;3.890000104904175;3.9100000858306885;1489
2021-07-19 10:05:00-04:00;3.9200000762939453;3.9219000339508057;3.9198999404907227;3.9219000339508057;4040
2021-07-19 10:06:00-04:00;3.930000066757202;3.930000066757202;3.9200000762939453;3.9200000762939453;2036
2021-07-19 10:07:00-04:00;3.946199893951416;3.950000047683716;3.930000066757202;3.930000066757202;5400
2021-07-19 10:08:00-04:00;3.930000066757202;3.950000047683716;3.930000066757202;3.950000047683716;5005
2021-07-19 10:09:00-04:00;3.9100000858306885;3.940000057220459;3.909899950027466;3.9221999645233154;10000
2021-07-19 10:10:00-04:00;3.9349000453948975;3.9349000453948975;3.899399995803833;3.899399995803833;2382
2021-07-19 10:11:00-04:00;3.9149999618530273;3.9149999618530273;3.9149999618530273;3.9149999618530273;1000
2021-07-19 10:13:00-04:00;3.924799919128418;3.924799919128418;3.924799919128418;3.924799919128418;151
2021-07-19 10:14:00-04:00;3.9140000343322754;3.9140000343322754;3.9140000343322754;3.9140000343322754;150
2021-07-19 10:15:00-04:00;3.9149999618530273;3.9149999618530273;3.9149999618530273;3.9149999618530273;150
2021-07-19 10:16:00-04:00;3.9007999897003174;3.9007999897003174;3.880000114440918;3.880000114440918;23442
2021-07-19 10:17:00-04:00;3.888700008392334;3.888700008392334;3.888700008392334;3.888700008392334;5027
2021-07-19 10:20:00-04:00;3.9000000953674316;3.9000000953674316;3.9000000953674316;3.9000000953674316;2826
2021-07-19 10:21:00-04:00;3.9154999256134033;3.950000047683716;3.9154999256134033;3.939199924468994;10025
2021-07-19 10:22:00-04:00;3.920099973678589;3.920099973678589;3.920099973678589;3.920099973678589;179
2021-07-19 10:24:00-04:00;3.950000047683716;3.950000047683716;3.949899911880493;3.949899911880493;9500
2021-07-19 10:25:00-04:00;3.950000047683716;3.950000047683716;3.950000047683716;3.950000047683716;3243
2021-07-19 10:26:00-04:00;3.950000047683716;3.9600000381469727;3.950000047683716;3.950200080871582;7943
2021-07-19 10:27:00-04:00;3.9600000381469727;3.9600000381469727;3.950000047683716;3.950000047683716;1271
2021-07-19 10:28:00-04:00;3.924999952316284;3.947999954223633;3.924999952316284;3.947999954223633;4032
2021-07-19 10:29:00-04:00;3.9100000858306885;3.9100000858306885;3.9000000953674316;3.9100000858306885;16429
2021-07-19 10:30:00-04:00;3.924999952316284;3.924999952316284;3.924999952316284;3.924999952316284;1017
2021-07-19 10:32:00-04:00;3.949899911880493;3.949899911880493;3.9000000953674316;3.9000000953674316;4028
2021-07-19 10:34:00-04:00;3.9149999618530273;3.936199903488159;3.9149999618530273;3.9321999549865723;5005
2021-07-19 10:35:00-04:00;3.9100000858306885;3.934999942779541;3.9100000858306885;3.93149995803833;5330
2021-07-19 10:36:00-04:00;3.934999942779541;3.934999942779541;3.934999942779541;3.934999942779541;235
2021-07-19 10:37:00-04:00;3.924999952316284;3.924999952316284;3.924999952316284;3.924999952316284;104
2021-07-19 10:38:00-04:00;3.904900074005127;3.904900074005127;3.904900074005127;3.904900074005127;297
2021-07-19 10:39:00-04:00;3.949899911880493;3.949899911880493;3.949899911880493;3.949899911880493;563
2021-07-19 10:40:00-04:00;3.9075000286102295;3.924999952316284;3.9075000286102295;3.924999952316284;350
2021-07-19 10:41:00-04:00;3.924999952316284;3.924999952316284;3.924999952316284;3.924999952316284;250
2021-07-19 10:43:00-04:00;3.9000000953674316;3.950000047683716;3.9000000953674316;3.950000047683716;2524
2021-07-19 10:44:00-04:00;3.9472999572753906;3.9549999237060547;3.940500020980835;3.940500020980835;9000
2021-07-19 10:45:00-04:00;3.9549999237060547;3.9549999237060547;3.930000066757202;3.950000047683716;7000
2021-07-19 10:46:00-04:00;3.950000047683716;3.9700000286102295;3.930000066757202;3.950000047683716;7465
2021-07-19 10:47:00-04:00;3.950000047683716;3.950000047683716;3.950000047683716;3.950000047683716;1049
2021-07-19 10:49:00-04:00;3.950000047683716;3.950000047683716;3.950000047683716;3.950000047683716;326
2021-07-19 10:51:00-04:00;3.950000047683716;3.950000047683716;3.950000047683716;3.950000047683716;108
2021-07-19 10:58:00-04:00;3.950000047683716;3.950000047683716;3.950000047683716;3.950000047683716;801
2021-07-19 10:59:00-04:00;3.9335999488830566;3.9335999488830566;3.9335999488830566;3.9335999488830566;637
2021-07-19 11:00:00-04:00;3.950000047683716;3.950000047683716;3.950000047683716;3.950000047683716;776
2021-07-19 11:02:00-04:00;3.9700000286102295;3.9700000286102295;3.9700000286102295;3.9700000286102295;771
2021-07-19 11:04:00-04:00;3.9765000343322754;4.0;3.9700000286102295;4.0;8498
2021-07-19 11:05:00-04:00;4.019999980926514;4.039999961853027;4.010000228881836;4.010000228881836;848
2021-07-19 11:06:00-04:00;4.010000228881836;4.019999980926514;4.010000228881836;4.019999980926514;504
2021-07-19 11:07:00-04:00;4.050000190734863;4.050000190734863;4.050000190734863;4.050000190734863;1950
2021-07-19 11:08:00-04:00;4.019999980926514;4.019999980926514;4.019999980926514;4.019999980926514;230
2021-07-19 11:10:00-04:00;4.007999897003174;4.007999897003174;4.007999897003174;4.007999897003174;312
2021-07-19 11:11:00-04:00;4.019999980926514;4.049900054931641;4.000100135803223;4.000100135803223;3196
2021-07-19 11:12:00-04:00;4.046199798583984;4.049300193786621;4.046199798583984;4.049300193786621;1328
2021-07-19 11:13:00-04:00;4.025000095367432;4.059999942779541;4.025000095367432;4.059999942779541;9798
2021-07-19 11:14:00-04:00;4.074999809265137;4.083899974822998;4.074999809265137;4.083899974822998;2202
2021-07-19 11:15:00-04:00;4.061999797821045;4.070000171661377;4.061999797821045;4.070000171661377;1400
2021-07-19 11:16:00-04:00;4.079999923706055;4.099999904632568;4.070000171661377;4.070000171661377;11006
2021-07-19 11:17:00-04:00;4.070000171661377;4.070000171661377;4.070000171661377;4.070000171661377;312
2021-07-19 11:18:00-04:00;4.079999923706055;4.079999923706055;4.050099849700928;4.050099849700928;4055
2021-07-19 11:21:00-04:00;4.052299976348877;4.052299976348877;4.050000190734863;4.050000190734863;1920
2021-07-19 11:22:00-04:00;4.070000171661377;4.070000171661377;4.070000171661377;4.070000171661377;300
2021-07-19 11:23:00-04:00;4.090000152587891;4.090000152587891;4.065800189971924;4.065800189971924;19493
2021-07-19 11:25:00-04:00;4.070000171661377;4.070000171661377;4.070000171661377;4.070000171661377;483
2021-07-19 11:27:00-04:00;4.050000190734863;4.059999942779541;4.050000190734863;4.059999942779541;700
2021-07-19 11:28:00-04:00;4.050000190734863;4.050000190734863;4.050000190734863;4.050000190734863;100
2021-07-19 11:29:00-04:00;4.059999942779541;4.059999942779541;4.059999942779541;4.059999942779541;173
2021-07-19 11:31:00-04:00;4.070000171661377;4.090000152587891;4.070000171661377;4.090000152587891;4625
2021-07-19 11:32:00-04:00;4.098999977111816;4.099999904632568;4.098999977111816;4.099999904632568;210
2021-07-19 11:34:00-04:00;4.079999923706055;4.090000152587891;4.079999923706055;4.090000152587891;605
2021-07-19 11:35:00-04:00;4.090000152587891;4.090000152587891;4.090000152587891;4.090000152587891;370
2021-07-19 11:38:00-04:00;4.09499979019165;4.09499979019165;4.09499979019165;4.09499979019165;1650
2021-07-19 11:41:00-04:00;4.099999904632568;4.099999904632568;4.099999904632568;4.099999904632568;3118
2021-07-19 11:42:00-04:00;4.119999885559082;4.119999885559082;4.119999885559082;4.119999885559082;618
2021-07-19 11:43:00-04:00;4.099899768829346;4.099899768829346;4.090099811553955;4.090099811553955;2204
2021-07-19 11:48:00-04:00;4.099999904632568;4.119999885559082;4.099999904632568;4.119999885559082;310
2021-07-19 11:49:00-04:00;4.110000133514404;4.139999866485596;4.110000133514404;4.139999866485596;2598
2021-07-19 11:50:00-04:00;4.150000095367432;4.150000095367432;4.150000095367432;4.150000095367432;266
2021-07-19 11:53:00-04:00;4.130000114440918;4.130000114440918;4.110000133514404;4.110000133514404;4656
2021-07-19 12:00:00-04:00;4.129300117492676;4.129300117492676;4.129300117492676;4.129300117492676;101
2021-07-19 12:01:00-04:00;4.148499965667725;4.148499965667725;4.148499965667725;4.148499965667725;1896
2021-07-19 12:02:00-04:00;4.114099979400635;4.114099979400635;4.114099979400635;4.114099979400635;1495
2021-07-19 12:03:00-04:00;4.099999904632568;4.099999904632568;4.099999904632568;4.099999904632568;640
2021-07-19 12:04:00-04:00;4.099999904632568;4.099999904632568;4.099999904632568;4.099999904632568;614
2021-07-19 12:05:00-04:00;4.090000152587891;4.090000152587891;4.079999923706055;4.079999923706055;2100
2021-07-19 12:06:00-04:00;4.059999942779541;4.09499979019165;4.059999942779541;4.0655999183654785;4125
2021-07-19 12:08:00-04:00;4.090000152587891;4.090000152587891;4.059999942779541;4.059999942779541;700
2021-07-19 12:09:00-04:00;4.09499979019165;4.09499979019165;4.09499979019165;4.09499979019165;202
2021-07-19 12:10:00-04:00;4.099999904632568;4.099999904632568;4.059999942779541;4.059999942779541;4092
2021-07-19 12:12:00-04:00;4.050000190734863;4.059999942779541;4.050000190734863;4.050099849700928;5506
2021-07-19 12:19:00-04:00;4.052499771118164;4.070000171661377;4.052499771118164;4.070000171661377;1160
2021-07-19 12:22:00-04:00;4.070000171661377;4.070000171661377;4.070000171661377;4.070000171661377;350
2021-07-19 12:25:00-04:00;4.070000171661377;4.070000171661377;4.070000171661377;4.070000171661377;515
2021-07-19 12:28:00-04:00;4.059999942779541;4.059999942779541;4.059999942779541;4.059999942779541;165
2021-07-19 12:29:00-04:00;4.06220006942749;4.06220006942749;4.06220006942749;4.06220006942749;2201
2021-07-19 12:32:00-04:00;4.070099830627441;4.070099830627441;4.070099830627441;4.070099830627441;1003
2021-07-19 12:34:00-04:00;4.11460018157959;4.11460018157959;4.070000171661377;4.070000171661377;3292
2021-07-19 12:36:00-04:00;4.09499979019165;4.09499979019165;4.09499979019165;4.09499979019165;1250
2021-07-19 12:37:00-04:00;4.070000171661377;4.072500228881836;4.070000171661377;4.072500228881836;896
2021-07-19 12:42:00-04:00;4.069399833679199;4.069399833679199;4.069399833679199;4.069399833679199;125
2021-07-19 12:43:00-04:00;4.099999904632568;4.099999904632568;4.059999942779541;4.079999923706055;3977
2021-07-19 12:44:00-04:00;4.110000133514404;4.130000114440918;4.099999904632568;4.119999885559082;1800
2021-07-19 12:45:00-04:00;4.110000133514404;4.139999866485596;4.099999904632568;4.099999904632568;2658
2021-07-19 12:46:00-04:00;4.119999885559082;4.139999866485596;4.090000152587891;4.090000152587891;2201
2021-07-19 12:47:00-04:00;4.090000152587891;4.119999885559082;4.079999923706055;4.08050012588501;3708
2021-07-19 12:53:00-04:00;4.079999923706055;4.079999923706055;4.079999923706055;4.079999923706055;375
2021-07-19 13:02:00-04:00;4.081399917602539;4.081399917602539;4.081399917602539;4.081399917602539;101
2021-07-19 13:03:00-04:00;4.084000110626221;4.084000110626221;4.059999942779541;4.059999942779541;8025
2021-07-19 13:04:00-04:00;4.050000190734863;4.0503997802734375;4.050000190734863;4.050000190734863;448
2021-07-19 13:05:00-04:00;4.006999969482422;4.006999969482422;4.006999969482422;4.006999969482422;200
2021-07-19 13:09:00-04:00;4.000100135803223;4.000100135803223;4.000100135803223;4.000100135803223;250
2021-07-19 13:10:00-04:00;4.01039981842041;4.01039981842041;4.01039981842041;4.01039981842041;125
2021-07-19 13:11:00-04:00;4.019999980926514;4.019999980926514;4.019999980926514;4.019999980926514;1000
2021-07-19 13:12:00-04:00;4.025599956512451;4.025599956512451;4.025599956512451;4.025599956512451;136
2021-07-19 13:16:00-04:00;4.019999980926514;4.019999980926514;4.019999980926514;4.019999980926514;171
2021-07-19 13:18:00-04:00;4.019999980926514;4.019999980926514;4.019999980926514;4.019999980926514;1569
2021-07-19 13:25:00-04:00;4.0;4.0;4.0;4.0;296
2021-07-19 13:35:00-04:00;4.000100135803223;4.000100135803223;4.000100135803223;4.000100135803223;832
2021-07-19 13:39:00-04:00;4.029399871826172;4.029399871826172;4.029399871826172;4.029399871826172;1063
2021-07-19 13:49:00-04:00;4.026400089263916;4.026400089263916;4.026400089263916;4.026400089263916;175
2021-07-19 14:03:00-04:00;4.036600112915039;4.036600112915039;4.030099868774414;4.030099868774414;805
2021-07-19 14:16:00-04:00;4.070000171661377;4.070000171661377;4.070000171661377;4.070000171661377;500
2021-07-19 14:17:00-04:00;4.070000171661377;4.070000171661377;4.050000190734863;4.050000190734863;352
2021-07-19 14:18:00-04:00;4.064199924468994;4.064199924468994;4.064199924468994;4.064199924468994;161
2021-07-19 14:23:00-04:00;4.057700157165527;4.059999942779541;4.057700157165527;4.059999942779541;459
2021-07-19 14:30:00-04:00;4.039999961853027;4.039999961853027;4.039999961853027;4.039999961853027;1550
2021-07-19 14:38:00-04:00;4.070000171661377;4.070000171661377;4.070000171661377;4.070000171661377;2431
2021-07-19 14:40:00-04:00;4.070000171661377;4.070000171661377;4.070000171661377;4.070000171661377;400
2021-07-19 14:41:00-04:00;4.099999904632568;4.099999904632568;4.099999904632568;4.099999904632568;582
2021-07-19 14:46:00-04:00;4.070499897003174;4.099999904632568;4.070499897003174;4.099999904632568;1150
2021-07-19 14:47:00-04:00;4.080100059509277;4.099999904632568;4.080100059509277;4.099999904632568;3485
2021-07-19 14:50:00-04:00;4.099999904632568;4.099999904632568;4.099999904632568;4.099999904632568;120
2021-07-19 14:52:00-04:00;4.100100040435791;4.100100040435791;4.100100040435791;4.100100040435791;4500
2021-07-19 14:53:00-04:00;4.099999904632568;4.099999904632568;4.099999904632568;4.099999904632568;522
2021-07-19 14:56:00-04:00;4.119999885559082;4.139999866485596;4.119999885559082;4.139999866485596;16411
2021-07-19 14:57:00-04:00;4.150000095367432;4.150000095367432;4.150000095367432;4.150000095367432;278
2021-07-19 14:58:00-04:00;4.1479997634887695;4.1479997634887695;4.079999923706055;4.090000152587891;2895
2021-07-19 14:59:00-04:00;4.090000152587891;4.090000152587891;4.090000152587891;4.090000152587891;500
2021-07-19 15:00:00-04:00;4.103499889373779;4.103499889373779;4.103499889373779;4.103499889373779;1032
2021-07-19 15:03:00-04:00;4.119999885559082;4.119999885559082;4.119999885559082;4.119999885559082;2054
2021-07-19 15:07:00-04:00;4.119999885559082;4.119999885559082;4.119999885559082;4.119999885559082;148
2021-07-19 15:11:00-04:00;4.114799976348877;4.114799976348877;4.114799976348877;4.114799976348877;175
2021-07-19 15:19:00-04:00;4.099999904632568;4.099999904632568;4.079999923706055;4.079999923706055;436
2021-07-19 15:20:00-04:00;4.110000133514404;4.110000133514404;4.110000133514404;4.110000133514404;3000
2021-07-19 15:21:00-04:00;4.094699859619141;4.094699859619141;4.094699859619141;4.094699859619141;2050
2021-07-19 15:24:00-04:00;4.079999923706055;4.079999923706055;4.079999923706055;4.079999923706055;3946
2021-07-19 15:26:00-04:00;4.066500186920166;4.066500186920166;4.066500186920166;4.066500186920166;250
2021-07-19 15:28:00-04:00;4.079999923706055;4.079999923706055;4.079999923706055;4.079999923706055;200
2021-07-19 15:29:00-04:00;4.079999923706055;4.079999923706055;4.079999923706055;4.079999923706055;1410
2021-07-19 15:30:00-04:00;4.099899768829346;4.099999904632568;4.099899768829346;4.099999904632568;1225
2021-07-19 15:34:00-04:00;4.089900016784668;4.089900016784668;4.089900016784668;4.089900016784668;105
2021-07-19 15:37:00-04:00;4.086100101470947;4.099999904632568;4.059999942779541;4.085599899291992;2047
2021-07-19 15:38:00-04:00;4.090000152587891;4.090000152587891;4.090000152587891;4.090000152587891;1400
2021-07-19 15:39:00-04:00;4.094900131225586;4.094900131225586;4.094900131225586;4.094900131225586;3002
2021-07-19 15:41:00-04:00;4.082799911499023;4.082799911499023;4.082799911499023;4.082799911499023;150
2021-07-19 15:42:00-04:00;4.0929999351501465;4.0929999351501465;4.0929999351501465;4.0929999351501465;1000
2021-07-19 15:43:00-04:00;4.099999904632568;4.150000095367432;4.099999904632568;4.132999897003174;20885
2021-07-19 15:44:00-04:00;4.150000095367432;4.150000095367432;4.099999904632568;4.133500099182129;6000
2021-07-19 15:45:00-04:00;4.110300064086914;4.139999866485596;4.110300064086914;4.139999866485596;2038
2021-07-19 15:47:00-04:00;4.149899959564209;4.150000095367432;4.149899959564209;4.150000095367432;1756
2021-07-19 15:48:00-04:00;4.139999866485596;4.150000095367432;4.135000228881836;4.135000228881836;2325
2021-07-19 15:52:00-04:00;4.130000114440918;4.150000095367432;4.130000114440918;4.139999866485596;1039
2021-07-19 15:53:00-04:00;4.150000095367432;4.150000095367432;4.139999866485596;4.140200138092041;4977
2021-07-19 15:54:00-04:00;4.13100004196167;4.13100004196167;4.13100004196167;4.13100004196167;250
2021-07-19 15:55:00-04:00;4.150000095367432;4.159999847412109;4.139999866485596;4.139999866485596;1774
2021-07-19 15:56:00-04:00;4.150000095367432;4.150000095367432;4.149600028991699;4.150000095367432;5530
2021-07-19 15:57:00-04:00;4.159999847412109;4.174300193786621;4.147299766540527;4.174300193786621;2550
2021-07-19 15:58:00-04:00;4.179999828338623;4.190000057220459;4.162700176239014;4.189899921417236;20468
2021-07-19 15:59:00-04:00;4.184999942779541;4.210000038146973;4.170000076293945;4.208700180053711;18619
2021-07-20 09:30:00-04:00;4.210000038146973;4.247700214385986;4.199999809265137;4.210100173950195;31006
2021-07-20 09:32:00-04:00;4.170000076293945;4.199999809265137;4.101099967956543;4.150000095367432;25091
2021-07-20 09:33:00-04:00;4.150000095367432;4.150000095367432;4.150000095367432;4.150000095367432;2663
2021-07-20 09:34:00-04:00;4.164999961853027;4.164999961853027;4.092700004577637;4.092700004577637;749
2021-07-20 09:35:00-04:00;4.162199974060059;4.162199974060059;4.162199974060059;4.162199974060059;154
2021-07-20 09:36:00-04:00;4.110000133514404;4.110000133514404;4.110000133514404;4.110000133514404;455
2021-07-20 09:39:00-04:00;4.098299980163574;4.098299980163574;4.098299980163574;4.098299980163574;332
2021-07-20 09:41:00-04:00;4.14139986038208;4.14139986038208;4.14139986038208;4.14139986038208;250
2021-07-20 09:42:00-04:00;4.14300012588501;4.14300012588501;4.119999885559082;4.119999885559082;284
2021-07-20 09:43:00-04:00;4.119999885559082;4.119999885559082;4.099999904632568;4.099999904632568;1423
2021-07-20 09:44:00-04:00;4.09499979019165;4.09499979019165;4.09499979019165;4.09499979019165;274
2021-07-20 09:45:00-04:00;4.1082000732421875;4.1082000732421875;4.1082000732421875;4.1082000732421875;635
2021-07-20 09:49:00-04:00;4.090000152587891;4.099999904632568;4.090000152587891;4.099999904632568;3247
2021-07-20 09:50:00-04:00;4.099999904632568;4.107699871063232;4.099999904632568;4.099999904632568;8673
2021-07-20 09:52:00-04:00;4.101500034332275;4.110000133514404;4.101500034332275;4.110000133514404;1356
2021-07-20 09:53:00-04:00;4.110000133514404;4.110000133514404;4.079999923706055;4.079999923706055;1992
2021-07-20 09:54:00-04:00;4.070000171661377;4.070000171661377;4.070000171661377;4.070000171661377;410
2021-07-20 09:56:00-04:00;4.050000190734863;4.050000190734863;4.050000190734863;4.050000190734863;1021
2021-07-20 09:57:00-04:00;4.079999923706055;4.079999923706055;4.058499813079834;4.079999923706055;3212
2021-07-20 10:02:00-04:00;4.079899787902832;4.079899787902832;4.079899787902832;4.079899787902832;8000
2021-07-20 10:03:00-04:00;4.075099945068359;4.075099945068359;4.075099945068359;4.075099945068359;130
2021-07-20 10:04:00-04:00;4.065000057220459;4.079999923706055;4.065000057220459;4.070000171661377;2928
2021-07-20 10:06:00-04:00;4.099999904632568;4.099999904632568;4.099999904632568;4.099999904632568;1291
2021-07-20 10:09:00-04:00;4.071300029754639;4.071300029754639;4.071300029754639;4.071300029754639;2500
2021-07-20 10:10:00-04:00;4.150000095367432;4.150000095367432;4.150000095367432;4.150000095367432;391
2021-07-20 10:15:00-04:00;4.146500110626221;4.146500110626221;4.1356000900268555;4.1356000900268555;1042
2021-07-20 10:25:00-04:00;4.080100059509277;4.090000152587891;4.080100059509277;4.090000152587891;1900
2021-07-20 10:26:00-04:00;4.090000152587891;4.090000152587891;4.090000152587891;4.090000152587891;160
2021-07-20 10:27:00-04:00;4.079999923706055;4.080100059509277;4.079999923706055;4.080100059509277;9151
2021-07-20 10:28:00-04:00;4.070000171661377;4.070000171661377;4.070000171661377;4.070000171661377;100
2021-07-20 10:29:00-04:00;4.070000171661377;4.070099830627441;4.070000171661377;4.070099830627441;10162
2021-07-20 10:30:00-04:00;4.070000171661377;4.07450008392334;4.050000190734863;4.070000171661377;1811
2021-07-20 10:31:00-04:00;4.039999961853027;4.039999961853027;4.039999961853027;4.039999961853027;415
2021-07-20 10:34:00-04:00;4.034999847412109;4.034999847412109;3.990000009536743;3.990000009536743;4462
2021-07-20 10:36:00-04:00;4.0;4.0;3.999500036239624;3.999500036239624;740
2021-07-20 10:37:00-04:00;4.03000020980835;4.03000020980835;4.03000020980835;4.03000020980835;574
2021-07-20 10:39:00-04:00;4.03000020980835;4.03000020980835;4.03000020980835;4.03000020980835;250
2021-07-20 10:40:00-04:00;4.03000020980835;4.059999942779541;4.03000020980835;4.046999931335449;2500
2021-07-20 10:43:00-04:00;4.054999828338623;4.054999828338623;4.054999828338623;4.054999828338623;175
2021-07-20 10:45:00-04:00;4.049900054931641;4.119999885559082;4.049900054931641;4.119999885559082;28449
2021-07-20 10:47:00-04:00;4.099999904632568;4.099999904632568;4.099999904632568;4.099999904632568;100
2021-07-20 10:50:00-04:00;4.059999942779541;4.059999942779541;4.050099849700928;4.050099849700928;1711
2021-07-20 10:54:00-04:00;4.099999904632568;4.099999904632568;4.099999904632568;4.099999904632568;154
2021-07-20 10:56:00-04:00;4.099999904632568;4.110000133514404;4.070000171661377;4.110000133514404;3598
2021-07-20 10:57:00-04:00;4.139999866485596;4.139999866485596;4.0904998779296875;4.099999904632568;3454
2021-07-20 10:58:00-04:00;4.090000152587891;4.179999828338623;4.070000171661377;4.179999828338623;6332
2021-07-20 10:59:00-04:00;4.110000133514404;4.110000133514404;4.110000133514404;4.110000133514404;100
2021-07-20 11:03:00-04:00;4.150000095367432;4.150000095367432;4.150000095367432;4.150000095367432;430
2021-07-20 11:08:00-04:00;4.105000019073486;4.105000019073486;4.0954999923706055;4.0954999923706055;386
2021-07-20 11:15:00-04:00;4.070000171661377;4.070000171661377;4.070000171661377;4.070000171661377;191
2021-07-20 11:16:00-04:00;4.090000152587891;4.090000152587891;4.0894999504089355;4.0894999504089355;1420
2021-07-20 11:18:00-04:00;4.079999923706055;4.079999923706055;4.070000171661377;4.070000171661377;10049
2021-07-20 11:21:00-04:00;4.079999923706055;4.079999923706055;4.079999923706055;4.079999923706055;300
2021-07-20 11:23:00-04:00;4.079999923706055;4.079999923706055;4.079999923706055;4.079999923706055;460
2021-07-20 11:24:00-04:00;4.08489990234375;4.08489990234375;4.08489990234375;4.08489990234375;100
2021-07-20 11:27:00-04:00;4.119999885559082;4.119999885559082;4.079999923706055;4.079999923706055;336
2021-07-20 11:30:00-04:00;4.070099830627441;4.070099830627441;4.070099830627441;4.070099830627441;1405
2021-07-20 11:31:00-04:00;4.081600189208984;4.081600189208984;4.081600189208984;4.081600189208984;1001
2021-07-20 11:32:00-04:00;4.127099990844727;4.127099990844727;4.127099990844727;4.127099990844727;600
2021-07-20 11:34:00-04:00;4.130000114440918;4.130000114440918;4.1244001388549805;4.127999782562256;1485
2021-07-20 11:36:00-04:00;4.0920000076293945;4.117300033569336;4.0920000076293945;4.117300033569336;632
2021-07-20 11:37:00-04:00;4.094399929046631;4.094399929046631;4.094399929046631;4.094399929046631;150
2021-07-20 11:39:00-04:00;4.110000133514404;4.110000133514404;4.110000133514404;4.110000133514404;140
2021-07-20 11:41:00-04:00;4.124000072479248;4.130000114440918;4.124000072479248;4.130000114440918;2650
2021-07-20 11:42:00-04:00;4.130000114440918;4.130000114440918;4.130000114440918;4.130000114440918;857
2021-07-20 11:50:00-04:00;4.110000133514404;4.110000133514404;4.110000133514404;4.110000133514404;327
2021-07-20 11:54:00-04:00;4.119999885559082;4.119999885559082;4.119999885559082;4.119999885559082;400
2021-07-20 11:55:00-04:00;4.110000133514404;4.110000133514404;4.110000133514404;4.110000133514404;185
2021-07-20 11:56:00-04:00;4.100100040435791;4.100100040435791;4.100100040435791;4.100100040435791;144
2021-07-20 12:02:00-04:00;4.130000114440918;4.139999866485596;4.130000114440918;4.139999866485596;2955
2021-07-20 12:07:00-04:00;4.099999904632568;4.170000076293945;4.099999904632568;4.170000076293945;4972
2021-07-20 12:08:00-04:00;4.179999828338623;4.179999828338623;4.179999828338623;4.179999828338623;2500
2021-07-20 12:09:00-04:00;4.139999866485596;4.139999866485596;4.132299900054932;4.132299900054932;5000
2021-07-20 12:10:00-04:00;4.169899940490723;4.169899940490723;4.169899940490723;4.169899940490723;250
2021-07-20 12:11:00-04:00;4.139999866485596;4.139999866485596;4.110000133514404;4.130000114440918;12146
2021-07-20 12:18:00-04:00;4.125999927520752;4.125999927520752;4.125999927520752;4.125999927520752;100
2021-07-20 12:21:00-04:00;4.090000152587891;4.090000152587891;4.090000152587891;4.090000152587891;250
2021-07-20 12:30:00-04:00;4.129899978637695;4.129899978637695;4.125500202178955;4.125500202178955;201
2021-07-20 12:32:00-04:00;4.110000133514404;4.110000133514404;4.110000133514404;4.110000133514404;125
2021-07-20 12:33:00-04:00;4.110000133514404;4.110000133514404;4.110000133514404;4.110000133514404;400
2021-07-20 12:34:00-04:00;4.110000133514404;4.110000133514404;4.100800037384033;4.100800037384033;2701
2021-07-20 12:38:00-04:00;4.099100112915039;4.099100112915039;4.099100112915039;4.099100112915039;101
2021-07-20 12:39:00-04:00;4.095900058746338;4.095900058746338;4.095900058746338;4.095900058746338;420
2021-07-20 12:40:00-04:00;4.091700077056885;4.091700077056885;4.091700077056885;4.091700077056885;268
2021-07-20 12:41:00-04:00;4.090099811553955;4.090099811553955;4.090099811553955;4.090099811553955;105
2021-07-20 12:47:00-04:00;4.150000095367432;4.159999847412109;4.150000095367432;4.159999847412109;631
2021-07-20 12:52:00-04:00;4.093500137329102;4.159999847412109;4.093500137329102;4.159999847412109;526
2021-07-20 12:58:00-04:00;4.099999904632568;4.099999904632568;4.09499979019165;4.099999904632568;1332
2021-07-20 13:04:00-04:00;4.099999904632568;4.099999904632568;4.099999904632568;4.099999904632568;250
2021-07-20 13:06:00-04:00;4.09499979019165;4.09499979019165;4.09499979019165;4.09499979019165;105
2021-07-20 13:08:00-04:00;4.09499979019165;4.09499979019165;4.090000152587891;4.090000152587891;553
2021-07-20 13:10:00-04:00;4.074999809265137;4.079999923706055;4.070099830627441;4.070099830627441;685
2021-07-20 13:12:00-04:00;4.090000152587891;4.090000152587891;4.090000152587891;4.090000152587891;309
2021-07-20 13:14:00-04:00;4.084799766540527;4.084799766540527;4.079999923706055;4.079999923706055;796
2021-07-20 13:19:00-04:00;4.099999904632568;4.099999904632568;4.099999904632568;4.099999904632568;235
2021-07-20 13:23:00-04:00;4.099999904632568;4.099999904632568;4.099999904632568;4.099999904632568;1910
2021-07-20 13:32:00-04:00;4.099999904632568;4.099999904632568;4.099999904632568;4.099999904632568;106
2021-07-20 13:38:00-04:00;4.149899959564209;4.149899959564209;4.139699935913086;4.139699935913086;505
2021-07-20 13:39:00-04:00;4.1041998863220215;4.130000114440918;4.1041998863220215;4.130000114440918;2463
2021-07-20 13:42:00-04:00;4.14900016784668;4.14900016784668;4.145199775695801;4.145199775695801;5020
2021-07-20 13:46:00-04:00;4.150000095367432;4.150000095367432;4.150000095367432;4.150000095367432;424
2021-07-20 13:49:00-04:00;4.135300159454346;4.149899959564209;4.130000114440918;4.130000114440918;10000
2021-07-20 13:50:00-04:00;4.121600151062012;4.130000114440918;4.111400127410889;4.130000114440918;9097
2021-07-20 14:02:00-04:00;4.111100196838379;4.130000114440918;4.099999904632568;4.110000133514404;14543
2021-07-20 14:05:00-04:00;4.096199989318848;4.096199989318848;4.0802998542785645;4.0802998542785645;3300
2021-07-20 14:06:00-04:00;4.09499979019165;4.09499979019165;4.09499979019165;4.09499979019165;500
2021-07-20 14:08:00-04:00;4.098700046539307;4.098700046539307;4.098700046539307;4.098700046539307;155
2021-07-20 14:09:00-04:00;4.110000133514404;4.110000133514404;4.110000133514404;4.110000133514404;300
2021-07-20 14:10:00-04:00;4.150000095367432;4.150000095367432;4.1417999267578125;4.1417999267578125;1184
2021-07-20 14:12:00-04:00;4.125;4.125;4.125;4.125;100
2021-07-20 14:15:00-04:00;4.119999885559082;4.119999885559082;4.119999885559082;4.119999885559082;354
2021-07-20 14:16:00-04:00;4.130000114440918;4.130000114440918;4.130000114440918;4.130000114440918;172
2021-07-20 14:18:00-04:00;4.119999885559082;4.119999885559082;4.119999885559082;4.119999885559082;137
2021-07-20 14:22:00-04:00;4.1020002365112305;4.119999885559082;4.1020002365112305;4.119999885559082;1141
2021-07-20 14:29:00-04:00;4.139999866485596;4.139999866485596;4.139699935913086;4.139999866485596;1999
2021-07-20 14:30:00-04:00;4.120100021362305;4.120100021362305;4.120100021362305;4.120100021362305;598
2021-07-20 14:40:00-04:00;4.120100021362305;4.139999866485596;4.120100021362305;4.139999866485596;1400
2021-07-20 14:42:00-04:00;4.139999866485596;4.139999866485596;4.139900207519531;4.139900207519531;1127
2021-07-20 14:59:00-04:00;4.139900207519531;4.139900207519531;4.139900207519531;4.139900207519531;260
2021-07-20 15:09:00-04:00;4.119999885559082;4.119999885559082;4.110000133514404;4.110000133514404;4550
2021-07-20 15:11:00-04:00;4.1107001304626465;4.1107001304626465;4.1107001304626465;4.1107001304626465;1516
2021-07-20 15:14:00-04:00;4.1107001304626465;4.1107001304626465;4.1107001304626465;4.1107001304626465;1050
2021-07-20 15:19:00-04:00;4.110000133514404;4.110000133514404;4.110000133514404;4.110000133514404;3156
2021-07-20 15:22:00-04:00;4.1194000244140625;4.130000114440918;4.1194000244140625;4.130000114440918;1520
2021-07-20 15:29:00-04:00;4.1153998374938965;4.1153998374938965;4.1153998374938965;4.1153998374938965;250
2021-07-20 15:30:00-04:00;4.101600170135498;4.101600170135498;4.101600170135498;4.101600170135498;100
2021-07-20 15:31:00-04:00;4.110000133514404;4.119999885559082;4.099999904632568;4.099999904632568;1631
2021-07-20 15:33:00-04:00;4.12060022354126;4.12060022354126;4.12060022354126;4.12060022354126;142
2021-07-20 15:34:00-04:00;4.126500129699707;4.126500129699707;4.126500129699707;4.126500129699707;1038
2021-07-20 15:37:00-04:00;4.130000114440918;4.130000114440918;4.130000114440918;4.130000114440918;507
2021-07-20 15:38:00-04:00;4.110000133514404;4.119999885559082;4.110000133514404;4.119999885559082;772
2021-07-20 15:39:00-04:00;4.129899978637695;4.129899978637695;4.129899978637695;4.129899978637695;1009
2021-07-20 15:40:00-04:00;4.119999885559082;4.130000114440918;4.119999885559082;4.119999885559082;1421
2021-07-20 15:41:00-04:00;4.130000114440918;4.130000114440918;4.122700214385986;4.122700214385986;1250
2021-07-20 15:44:00-04:00;4.137400150299072;4.137400150299072;4.137400150299072;4.137400150299072;101
2021-07-20 15:46:00-04:00;4.119999885559082;4.119999885559082;4.119999885559082;4.119999885559082;100
2021-07-20 15:47:00-04:00;4.130000114440918;4.130000114440918;4.119999885559082;4.125;4600
2021-07-20 15:48:00-04:00;4.122000217437744;4.130000114440918;4.110000133514404;4.110000133514404;15034
2021-07-20 15:49:00-04:00;4.099999904632568;4.099999904632568;4.099999904632568;4.099999904632568;185
2021-07-20 15:51:00-04:00;4.099999904632568;4.099999904632568;4.099999904632568;4.099999904632568;300
2021-07-20 15:52:00-04:00;4.099999904632568;4.099999904632568;4.099999904632568;4.099999904632568;3535
2021-07-20 15:53:00-04:00;4.099999904632568;4.103000164031982;4.099999904632568;4.099999904632568;597
2021-07-20 15:55:00-04:00;4.099999904632568;4.099999904632568;4.099999904632568;4.099999904632568;391
2021-07-20 15:57:00-04:00;4.099999904632568;4.110000133514404;4.099999904632568;4.099999904632568;1221
2021-07-20 15:58:00-04:00;4.099999904632568;4.119999885559082;4.099999904632568;4.099999904632568;650
2021-07-20 15:59:00-04:00;4.099999904632568;4.099999904632568;4.099999904632568;4.099999904632568;1945
2021-07-21 09:30:00-04:00;4.150000095367432;4.150000095367432;4.139999866485596;4.139999866485596;9966
2021-07-21 09:33:00-04:00;4.14139986038208;4.150000095367432;4.14139986038208;4.14900016784668;1500
2021-07-21 09:34:00-04:00;4.150000095367432;4.150000095367432;4.150000095367432;4.150000095367432;342
2021-07-21 09:37:00-04:00;4.150000095367432;4.150000095367432;4.150000095367432;4.150000095367432;645
2021-07-21 09:38:00-04:00;4.179999828338623;4.199999809265137;4.175000190734863;4.175000190734863;5517
2021-07-21 09:39:00-04:00;4.199900150299072;4.28000020980835;4.199900150299072;4.28000020980835;106209
2021-07-21 09:40:00-04:00;4.29610013961792;4.349999904632568;4.25;4.331500053405762;51766
2021-07-21 09:41:00-04:00;4.340000152587891;4.349999904632568;4.269999980926514;4.28000020980835;33023
2021-07-21 09:42:00-04:00;4.300000190734863;4.349999904632568;4.300000190734863;4.320000171661377;10281
2021-07-21 09:43:00-04:00;4.320000171661377;4.340000152587891;4.320000171661377;4.329999923706055;1853
2021-07-21 09:44:00-04:00;4.309999942779541;4.309999942779541;4.309999942779541;4.309999942779541;601
2021-07-21 09:45:00-04:00;4.3119001388549805;4.320000171661377;4.291500091552734;4.309999942779541;5519
2021-07-21 09:46:00-04:00;4.320000171661377;4.329999923706055;4.320000171661377;4.329999923706055;4251
2021-07-21 09:47:00-04:00;4.320000171661377;4.320000171661377;4.289999961853027;4.289999961853027;1435
2021-07-21 09:48:00-04:00;4.289999961853027;4.289999961853027;4.289999961853027;4.289999961853027;1101
2021-07-21 09:49:00-04:00;4.2835001945495605;4.2835001945495605;4.21999979019165;4.28000020980835;15900
2021-07-21 09:52:00-04:00;4.276500225067139;4.320000171661377;4.276500225067139;4.320000171661377;2557
2021-07-21 09:53:00-04:00;4.449999809265137;4.460000038146973;4.42519998550415;4.450099945068359;39333
2021-07-21 09:54:00-04:00;4.460000038146973;4.460000038146973;4.360599994659424;4.449999809265137;10012
2021-07-21 09:55:00-04:00;4.389999866485596;4.440000057220459;4.380000114440918;4.420000076293945;4658
2021-07-21 09:56:00-04:00;4.420000076293945;4.449999809265137;4.401199817657471;4.405099868774414;3257
2021-07-21 09:57:00-04:00;4.449999809265137;4.510000228881836;4.449999809265137;4.510000228881836;9144
2021-07-21 09:58:00-04:00;4.516499996185303;4.53000020980835;4.497300148010254;4.53000020980835;12002
2021-07-21 09:59:00-04:00;4.542399883270264;4.542399883270264;4.445000171661377;4.480000019073486;17314
2021-07-21 10:00:00-04:00;4.485099792480469;4.550000190734863;4.485099792480469;4.524700164794922;12274
2021-07-21 10:01:00-04:00;4.480000019073486;4.481500148773193;4.429999828338623;4.429999828338623;4369
2021-07-21 10:02:00-04:00;4.440000057220459;4.460000038146973;4.440000057220459;4.460000038146973;533
2021-07-21 10:03:00-04:00;4.489999771118164;4.489999771118164;4.452000141143799;4.452000141143799;259
2021-07-21 10:04:00-04:00;4.460000038146973;4.4644999504089355;4.380000114440918;4.449900150299072;8016
2021-07-21 10:05:00-04:00;4.410099983215332;4.449999809265137;4.410099983215332;4.449999809265137;1701
2021-07-21 10:06:00-04:00;4.449999809265137;4.460000038146973;4.449999809265137;4.449999809265137;1919
2021-07-21 10:07:00-04:00;4.465000152587891;4.489999771118164;4.456200122833252;4.489999771118164;3695
2021-07-21 10:08:00-04:00;4.489999771118164;4.489999771118164;4.489999771118164;4.489999771118164;214
2021-07-21 10:09:00-04:00;4.5;4.5;4.491799831390381;4.491799831390381;1200
2021-07-21 10:10:00-04:00;4.460100173950195;4.5;4.460100173950195;4.5;1152
2021-07-21 10:11:00-04:00;4.489999771118164;4.5;4.449999809265137;4.449999809265137;3510
2021-07-21 10:12:00-04:00;4.454999923706055;4.454999923706055;4.410099983215332;4.410099983215332;1065
2021-07-21 10:13:00-04:00;4.5;4.5;4.44920015335083;4.460000038146973;7124
2021-07-21 10:14:00-04:00;4.46999979019165;4.480000019073486;4.46999979019165;4.480000019073486;363
2021-07-21 10:15:00-04:00;4.414100170135498;4.426199913024902;4.400000095367432;4.414700031280518;2175
2021-07-21 10:16:00-04:00;4.429999828338623;4.449999809265137;4.420300006866455;4.449999809265137;6611
2021-07-21 10:17:00-04:00;4.445000171661377;4.457300186157227;4.445000171661377;4.454999923706055;463
2021-07-21 10:19:00-04:00;4.458000183105469;4.460000038146973;4.458000183105469;4.460000038146973;1101
2021-07-21 10:21:00-04:00;4.440000057220459;4.440000057220459;4.414999961853027;4.414999961853027;6708
2021-07-21 10:22:00-04:00;4.400000095367432;4.427299976348877;4.400000095367432;4.427299976348877;6147
2021-07-21 10:24:00-04:00;4.440000057220459;4.449999809265137;4.440000057220459;4.449999809265137;866
2021-07-21 10:25:00-04:00;4.420000076293945;4.440000057220459;4.369999885559082;4.380000114440918;9850
2021-07-21 10:26:00-04:00;4.449999809265137;4.449999809265137;4.400100231170654;4.400100231170654;1060
2021-07-21 10:27:00-04:00;4.449999809265137;4.449999809265137;4.449999809265137;4.449999809265137;327
2021-07-21 10:28:00-04:00;4.449999809265137;4.449999809265137;4.425000190734863;4.449999809265137;760
2021-07-21 10:29:00-04:00;4.429999828338623;4.449999809265137;4.429999828338623;4.449999809265137;6628
2021-07-21 10:30:00-04:00;4.449999809265137;4.449999809265137;4.423900127410889;4.423900127410889;4415
2021-07-21 10:31:00-04:00;4.420199871063232;4.421000003814697;4.420000076293945;4.421000003814697;591
2021-07-21 10:32:00-04:00;4.420000076293945;4.428299903869629;4.420000076293945;4.421899795532227;810
2021-07-21 10:33:00-04:00;4.429999828338623;4.429999828338623;4.423500061035156;4.423500061035156;201
2021-07-21 10:34:00-04:00;4.429699897766113;4.429699897766113;4.400000095367432;4.420000076293945;19498
2021-07-21 10:35:00-04:00;4.40500020980835;4.40500020980835;4.390100002288818;4.390100002288818;600
2021-07-21 10:36:00-04:00;4.404699802398682;4.429999828338623;4.404699802398682;4.429999828338623;1151
2021-07-21 10:38:00-04:00;4.400000095367432;4.429999828338623;4.400000095367432;4.414999961853027;2008
2021-07-21 10:39:00-04:00;4.409999847412109;4.409999847412109;4.400000095367432;4.4045000076293945;4750
2021-07-21 10:40:00-04:00;4.409999847412109;4.420000076293945;4.397299766540527;4.397299766540527;2329
2021-07-21 10:41:00-04:00;4.409999847412109;4.429999828338623;4.409999847412109;4.429999828338623;3087
2021-07-21 10:43:00-04:00;4.429999828338623;4.460000038146973;4.429999828338623;4.460000038146973;14917
2021-07-21 10:44:00-04:00;4.460000038146973;4.550000190734863;4.460000038146973;4.550000190734863;20642
2021-07-21 10:45:00-04:00;4.519999980926514;4.639999866485596;4.519999980926514;4.634200096130371;17705
2021-07-21 10:46:00-04:00;4.610000133514404;4.769999980926514;4.580100059509277;4.729700088500977;57463
2021-07-21 10:47:00-04:00;4.730000019073486;4.800000190734863;4.702099800109863;4.789999961853027;25241
2021-07-21 10:48:00-04:00;4.800000190734863;4.829999923706055;4.739999771118164;4.78000020980835;47429
2021-07-21 10:49:00-04:00;4.789999961853027;4.800000190734863;4.650000095367432;4.690000057220459;37179
2021-07-21 10:50:00-04:00;4.695000171661377;4.699999809265137;4.579999923706055;4.619999885559082;16778
2021-07-21 10:51:00-04:00;4.610000133514404;4.639999866485596;4.590000152587891;4.590000152587891;10084
2021-07-21 10:52:00-04:00;4.550000190734863;4.599999904632568;4.519999980926514;4.590000152587891;7607
2021-07-21 10:53:00-04:00;4.589900016784668;4.589900016784668;4.550000190734863;4.579999923706055;2768
2021-07-21 10:54:00-04:00;4.578999996185303;4.639999866485596;4.570000171661377;4.619999885559082;10440
2021-07-21 10:55:00-04:00;4.625400066375732;4.679999828338623;4.625400066375732;4.679999828338623;6342
2021-07-21 10:56:00-04:00;4.654799938201904;4.679999828338623;4.650000095367432;4.659999847412109;3430
2021-07-21 10:57:00-04:00;4.650000095367432;4.650000095367432;4.616199970245361;4.616199970245361;4893
2021-07-21 10:58:00-04:00;4.579999923706055;4.610000133514404;4.559999942779541;4.560200214385986;2459
2021-07-21 10:59:00-04:00;4.561999797821045;4.579999923706055;4.510000228881836;4.5346999168396;27123
2021-07-21 11:02:00-04:00;4.579999923706055;4.579999923706055;4.578999996185303;4.578999996185303;1840
2021-07-21 11:04:00-04:00;4.579999923706055;4.579999923706055;4.514999866485596;4.514999866485596;5338
2021-07-21 11:05:00-04:00;4.493500232696533;4.519999980926514;4.489999771118164;4.519999980926514;6823
2021-07-21 11:06:00-04:00;4.511000156402588;4.511000156402588;4.510000228881836;4.510000228881836;1027
2021-07-21 11:07:00-04:00;4.510000228881836;4.5100998878479;4.5;4.5;3189
2021-07-21 11:08:00-04:00;4.5;4.510000228881836;4.5;4.5;5784
2021-07-21 11:09:00-04:00;4.5;4.519999980926514;4.5;4.519999980926514;4694
2021-07-21 11:10:00-04:00;4.519999980926514;4.519999980926514;4.519599914550781;4.519599914550781;2065
2021-07-21 11:11:00-04:00;4.53000020980835;4.531499862670898;4.519999980926514;4.531499862670898;2269
2021-07-21 11:12:00-04:00;4.539999961853027;4.579999923706055;4.539999961853027;4.579999923706055;3711
2021-07-21 11:13:00-04:00;4.550000190734863;4.550000190734863;4.449999809265137;4.485000133514404;49493
2021-07-21 11:14:00-04:00;4.509900093078613;4.509900093078613;4.509900093078613;4.509900093078613;205
2021-07-21 11:15:00-04:00;4.5;4.5;4.46999979019165;4.46999979019165;3321
2021-07-21 11:16:00-04:00;4.454999923706055;4.479899883270264;4.449999809265137;4.449999809265137;2929
2021-07-21 11:17:00-04:00;4.429999828338623;4.460000038146973;4.380000114440918;4.460000038146973;7555
2021-07-21 11:18:00-04:00;4.400000095367432;4.400000095367432;4.400000095367432;4.400000095367432;2709
2021-07-21 11:19:00-04:00;4.389999866485596;4.409999847412109;4.380000114440918;4.409999847412109;3556
2021-07-21 11:20:00-04:00;4.3983001708984375;4.3983001708984375;4.3983001708984375;4.3983001708984375;950
2021-07-21 11:21:00-04:00;4.400000095367432;4.400000095367432;4.400000095367432;4.400000095367432;633
2021-07-21 11:22:00-04:00;4.409999847412109;4.409999847412109;4.409999847412109;4.409999847412109;330
2021-07-21 11:23:00-04:00;4.434999942779541;4.434999942779541;4.434999942779541;4.434999942779541;243
2021-07-21 11:24:00-04:00;4.420000076293945;4.460000038146973;4.420000076293945;4.460000038146973;1143
2021-07-21 11:25:00-04:00;4.46999979019165;4.484000205993652;4.46999979019165;4.484000205993652;1210
2021-07-21 11:26:00-04:00;4.460000038146973;4.4644999504089355;4.449999809265137;4.460000038146973;9274
2021-07-21 11:28:00-04:00;4.465000152587891;4.465000152587891;4.465000152587891;4.465000152587891;106
2021-07-21 11:29:00-04:00;4.432700157165527;4.480000019073486;4.420000076293945;4.420000076293945;4801
2021-07-21 11:32:00-04:00;4.420000076293945;4.420000076293945;4.420000076293945;4.420000076293945;1963
2021-07-21 11:34:00-04:00;4.409999847412109;4.409999847412109;4.349999904632568;4.375;5628
2021-07-21 11:35:00-04:00;4.395500183105469;4.395500183105469;4.349999904632568;4.349999904632568;1300
2021-07-21 11:36:00-04:00;4.360000133514404;4.360000133514404;4.360000133514404;4.360000133514404;255
2021-07-21 11:37:00-04:00;4.360099792480469;4.380000114440918;4.360000133514404;4.380000114440918;7529
2021-07-21 11:38:00-04:00;4.365699768066406;4.394599914550781;4.360099792480469;4.394599914550781;2050
2021-07-21 11:40:00-04:00;4.39169979095459;4.39169979095459;4.360099792480469;4.360099792480469;908
2021-07-21 11:41:00-04:00;4.340000152587891;4.364999771118164;4.340000152587891;4.364999771118164;900
2021-07-21 11:43:00-04:00;4.340000152587891;4.340000152587891;4.320000171661377;4.335000038146973;2455
2021-07-21 11:44:00-04:00;4.340000152587891;4.340000152587891;4.321599960327148;4.321599960327148;1600
2021-07-21 11:45:00-04:00;4.320099830627441;4.320099830627441;4.300000190734863;4.300000190734863;5150
2021-07-21 11:46:00-04:00;4.301700115203857;4.309999942779541;4.289999961853027;4.289999961853027;3510
2021-07-21 11:47:00-04:00;4.300000190734863;4.300000190734863;4.300000190734863;4.300000190734863;164
2021-07-21 11:49:00-04:00;4.319900035858154;4.319900035858154;4.300000190734863;4.300000190734863;6489
2021-07-21 11:50:00-04:00;4.289999961853027;4.295000076293945;4.289999961853027;4.295000076293945;701
2021-07-21 11:54:00-04:00;4.294300079345703;4.294300079345703;4.289999961853027;4.289999961853027;1463
2021-07-21 11:58:00-04:00;4.302999973297119;4.309899806976318;4.302999973297119;4.309899806976318;1100
2021-07-21 11:59:00-04:00;4.289999961853027;4.289999961853027;4.289999961853027;4.289999961853027;6461
2021-07-21 12:01:00-04:00;4.289999961853027;4.289999961853027;4.289999961853027;4.289999961853027;4327
2021-07-21 12:02:00-04:00;4.317500114440918;4.320000171661377;4.304999828338623;4.304999828338623;5885
2021-07-21 12:03:00-04:00;4.304999828338623;4.320000171661377;4.304999828338623;4.320000171661377;632
2021-07-21 12:05:00-04:00;4.309999942779541;4.309999942779541;4.309999942779541;4.309999942779541;478
2021-07-21 12:06:00-04:00;4.345900058746338;4.400000095367432;4.340099811553955;4.340099811553955;723
2021-07-21 12:08:00-04:00;4.399899959564209;4.399899959564209;4.399899959564209;4.399899959564209;643
2021-07-21 12:10:00-04:00;4.375;4.375;4.375;4.375;100
2021-07-21 12:11:00-04:00;4.399899959564209;4.399899959564209;4.399899959564209;4.399899959564209;2160
2021-07-21 12:13:00-04:00;4.389999866485596;4.389999866485596;4.349999904632568;4.349999904632568;3566
2021-07-21 12:17:00-04:00;4.389999866485596;4.389999866485596;4.380000114440918;4.389999866485596;1114
2021-07-21 12:18:00-04:00;4.409999847412109;4.409999847412109;4.409999847412109;4.409999847412109;530
2021-07-21 12:19:00-04:00;4.36460018157959;4.36460018157959;4.36460018157959;4.36460018157959;174
2021-07-21 12:20:00-04:00;4.409800052642822;4.409800052642822;4.409800052642822;4.409800052642822;1318
2021-07-21 12:21:00-04:00;4.389999866485596;4.389999866485596;4.389999866485596;4.389999866485596;112
2021-07-21 12:22:00-04:00;4.370999813079834;4.370999813079834;4.370999813079834;4.370999813079834;513
2021-07-21 12:23:00-04:00;4.389999866485596;4.420000076293945;4.389999866485596;4.420000076293945;241
2021-07-21 12:24:00-04:00;4.416200160980225;4.416200160980225;4.416200160980225;4.416200160980225;261
2021-07-21 12:25:00-04:00;4.416200160980225;4.416200160980225;4.414599895477295;4.414599895477295;453
2021-07-21 12:28:00-04:00;4.40369987487793;4.40369987487793;4.40369987487793;4.40369987487793;109
2021-07-21 12:29:00-04:00;4.373499870300293;4.373499870300293;4.369999885559082;4.372000217437744;1084
2021-07-21 12:35:00-04:00;4.369999885559082;4.389999866485596;4.369999885559082;4.389999866485596;4655
2021-07-21 12:36:00-04:00;4.3516998291015625;4.3516998291015625;4.3516998291015625;4.3516998291015625;2001
2021-07-21 12:39:00-04:00;4.368299961090088;4.368299961090088;4.368299961090088;4.368299961090088;552
2021-07-21 12:41:00-04:00;4.389100074768066;4.389100074768066;4.389100074768066;4.389100074768066;1117
2021-07-21 12:45:00-04:00;4.377299785614014;4.380000114440918;4.350100040435791;4.350100040435791;10507
2021-07-21 12:47:00-04:00;4.349999904632568;4.349999904632568;4.349999904632568;4.349999904632568;2167
2021-07-21 12:48:00-04:00;4.349999904632568;4.349999904632568;4.349999904632568;4.349999904632568;100
2021-07-21 12:53:00-04:00;4.339200019836426;4.339200019836426;4.339200019836426;4.339200019836426;1000
2021-07-21 12:55:00-04:00;4.320899963378906;4.320899963378906;4.320899963378906;4.320899963378906;1058
2021-07-21 12:58:00-04:00;4.349999904632568;4.349999904632568;4.349999904632568;4.349999904632568;200
2021-07-21 13:00:00-04:00;4.369999885559082;4.369999885559082;4.369999885559082;4.369999885559082;505
2021-07-21 13:04:00-04:00;4.360000133514404;4.360000133514404;4.360000133514404;4.360000133514404;955
2021-07-21 13:06:00-04:00;4.349999904632568;4.349999904632568;4.349999904632568;4.349999904632568;912
2021-07-21 13:12:00-04:00;4.379799842834473;4.379799842834473;4.379799842834473;4.379799842834473;1020
2021-07-21 13:13:00-04:00;4.379899978637695;4.379899978637695;4.360000133514404;4.360000133514404;4530
2021-07-21 13:16:00-04:00;4.369999885559082;4.369999885559082;4.369999885559082;4.369999885559082;537
2021-07-21 13:18:00-04:00;4.349999904632568;4.349999904632568;4.344200134277344;4.344200134277344;275
2021-07-21 13:19:00-04:00;4.389900207519531;4.389900207519531;4.389900207519531;4.389900207519531;1000
2021-07-21 13:20:00-04:00;4.360000133514404;4.360000133514404;4.360000133514404;4.360000133514404;231
2021-07-21 13:26:00-04:00;4.33489990234375;4.33489990234375;4.33489990234375;4.33489990234375;1018
2021-07-21 13:32:00-04:00;4.396500110626221;4.396500110626221;4.388000011444092;4.388000011444092;832
2021-07-21 13:39:00-04:00;4.396599769592285;4.396599769592285;4.396599769592285;4.396599769592285;1174
2021-07-21 13:43:00-04:00;4.397200107574463;4.397200107574463;4.397200107574463;4.397200107574463;644
2021-07-21 13:48:00-04:00;4.398399829864502;4.398399829864502;4.369999885559082;4.388299942016602;6100
2021-07-21 13:49:00-04:00;4.375800132751465;4.375800132751465;4.375800132751465;4.375800132751465;130
2021-07-21 13:59:00-04:00;4.345900058746338;4.345900058746338;4.345900058746338;4.345900058746338;200
2021-07-21 14:00:00-04:00;4.380000114440918;4.380000114440918;4.380000114440918;4.380000114440918;377
2021-07-21 14:06:00-04:00;4.377299785614014;4.377299785614014;4.375199794769287;4.375199794769287;958
2021-07-21 14:09:00-04:00;4.400000095367432;4.400000095367432;4.400000095367432;4.400000095367432;183
2021-07-21 14:12:00-04:00;4.387599945068359;4.387599945068359;4.387599945068359;4.387599945068359;200
2021-07-21 14:13:00-04:00;4.375;4.375;4.375;4.375;201
2021-07-21 14:18:00-04:00;4.375;4.375;4.375;4.375;235
2021-07-21 14:22:00-04:00;4.369999885559082;4.369999885559082;4.369999885559082;4.369999885559082;300
2021-07-21 14:23:00-04:00;4.364999771118164;4.364999771118164;4.320000171661377;4.320000171661377;11181
2021-07-21 14:24:00-04:00;4.349999904632568;4.369999885559082;4.329999923706055;4.369999885559082;1200
2021-07-21 14:26:00-04:00;4.320099830627441;4.320099830627441;4.320099830627441;4.320099830627441;9200
2021-07-21 14:29:00-04:00;4.320000171661377;4.320000171661377;4.320000171661377;4.320000171661377;103
2021-07-21 14:30:00-04:00;4.369999885559082;4.369999885559082;4.369999885559082;4.369999885559082;500
2021-07-21 14:31:00-04:00;4.3221001625061035;4.3221001625061035;4.3221001625061035;4.3221001625061035;310
2021-07-21 14:33:00-04:00;4.340000152587891;4.340000152587891;4.340000152587891;4.340000152587891;884
2021-07-21 14:36:00-04:00;4.377200126647949;4.377200126647949;4.377200126647949;4.377200126647949;863
2021-07-21 14:42:00-04:00;4.369999885559082;4.369999885559082;4.340000152587891;4.340000152587891;250
2021-07-21 14:46:00-04:00;4.369999885559082;4.369999885559082;4.369999885559082;4.369999885559082;256
2021-07-21 14:49:00-04:00;4.360000133514404;4.360000133514404;4.360000133514404;4.360000133514404;216
2021-07-21 14:54:00-04:00;4.360000133514404;4.36299991607666;4.349999904632568;4.36299991607666;2952
2021-07-21 15:03:00-04:00;4.34499979019165;4.34499979019165;4.34499979019165;4.34499979019165;100
2021-07-21 15:05:00-04:00;4.360000133514404;4.360000133514404;4.360000133514404;4.360000133514404;2000
2021-07-21 15:06:00-04:00;4.330999851226807;4.330999851226807;4.330999851226807;4.330999851226807;100
2021-07-21 15:08:00-04:00;4.349999904632568;4.349999904632568;4.329999923706055;4.329999923706055;2230
2021-07-21 15:10:00-04:00;4.349999904632568;4.349999904632568;4.320000171661377;4.320000171661377;1232
2021-07-21 15:11:00-04:00;4.365200042724609;4.365200042724609;4.365200042724609;4.365200042724609;1000
2021-07-21 15:12:00-04:00;4.364500045776367;4.364500045776367;4.364500045776367;4.364500045776367;121
2021-07-21 15:17:00-04:00;4.329999923706055;4.329999923706055;4.329999923706055;4.329999923706055;500
2021-07-21 15:18:00-04:00;4.340000152587891;4.360000133514404;4.326300144195557;4.360000133514404;1800
2021-07-21 15:19:00-04:00;4.360000133514404;4.360000133514404;4.360000133514404;4.360000133514404;200
2021-07-21 15:21:00-04:00;4.329999923706055;4.329999923706055;4.321000099182129;4.329999923706055;1720
2021-07-21 15:22:00-04:00;4.325399875640869;4.325399875640869;4.325399875640869;4.325399875640869;250
2021-07-21 15:23:00-04:00;4.34499979019165;4.34499979019165;4.320000171661377;4.320000171661377;4630
2021-07-21 15:25:00-04:00;4.329999923706055;4.329999923706055;4.320000171661377;4.320000171661377;1805
2021-07-21 15:26:00-04:00;4.320000171661377;4.320099830627441;4.289999961853027;4.289999961853027;3135
2021-07-21 15:27:00-04:00;4.320000171661377;4.320000171661377;4.271599769592285;4.271599769592285;1890
2021-07-21 15:28:00-04:00;4.270100116729736;4.295000076293945;4.269999980926514;4.270899772644043;12321
2021-07-21 15:32:00-04:00;4.284999847412109;4.349999904632568;4.28000020980835;4.349999904632568;1579
2021-07-21 15:35:00-04:00;4.304999828338623;4.304999828338623;4.304999828338623;4.304999828338623;2170
2021-07-21 15:41:00-04:00;4.269999980926514;4.289999961853027;4.269999980926514;4.284999847412109;2157
2021-07-21 15:42:00-04:00;4.284999847412109;4.2870001792907715;4.284999847412109;4.2870001792907715;1300
2021-07-21 15:43:00-04:00;4.289999961853027;4.289999961853027;4.28000020980835;4.28000020980835;856
2021-07-21 15:44:00-04:00;4.315000057220459;4.320000171661377;4.315000057220459;4.320000171661377;200
2021-07-21 15:45:00-04:00;4.300000190734863;4.300000190734863;4.289999961853027;4.300000190734863;1400
2021-07-21 15:46:00-04:00;4.315000057220459;4.315000057220459;4.315000057220459;4.315000057220459;1047
2021-07-21 15:47:00-04:00;4.289999961853027;4.289999961853027;4.289999961853027;4.289999961853027;2686
2021-07-21 15:48:00-04:00;4.293300151824951;4.293300151824951;4.284999847412109;4.284999847412109;200
2021-07-21 15:50:00-04:00;4.286900043487549;4.286900043487549;4.286900043487549;4.286900043487549;1050
2021-07-21 15:51:00-04:00;4.300000190734863;4.329999923706055;4.289999961853027;4.329999923706055;3047
2021-07-21 15:52:00-04:00;4.309999942779541;4.329999923706055;4.300000190734863;4.329999923706055;1500
2021-07-21 15:53:00-04:00;4.302000045776367;4.320000171661377;4.300000190734863;4.320000171661377;2547
2021-07-21 15:54:00-04:00;4.309999942779541;4.309999942779541;4.300000190734863;4.300000190734863;841
2021-07-21 15:56:00-04:00;4.315000057220459;4.315000057220459;4.260000228881836;4.309999942779541;5840
2021-07-21 15:57:00-04:00;4.320000171661377;4.320000171661377;4.320000171661377;4.320000171661377;400
2021-07-21 15:58:00-04:00;4.307700157165527;4.340000152587891;4.307700157165527;4.320000171661377;2666
2021-07-21 15:59:00-04:00;4.321700096130371;4.335000038146973;4.320000171661377;4.320000171661377;921
2021-07-22 09:30:00-04:00;4.300000190734863;4.432300090789795;4.300000190734863;4.432300090789795;14342
2021-07-22 09:32:00-04:00;4.400000095367432;4.420000076293945;4.394999980926514;4.420000076293945;2624
2021-07-22 09:33:00-04:00;4.40500020980835;4.40500020980835;4.40500020980835;4.40500020980835;818
2021-07-22 09:34:00-04:00;4.429999828338623;4.5;4.429999828338623;4.5;1659
2021-07-22 09:35:00-04:00;4.460000038146973;4.48859977722168;4.460000038146973;4.48859977722168;3686
2021-07-22 09:36:00-04:00;4.423699855804443;4.423699855804443;4.423699855804443;4.423699855804443;1000
2021-07-22 09:37:00-04:00;4.421999931335449;4.489999771118164;4.421999931335449;4.44189977645874;8327
2021-07-22 09:38:00-04:00;4.458499908447266;4.4899001121521;4.458499908447266;4.4899001121521;683
2021-07-22 09:39:00-04:00;4.477099895477295;4.480000019073486;4.477099895477295;4.480000019073486;1349
2021-07-22 09:40:00-04:00;4.480000019073486;4.480000019073486;4.477700233459473;4.477700233459473;576
2021-07-22 09:41:00-04:00;4.465000152587891;4.480000019073486;4.465000152587891;4.479899883270264;2654
2021-07-22 09:42:00-04:00;4.480000019073486;4.480000019073486;4.460000038146973;4.460000038146973;8176
2021-07-22 09:43:00-04:00;4.440800189971924;4.440800189971924;4.440800189971924;4.440800189971924;2130
2021-07-22 09:44:00-04:00;4.420000076293945;4.420000076293945;4.420000076293945;4.420000076293945;1659
2021-07-22 09:45:00-04:00;4.46999979019165;4.46999979019165;4.46999979019165;4.46999979019165;150
2021-07-22 09:46:00-04:00;4.462900161743164;4.462900161743164;4.380099773406982;4.380099773406982;2014
2021-07-22 09:47:00-04:00;4.425000190734863;4.425000190734863;4.425000190734863;4.425000190734863;175
2021-07-22 09:48:00-04:00;4.380000114440918;4.380000114440918;4.380000114440918;4.380000114440918;235
2021-07-22 09:49:00-04:00;4.425000190734863;4.425000190734863;4.425000190734863;4.425000190734863;612
2021-07-22 09:50:00-04:00;4.380000114440918;4.380000114440918;4.380000114440918;4.380000114440918;250
2021-07-22 09:51:00-04:00;4.383500099182129;4.383500099182129;4.381999969482422;4.381999969482422;501
2021-07-22 09:52:00-04:00;4.438399791717529;4.438399791717529;4.438399791717529;4.438399791717529;1531
2021-07-22 09:53:00-04:00;4.449999809265137;4.449999809265137;4.400000095367432;4.400000095367432;1610
2021-07-22 09:54:00-04:00;4.480000019073486;4.480000019073486;4.449999809265137;4.449999809265137;10375
2021-07-22 09:55:00-04:00;4.403500080108643;4.460000038146973;4.380000114440918;4.460000038146973;8033
2021-07-22 09:56:00-04:00;4.420000076293945;4.420000076293945;4.420000076293945;4.420000076293945;1150
2021-07-22 09:57:00-04:00;4.381999969482422;4.381999969482422;4.349999904632568;4.349999904632568;11566
2021-07-22 09:58:00-04:00;4.420000076293945;4.420000076293945;4.380000114440918;4.420000076293945;598
2021-07-22 10:00:00-04:00;4.356400012969971;4.356400012969971;4.356400012969971;4.356400012969971;473
2021-07-22 10:02:00-04:00;4.434899806976318;4.434899806976318;4.434899806976318;4.434899806976318;305
2021-07-22 10:03:00-04:00;4.392199993133545;4.392199993133545;4.392199993133545;4.392199993133545;100
2021-07-22 10:04:00-04:00;4.410799980163574;4.410799980163574;4.410799980163574;4.410799980163574;100
2021-07-22 10:06:00-04:00;4.380000114440918;4.380000114440918;4.380000114440918;4.380000114440918;1005
2021-07-22 10:09:00-04:00;4.409900188446045;4.409900188446045;4.350100040435791;4.382299900054932;3027
2021-07-22 10:11:00-04:00;4.354700088500977;4.354700088500977;4.354700088500977;4.354700088500977;860
2021-07-22 10:13:00-04:00;4.409999847412109;4.440000057220459;4.389999866485596;4.439499855041504;13318
2021-07-22 10:14:00-04:00;4.449999809265137;4.449999809265137;4.449999809265137;4.449999809265137;10118
2021-07-22 10:20:00-04:00;4.420000076293945;4.445099830627441;4.420000076293945;4.445099830627441;385
2021-07-22 10:21:00-04:00;4.409999847412109;4.409999847412109;4.349999904632568;4.360000133514404;3026
2021-07-22 10:22:00-04:00;4.449900150299072;4.449900150299072;4.449900150299072;4.449900150299072;125
2021-07-22 10:23:00-04:00;4.394999980926514;4.394999980926514;4.394999980926514;4.394999980926514;662
2021-07-22 10:25:00-04:00;4.409999847412109;4.409999847412109;4.349999904632568;4.389999866485596;1001
2021-07-22 10:26:00-04:00;4.389999866485596;4.449999809265137;4.389999866485596;4.420000076293945;7239
2021-07-22 10:30:00-04:00;4.40500020980835;4.40500020980835;4.40500020980835;4.40500020980835;555
2021-07-22 10:32:00-04:00;4.389999866485596;4.4166998863220215;4.389999866485596;4.4166998863220215;1542
2021-07-22 10:33:00-04:00;4.400000095367432;4.400000095367432;4.400000095367432;4.400000095367432;271
2021-07-22 10:36:00-04:00;4.409999847412109;4.409999847412109;4.360000133514404;4.360000133514404;31925
2021-07-22 10:40:00-04:00;4.420000076293945;4.449999809265137;4.420000076293945;4.449999809265137;17032
2021-07-22 10:42:00-04:00;4.4116997718811035;4.4116997718811035;4.4116997718811035;4.4116997718811035;176
2021-07-22 10:46:00-04:00;4.389999866485596;4.420000076293945;4.389999866485596;4.420000076293945;1700
2021-07-22 10:47:00-04:00;4.389999866485596;4.389999866485596;4.389999866485596;4.389999866485596;126
2021-07-22 10:48:00-04:00;4.420000076293945;4.420000076293945;4.420000076293945;4.420000076293945;217
2021-07-22 10:50:00-04:00;4.419000148773193;4.419000148773193;4.419000148773193;4.419000148773193;100
2021-07-22 10:52:00-04:00;4.380099773406982;4.380099773406982;4.380099773406982;4.380099773406982;100
2021-07-22 10:53:00-04:00;4.383299827575684;4.383299827575684;4.383299827575684;4.383299827575684;317
2021-07-22 10:55:00-04:00;4.389999866485596;4.389999866485596;4.360099792480469;4.360099792480469;2271
2021-07-22 10:57:00-04:00;4.380000114440918;4.409900188446045;4.369999885559082;4.409900188446045;405
2021-07-22 10:59:00-04:00;4.400000095367432;4.400000095367432;4.375800132751465;4.375800132751465;633
2021-07-22 11:08:00-04:00;4.400000095367432;4.400000095367432;4.374300003051758;4.374300003051758;403
2021-07-22 11:10:00-04:00;4.39900016784668;4.39900016784668;4.39900016784668;4.39900016784668;4118
2021-07-22 11:12:00-04:00;4.400000095367432;4.400000095367432;4.400000095367432;4.400000095367432;630
2021-07-22 11:19:00-04:00;4.369999885559082;4.369999885559082;4.369999885559082;4.369999885559082;1481
2021-07-22 11:20:00-04:00;4.369999885559082;4.370200157165527;4.360000133514404;4.370100021362305;4451
2021-07-22 11:21:00-04:00;4.360000133514404;4.360000133514404;4.360000133514404;4.360000133514404;377
2021-07-22 11:22:00-04:00;4.360000133514404;4.4079999923706055;4.360000133514404;4.4079999923706055;524
2021-07-22 11:25:00-04:00;4.350100040435791;4.350100040435791;4.350100040435791;4.350100040435791;529
2021-07-22 11:29:00-04:00;4.385000228881836;4.385000228881836;4.385000228881836;4.385000228881836;502
2021-07-22 11:30:00-04:00;4.406199932098389;4.406199932098389;4.406199932098389;4.406199932098389;252
2021-07-22 11:31:00-04:00;4.396299839019775;4.396299839019775;4.396299839019775;4.396299839019775;660
2021-07-22 11:38:00-04:00;4.364099979400635;4.364099979400635;4.364099979400635;4.364099979400635;766
2021-07-22 11:39:00-04:00;4.407299995422363;4.407299995422363;4.407299995422363;4.407299995422363;731
2021-07-22 11:51:00-04:00;4.385000228881836;4.385000228881836;4.385000228881836;4.385000228881836;1042
2021-07-22 11:54:00-04:00;4.400000095367432;4.409999847412109;4.380000114440918;4.409999847412109;11041
2021-07-22 11:55:00-04:00;4.440000057220459;4.449999809265137;4.440000057220459;4.449999809265137;1955
2021-07-22 11:57:00-04:00;4.465799808502197;4.480000019073486;4.465799808502197;4.480000019073486;2564
2021-07-22 11:59:00-04:00;4.480000019073486;4.480000019073486;4.480000019073486;4.480000019073486;506
2021-07-22 12:01:00-04:00;4.477799892425537;4.477799892425537;4.477799892425537;4.477799892425537;664
2021-07-22 12:03:00-04:00;4.460000038146973;4.460000038146973;4.429999828338623;4.449999809265137;3100
2021-07-22 12:04:00-04:00;4.440000057220459;4.454999923706055;4.429999828338623;4.434999942779541;7910
2021-07-22 12:05:00-04:00;4.417200088500977;4.417200088500977;4.417200088500977;4.417200088500977;344
2021-07-22 12:08:00-04:00;4.449999809265137;4.449999809265137;4.429999828338623;4.429999828338623;608
2021-07-22 12:09:00-04:00;4.429900169372559;4.429900169372559;4.429900169372559;4.429900169372559;211
2021-07-22 12:10:00-04:00;4.429999828338623;4.429999828338623;4.429999828338623;4.429999828338623;352
2021-07-22 12:15:00-04:00;4.446100234985352;4.446100234985352;4.446100234985352;4.446100234985352;347
2021-07-22 12:16:00-04:00;4.440000057220459;4.440000057220459;4.440000057220459;4.440000057220459;250
2021-07-22 12:18:00-04:00;4.440000057220459;4.440000057220459;4.440000057220459;4.440000057220459;1189
2021-07-22 12:25:00-04:00;4.460000038146973;4.460100173950195;4.460000038146973;4.460100173950195;2142
2021-07-22 12:26:00-04:00;4.45989990234375;4.460000038146973;4.459799766540527;4.460000038146973;1418
2021-07-22 12:28:00-04:00;4.46999979019165;4.505000114440918;4.46999979019165;4.505000114440918;8296
2021-07-22 12:29:00-04:00;4.501999855041504;4.53000020980835;4.501999855041504;4.5269999504089355;1299
2021-07-22 12:30:00-04:00;4.526599884033203;4.53000020980835;4.5258002281188965;4.53000020980835;1532
2021-07-22 12:31:00-04:00;4.526400089263916;4.529799938201904;4.510000228881836;4.519999980926514;4561
2021-07-22 12:33:00-04:00;4.527299880981445;4.527299880981445;4.498799800872803;4.498799800872803;1600
2021-07-22 12:34:00-04:00;4.529900074005127;4.53000020980835;4.529900074005127;4.529900074005127;5842
2021-07-22 12:35:00-04:00;4.525400161743164;4.525400161743164;4.525400161743164;4.525400161743164;244
2021-07-22 12:37:00-04:00;4.53000020980835;4.53000020980835;4.527299880981445;4.53000020980835;1385
2021-07-22 12:38:00-04:00;4.539999961853027;4.539999961853027;4.53000020980835;4.53000020980835;1617
2021-07-22 12:39:00-04:00;4.53000020980835;4.53000020980835;4.514999866485596;4.514999866485596;1530
2021-07-22 12:40:00-04:00;4.53000020980835;4.53000020980835;4.514999866485596;4.514999866485596;7808
2021-07-22 12:41:00-04:00;4.5289998054504395;4.53000020980835;4.5289998054504395;4.53000020980835;750
2021-07-22 12:42:00-04:00;4.501999855041504;4.53000020980835;4.500100135803223;4.53000020980835;7400
2021-07-22 12:43:00-04:00;4.53000020980835;4.53000020980835;4.525599956512451;4.525599956512451;1740
2021-07-22 12:49:00-04:00;4.519999980926514;4.519999980926514;4.502600193023682;4.502600193023682;2520
2021-07-22 12:53:00-04:00;4.5;4.5;4.5;4.5;370
2021-07-22 12:59:00-04:00;4.523600101470947;4.523600101470947;4.523600101470947;4.523600101470947;120
2021-07-22 13:01:00-04:00;4.505000114440918;4.505000114440918;4.5;4.5;3200
2021-07-22 13:06:00-04:00;4.490099906921387;4.490099906921387;4.490099906921387;4.490099906921387;200
2021-07-22 13:07:00-04:00;4.53000020980835;4.539899826049805;4.53000020980835;4.53000020980835;5466
2021-07-22 13:08:00-04:00;4.539999961853027;4.539999961853027;4.53000020980835;4.53000020980835;6378
2021-07-22 13:09:00-04:00;4.530099868774414;4.550000190734863;4.530099868774414;4.5335001945495605;3407
2021-07-22 13:16:00-04:00;4.53000020980835;4.53000020980835;4.53000020980835;4.53000020980835;161
2021-07-22 13:19:00-04:00;4.529900074005127;4.529900074005127;4.529900074005127;4.529900074005127;100
2021-07-22 13:23:00-04:00;4.5;4.5;4.5;4.5;600
2021-07-22 13:24:00-04:00;4.500100135803223;4.500100135803223;4.500100135803223;4.500100135803223;900
2021-07-22 13:25:00-04:00;4.50629997253418;4.50629997253418;4.50629997253418;4.50629997253418;291
2021-07-22 13:28:00-04:00;4.53000020980835;4.53000020980835;4.519999980926514;4.519999980926514;1162
2021-07-22 13:30:00-04:00;4.53000020980835;4.53000020980835;4.53000020980835;4.53000020980835;865
2021-07-22 13:33:00-04:00;4.550000190734863;4.550000190734863;4.550000190734863;4.550000190734863;151
2021-07-22 13:34:00-04:00;4.550000190734863;4.550000190734863;4.53000020980835;4.53000020980835;1235
2021-07-22 13:37:00-04:00;4.53000020980835;4.566999912261963;4.53000020980835;4.550000190734863;16682
2021-07-22 13:38:00-04:00;4.550000190734863;4.551000118255615;4.550000190734863;4.550000190734863;1684
2021-07-22 13:40:00-04:00;4.569900035858154;4.569900035858154;4.569900035858154;4.569900035858154;100
2021-07-22 13:43:00-04:00;4.566500186920166;4.570000171661377;4.56279993057251;4.567299842834473;1500
2021-07-22 13:44:00-04:00;4.567299842834473;4.570000171661377;4.566500186920166;4.567299842834473;1555
2021-07-22 13:46:00-04:00;4.566299915313721;4.566299915313721;4.566299915313721;4.566299915313721;417
2021-07-22 13:47:00-04:00;4.5655999183654785;4.5655999183654785;4.5644001960754395;4.5644001960754395;303
2021-07-22 13:48:00-04:00;4.54010009765625;4.570000171661377;4.54010009765625;4.570000171661377;901
2021-07-22 13:49:00-04:00;4.54010009765625;4.54010009765625;4.54010009765625;4.54010009765625;656
2021-07-22 13:53:00-04:00;4.54010009765625;4.567299842834473;4.54010009765625;4.565800189971924;2725
2021-07-22 13:54:00-04:00;4.559999942779541;4.559999942779541;4.559999942779541;4.559999942779541;120
2021-07-22 14:01:00-04:00;4.554999828338623;4.554999828338623;4.554999828338623;4.554999828338623;5000
2021-07-22 14:02:00-04:00;4.58650016784668;4.58650016784668;4.58650016784668;4.58650016784668;1048
2021-07-22 14:03:00-04:00;4.590000152587891;4.590000152587891;4.576099872589111;4.576099872589111;1207
2021-07-22 14:07:00-04:00;4.550000190734863;4.550000190734863;4.550000190734863;4.550000190734863;1702
2021-07-22 14:09:00-04:00;4.590000152587891;4.590000152587891;4.570000171661377;4.570000171661377;3688
2021-07-22 14:12:00-04:00;4.570000171661377;4.570000171661377;4.570000171661377;4.570000171661377;608
2021-07-22 14:13:00-04:00;4.550000190734863;4.550000190734863;4.550000190734863;4.550000190734863;501
2021-07-22 14:15:00-04:00;4.579999923706055;4.590000152587891;4.579999923706055;4.590000152587891;3432
2021-07-22 14:16:00-04:00;4.590000152587891;4.599999904632568;4.590000152587891;4.599999904632568;4835
2021-07-22 14:17:00-04:00;4.610000133514404;4.619999885559082;4.610000133514404;4.619999885559082;440
2021-07-22 14:19:00-04:00;4.616700172424316;4.621699810028076;4.616700172424316;4.621699810028076;811
2021-07-22 14:20:00-04:00;4.613699913024902;4.624499797821045;4.613699913024902;4.619900226593018;2628
2021-07-22 14:21:00-04:00;4.619900226593018;4.619900226593018;4.619900226593018;4.619900226593018;500
2021-07-22 14:22:00-04:00;4.59499979019165;4.619999885559082;4.59499979019165;4.619999885559082;1317
2021-07-22 14:24:00-04:00;4.578100204467773;4.578100204467773;4.578100204467773;4.578100204467773;158
2021-07-22 14:25:00-04:00;4.619999885559082;4.619999885559082;4.619999885559082;4.619999885559082;402
2021-07-22 14:28:00-04:00;4.610000133514404;4.610000133514404;4.610000133514404;4.610000133514404;352
2021-07-22 14:30:00-04:00;4.619999885559082;4.619999885559082;4.600100040435791;4.619999885559082;4651
2021-07-22 14:31:00-04:00;4.619999885559082;4.650000095367432;4.619999885559082;4.650000095367432;4347
2021-07-22 14:32:00-04:00;4.639999866485596;4.679999828338623;4.639999866485596;4.679999828338623;3647
2021-07-22 14:33:00-04:00;4.644999980926514;4.644999980926514;4.644999980926514;4.644999980926514;321
2021-07-22 14:34:00-04:00;4.637899875640869;4.637899875640869;4.637899875640869;4.637899875640869;213
2021-07-22 14:35:00-04:00;4.639999866485596;4.650000095367432;4.63100004196167;4.650000095367432;3289
2021-07-22 14:36:00-04:00;4.65500020980835;4.65500020980835;4.65500020980835;4.65500020980835;265
2021-07-22 14:37:00-04:00;4.650000095367432;4.659999847412109;4.650000095367432;4.659999847412109;380
2021-07-22 14:38:00-04:00;4.669600009918213;4.670000076293945;4.650000095367432;4.650000095367432;6687
2021-07-22 14:39:00-04:00;4.619999885559082;4.670000076293945;4.619999885559082;4.630000114440918;5452
2021-07-22 14:40:00-04:00;4.630099773406982;4.65500020980835;4.630099773406982;4.65500020980835;569
2021-07-22 14:42:00-04:00;4.630000114440918;4.630000114440918;4.600200176239014;4.600200176239014;1202
2021-07-22 14:43:00-04:00;4.599999904632568;4.614999771118164;4.599999904632568;4.614999771118164;881
2021-07-22 14:45:00-04:00;4.599999904632568;4.599999904632568;4.599999904632568;4.599999904632568;210
2021-07-22 14:46:00-04:00;4.610000133514404;4.610000133514404;4.610000133514404;4.610000133514404;5070
2021-07-22 14:47:00-04:00;4.599999904632568;4.599999904632568;4.599999904632568;4.599999904632568;102
2021-07-22 14:48:00-04:00;4.599999904632568;4.599999904632568;4.599999904632568;4.599999904632568;3026
2021-07-22 14:51:00-04:00;4.630000114440918;4.630000114440918;4.630000114440918;4.630000114440918;100
2021-07-22 14:52:00-04:00;4.614999771118164;4.614999771118164;4.610000133514404;4.610000133514404;449
2021-07-22 14:55:00-04:00;4.614999771118164;4.614999771118164;4.614999771118164;4.614999771118164;550
2021-07-22 14:57:00-04:00;4.610000133514404;4.610000133514404;4.610000133514404;4.610000133514404;311
2021-07-22 14:58:00-04:00;4.629000186920166;4.669000148773193;4.629000186920166;4.669000148773193;3072
2021-07-22 14:59:00-04:00;4.644999980926514;4.644999980926514;4.644999980926514;4.644999980926514;100
2021-07-22 15:00:00-04:00;4.679999828338623;4.679999828338623;4.618000030517578;4.618000030517578;500
2021-07-22 15:03:00-04:00;4.630000114440918;4.630000114440918;4.630000114440918;4.630000114440918;831
2021-07-22 15:04:00-04:00;4.650000095367432;4.679999828338623;4.619999885559082;4.679999828338623;6472
2021-07-22 15:05:00-04:00;4.679999828338623;4.679999828338623;4.610099792480469;4.610099792480469;8027
2021-07-22 15:08:00-04:00;4.610000133514404;4.610000133514404;4.610000133514404;4.610000133514404;757
2021-07-22 15:09:00-04:00;4.610000133514404;4.610000133514404;4.610000133514404;4.610000133514404;2218
2021-07-22 15:10:00-04:00;4.619999885559082;4.623300075531006;4.619999885559082;4.623300075531006;2379
2021-07-22 15:12:00-04:00;4.611800193786621;4.611800193786621;4.610000133514404;4.610000133514404;3127
2021-07-22 15:13:00-04:00;4.610000133514404;4.610000133514404;4.610000133514404;4.610000133514404;226
2021-07-22 15:14:00-04:00;4.602399826049805;4.604000091552734;4.602399826049805;4.602700233459473;400
2021-07-22 15:16:00-04:00;4.599999904632568;4.599999904632568;4.599999904632568;4.599999904632568;2683
2021-07-22 15:17:00-04:00;4.579999923706055;4.583499908447266;4.53000020980835;4.53000020980835;2945
2021-07-22 15:21:00-04:00;4.510000228881836;4.514999866485596;4.510000228881836;4.514999866485596;1160
2021-07-22 15:23:00-04:00;4.5100998878479;4.525300025939941;4.5100998878479;4.525300025939941;649
2021-07-22 15:25:00-04:00;4.519999980926514;4.519999980926514;4.519999980926514;4.519999980926514;500
2021-07-22 15:26:00-04:00;4.52400016784668;4.579999923706055;4.5100998878479;4.539999961853027;11360
2021-07-22 15:30:00-04:00;4.51200008392334;4.539999961853027;4.51200008392334;4.539999961853027;723
2021-07-22 15:31:00-04:00;4.51230001449585;4.513800144195557;4.5;4.513800144195557;7201
2021-07-22 15:32:00-04:00;4.510000228881836;4.510000228881836;4.510000228881836;4.510000228881836;600
2021-07-22 15:34:00-04:00;4.480100154876709;4.480100154876709;4.480100154876709;4.480100154876709;5029
2021-07-22 15:35:00-04:00;4.503200054168701;4.510000228881836;4.503200054168701;4.510000228881836;350
2021-07-22 15:36:00-04:00;4.5;4.5;4.460000038146973;4.460000038146973;2717
2021-07-22 15:37:00-04:00;4.460000038146973;4.498799800872803;4.460000038146973;4.498799800872803;3175
2021-07-22 15:38:00-04:00;4.465000152587891;4.465000152587891;4.465000152587891;4.465000152587891;217
2021-07-22 15:43:00-04:00;4.485000133514404;4.5493998527526855;4.485000133514404;4.5493998527526855;23300
2021-07-22 15:44:00-04:00;4.550000190734863;4.550000190734863;4.550000190734863;4.550000190734863;250
2021-07-22 15:45:00-04:00;4.519999980926514;4.550000190734863;4.5;4.542900085449219;788
2021-07-22 15:48:00-04:00;4.514999866485596;4.519999980926514;4.514999866485596;4.519999980926514;1103
2021-07-22 15:49:00-04:00;4.531499862670898;4.531499862670898;4.531499862670898;4.531499862670898;180
2021-07-22 15:50:00-04:00;4.534900188446045;4.534900188446045;4.534900188446045;4.534900188446045;461
2021-07-22 15:52:00-04:00;4.489999771118164;4.5;4.489999771118164;4.5;1420
2021-07-22 15:53:00-04:00;4.490900039672852;4.490900039672852;4.490900039672852;4.490900039672852;126
2021-07-22 15:54:00-04:00;4.5;4.510000228881836;4.5;4.5;1376
2021-07-22 15:56:00-04:00;4.489999771118164;4.490200042724609;4.489999771118164;4.489999771118164;2100
2021-07-22 15:58:00-04:00;4.489999771118164;4.489999771118164;4.46999979019165;4.46999979019165;3216
2021-07-22 15:59:00-04:00;4.485400199890137;4.510000228881836;4.48199987411499;4.510000228881836;2028
2021-07-23 09:30:00-04:00;4.519999980926514;4.519999980926514;4.519999980926514;4.519999980926514;4323
2021-07-23 09:31:00-04:00;4.398499965667725;4.398499965667725;4.381199836730957;4.381199836730957;1501
2021-07-23 09:32:00-04:00;4.386000156402588;4.386000156402588;4.386000156402588;4.386000156402588;1267
2021-07-23 09:34:00-04:00;4.481900215148926;4.481900215148926;4.481900215148926;4.481900215148926;310
2021-07-23 09:36:00-04:00;4.449999809265137;4.449999809265137;4.449999809265137;4.449999809265137;573
2021-07-23 09:37:00-04:00;4.390999794006348;4.390999794006348;4.390999794006348;4.390999794006348;116
2021-07-23 09:38:00-04:00;4.370100021362305;4.388899803161621;4.370100021362305;4.388899803161621;2700
2021-07-23 09:39:00-04:00;4.380000114440918;4.380000114440918;4.380000114440918;4.380000114440918;546
2021-07-23 09:42:00-04:00;4.378900051116943;4.400000095367432;4.378900051116943;4.400000095367432;901
2021-07-23 09:43:00-04:00;4.444300174713135;4.444300174713135;4.389999866485596;4.389999866485596;962
2021-07-23 09:46:00-04:00;4.449999809265137;4.449999809265137;4.4079999923706055;4.420000076293945;2407
2021-07-23 09:47:00-04:00;4.420000076293945;4.420000076293945;4.420000076293945;4.420000076293945;2785
2021-07-23 09:48:00-04:00;4.429299831390381;4.429299831390381;4.429299831390381;4.429299831390381;110
2021-07-23 09:49:00-04:00;4.389999866485596;4.4191999435424805;4.320000171661377;4.320000171661377;24282
2021-07-23 09:51:00-04:00;4.381100177764893;4.381100177764893;4.381100177764893;4.381100177764893;201
2021-07-23 09:53:00-04:00;4.320099830627441;4.320099830627441;4.320099830627441;4.320099830627441;1559
2021-07-23 09:54:00-04:00;4.400000095367432;4.400000095367432;4.400000095367432;4.400000095367432;586
2021-07-23 09:58:00-04:00;4.340000152587891;4.340000152587891;4.300000190734863;4.300000190734863;13937
2021-07-23 09:59:00-04:00;4.389999866485596;4.389999866485596;4.307199954986572;4.307199954986572;12786
2021-07-23 10:00:00-04:00;4.389999866485596;4.389999866485596;4.389999866485596;4.389999866485596;105
2021-07-23 10:02:00-04:00;4.34499979019165;4.34499979019165;4.34499979019165;4.34499979019165;7653
2021-07-23 10:03:00-04:00;4.389999866485596;4.389999866485596;4.30049991607666;4.30049991607666;10472
2021-07-23 10:04:00-04:00;4.300000190734863;4.300000190734863;4.289999961853027;4.289999961853027;1341
2021-07-23 10:06:00-04:00;4.274700164794922;4.274700164794922;4.274700164794922;4.274700164794922;176
2021-07-23 10:07:00-04:00;4.28000020980835;4.28000020980835;4.28000020980835;4.28000020980835;1500
2021-07-23 10:08:00-04:00;4.271100044250488;4.271100044250488;4.271100044250488;4.271100044250488;3554
2021-07-23 10:09:00-04:00;4.2600998878479;4.2600998878479;4.260000228881836;4.260000228881836;7609
2021-07-23 10:11:00-04:00;4.210100173950195;4.309999942779541;4.210100173950195;4.309999942779541;2340
2021-07-23 10:13:00-04:00;4.253399848937988;4.253399848937988;4.253399848937988;4.253399848937988;101
2021-07-23 10:14:00-04:00;4.220099925994873;4.220099925994873;4.190000057220459;4.190000057220459;10634
2021-07-23 10:15:00-04:00;4.179999828338623;4.289999961853027;4.179999828338623;4.289999961853027;2929
2021-07-23 10:18:00-04:00;4.199999809265137;4.289999961853027;4.179999828338623;4.179999828338623;8791
2021-07-23 10:19:00-04:00;4.276700019836426;4.276700019836426;4.276700019836426;4.276700019836426;195
2021-07-23 10:20:00-04:00;4.210000038146973;4.210000038146973;4.210000038146973;4.210000038146973;323
2021-07-23 10:21:00-04:00;4.199999809265137;4.200300216674805;4.199999809265137;4.200300216674805;3100
2021-07-23 10:22:00-04:00;4.199999809265137;4.210000038146973;4.199999809265137;4.210000038146973;359
2021-07-23 10:24:00-04:00;4.289999961853027;4.289999961853027;4.210000038146973;4.210000038146973;3145
2021-07-23 10:25:00-04:00;4.210000038146973;4.210000038146973;4.210000038146973;4.210000038146973;5000
2021-07-23 10:27:00-04:00;4.210000038146973;4.210000038146973;4.210000038146973;4.210000038146973;161
2021-07-23 10:28:00-04:00;4.210299968719482;4.210299968719482;4.210000038146973;4.210000038146973;400
2021-07-23 10:30:00-04:00;4.25;4.25;4.210000038146973;4.210000038146973;692
2021-07-23 10:32:00-04:00;4.260000228881836;4.260000228881836;4.210000038146973;4.210000038146973;1235
2021-07-23 10:33:00-04:00;4.244999885559082;4.244999885559082;4.244999885559082;4.244999885559082;660
2021-07-23 10:36:00-04:00;4.244999885559082;4.244999885559082;4.244999885559082;4.244999885559082;399
2021-07-23 10:37:00-04:00;4.279300212860107;4.279300212860107;4.230999946594238;4.230999946594238;2070
2021-07-23 10:39:00-04:00;4.210000038146973;4.25;4.210000038146973;4.245999813079834;662
2021-07-23 10:43:00-04:00;4.21999979019165;4.28000020980835;4.21999979019165;4.28000020980835;358
2021-07-23 10:44:00-04:00;4.220600128173828;4.220600128173828;4.220600128173828;4.220600128173828;680
2021-07-23 10:46:00-04:00;4.210000038146973;4.210999965667725;4.210000038146973;4.210999965667725;447
2021-07-23 10:48:00-04:00;4.235000133514404;4.235000133514404;4.210000038146973;4.210100173950195;19915
2021-07-23 10:52:00-04:00;4.217100143432617;4.217100143432617;4.217100143432617;4.217100143432617;125
2021-07-23 10:54:00-04:00;4.210000038146973;4.210000038146973;4.210000038146973;4.210000038146973;105
2021-07-23 10:56:00-04:00;4.199999809265137;4.200500011444092;4.159999847412109;4.189899921417236;19336
2021-07-23 10:57:00-04:00;4.190000057220459;4.190000057220459;4.119999885559082;4.15500020980835;8609
2021-07-23 10:58:00-04:00;4.1579999923706055;4.169899940490723;4.1579999923706055;4.169899940490723;1499
2021-07-23 11:04:00-04:00;4.169899940490723;4.169899940490723;4.169899940490723;4.169899940490723;3810
2021-07-23 11:06:00-04:00;4.189899921417236;4.189899921417236;4.189899921417236;4.189899921417236;2386
2021-07-23 11:07:00-04:00;4.190000057220459;4.190000057220459;4.190000057220459;4.190000057220459;200
2021-07-23 11:09:00-04:00;4.140100002288818;4.140100002288818;4.140100002288818;4.140100002288818;155
2021-07-23 11:12:00-04:00;4.179599761962891;4.189899921417236;4.179599761962891;4.189899921417236;2000
2021-07-23 11:13:00-04:00;4.175000190734863;4.175000190734863;4.175000190734863;4.175000190734863;235
2021-07-23 11:14:00-04:00;4.170000076293945;4.170300006866455;4.170000076293945;4.170100212097168;903
2021-07-23 11:15:00-04:00;4.181000232696533;4.181000232696533;4.170000076293945;4.170000076293945;1100
2021-07-23 11:16:00-04:00;4.190000057220459;4.21999979019165;4.160099983215332;4.214300155639648;3921
2021-07-23 11:17:00-04:00;4.2170000076293945;4.2170000076293945;4.190000057220459;4.190000057220459;1127
2021-07-23 11:19:00-04:00;4.186500072479248;4.186500072479248;4.186500072479248;4.186500072479248;153
2021-07-23 11:20:00-04:00;4.189899921417236;4.189899921417236;4.189899921417236;4.189899921417236;548
2021-07-23 11:21:00-04:00;4.190000057220459;4.190000057220459;4.179999828338623;4.179999828338623;1100
2021-07-23 11:22:00-04:00;4.179999828338623;4.179999828338623;4.179999828338623;4.179999828338623;100
2021-07-23 11:23:00-04:00;4.190000057220459;4.190000057220459;4.190000057220459;4.190000057220459;215
2021-07-23 11:24:00-04:00;4.21999979019165;4.21999979019165;4.21999979019165;4.21999979019165;215
2021-07-23 11:26:00-04:00;4.199999809265137;4.199999809265137;4.199999809265137;4.199999809265137;102
2021-07-23 11:27:00-04:00;4.210000038146973;4.210000038146973;4.190000057220459;4.190000057220459;605
2021-07-23 11:29:00-04:00;4.20989990234375;4.20989990234375;4.20989990234375;4.20989990234375;261
2021-07-23 11:33:00-04:00;4.199999809265137;4.205599784851074;4.199999809265137;4.199999809265137;413
2021-07-23 11:34:00-04:00;4.20989990234375;4.20989990234375;4.190000057220459;4.190000057220459;880
2021-07-23 11:39:00-04:00;4.204999923706055;4.204999923706055;4.204999923706055;4.204999923706055;338
2021-07-23 11:41:00-04:00;4.190000057220459;4.190700054168701;4.170000076293945;4.170000076293945;5346
2021-07-23 11:43:00-04:00;4.189000129699707;4.189000129699707;4.189000129699707;4.189000129699707;1951
2021-07-23 11:46:00-04:00;4.190000057220459;4.190000057220459;4.190000057220459;4.190000057220459;2175
2021-07-23 11:48:00-04:00;4.190000057220459;4.190000057220459;4.190000057220459;4.190000057220459;537
2021-07-23 11:49:00-04:00;4.190000057220459;4.190000057220459;4.190000057220459;4.190000057220459;100
2021-07-23 11:50:00-04:00;4.179999828338623;4.179999828338623;4.170100212097168;4.170100212097168;1298
2021-07-23 11:53:00-04:00;4.190000057220459;4.190000057220459;4.190000057220459;4.190000057220459;355
2021-07-23 11:56:00-04:00;4.170000076293945;4.170000076293945;4.130000114440918;4.139999866485596;10501
2021-07-23 11:57:00-04:00;4.189899921417236;4.189899921417236;4.1479997634887695;4.1479997634887695;1892
2021-07-23 11:58:00-04:00;4.130000114440918;4.159999847412109;4.130000114440918;4.159999847412109;5401
2021-07-23 11:59:00-04:00;4.173900127410889;4.173900127410889;4.173900127410889;4.173900127410889;253
2021-07-23 12:01:00-04:00;4.189899921417236;4.189899921417236;4.170000076293945;4.170000076293945;6375
2021-07-23 12:05:00-04:00;4.189899921417236;4.189899921417236;4.189899921417236;4.189899921417236;1360
2021-07-23 12:13:00-04:00;4.150000095367432;4.189899921417236;4.150000095367432;4.189899921417236;5159
2021-07-23 12:16:00-04:00;4.159999847412109;4.159999847412109;4.159999847412109;4.159999847412109;273
2021-07-23 12:18:00-04:00;4.189899921417236;4.189899921417236;4.189899921417236;4.189899921417236;400
2021-07-23 12:20:00-04:00;4.170000076293945;4.170100212097168;4.170000076293945;4.170100212097168;4100
2021-07-23 12:21:00-04:00;4.140100002288818;4.140100002288818;4.140100002288818;4.140100002288818;375
2021-07-23 12:23:00-04:00;4.15500020980835;4.15500020980835;4.139999866485596;4.139999866485596;588
2021-07-23 12:24:00-04:00;4.139999866485596;4.139999866485596;4.139999866485596;4.139999866485596;1425
2021-07-23 12:25:00-04:00;4.149499893188477;4.149499893188477;4.149499893188477;4.149499893188477;2200
2021-07-23 12:26:00-04:00;4.149899959564209;4.149899959564209;4.149899959564209;4.149899959564209;771
2021-07-23 12:27:00-04:00;4.139999866485596;4.140200138092041;4.130000114440918;4.130000114440918;2162
2021-07-23 12:28:00-04:00;4.138999938964844;4.139999866485596;4.129499912261963;4.139999866485596;4380
2021-07-23 12:30:00-04:00;4.138199806213379;4.138199806213379;4.138199806213379;4.138199806213379;335
2021-07-23 12:31:00-04:00;4.130000114440918;4.130000114440918;4.130000114440918;4.130000114440918;550
2021-07-23 12:32:00-04:00;4.138899803161621;4.138899803161621;4.138899803161621;4.138899803161621;1036
2021-07-23 12:38:00-04:00;4.130000114440918;4.130000114440918;4.130000114440918;4.130000114440918;260
2021-07-23 12:39:00-04:00;4.119999885559082;4.139999866485596;4.099999904632568;4.125400066375732;3505
2021-07-23 12:41:00-04:00;4.110000133514404;4.110000133514404;4.105999946594238;4.105999946594238;1640
2021-07-23 12:42:00-04:00;4.110000133514404;4.110000133514404;4.110000133514404;4.110000133514404;405
2021-07-23 12:43:00-04:00;4.119999885559082;4.119999885559082;4.099999904632568;4.099999904632568;1309
2021-07-23 12:44:00-04:00;4.079999923706055;4.090000152587891;4.079999923706055;4.090000152587891;952
2021-07-23 12:45:00-04:00;4.099899768829346;4.099899768829346;4.099899768829346;4.099899768829346;4405
2021-07-23 12:46:00-04:00;4.096399784088135;4.096399784088135;4.074999809265137;4.079999923706055;5165
2021-07-23 12:47:00-04:00;4.079999923706055;4.079999923706055;4.079999923706055;4.079999923706055;316
2021-07-23 12:50:00-04:00;4.114999771118164;4.114999771118164;4.114999771118164;4.114999771118164;1100
2021-07-23 12:51:00-04:00;4.126200199127197;4.126200199127197;4.099999904632568;4.10099983215332;6678
2021-07-23 12:54:00-04:00;4.136300086975098;4.136300086975098;4.136300086975098;4.136300086975098;204
2021-07-23 12:55:00-04:00;4.13700008392334;4.13700008392334;4.13700008392334;4.13700008392334;300
2021-07-23 12:56:00-04:00;4.139999866485596;4.139999866485596;4.139999866485596;4.139999866485596;341
2021-07-23 12:57:00-04:00;4.111700057983398;4.111700057983398;4.111700057983398;4.111700057983398;2650
2021-07-23 12:58:00-04:00;4.110000133514404;4.119999885559082;4.110000133514404;4.118000030517578;829
2021-07-23 12:59:00-04:00;4.110000133514404;4.110000133514404;4.110000133514404;4.110000133514404;6878
2021-07-23 13:02:00-04:00;4.077700138092041;4.077700138092041;4.074999809265137;4.074999809265137;722
2021-07-23 13:05:00-04:00;4.130000114440918;4.130000114440918;4.070000171661377;4.070000171661377;974
2021-07-23 13:06:00-04:00;4.079999923706055;4.080999851226807;4.079999923706055;4.079999923706055;2817
2021-07-23 13:07:00-04:00;4.12529993057251;4.12529993057251;4.099999904632568;4.099999904632568;200
2021-07-23 13:08:00-04:00;4.079999923706055;4.079999923706055;4.079999923706055;4.079999923706055;100
2021-07-23 13:09:00-04:00;4.070000171661377;4.070000171661377;4.050000190734863;4.050000190734863;5521
2021-07-23 13:10:00-04:00;4.039999961853027;4.065199851989746;4.039999961853027;4.065199851989746;2338
2021-07-23 13:11:00-04:00;4.064700126647949;4.069900035858154;4.019999980926514;4.069900035858154;1890
2021-07-23 13:12:00-04:00;4.069900035858154;4.069900035858154;4.019999980926514;4.019999980926514;4550
2021-07-23 13:13:00-04:00;4.056600093841553;4.056600093841553;4.056600093841553;4.056600093841553;1019
2021-07-23 13:14:00-04:00;4.050000190734863;4.050000190734863;4.050000190734863;4.050000190734863;150
2021-07-23 13:15:00-04:00;4.050000190734863;4.050000190734863;4.050000190734863;4.050000190734863;1080
2021-07-23 13:16:00-04:00;4.050099849700928;4.050099849700928;4.03000020980835;4.03000020980835;1849
2021-07-23 13:17:00-04:00;4.029900074005127;4.029900074005127;4.010000228881836;4.010000228881836;7036
2021-07-23 13:18:00-04:00;4.002999782562256;4.019999980926514;4.0;4.012700080871582;4671
2021-07-23 13:19:00-04:00;4.010000228881836;4.1367998123168945;4.010000228881836;4.012700080871582;1472
2021-07-23 13:21:00-04:00;4.03000020980835;4.0391998291015625;4.019999980926514;4.019999980926514;1500
2021-07-23 13:22:00-04:00;4.150000095367432;4.150000095367432;4.150000095367432;4.150000095367432;206
2021-07-23 13:27:00-04:00;4.099999904632568;4.099999904632568;4.079999923706055;4.099899768829346;1134
2021-07-23 13:36:00-04:00;4.039999961853027;4.039999961853027;4.03000020980835;4.03000020980835;225
2021-07-23 13:37:00-04:00;4.031199932098389;4.032800197601318;4.031199932098389;4.032800197601318;1748
2021-07-23 13:41:00-04:00;4.0756001472473145;4.0756001472473145;4.0756001472473145;4.0756001472473145;500
2021-07-23 13:45:00-04:00;4.074999809265137;4.074999809265137;4.074999809265137;4.074999809265137;230
2021-07-23 13:46:00-04:00;4.050000190734863;4.050000190734863;4.019999980926514;4.050000190734863;3885
2021-07-23 13:53:00-04:00;4.0630998611450195;4.092599868774414;4.0630998611450195;4.092599868774414;350
2021-07-23 13:54:00-04:00;4.079999923706055;4.119999885559082;4.079999923706055;4.119900226593018;12611
2021-07-23 14:04:00-04:00;4.1092000007629395;4.1092000007629395;4.1092000007629395;4.1092000007629395;500
2021-07-23 14:07:00-04:00;4.099999904632568;4.100100040435791;4.099999904632568;4.100100040435791;521
2021-07-23 14:16:00-04:00;4.079999923706055;4.079999923706055;4.079999923706055;4.079999923706055;1170
2021-07-23 14:21:00-04:00;4.090000152587891;4.090000152587891;4.090000152587891;4.090000152587891;106
2021-07-23 14:29:00-04:00;4.090000152587891;4.090000152587891;4.079999923706055;4.079999923706055;953
2021-07-23 14:30:00-04:00;4.0644001960754395;4.0644001960754395;4.0644001960754395;4.0644001960754395;233
2021-07-23 14:35:00-04:00;4.050099849700928;4.050099849700928;4.050099849700928;4.050099849700928;200
2021-07-23 14:38:00-04:00;4.099800109863281;4.099800109863281;4.050000190734863;4.050000190734863;3250
2021-07-23 14:40:00-04:00;4.110000133514404;4.110000133514404;4.050099849700928;4.050099849700928;839
2021-07-23 14:47:00-04:00;4.079999923706055;4.0802998542785645;4.079999923706055;4.0802998542785645;700
2021-07-23 14:48:00-04:00;4.079999923706055;4.079999923706055;4.079999923706055;4.079999923706055;564
2021-07-23 14:51:00-04:00;4.107100009918213;4.107100009918213;4.107100009918213;4.107100009918213;500
2021-07-23 14:52:00-04:00;4.110000133514404;4.110000133514404;4.110000133514404;4.110000133514404;120
2021-07-23 14:54:00-04:00;4.09499979019165;4.09499979019165;4.080100059509277;4.080100059509277;9503
2021-07-23 15:03:00-04:00;4.070000171661377;4.070000171661377;4.070000171661377;4.070000171661377;395
2021-07-23 15:11:00-04:00;4.090000152587891;4.090000152587891;4.090000152587891;4.090000152587891;492
2021-07-23 15:14:00-04:00;4.110000133514404;4.110000133514404;4.110000133514404;4.110000133514404;200
2021-07-23 15:15:00-04:00;4.110000133514404;4.110000133514404;4.110000133514404;4.110000133514404;105
2021-07-23 15:16:00-04:00;4.110000133514404;4.110000133514404;4.110000133514404;4.110000133514404;12851
2021-07-23 15:17:00-04:00;4.099999904632568;4.107999801635742;4.099999904632568;4.107999801635742;600
2021-07-23 15:19:00-04:00;4.099999904632568;4.099999904632568;4.090000152587891;4.099999904632568;1380
2021-07-23 15:22:00-04:00;4.110000133514404;4.110000133514404;4.1031999588012695;4.110000133514404;1131
2021-07-23 15:25:00-04:00;4.102799892425537;4.110000133514404;4.102799892425537;4.1082000732421875;14850
2021-07-23 15:26:00-04:00;4.110000133514404;4.119999885559082;4.110000133514404;4.119999885559082;834
2021-07-23 15:37:00-04:00;4.125;4.125;4.125;4.125;408
2021-07-23 15:39:00-04:00;4.099999904632568;4.099999904632568;4.099999904632568;4.099999904632568;943
2021-07-23 15:43:00-04:00;4.110000133514404;4.110000133514404;4.105000019073486;4.110000133514404;1700
2021-07-23 15:44:00-04:00;4.125;4.150000095367432;4.125;4.150000095367432;5000
2021-07-23 15:45:00-04:00;4.117599964141846;4.125;4.099999904632568;4.099999904632568;5171
2021-07-23 15:47:00-04:00;4.135000228881836;4.135000228881836;4.135000228881836;4.135000228881836;329
2021-07-23 15:50:00-04:00;4.099999904632568;4.099999904632568;4.081999778747559;4.081999778747559;3727
2021-07-23 15:51:00-04:00;4.079999923706055;4.079999923706055;4.079999923706055;4.079999923706055;301
2021-07-23 15:53:00-04:00;4.105000019073486;4.139999866485596;4.105000019073486;4.139999866485596;891
2021-07-23 15:59:00-04:00;4.079500198364258;4.126999855041504;4.070000171661377;4.070000171661377;1963
