Datetime;Open;High;Low;Close;Volume
2021-07-19 09:30:00-04:00;3.180000066757202;3.190000057220459;3.049999952316284;3.119999885559082;65073
2021-07-19 09:31:00-04:00;3.059999942779541;3.0618999004364014;2.9300999641418457;2.9300999641418457;40704
2021-07-19 09:32:00-04:00;2.9400999546051025;2.9700000286102295;2.930000066757202;2.930000066757202;9887
2021-07-19 09:33:00-04:00;2.940000057220459;3.0;2.940000057220459;2.950000047683716;11861
2021-07-19 09:34:00-04:00;3.0;3.0;2.9400999546051025;2.950000047683716;11389
2021-07-19 09:35:00-04:00;2.9700000286102295;3.0299999713897705;2.950000047683716;3.0299999713897705;13457
2021-07-19 09:36:00-04:00;2.990000009536743;3.0299999713897705;2.940000057220459;3.0299999713897705;26072
2021-07-19 09:37:00-04:00;2.950000047683716;3.0290000438690186;2.950000047683716;3.0083999633789062;11270
2021-07-19 09:38:00-04:00;3.0299999713897705;3.0459001064300537;3.009999990463257;3.0459001064300537;17211
2021-07-19 09:39:00-04:00;3.0350000858306885;3.059999942779541;3.0350000858306885;3.059999942779541;19079
2021-07-19 09:40:00-04:00;3.049999952316284;3.0799999237060547;3.0399999618530273;3.0799999237060547;5175
2021-07-19 09:41:00-04:00;3.0573999881744385;3.061000108718872;3.0199999809265137;3.0199999809265137;1944
2021-07-19 09:42:00-04:00;3.049999952316284;3.049999952316284;3.0100998878479004;3.017699956893921;4010
2021-07-19 09:43:00-04:00;3.0299999713897705;3.0299999713897705;3.009999990463257;3.0100998878479004;4486
2021-07-19 09:44:00-04:00;3.0;3.0;2.950000047683716;2.955899953842163;6299
2021-07-19 09:45:00-04:00;2.9595000743865967;3.009999990463257;2.9595000743865967;3.009999990463257;895
2021-07-19 09:46:00-04:00;2.950000047683716;2.952500104904175;2.950000047683716;2.952500104904175;1541
2021-07-19 09:47:00-04:00;2.9600000381469727;2.990000009536743;2.950000047683716;2.950000047683716;4730
2021-07-19 09:48:00-04:00;2.9839999675750732;2.9839999675750732;2.950000047683716;2.9839999675750732;3367
2021-07-19 09:49:00-04:00;2.9560000896453857;2.9560000896453857;2.9560000896453857;2.9560000896453857;725
2021-07-19 09:50:00-04:00;2.9865000247955322;2.9865000247955322;2.960099935531616;2.9749999046325684;9131
2021-07-19 09:51:00-04:00;2.990000009536743;2.990000009536743;2.9100000858306885;2.9100000858306885;7764
2021-07-19 09:52:00-04:00;2.869999885559082;2.869999885559082;2.809999942779541;2.809999942779541;34461
2021-07-19 09:53:00-04:00;2.859999895095825;2.8949999809265137;2.859999895095825;2.8949999809265137;2624
2021-07-19 09:54:00-04:00;2.869999885559082;2.8949999809265137;2.840100049972534;2.840100049972534;1319
2021-07-19 09:55:00-04:00;2.8477001190185547;2.8584001064300537;2.8477001190185547;2.8584001064300537;3219
2021-07-19 09:56:00-04:00;2.850100040435791;2.850100040435791;2.8499999046325684;2.8499999046325684;331
2021-07-19 09:57:00-04:00;2.861799955368042;2.890000104904175;2.861799955368042;2.890000104904175;225
2021-07-19 09:58:00-04:00;2.840100049972534;2.869999885559082;2.8399999141693115;2.840100049972534;13496
2021-07-19 09:59:00-04:00;2.869800090789795;2.869999885559082;2.799999952316284;2.799999952316284;15686
2021-07-19 10:00:00-04:00;2.8299999237060547;2.8299999237060547;2.8299999237060547;2.8299999237060547;228
2021-07-19 10:01:00-04:00;2.815000057220459;2.815000057220459;2.815000057220459;2.815000057220459;5730
2021-07-19 10:03:00-04:00;2.815000057220459;2.827699899673462;2.800100088119507;2.827699899673462;4481
2021-07-19 10:04:00-04:00;2.800100088119507;2.8299999237060547;2.800100088119507;2.825000047683716;7954
2021-07-19 10:05:00-04:00;2.815000057220459;2.8299999237060547;2.8101000785827637;2.8101000785827637;4145
2021-07-19 10:06:00-04:00;2.8299999237060547;2.859999895095825;2.8299999237060547;2.859999895095825;10439
2021-07-19 10:07:00-04:00;2.890000104904175;2.9200000762939453;2.890000104904175;2.9200000762939453;14246
2021-07-19 10:08:00-04:00;2.924999952316284;2.940000057220459;2.9200000762939453;2.940000057220459;4680
2021-07-19 10:09:00-04:00;2.930000066757202;2.930000066757202;2.8949999809265137;2.9000000953674316;2085
2021-07-19 10:10:00-04:00;2.9000000953674316;2.9000000953674316;2.9000000953674316;2.9000000953674316;420
2021-07-19 10:11:00-04:00;2.889899969100952;2.889899969100952;2.880000114440918;2.880000114440918;1470
2021-07-19 10:12:00-04:00;2.9000000953674316;2.9000000953674316;2.9000000953674316;2.9000000953674316;100
2021-07-19 10:13:00-04:00;2.8801000118255615;2.9000000953674316;2.880000114440918;2.8801000118255615;2955
2021-07-19 10:14:00-04:00;2.880000114440918;2.880000114440918;2.8399999141693115;2.869999885559082;2253
2021-07-19 10:15:00-04:00;2.8410000801086426;2.8450000286102295;2.8410000801086426;2.8450000286102295;831
2021-07-19 10:16:00-04:00;2.829200029373169;2.829200029373169;2.829200029373169;2.829200029373169;182
2021-07-19 10:19:00-04:00;2.8499999046325684;2.8499999046325684;2.8499999046325684;2.8499999046325684;330
2021-07-19 10:20:00-04:00;2.851900100708008;2.859999895095825;2.851900100708008;2.859999895095825;1993
2021-07-19 10:21:00-04:00;2.9000000953674316;2.9000000953674316;2.869999885559082;2.869999885559082;6674
2021-07-19 10:22:00-04:00;2.8768999576568604;2.8768999576568604;2.8768999576568604;2.8768999576568604;281
2021-07-19 10:24:00-04:00;2.869999885559082;2.869999885559082;2.869999885559082;2.869999885559082;682
2021-07-19 10:25:00-04:00;2.859999895095825;2.859999895095825;2.859999895095825;2.859999895095825;150
2021-07-19 10:26:00-04:00;2.869999885559082;2.869999885559082;2.869999885559082;2.869999885559082;117
2021-07-19 10:28:00-04:00;2.859999895095825;2.859999895095825;2.8315000534057617;2.8327999114990234;2378
2021-07-19 10:29:00-04:00;2.8301000595092773;2.8777999877929688;2.8299999237060547;2.8777999877929688;3049
2021-07-19 10:30:00-04:00;2.8770999908447266;2.880000114440918;2.8770999908447266;2.880000114440918;1175
2021-07-19 10:31:00-04:00;2.890000104904175;2.9100000858306885;2.890000104904175;2.9100000858306885;1406
2021-07-19 10:32:00-04:00;2.9200000762939453;2.9275999069213867;2.9200000762939453;2.9275999069213867;8339
2021-07-19 10:33:00-04:00;2.9000000953674316;2.940000057220459;2.9000000953674316;2.9200000762939453;6037
2021-07-19 10:35:00-04:00;2.890000104904175;2.890000104904175;2.890000104904175;2.890000104904175;102
2021-07-19 10:36:00-04:00;2.880000114440918;2.940000057220459;2.880000114440918;2.940000057220459;7896
2021-07-19 10:37:00-04:00;2.934999942779541;2.934999942779541;2.934999942779541;2.934999942779541;245
2021-07-19 10:38:00-04:00;2.9421000480651855;2.9421000480651855;2.9421000480651855;2.9421000480651855;154
2021-07-19 10:40:00-04:00;2.934999942779541;2.934999942779541;2.934999942779541;2.934999942779541;383
2021-07-19 10:41:00-04:00;2.950000047683716;2.950000047683716;2.934999942779541;2.934999942779541;1425
2021-07-19 10:42:00-04:00;2.930000066757202;2.930000066757202;2.930000066757202;2.930000066757202;346
2021-07-19 10:43:00-04:00;2.942199945449829;2.942199945449829;2.942199945449829;2.942199945449829;146
2021-07-19 10:44:00-04:00;2.924999952316284;2.924999952316284;2.924999952316284;2.924999952316284;171
2021-07-19 10:45:00-04:00;2.950000047683716;2.950000047683716;2.948499917984009;2.948499917984009;1933
2021-07-19 10:46:00-04:00;2.937999963760376;2.937999963760376;2.937999963760376;2.937999963760376;500
2021-07-19 10:47:00-04:00;2.925299882888794;2.950000047683716;2.925299882888794;2.9300999641418457;9209
2021-07-19 10:48:00-04:00;2.950000047683716;2.950000047683716;2.950000047683716;2.950000047683716;122
2021-07-19 10:49:00-04:00;2.9800000190734863;3.0;2.9800000190734863;3.0;1581
2021-07-19 10:50:00-04:00;2.990000009536743;2.990000009536743;2.990000009536743;2.990000009536743;1235
2021-07-19 10:51:00-04:00;2.9800000190734863;2.9800000190734863;2.9700000286102295;2.9700000286102295;1466
2021-07-19 10:52:00-04:00;2.9800000190734863;3.0114998817443848;2.9800000190734863;3.0114998817443848;3633
2021-07-19 10:53:00-04:00;3.0199999809265137;3.0199999809265137;3.0199999809265137;3.0199999809265137;1000
2021-07-19 10:54:00-04:00;3.0099000930786133;3.009999990463257;3.0088000297546387;3.009999990463257;474
2021-07-19 10:55:00-04:00;3.01990008354187;3.01990008354187;3.01200008392334;3.01200008392334;285
2021-07-19 10:57:00-04:00;3.0199999809265137;3.0199999809265137;3.0199999809265137;3.0199999809265137;453
2021-07-19 10:58:00-04:00;3.0190000534057617;3.0190000534057617;3.0185999870300293;3.0185999870300293;205
2021-07-19 11:02:00-04:00;3.0199999809265137;3.0199999809265137;3.0199999809265137;3.0199999809265137;142
2021-07-19 11:04:00-04:00;3.0246999263763428;3.0299999713897705;3.009999990463257;3.009999990463257;3850
2021-07-19 11:05:00-04:00;3.0276999473571777;3.0276999473571777;3.0199999809265137;3.0199999809265137;1403
2021-07-19 11:06:00-04:00;3.0139999389648438;3.0139999389648438;3.0139999389648438;3.0139999389648438;120
2021-07-19 11:07:00-04:00;3.015000104904175;3.0199999809265137;3.015000104904175;3.0199999809265137;600
2021-07-19 11:08:00-04:00;3.0190000534057617;3.0190000534057617;3.0190000534057617;3.0190000534057617;1000
2021-07-19 11:09:00-04:00;3.0172998905181885;3.0172998905181885;3.015000104904175;3.015000104904175;3836
2021-07-19 11:11:00-04:00;3.009999990463257;3.0199999809265137;3.0;3.0199999809265137;4323
2021-07-19 11:12:00-04:00;3.009999990463257;3.009999990463257;3.009999990463257;3.009999990463257;226
2021-07-19 11:13:00-04:00;3.009999990463257;3.0199999809265137;3.009999990463257;3.0199999809265137;580
2021-07-19 11:14:00-04:00;3.015000104904175;3.0199999809265137;3.015000104904175;3.0199999809265137;1713
2021-07-19 11:16:00-04:00;3.010999917984009;3.0199999809265137;3.010999917984009;3.0199999809265137;471
2021-07-19 11:17:00-04:00;3.0250000953674316;3.0290000438690186;3.0199999809265137;3.0290000438690186;2153
2021-07-19 11:19:00-04:00;3.0201001167297363;3.0201001167297363;3.0199999809265137;3.0199999809265137;449
2021-07-19 11:21:00-04:00;3.0199999809265137;3.0199999809265137;3.0199999809265137;3.0199999809265137;166
2021-07-19 11:22:00-04:00;3.0199999809265137;3.0199999809265137;3.0199999809265137;3.0199999809265137;2903
2021-07-19 11:23:00-04:00;3.0199999809265137;3.0199999809265137;3.0199999809265137;3.0199999809265137;519
2021-07-19 11:32:00-04:00;3.0100998878479004;3.0100998878479004;3.0100998878479004;3.0100998878479004;5146
2021-07-19 11:36:00-04:00;3.0199999809265137;3.029900074005127;3.0199999809265137;3.029900074005127;932
2021-07-19 11:38:00-04:00;3.0215001106262207;3.029900074005127;3.0215001106262207;3.029900074005127;473
2021-07-19 11:40:00-04:00;3.0199999809265137;3.0299999713897705;3.0199999809265137;3.0299999713897705;4198
2021-07-19 11:41:00-04:00;3.049999952316284;3.049999952316284;3.0499000549316406;3.0499000549316406;452
2021-07-19 11:42:00-04:00;3.0409998893737793;3.0409998893737793;3.0201001167297363;3.0201001167297363;847
2021-07-19 11:44:00-04:00;3.0299999713897705;3.0299999713897705;3.0299999713897705;3.0299999713897705;151
2021-07-19 11:46:00-04:00;3.0399999618530273;3.0399999618530273;3.0399999618530273;3.0399999618530273;4230
2021-07-19 11:47:00-04:00;3.0325000286102295;3.0325000286102295;3.0299999713897705;3.0299999713897705;578
2021-07-19 11:48:00-04:00;3.0201001167297363;3.049999952316284;3.0201001167297363;3.0443999767303467;1640
2021-07-19 11:49:00-04:00;3.0350000858306885;3.0350000858306885;3.0350000858306885;3.0350000858306885;915
2021-07-19 11:50:00-04:00;3.0274999141693115;3.0274999141693115;3.0262999534606934;3.0262999534606934;429
2021-07-19 11:51:00-04:00;3.0297999382019043;3.0297999382019043;3.0297999382019043;3.0297999382019043;700
2021-07-19 11:52:00-04:00;3.0299999713897705;3.0299999713897705;3.0250000953674316;3.029900074005127;1786
2021-07-19 11:54:00-04:00;3.0250000953674316;3.0250000953674316;3.0250000953674316;3.0250000953674316;871
2021-07-19 11:56:00-04:00;3.0250000953674316;3.059999942779541;3.0199999809265137;3.0199999809265137;1564
2021-07-19 11:57:00-04:00;3.0250000953674316;3.0250000953674316;3.0250000953674316;3.0250000953674316;457
2021-07-19 11:58:00-04:00;3.0250000953674316;3.0399999618530273;3.0250000953674316;3.0399999618530273;2178
2021-07-19 12:00:00-04:00;3.069999933242798;3.069999933242798;3.0399999618530273;3.049999952316284;1181
2021-07-19 12:02:00-04:00;3.049999952316284;3.049999952316284;3.049999952316284;3.049999952316284;470
2021-07-19 12:03:00-04:00;3.069999933242798;3.069999933242798;3.069999933242798;3.069999933242798;577
2021-07-19 12:05:00-04:00;3.049999952316284;3.049999952316284;3.0299999713897705;3.0439999103546143;1271
2021-07-19 12:06:00-04:00;3.029900074005127;3.0299999713897705;3.0281999111175537;3.0299999713897705;642
2021-07-19 12:07:00-04:00;3.0199999809265137;3.0199999809265137;3.009999990463257;3.009999990463257;8234
2021-07-19 12:08:00-04:00;3.0100998878479004;3.0100998878479004;3.0100998878479004;3.0100998878479004;348
2021-07-19 12:10:00-04:00;3.0274999141693115;3.0274999141693115;3.0274999141693115;3.0274999141693115;417
2021-07-19 12:11:00-04:00;3.0299999713897705;3.0299999713897705;3.0250000953674316;3.0250000953674316;445
2021-07-19 12:13:00-04:00;3.0199999809265137;3.0199999809265137;3.0199999809265137;3.0199999809265137;375
2021-07-19 12:14:00-04:00;3.0199999809265137;3.0199999809265137;3.0199999809265137;3.0199999809265137;251
2021-07-19 12:15:00-04:00;3.0199999809265137;3.0299999713897705;3.0199999809265137;3.0272998809814453;702
2021-07-19 12:17:00-04:00;3.022200107574463;3.022200107574463;3.022200107574463;3.022200107574463;380
2021-07-19 12:18:00-04:00;3.0267999172210693;3.0267999172210693;3.0199999809265137;3.0199999809265137;458
2021-07-19 12:19:00-04:00;3.0299999713897705;3.0299999713897705;3.0;3.0;6545
2021-07-19 12:20:00-04:00;2.9951999187469482;2.9986000061035156;2.994999885559082;2.994999885559082;490
2021-07-19 12:22:00-04:00;2.990000009536743;2.9900999069213867;2.990000009536743;2.9900999069213867;2771
2021-07-19 12:25:00-04:00;2.9874000549316406;2.990000009536743;2.984499931335449;2.9846999645233154;1326
2021-07-19 12:26:00-04:00;2.984999895095825;2.990000009536743;2.9839999675750732;2.984100103378296;1146
2021-07-19 12:27:00-04:00;2.990000009536743;2.990000009536743;2.990000009536743;2.990000009536743;13536
2021-07-19 12:28:00-04:00;2.984999895095825;2.984999895095825;2.9816999435424805;2.9816999435424805;505
2021-07-19 12:29:00-04:00;2.984999895095825;2.9899001121520996;2.984999895095825;2.9899001121520996;1627
2021-07-19 12:30:00-04:00;2.990000009536743;2.990000009536743;2.990000009536743;2.990000009536743;101
2021-07-19 12:31:00-04:00;2.984999895095825;2.984999895095825;2.98009991645813;2.98009991645813;2155
2021-07-19 12:32:00-04:00;2.990000009536743;2.990000009536743;2.9800000190734863;2.9800000190734863;2187
2021-07-19 12:33:00-04:00;2.980600118637085;2.990000009536743;2.980600118637085;2.990000009536743;5023
2021-07-19 12:34:00-04:00;2.990000009536743;2.990000009536743;2.984999895095825;2.984999895095825;400
2021-07-19 12:35:00-04:00;2.9800000190734863;2.9800000190734863;2.9800000190734863;2.9800000190734863;2003
2021-07-19 12:40:00-04:00;2.9800000190734863;2.9800000190734863;2.940000057220459;2.940000057220459;10220
2021-07-19 12:41:00-04:00;2.950000047683716;2.950000047683716;2.950000047683716;2.950000047683716;1268
2021-07-19 12:42:00-04:00;2.944999933242798;2.950000047683716;2.944999933242798;2.9498000144958496;1842
2021-07-19 12:43:00-04:00;2.950000047683716;2.9697999954223633;2.950000047683716;2.9697999954223633;1749
2021-07-19 12:44:00-04:00;2.9600000381469727;2.9600000381469727;2.9600000381469727;2.9600000381469727;1879
2021-07-19 12:47:00-04:00;2.9600000381469727;2.9600000381469727;2.9600000381469727;2.9600000381469727;135
2021-07-19 12:49:00-04:00;2.9697999954223633;2.9700000286102295;2.9697999954223633;2.9700000286102295;3276
2021-07-19 12:50:00-04:00;2.9639999866485596;2.9639999866485596;2.9639999866485596;2.9639999866485596;100
2021-07-19 12:51:00-04:00;2.950000047683716;2.950000047683716;2.950000047683716;2.950000047683716;574
2021-07-19 12:52:00-04:00;2.950000047683716;2.9500999450683594;2.950000047683716;2.9500999450683594;513
2021-07-19 12:53:00-04:00;2.950000047683716;2.950000047683716;2.950000047683716;2.950000047683716;100
2021-07-19 12:55:00-04:00;2.950000047683716;2.950000047683716;2.9200000762939453;2.934999942779541;7303
2021-07-19 12:57:00-04:00;2.925100088119507;2.925100088119507;2.925100088119507;2.925100088119507;1114
2021-07-19 12:58:00-04:00;2.940000057220459;2.950000047683716;2.940000057220459;2.950000047683716;2826
2021-07-19 12:59:00-04:00;2.9700000286102295;2.9700000286102295;2.9700000286102295;2.9700000286102295;10000
2021-07-19 13:00:00-04:00;2.9700000286102295;2.9700000286102295;2.9600000381469727;2.9602999687194824;1300
2021-07-19 13:02:00-04:00;2.9700000286102295;2.9700000286102295;2.9700000286102295;2.9700000286102295;100
2021-07-19 13:03:00-04:00;2.9609999656677246;2.9700000286102295;2.9609999656677246;2.9700000286102295;4450
2021-07-19 13:05:00-04:00;2.9800000190734863;2.9800000190734863;2.9700000286102295;2.9800000190734863;1199
2021-07-19 13:06:00-04:00;2.9800000190734863;3.003999948501587;2.9800000190734863;3.003999948501587;1355
2021-07-19 13:07:00-04:00;3.005000114440918;3.005000114440918;3.0;3.0;1386
2021-07-19 13:08:00-04:00;3.005000114440918;3.0499000549316406;3.0;3.0399999618530273;39627
2021-07-19 13:12:00-04:00;3.030100107192993;3.030100107192993;3.030100107192993;3.030100107192993;5250
2021-07-19 13:16:00-04:00;3.0299999713897705;3.0299999713897705;3.0299999713897705;3.0299999713897705;300
2021-07-19 13:20:00-04:00;3.049999952316284;3.049999952316284;3.049999952316284;3.049999952316284;200
2021-07-19 13:21:00-04:00;3.0399999618530273;3.0399999618530273;3.0399999618530273;3.0399999618530273;155
2021-07-19 13:23:00-04:00;3.0399999618530273;3.0399999618530273;3.0199999809265137;3.0262999534606934;12112
2021-07-19 13:24:00-04:00;3.0299999713897705;3.0299999713897705;3.0201001167297363;3.0201001167297363;795
2021-07-19 13:32:00-04:00;3.036799907684326;3.036799907684326;3.036799907684326;3.036799907684326;231
2021-07-19 13:34:00-04:00;3.0399999618530273;3.0399999618530273;3.0399999618530273;3.0399999618530273;500
2021-07-19 13:35:00-04:00;3.0399999618530273;3.0399999618530273;3.0350000858306885;3.0399999618530273;728
2021-07-19 13:36:00-04:00;3.0399999618530273;3.0399999618530273;3.0399999618530273;3.0399999618530273;1276
2021-07-19 13:37:00-04:00;3.0450000762939453;3.0450000762939453;3.0450000762939453;3.0450000762939453;744
2021-07-19 13:38:00-04:00;3.049999952316284;3.050100088119507;3.049999952316284;3.050100088119507;1881
2021-07-19 13:40:00-04:00;3.049999952316284;3.049999952316284;3.049999952316284;3.049999952316284;2325
2021-07-19 13:43:00-04:00;3.049999952316284;3.049999952316284;3.049999952316284;3.049999952316284;1072
2021-07-19 13:52:00-04:00;3.049999952316284;3.049999952316284;3.0399999618530273;3.0399999618530273;423
2021-07-19 13:53:00-04:00;3.047499895095825;3.047499895095825;3.0299999713897705;3.0299999713897705;819
2021-07-19 13:54:00-04:00;3.049999952316284;3.049999952316284;3.049999952316284;3.049999952316284;1084
2021-07-19 14:00:00-04:00;3.0399999618530273;3.0399999618530273;3.0399999618530273;3.0399999618530273;100
2021-07-19 14:02:00-04:00;3.0299999713897705;3.0299999713897705;3.0299999713897705;3.0299999713897705;11514
2021-07-19 14:04:00-04:00;3.0299999713897705;3.0299999713897705;3.0299999713897705;3.0299999713897705;581
2021-07-19 14:11:00-04:00;3.0199999809265137;3.0199999809265137;3.0199999809265137;3.0199999809265137;750
2021-07-19 14:12:00-04:00;3.0236001014709473;3.0299999713897705;3.0199999809265137;3.0299999713897705;1754
2021-07-19 14:14:00-04:00;3.0250000953674316;3.0250000953674316;3.0199999809265137;3.0199999809265137;12156
2021-07-19 14:15:00-04:00;3.0199999809265137;3.0299999713897705;3.009999990463257;3.0299999713897705;44348
2021-07-19 14:16:00-04:00;3.0208001136779785;3.0208001136779785;3.0208001136779785;3.0208001136779785;100
2021-07-19 14:17:00-04:00;3.0299999713897705;3.0299999713897705;3.0299999713897705;3.0299999713897705;600
2021-07-19 14:18:00-04:00;3.0299999713897705;3.0399999618530273;3.0201001167297363;3.0399999618530273;9197
2021-07-19 14:20:00-04:00;3.0201001167297363;3.0201001167297363;3.0201001167297363;3.0201001167297363;450
2021-07-19 14:22:00-04:00;3.0201001167297363;3.0299999713897705;3.0201001167297363;3.0201001167297363;300
2021-07-19 14:23:00-04:00;3.0299999713897705;3.0299999713897705;3.0299999713897705;3.0299999713897705;351
2021-07-19 14:24:00-04:00;3.0201001167297363;3.0250000953674316;3.0;3.0;31619
2021-07-19 14:25:00-04:00;3.0;3.009999990463257;2.9800000190734863;2.9800000190734863;2136
2021-07-19 14:26:00-04:00;3.0;3.009999990463257;3.0;3.009999990463257;2654
2021-07-19 14:27:00-04:00;3.009999990463257;3.009999990463257;3.009999990463257;3.009999990463257;100
2021-07-19 14:28:00-04:00;3.009000062942505;3.009000062942505;3.009000062942505;3.009000062942505;1050
2021-07-19 14:29:00-04:00;3.0000998973846436;3.009999990463257;3.0000998973846436;3.0000998973846436;800
2021-07-19 14:31:00-04:00;3.0009000301361084;3.0009000301361084;3.0009000301361084;3.0009000301361084;1666
2021-07-19 14:32:00-04:00;3.009999990463257;3.009999990463257;3.005000114440918;3.005000114440918;320
2021-07-19 14:33:00-04:00;3.009999990463257;3.0399999618530273;3.009999990463257;3.0399999618530273;6377
2021-07-19 14:34:00-04:00;3.0100998878479004;3.0100998878479004;3.0100998878479004;3.0100998878479004;452
2021-07-19 14:36:00-04:00;3.009999990463257;3.009999990463257;3.009999990463257;3.009999990463257;1915
2021-07-19 14:37:00-04:00;3.0199999809265137;3.0199999809265137;3.0199999809265137;3.0199999809265137;3253
2021-07-19 14:38:00-04:00;3.0399999618530273;3.0399999618530273;3.0399999618530273;3.0399999618530273;1000
2021-07-19 14:39:00-04:00;3.049999952316284;3.049999952316284;3.049999952316284;3.049999952316284;534
2021-07-19 14:41:00-04:00;3.0555999279022217;3.0555999279022217;3.0555999279022217;3.0555999279022217;1773
2021-07-19 14:45:00-04:00;3.059999942779541;3.059999942779541;3.059999942779541;3.059999942779541;100
2021-07-19 14:47:00-04:00;3.055000066757202;3.055000066757202;3.049999952316284;3.050100088119507;4632
2021-07-19 14:50:00-04:00;3.055000066757202;3.055000066757202;3.055000066757202;3.055000066757202;157
2021-07-19 14:52:00-04:00;3.049999952316284;3.049999952316284;3.049999952316284;3.049999952316284;1600
2021-07-19 14:57:00-04:00;3.049999952316284;3.049999952316284;3.049999952316284;3.049999952316284;700
2021-07-19 15:04:00-04:00;3.049999952316284;3.049999952316284;3.049999952316284;3.049999952316284;100
2021-07-19 15:05:00-04:00;3.049999952316284;3.050100088119507;3.049999952316284;3.049999952316284;1800
2021-07-19 15:06:00-04:00;3.0599000453948975;3.0599000453948975;3.0599000453948975;3.0599000453948975;210
2021-07-19 15:09:00-04:00;3.050100088119507;3.050100088119507;3.050100088119507;3.050100088119507;5000
2021-07-19 15:16:00-04:00;3.055000066757202;3.059999942779541;3.055000066757202;3.059999942779541;410
2021-07-19 15:17:00-04:00;3.059999942779541;3.059999942779541;3.059999942779541;3.059999942779541;675
2021-07-19 15:20:00-04:00;3.059999942779541;3.059999942779541;3.059999942779541;3.059999942779541;200
2021-07-19 15:23:00-04:00;3.050100088119507;3.050100088119507;3.050100088119507;3.050100088119507;150
2021-07-19 15:26:00-04:00;3.049999952316284;3.049999952316284;3.0199999809265137;3.0199999809265137;5650
2021-07-19 15:29:00-04:00;3.0299999713897705;3.0299999713897705;3.0299999713897705;3.0299999713897705;182
2021-07-19 15:32:00-04:00;3.0299999713897705;3.0299999713897705;3.0299999713897705;3.0299999713897705;582
2021-07-19 15:34:00-04:00;3.0223000049591064;3.0223000049591064;3.0223000049591064;3.0223000049591064;357
2021-07-19 15:35:00-04:00;3.0299999713897705;3.0299999713897705;3.0299999713897705;3.0299999713897705;356
2021-07-19 15:36:00-04:00;3.0250000953674316;3.0299999713897705;3.0201001167297363;3.0201001167297363;1723
2021-07-19 15:37:00-04:00;3.0199999809265137;3.021199941635132;3.0199999809265137;3.0199999809265137;900
2021-07-19 15:39:00-04:00;3.0199999809265137;3.0199999809265137;2.9997000694274902;3.0;7207
2021-07-19 15:40:00-04:00;3.009999990463257;3.0399999618530273;3.009999990463257;3.0399999618530273;2374
2021-07-19 15:49:00-04:00;3.0299999713897705;3.0299999713897705;3.0299999713897705;3.0299999713897705;363
2021-07-19 15:50:00-04:00;3.0299999713897705;3.0299999713897705;3.0201001167297363;3.0201001167297363;724
2021-07-19 15:51:00-04:00;3.0299999713897705;3.0299999713897705;3.0199999809265137;3.0199999809265137;703
2021-07-19 15:53:00-04:00;3.0250000953674316;3.0250000953674316;3.0199999809265137;3.0199999809265137;569
2021-07-19 15:54:00-04:00;3.0201001167297363;3.0220000743865967;3.0201001167297363;3.0220000743865967;1525
2021-07-19 15:56:00-04:00;3.0399999618530273;3.0399999618530273;3.0297000408172607;3.0297000408172607;860
2021-07-19 15:57:00-04:00;3.021899938583374;3.021899938583374;3.021899938583374;3.021899938583374;129
2021-07-19 15:58:00-04:00;3.0299999713897705;3.0299999713897705;3.0299999713897705;3.0299999713897705;324
2021-07-19 15:59:00-04:00;3.02620005607605;3.0299999713897705;3.0201001167297363;3.0299999713897705;898
2021-07-20 09:30:00-04:00;3.0;3.0199999809265137;3.0;3.0;9657
2021-07-20 09:31:00-04:00;3.0197999477386475;3.0197999477386475;2.799999952316284;2.924999952316284;76388
2021-07-20 09:32:00-04:00;2.9000000953674316;2.930000066757202;2.9000000953674316;2.930000066757202;1233
2021-07-20 09:33:00-04:00;2.950000047683716;2.950000047683716;2.930000066757202;2.934999942779541;15337
2021-07-20 09:34:00-04:00;2.930000066757202;2.950000047683716;2.9200000762939453;2.950000047683716;4212
2021-07-20 09:36:00-04:00;2.950000047683716;2.950000047683716;2.9200000762939453;2.9200000762939453;3803
2021-07-20 09:37:00-04:00;2.930000066757202;2.961699962615967;2.9200000762939453;2.961699962615967;18480
2021-07-20 09:38:00-04:00;2.930000066757202;2.930000066757202;2.9200000762939453;2.9200000762939453;13613
2021-07-20 09:39:00-04:00;2.9000000953674316;2.950700044631958;2.9000000953674316;2.950700044631958;336
2021-07-20 09:40:00-04:00;2.950000047683716;2.950000047683716;2.9045000076293945;2.9045000076293945;920
2021-07-20 09:42:00-04:00;2.9000000953674316;2.9200000762939453;2.9000000953674316;2.900099992752075;2234
2021-07-20 09:43:00-04:00;2.9344000816345215;2.9344000816345215;2.900099992752075;2.9031999111175537;1179
2021-07-20 09:44:00-04:00;2.9119999408721924;2.9335999488830566;2.880000114440918;2.880000114440918;9485
2021-07-20 09:45:00-04:00;2.9100000858306885;2.9100000858306885;2.880000114440918;2.880000114440918;579
2021-07-20 09:46:00-04:00;2.890000104904175;2.9100000858306885;2.890000104904175;2.9100000858306885;332
2021-07-20 09:47:00-04:00;2.900099992752075;2.900099992752075;2.900099992752075;2.900099992752075;244
2021-07-20 09:48:00-04:00;2.9200000762939453;2.9346001148223877;2.9200000762939453;2.9346001148223877;5842
2021-07-20 09:49:00-04:00;2.9576001167297363;2.9576001167297363;2.9576001167297363;2.9576001167297363;1006
2021-07-20 09:50:00-04:00;2.9000000953674316;2.9700000286102295;2.9000000953674316;2.9700000286102295;1210
2021-07-20 09:51:00-04:00;2.969899892807007;2.9700000286102295;2.9200000762939453;2.9200000762939453;5225
2021-07-20 09:52:00-04:00;2.950000047683716;2.950000047683716;2.9200000762939453;2.9200000762939453;800
2021-07-20 09:53:00-04:00;2.9200000762939453;2.9200000762939453;2.9200000762939453;2.9200000762939453;101
2021-07-20 09:54:00-04:00;2.9200000762939453;2.9200000762939453;2.9200000762939453;2.9200000762939453;510
2021-07-20 09:56:00-04:00;2.930000066757202;2.930000066757202;2.930000066757202;2.930000066757202;267
2021-07-20 09:59:00-04:00;2.940000057220459;2.940000057220459;2.930000066757202;2.930000066757202;410
2021-07-20 10:00:00-04:00;2.940000057220459;2.960200071334839;2.940000057220459;2.960200071334839;501
2021-07-20 10:02:00-04:00;2.9800000190734863;2.9800000190734863;2.9700000286102295;2.9700000286102295;1868
2021-07-20 10:03:00-04:00;2.9600000381469727;2.9999001026153564;2.9600000381469727;2.9999001026153564;248
2021-07-20 10:04:00-04:00;2.9800000190734863;2.9800000190734863;2.9800000190734863;2.9800000190734863;1676
2021-07-20 10:08:00-04:00;2.9600000381469727;2.9600000381469727;2.9600000381469727;2.9600000381469727;2305
2021-07-20 10:09:00-04:00;2.9600000381469727;2.9600000381469727;2.950000047683716;2.9600000381469727;3056
2021-07-20 10:10:00-04:00;2.950000047683716;2.9500999450683594;2.950000047683716;2.950000047683716;739
2021-07-20 10:12:00-04:00;2.9500999450683594;2.9500999450683594;2.9500999450683594;2.9500999450683594;645
2021-07-20 10:14:00-04:00;2.950000047683716;2.9500999450683594;2.940000057220459;2.950000047683716;4984
2021-07-20 10:15:00-04:00;2.9159998893737793;2.9159998893737793;2.9100000858306885;2.9100000858306885;1020
2021-07-20 10:16:00-04:00;2.938999891281128;2.938999891281128;2.937999963760376;2.937999963760376;8358
2021-07-20 10:18:00-04:00;2.940000057220459;2.9600000381469727;2.939500093460083;2.9600000381469727;3154
2021-07-20 10:19:00-04:00;2.9749999046325684;2.9749999046325684;2.9749999046325684;2.9749999046325684;300
2021-07-20 10:20:00-04:00;2.9649999141693115;2.9649999141693115;2.950000047683716;2.950000047683716;591
2021-07-20 10:22:00-04:00;2.990000009536743;2.990000009536743;2.9700000286102295;2.9700000286102295;5268
2021-07-20 10:23:00-04:00;2.9700000286102295;2.9700000286102295;2.9700000286102295;2.9700000286102295;510
2021-07-20 10:24:00-04:00;2.9560000896453857;2.9560000896453857;2.9560000896453857;2.9560000896453857;444
2021-07-20 10:26:00-04:00;2.9700000286102295;2.9700000286102295;2.9700000286102295;2.9700000286102295;13868
2021-07-20 10:29:00-04:00;2.990000009536743;2.990000009536743;2.990000009536743;2.990000009536743;251
2021-07-20 10:30:00-04:00;2.950000047683716;2.950000047683716;2.950000047683716;2.950000047683716;315
2021-07-20 10:32:00-04:00;2.9700000286102295;2.9700000286102295;2.9700000286102295;2.9700000286102295;1602
2021-07-20 10:33:00-04:00;2.9700000286102295;2.9700000286102295;2.9700000286102295;2.9700000286102295;2557
2021-07-20 10:34:00-04:00;2.9700000286102295;2.9702999591827393;2.9700000286102295;2.9702999591827393;1475
2021-07-20 10:40:00-04:00;2.9700000286102295;2.9700000286102295;2.9700000286102295;2.9700000286102295;197
2021-07-20 10:42:00-04:00;2.970099925994873;2.9798998832702637;2.970099925994873;2.9798998832702637;15000
2021-07-20 10:43:00-04:00;2.9800000190734863;3.0;2.9800000190734863;3.0;4031
2021-07-20 10:45:00-04:00;3.0;3.0;3.0;3.0;224
2021-07-20 10:47:00-04:00;2.990000009536743;3.0;2.990000009536743;2.990000009536743;6820
2021-07-20 10:48:00-04:00;3.02020001411438;3.02020001411438;3.009999990463257;3.009999990463257;450
2021-07-20 10:50:00-04:00;3.0199999809265137;3.0299999713897705;3.0174999237060547;3.0174999237060547;5192
2021-07-20 10:52:00-04:00;3.045799970626831;3.045799970626831;3.045799970626831;3.045799970626831;193
2021-07-20 10:54:00-04:00;3.049999952316284;3.049999952316284;3.049999952316284;3.049999952316284;5000
2021-07-20 10:56:00-04:00;3.0299999713897705;3.030100107192993;3.0299999713897705;3.030100107192993;440
2021-07-20 10:57:00-04:00;3.049999952316284;3.049999952316284;3.0399999618530273;3.0450000762939453;10654
2021-07-20 10:58:00-04:00;3.040800094604492;3.059999942779541;3.040800094604492;3.056999921798706;6397
2021-07-20 10:59:00-04:00;3.049999952316284;3.049999952316284;3.049999952316284;3.049999952316284;1143
2021-07-20 11:00:00-04:00;3.059999942779541;3.059999942779541;3.049999952316284;3.049999952316284;1000
2021-07-20 11:03:00-04:00;3.059999942779541;3.059999942779541;3.059999942779541;3.059999942779541;493
2021-07-20 11:04:00-04:00;3.089900016784668;3.089900016784668;3.089900016784668;3.089900016784668;215
2021-07-20 11:08:00-04:00;3.075000047683716;3.075000047683716;3.075000047683716;3.075000047683716;344
2021-07-20 11:09:00-04:00;3.069999933242798;3.076200008392334;3.069999933242798;3.076200008392334;364
2021-07-20 11:12:00-04:00;3.079900026321411;3.079900026321411;3.069999933242798;3.069999933242798;2825
2021-07-20 11:15:00-04:00;3.059999942779541;3.059999942779541;3.059999942779541;3.059999942779541;2332
2021-07-20 11:16:00-04:00;3.039599895477295;3.039599895477295;3.039599895477295;3.039599895477295;1996
2021-07-20 11:19:00-04:00;3.059999942779541;3.059999942779541;3.059999942779541;3.059999942779541;629
2021-07-20 11:20:00-04:00;3.059999942779541;3.075000047683716;3.059999942779541;3.059999942779541;2625
2021-07-20 11:21:00-04:00;3.0801000595092773;3.0801000595092773;3.059999942779541;3.073899984359741;5597
2021-07-20 11:23:00-04:00;3.063499927520752;3.063499927520752;3.063499927520752;3.063499927520752;123
2021-07-20 11:29:00-04:00;3.0799999237060547;3.0899999141693115;3.0799999237060547;3.0799999237060547;927
2021-07-20 11:30:00-04:00;3.079900026321411;3.0799999237060547;3.079900026321411;3.0799999237060547;1501
2021-07-20 11:33:00-04:00;3.0601000785827637;3.0601000785827637;3.0601000785827637;3.0601000785827637;350
2021-07-20 11:36:00-04:00;3.071199893951416;3.071199893951416;3.071199893951416;3.071199893951416;301
2021-07-20 11:37:00-04:00;3.075000047683716;3.075000047683716;3.075000047683716;3.075000047683716;580
2021-07-20 11:40:00-04:00;3.0999999046325684;3.0999999046325684;3.0999999046325684;3.0999999046325684;1093
2021-07-20 11:41:00-04:00;3.0999999046325684;3.119999885559082;3.0899999141693115;3.109999895095825;3915
2021-07-20 11:44:00-04:00;3.107800006866455;3.107800006866455;3.0999999046325684;3.0999999046325684;961
2021-07-20 11:45:00-04:00;3.109999895095825;3.109999895095825;3.109999895095825;3.109999895095825;501
2021-07-20 11:46:00-04:00;3.109999895095825;3.109999895095825;3.109999895095825;3.109999895095825;2421
2021-07-20 11:47:00-04:00;3.1182000637054443;3.1182000637054443;3.1182000637054443;3.1182000637054443;150
2021-07-20 11:48:00-04:00;3.110100030899048;3.110100030899048;3.110100030899048;3.110100030899048;3020
2021-07-20 11:49:00-04:00;3.119999885559082;3.119999885559082;3.1050000190734863;3.109999895095825;1750
2021-07-20 11:52:00-04:00;3.109999895095825;3.109999895095825;3.109999895095825;3.109999895095825;313
2021-07-20 11:54:00-04:00;3.0999999046325684;3.0999999046325684;3.0999999046325684;3.0999999046325684;316
2021-07-20 12:00:00-04:00;3.109999895095825;3.109999895095825;3.069999933242798;3.109999895095825;15964
2021-07-20 12:02:00-04:00;3.069999933242798;3.0701000690460205;3.059999942779541;3.059999942779541;3691
2021-07-20 12:11:00-04:00;3.069999933242798;3.069999933242798;3.069999933242798;3.069999933242798;110
2021-07-20 12:16:00-04:00;3.069999933242798;3.0999999046325684;3.069999933242798;3.0999999046325684;8642
2021-07-20 12:17:00-04:00;3.0299999713897705;3.055000066757202;3.0299999713897705;3.055000066757202;6026
2021-07-20 12:26:00-04:00;3.0789999961853027;3.0789999961853027;3.0789999961853027;3.0789999961853027;500
2021-07-20 12:27:00-04:00;3.065000057220459;3.065000057220459;3.065000057220459;3.065000057220459;1344
2021-07-20 12:33:00-04:00;3.05679988861084;3.05679988861084;3.05679988861084;3.05679988861084;5084
2021-07-20 12:39:00-04:00;3.0741000175476074;3.0741000175476074;3.0741000175476074;3.0741000175476074;500
2021-07-20 12:40:00-04:00;3.069999933242798;3.0799999237060547;3.069999933242798;3.0799999237060547;781
2021-07-20 12:43:00-04:00;3.0799999237060547;3.0799999237060547;3.0799999237060547;3.0799999237060547;100
2021-07-20 12:44:00-04:00;3.077699899673462;3.077699899673462;3.077699899673462;3.077699899673462;271
2021-07-20 12:54:00-04:00;3.069999933242798;3.069999933242798;3.069999933242798;3.069999933242798;108
2021-07-20 12:56:00-04:00;3.0799999237060547;3.0799999237060547;3.0799999237060547;3.0799999237060547;10063
2021-07-20 13:00:00-04:00;3.069999933242798;3.069999933242798;3.069999933242798;3.069999933242798;2523
2021-07-20 13:03:00-04:00;3.066999912261963;3.066999912261963;3.0527000427246094;3.0527000427246094;220
2021-07-20 13:04:00-04:00;3.066800117492676;3.066800117492676;3.066800117492676;3.066800117492676;119
2021-07-20 13:06:00-04:00;3.049999952316284;3.059999942779541;3.049999952316284;3.059999942779541;1581
2021-07-20 13:09:00-04:00;3.059999942779541;3.059999942779541;3.059999942779541;3.059999942779541;4002
2021-07-20 13:15:00-04:00;3.055000066757202;3.055000066757202;3.055000066757202;3.055000066757202;500
2021-07-20 13:16:00-04:00;3.059000015258789;3.059000015258789;3.059000015258789;3.059000015258789;1000
2021-07-20 13:17:00-04:00;3.0599000453948975;3.0599000453948975;3.0599000453948975;3.0599000453948975;198
2021-07-20 13:19:00-04:00;3.0508999824523926;3.0510001182556152;3.0508999824523926;3.0510001182556152;1371
2021-07-20 13:20:00-04:00;3.055000066757202;3.055000066757202;3.055000066757202;3.055000066757202;1000
2021-07-20 13:21:00-04:00;3.052999973297119;3.052999973297119;3.0510001182556152;3.0510001182556152;833
2021-07-20 13:24:00-04:00;3.049999952316284;3.049999952316284;3.0299999713897705;3.0299999713897705;10321
2021-07-20 13:25:00-04:00;3.0299999713897705;3.0299999713897705;3.0299999713897705;3.0299999713897705;328
2021-07-20 13:32:00-04:00;3.0299999713897705;3.0299999713897705;3.0299999713897705;3.0299999713897705;103
2021-07-20 13:34:00-04:00;3.0313000679016113;3.0313000679016113;3.0313000679016113;3.0313000679016113;306
2021-07-20 13:38:00-04:00;3.0350000858306885;3.0350000858306885;3.0350000858306885;3.0350000858306885;1649
2021-07-20 13:43:00-04:00;3.0394999980926514;3.0394999980926514;3.0394999980926514;3.0394999980926514;2370
2021-07-20 13:49:00-04:00;3.0350000858306885;3.0350000858306885;3.0350000858306885;3.0350000858306885;175
2021-07-20 13:58:00-04:00;3.031599998474121;3.031599998474121;3.031599998474121;3.031599998474121;125
2021-07-20 14:03:00-04:00;3.0350000858306885;3.0350000858306885;3.0350000858306885;3.0350000858306885;130
2021-07-20 14:06:00-04:00;3.0299999713897705;3.0350000858306885;3.0299999713897705;3.0299999713897705;3876
2021-07-20 14:07:00-04:00;3.0299999713897705;3.0299999713897705;3.0299999713897705;3.0299999713897705;1166
2021-07-20 14:10:00-04:00;3.013000011444092;3.0137999057769775;3.009999990463257;3.013200044631958;1252
2021-07-20 14:15:00-04:00;3.01990008354187;3.01990008354187;3.01990008354187;3.01990008354187;386
2021-07-20 14:16:00-04:00;3.015000104904175;3.015000104904175;3.009999990463257;3.009999990463257;3768
2021-07-20 14:17:00-04:00;3.005000114440918;3.005000114440918;3.005000114440918;3.005000114440918;1026
2021-07-20 14:19:00-04:00;3.005000114440918;3.005000114440918;3.005000114440918;3.005000114440918;234
2021-07-20 14:23:00-04:00;3.0;3.0;3.0;3.0;5000
2021-07-20 14:24:00-04:00;3.0;3.0;3.0;3.0;2026
2021-07-20 14:27:00-04:00;3.0;3.0;3.0;3.0;5611
2021-07-20 14:30:00-04:00;3.0;3.0;3.0;3.0;8358
2021-07-20 14:31:00-04:00;2.990000009536743;3.0;2.984999895095825;2.984999895095825;8367
2021-07-20 14:37:00-04:00;3.0;3.009999990463257;3.0;3.009999990463257;1971
2021-07-20 14:40:00-04:00;3.0;3.0;3.0;3.0;3116
2021-07-20 14:45:00-04:00;3.0;3.0;3.0;3.0;601
2021-07-20 14:54:00-04:00;3.009999990463257;3.0299999713897705;3.009999990463257;3.0271999835968018;2074
2021-07-20 14:59:00-04:00;3.0100998878479004;3.0100998878479004;3.0100998878479004;3.0100998878479004;6111
2021-07-20 15:07:00-04:00;3.0185000896453857;3.0185000896453857;3.0185000896453857;3.0185000896453857;175
2021-07-20 15:11:00-04:00;3.009999990463257;3.009999990463257;3.005000114440918;3.009999990463257;4686
2021-07-20 15:13:00-04:00;3.0064001083374023;3.0064001083374023;3.0064001083374023;3.0064001083374023;250
2021-07-20 15:14:00-04:00;3.001199960708618;3.001199960708618;3.001199960708618;3.001199960708618;6002
2021-07-20 15:16:00-04:00;3.0099000930786133;3.0099000930786133;2.990000009536743;3.0;1867
2021-07-20 15:20:00-04:00;2.979599952697754;2.990000009536743;2.979599952697754;2.990000009536743;1525
2021-07-20 15:23:00-04:00;2.987499952316284;2.987499952316284;2.987499952316284;2.987499952316284;6000
2021-07-20 15:24:00-04:00;2.990000009536743;3.0;2.990000009536743;3.0;1636
2021-07-20 15:25:00-04:00;3.0;3.0;2.990000009536743;3.0;2357
2021-07-20 15:26:00-04:00;3.0;3.0;2.994999885559082;2.994999885559082;800
2021-07-20 15:27:00-04:00;2.994999885559082;3.0;2.994999885559082;3.0;2274
2021-07-20 15:28:00-04:00;3.0;3.0;2.994999885559082;2.994999885559082;2215
2021-07-20 15:29:00-04:00;3.0;3.0;3.0;3.0;742
2021-07-20 15:30:00-04:00;3.0;3.009999990463257;3.0;3.009999990463257;400
2021-07-20 15:32:00-04:00;3.009999990463257;3.009999990463257;3.009999990463257;3.009999990463257;300
2021-07-20 15:33:00-04:00;3.009999990463257;3.009999990463257;2.9928998947143555;2.9928998947143555;1300
2021-07-20 15:34:00-04:00;3.009999990463257;3.009999990463257;3.005000114440918;3.009999990463257;1688
2021-07-20 15:36:00-04:00;3.009999990463257;3.009999990463257;3.005000114440918;3.005000114440918;6700
2021-07-20 15:37:00-04:00;3.0099000930786133;3.0099000930786133;3.005000114440918;3.005000114440918;1200
2021-07-20 15:38:00-04:00;3.005000114440918;3.005000114440918;3.005000114440918;3.005000114440918;300
2021-07-20 15:39:00-04:00;3.009999990463257;3.009999990463257;3.005000114440918;3.009999990463257;9925
2021-07-20 15:40:00-04:00;3.009999990463257;3.0199999809265137;3.009999990463257;3.0199999809265137;1020
2021-07-20 15:41:00-04:00;3.0199999809265137;3.0199999809265137;3.0185999870300293;3.0185999870300293;1650
2021-07-20 15:42:00-04:00;3.0199999809265137;3.0299999713897705;3.0199999809265137;3.0299999713897705;400
2021-07-20 15:45:00-04:00;3.0299999713897705;3.0299999713897705;3.0299999713897705;3.0299999713897705;441
2021-07-20 15:46:00-04:00;3.0299999713897705;3.0299999713897705;3.0299999713897705;3.0299999713897705;515
2021-07-20 15:47:00-04:00;3.0199999809265137;3.0199999809265137;3.0199999809265137;3.0199999809265137;100
2021-07-20 15:48:00-04:00;3.0295000076293945;3.0399999618530273;3.0295000076293945;3.0399999618530273;1787
2021-07-20 15:49:00-04:00;3.0299999713897705;3.0299999713897705;3.0;3.0199999809265137;3301
2021-07-20 15:50:00-04:00;3.0;3.0;3.0;3.0;2101
2021-07-20 15:52:00-04:00;3.0;3.0;3.0;3.0;200
2021-07-20 15:53:00-04:00;2.994999885559082;3.0;2.994999885559082;3.0;850
2021-07-20 15:54:00-04:00;3.0;3.009999990463257;2.9630000591278076;2.9800000190734863;6551
2021-07-20 15:55:00-04:00;2.9800000190734863;2.9800000190734863;2.9800000190734863;2.9800000190734863;1273
2021-07-20 15:56:00-04:00;2.9700000286102295;2.990000009536743;2.9660000801086426;2.9660000801086426;2132
2021-07-20 15:57:00-04:00;2.9800000190734863;2.990000009536743;2.9800000190734863;2.9800000190734863;1600
2021-07-20 15:58:00-04:00;2.990000009536743;2.990000009536743;2.9800000190734863;2.990000009536743;1639
2021-07-20 15:59:00-04:00;2.990000009536743;2.990000009536743;2.9700000286102295;2.9700000286102295;3216
2021-07-21 09:30:00-04:00;3.009999990463257;3.009999990463257;2.9590001106262207;3.0;11625
2021-07-21 09:31:00-04:00;3.009999990463257;3.009999990463257;2.9700000286102295;2.9700000286102295;2475
2021-07-21 09:32:00-04:00;3.032099962234497;3.032099962234497;3.032099962234497;3.032099962234497;1050
2021-07-21 09:35:00-04:00;3.0399999618530273;3.0399999618530273;3.0399999618530273;3.0399999618530273;517
2021-07-21 09:37:00-04:00;3.0199999809265137;3.0199999809265137;3.0199999809265137;3.0199999809265137;118
2021-07-21 09:38:00-04:00;3.0299999713897705;3.0299999713897705;3.0199999809265137;3.0199999809265137;1537
2021-07-21 09:39:00-04:00;3.0299999713897705;3.0299999713897705;3.0299999713897705;3.0299999713897705;3089
2021-07-21 09:40:00-04:00;3.0399999618530273;3.0399999618530273;3.029900074005127;3.029900074005127;2463
2021-07-21 09:45:00-04:00;3.0399999618530273;3.049999952316284;3.0399999618530273;3.0399999618530273;12132
2021-07-21 09:47:00-04:00;3.0999999046325684;3.0999999046325684;3.0999999046325684;3.0999999046325684;327
2021-07-21 09:48:00-04:00;3.0999999046325684;3.1473000049591064;3.0999999046325684;3.0999999046325684;3072
2021-07-21 09:49:00-04:00;3.0999999046325684;3.0999999046325684;3.0799999237060547;3.0799999237060547;13460
2021-07-21 09:50:00-04:00;3.140000104904175;3.140000104904175;3.140000104904175;3.140000104904175;5113
2021-07-21 09:52:00-04:00;3.109999895095825;3.109999895095825;3.109999895095825;3.109999895095825;589
2021-07-21 09:54:00-04:00;3.0799999237060547;3.0799999237060547;3.0799999237060547;3.0799999237060547;351
2021-07-21 09:55:00-04:00;3.109999895095825;3.109999895095825;3.109999895095825;3.109999895095825;1116
2021-07-21 09:57:00-04:00;3.0399999618530273;3.0864999294281006;3.0399999618530273;3.084199905395508;3440
2021-07-21 09:58:00-04:00;3.059999942779541;3.059999942779541;3.059999942779541;3.059999942779541;5015
2021-07-21 09:59:00-04:00;3.0899999141693115;3.0899999141693115;3.0899999141693115;3.0899999141693115;3000
2021-07-21 10:00:00-04:00;3.050100088119507;3.050100088119507;3.050100088119507;3.050100088119507;1721
2021-07-21 10:04:00-04:00;3.059999942779541;3.059999942779541;3.059999942779541;3.059999942779541;250
2021-07-21 10:05:00-04:00;3.0399999618530273;3.0460000038146973;3.0399999618530273;3.0399999618530273;1814
2021-07-21 10:06:00-04:00;3.033900022506714;3.033900022506714;3.033900022506714;3.033900022506714;565
2021-07-21 10:11:00-04:00;3.0399999618530273;3.0399999618530273;3.0399999618530273;3.0399999618530273;5362
2021-07-21 10:12:00-04:00;3.0399999618530273;3.0399999618530273;3.0399999618530273;3.0399999618530273;1505
2021-07-21 10:15:00-04:00;3.049999952316284;3.0589001178741455;3.049999952316284;3.0589001178741455;3284
2021-07-21 10:16:00-04:00;3.059999942779541;3.065000057220459;3.059999942779541;3.059999942779541;1648
2021-07-21 10:19:00-04:00;3.059999942779541;3.059999942779541;3.059999942779541;3.059999942779541;7609
2021-07-21 10:21:00-04:00;3.067699909210205;3.067699909210205;3.067699909210205;3.067699909210205;230
2021-07-21 10:22:00-04:00;3.0678999423980713;3.0678999423980713;3.0678999423980713;3.0678999423980713;351
2021-07-21 10:23:00-04:00;3.059999942779541;3.059999942779541;3.059999942779541;3.059999942779541;290
2021-07-21 10:24:00-04:00;3.059999942779541;3.059999942779541;3.049999952316284;3.049999952316284;11028
2021-07-21 10:27:00-04:00;3.049999952316284;3.049999952316284;3.0299999713897705;3.0299999713897705;619
2021-07-21 10:29:00-04:00;3.05649995803833;3.05649995803833;3.05649995803833;3.05649995803833;550
2021-07-21 10:31:00-04:00;3.0450000762939453;3.0450000762939453;3.0450000762939453;3.0450000762939453;553
2021-07-21 10:33:00-04:00;3.0199999809265137;3.0199999809265137;3.0199999809265137;3.0199999809265137;492
2021-07-21 10:34:00-04:00;3.009999990463257;3.009999990463257;3.009999990463257;3.009999990463257;1901
2021-07-21 10:36:00-04:00;3.0058999061584473;3.0058999061584473;3.0058999061584473;3.0058999061584473;1100
2021-07-21 10:39:00-04:00;3.0199999809265137;3.0199999809265137;3.0199999809265137;3.0199999809265137;283
2021-07-21 10:40:00-04:00;3.015000104904175;3.015000104904175;3.005000114440918;3.005000114440918;5018
2021-07-21 10:41:00-04:00;3.009700059890747;3.009700059890747;3.009700059890747;3.009700059890747;559
2021-07-21 10:43:00-04:00;3.010200023651123;3.010200023651123;3.010200023651123;3.010200023651123;1032
2021-07-21 10:44:00-04:00;3.009999990463257;3.009999990463257;3.009999990463257;3.009999990463257;1050
2021-07-21 10:45:00-04:00;3.01419997215271;3.0199999809265137;3.01419997215271;3.0199999809265137;2070
2021-07-21 10:47:00-04:00;3.0199999809265137;3.0199999809265137;3.0199999809265137;3.0199999809265137;796
2021-07-21 10:48:00-04:00;3.009999990463257;3.009999990463257;3.009999990463257;3.009999990463257;251
2021-07-21 10:51:00-04:00;3.0099000930786133;3.009999990463257;3.0099000930786133;3.009999990463257;590
2021-07-21 10:54:00-04:00;3.0;3.0;2.9600000381469727;2.9600000381469727;38199
2021-07-21 10:58:00-04:00;2.950000047683716;2.950000047683716;2.9200000762939453;2.950000047683716;2091
2021-07-21 10:59:00-04:00;2.942699909210205;2.950000047683716;2.942699909210205;2.950000047683716;7083
2021-07-21 11:04:00-04:00;2.944999933242798;2.944999933242798;2.944999933242798;2.944999933242798;519
2021-07-21 11:06:00-04:00;2.940000057220459;2.950000047683716;2.940000057220459;2.950000047683716;408
2021-07-21 11:16:00-04:00;2.9700000286102295;2.990000009536743;2.9700000286102295;2.982599973678589;4431
2021-07-21 11:18:00-04:00;2.9600000381469727;2.9600000381469727;2.9600000381469727;2.9600000381469727;150
2021-07-21 11:19:00-04:00;2.9749999046325684;2.9749999046325684;2.9509999752044678;2.9509999752044678;7349
2021-07-21 11:20:00-04:00;2.9809000492095947;3.0239999294281006;2.9809000492095947;3.0239999294281006;833
2021-07-21 11:22:00-04:00;3.0;3.0;3.0;3.0;640
2021-07-21 11:25:00-04:00;3.0;3.0;3.0;3.0;1055
2021-07-21 11:26:00-04:00;2.990000009536743;2.990000009536743;2.990000009536743;2.990000009536743;1382
2021-07-21 11:28:00-04:00;3.0199999809265137;3.0199999809265137;3.0199999809265137;3.0199999809265137;137
2021-07-21 11:29:00-04:00;2.970900058746338;2.9800000190734863;2.950000047683716;2.950000047683716;5040
2021-07-21 11:32:00-04:00;3.0;3.0;3.0;3.0;270
2021-07-21 11:36:00-04:00;3.0;3.0;3.0;3.0;288
2021-07-21 11:43:00-04:00;2.9595000743865967;2.9595000743865967;2.9595000743865967;2.9595000743865967;304
2021-07-21 11:45:00-04:00;2.9600000381469727;2.9600000381469727;2.9600000381469727;2.9600000381469727;105
2021-07-21 11:49:00-04:00;3.0;3.0;2.9600000381469727;2.9600000381469727;317
2021-07-21 11:50:00-04:00;2.9700000286102295;3.0;2.9700000286102295;2.990000009536743;4838
2021-07-21 11:51:00-04:00;3.0;3.0299999713897705;3.0;3.0299999713897705;403
2021-07-21 11:52:00-04:00;3.0;3.0399999618530273;3.0;3.0399999618530273;4898
2021-07-21 11:53:00-04:00;3.0;3.0399999618530273;3.0;3.0299999713897705;9210
2021-07-21 11:54:00-04:00;3.0299999713897705;3.0399999618530273;3.0;3.009999990463257;14400
2021-07-21 11:55:00-04:00;3.049999952316284;3.059999942779541;3.0299999713897705;3.059999942779541;1220
2021-07-21 11:56:00-04:00;3.059999942779541;3.069999933242798;3.049999952316284;3.069999933242798;6623
2021-07-21 11:57:00-04:00;3.069999933242798;3.069999933242798;3.059999942779541;3.059999942779541;6600
2021-07-21 11:58:00-04:00;3.069999933242798;3.0899999141693115;3.059999942779541;3.059999942779541;6716
2021-07-21 11:59:00-04:00;3.0799999237060547;3.0899999141693115;3.0799999237060547;3.0899999141693115;10337
2021-07-21 12:00:00-04:00;3.0910000801086426;3.109999895095825;3.0910000801086426;3.109999895095825;6275
2021-07-21 12:01:00-04:00;3.0799999237060547;3.0899999141693115;3.069999933242798;3.0899999141693115;5671
2021-07-21 12:02:00-04:00;3.0950000286102295;3.109999895095825;3.068000078201294;3.068000078201294;3201
2021-07-21 12:03:00-04:00;3.059999942779541;3.109999895095825;3.059999942779541;3.071000099182129;11456
2021-07-21 12:04:00-04:00;3.0899999141693115;3.109999895095825;3.069999933242798;3.069999933242798;5424
2021-07-21 12:05:00-04:00;3.0899999141693115;3.0899999141693115;3.0799999237060547;3.0799999237060547;5174
2021-07-21 12:06:00-04:00;3.0799999237060547;3.0999999046325684;3.0799999237060547;3.0850000381469727;11977
2021-07-21 12:07:00-04:00;3.0999999046325684;3.0999999046325684;3.059999942779541;3.059999942779541;13848
2021-07-21 12:08:00-04:00;3.059999942779541;3.059999942779541;3.056299924850464;3.059999942779541;4744
2021-07-21 12:09:00-04:00;3.059999942779541;3.059999942779541;3.059999942779541;3.059999942779541;400
2021-07-21 12:10:00-04:00;3.049999952316284;3.059999942779541;3.049999952316284;3.059999942779541;6710
2021-07-21 12:12:00-04:00;3.059999942779541;3.059999942779541;3.0399999618530273;3.0399999618530273;7776
2021-07-21 12:13:00-04:00;3.0199999809265137;3.0199999809265137;3.0199999809265137;3.0199999809265137;1070
2021-07-21 12:21:00-04:00;3.046999931335449;3.049999952316284;3.0399999618530273;3.0399999618530273;1300
2021-07-21 12:24:00-04:00;3.009999990463257;3.009999990463257;3.009999990463257;3.009999990463257;159
2021-07-21 12:26:00-04:00;3.0199999809265137;3.049499988555908;3.0199999809265137;3.049499988555908;2472
2021-07-21 12:28:00-04:00;3.0178000926971436;3.0178000926971436;3.0178000926971436;3.0178000926971436;261
2021-07-21 12:42:00-04:00;3.0299999713897705;3.0299999713897705;3.0299999713897705;3.0299999713897705;357
2021-07-21 12:46:00-04:00;3.039900064468384;3.039900064468384;3.039900064468384;3.039900064468384;3155
2021-07-21 12:52:00-04:00;3.037400007247925;3.037400007247925;3.037400007247925;3.037400007247925;100
2021-07-21 12:55:00-04:00;3.0299999713897705;3.0299999713897705;3.0199999809265137;3.0199999809265137;1506
2021-07-21 13:04:00-04:00;3.0;3.0;3.0;3.0;1880
2021-07-21 13:06:00-04:00;3.0113000869750977;3.0113000869750977;3.0113000869750977;3.0113000869750977;400
2021-07-21 13:07:00-04:00;3.0;3.0;3.0;3.0;1000
2021-07-21 13:08:00-04:00;3.013700008392334;3.013700008392334;3.013700008392334;3.013700008392334;100
2021-07-21 13:09:00-04:00;3.0199999809265137;3.0199999809265137;3.0199999809265137;3.0199999809265137;402
2021-07-21 13:13:00-04:00;3.0;3.0;3.0;3.0;262
2021-07-21 13:25:00-04:00;3.0;3.0;3.0;3.0;466
2021-07-21 13:32:00-04:00;3.0;3.0;3.0;3.0;6000
2021-07-21 13:33:00-04:00;3.0199999809265137;3.0199999809265137;3.0199999809265137;3.0199999809265137;961
2021-07-21 13:34:00-04:00;3.009999990463257;3.009999990463257;3.009999990463257;3.009999990463257;200
2021-07-21 13:36:00-04:00;3.0;3.0;3.0;3.0;1396
2021-07-21 13:37:00-04:00;3.009999990463257;3.009999990463257;3.009999990463257;3.009999990463257;560
2021-07-21 13:39:00-04:00;3.009999990463257;3.009999990463257;2.9700000286102295;2.9700000286102295;12533
2021-07-21 13:43:00-04:00;2.990999937057495;2.990999937057495;2.990999937057495;2.990999937057495;150
2021-07-21 13:44:00-04:00;2.990000009536743;2.990000009536743;2.990000009536743;2.990000009536743;331
2021-07-21 13:45:00-04:00;2.999000072479248;3.0095999240875244;2.999000072479248;3.009000062942505;4824
2021-07-21 13:53:00-04:00;3.0;3.0;3.0;3.0;293
2021-07-21 13:54:00-04:00;3.0;3.009999990463257;3.0;3.0099000930786133;1563
2021-07-21 13:55:00-04:00;3.010999917984009;3.010999917984009;3.009999990463257;3.0100998878479004;2719
2021-07-21 13:56:00-04:00;3.009999990463257;3.010200023651123;3.009999990463257;3.010200023651123;2050
2021-07-21 13:58:00-04:00;3.0;3.0;3.0;3.0;327
2021-07-21 14:08:00-04:00;3.009999990463257;3.009999990463257;3.009999990463257;3.009999990463257;802
2021-07-21 14:20:00-04:00;3.0;3.006999969482422;3.0;3.006999969482422;381
2021-07-21 14:27:00-04:00;3.0;3.0;3.0;3.0;700
2021-07-21 14:28:00-04:00;2.990000009536743;2.990000009536743;2.990000009536743;2.990000009536743;200
2021-07-21 14:30:00-04:00;2.994999885559082;2.994999885559082;2.9700000286102295;2.9700000286102295;5968
2021-07-21 14:34:00-04:00;2.9700000286102295;2.9700000286102295;2.9700000286102295;2.9700000286102295;665
2021-07-21 14:35:00-04:00;2.990000009536743;2.990000009536743;2.990000009536743;2.990000009536743;100
2021-07-21 14:39:00-04:00;2.9700000286102295;2.9700000286102295;2.9700000286102295;2.9700000286102295;120
2021-07-21 14:40:00-04:00;2.97189998626709;2.97189998626709;2.97189998626709;2.97189998626709;550
2021-07-21 14:47:00-04:00;2.98799991607666;2.990000009536743;2.9860000610351562;2.990000009536743;553
2021-07-21 14:50:00-04:00;2.9700000286102295;2.9700000286102295;2.9700000286102295;2.9700000286102295;311
2021-07-21 14:55:00-04:00;2.984999895095825;3.0;2.984999895095825;2.990000009536743;724
2021-07-21 14:57:00-04:00;3.0;3.0;3.0;3.0;244
2021-07-21 14:58:00-04:00;3.0;3.0;3.0;3.0;4319
2021-07-21 14:59:00-04:00;3.0;3.009999990463257;3.0;3.009999990463257;2506
2021-07-21 15:00:00-04:00;3.009999990463257;3.009999990463257;3.009999990463257;3.009999990463257;1000
2021-07-21 15:01:00-04:00;3.01990008354187;3.01990008354187;3.009999990463257;3.009999990463257;703
2021-07-21 15:03:00-04:00;3.0179998874664307;3.0199999809265137;3.0;3.0199999809265137;5500
2021-07-21 15:05:00-04:00;3.009999990463257;3.009999990463257;3.009999990463257;3.009999990463257;2000
2021-07-21 15:06:00-04:00;3.009999990463257;3.009999990463257;3.009999990463257;3.009999990463257;600
2021-07-21 15:08:00-04:00;3.0;3.0;3.0;3.0;243
2021-07-21 15:10:00-04:00;3.0006000995635986;3.0006000995635986;3.0006000995635986;3.0006000995635986;3034
2021-07-21 15:11:00-04:00;3.0;3.005000114440918;2.9700000286102295;2.9700000286102295;4491
2021-07-21 15:15:00-04:00;2.989000082015991;2.9899001121520996;2.989000082015991;2.9899001121520996;350
2021-07-21 15:16:00-04:00;2.9656999111175537;2.9656999111175537;2.9656999111175537;2.9656999111175537;330
2021-07-21 15:21:00-04:00;2.9749999046325684;2.9749999046325684;2.9749999046325684;2.9749999046325684;200
2021-07-21 15:26:00-04:00;2.990000009536743;2.990000009536743;2.990000009536743;2.990000009536743;210
2021-07-21 15:27:00-04:00;2.9995999336242676;2.9995999336242676;2.9995999336242676;2.9995999336242676;2000
2021-07-21 15:29:00-04:00;2.9700000286102295;2.9700000286102295;2.9700000286102295;2.9700000286102295;200
2021-07-21 15:30:00-04:00;2.984999895095825;2.990000009536743;2.984999895095825;2.990000009536743;306
2021-07-21 15:31:00-04:00;2.994999885559082;2.994999885559082;2.994999885559082;2.994999885559082;800
2021-07-21 15:32:00-04:00;2.994999885559082;2.994999885559082;2.994999885559082;2.994999885559082;141
2021-07-21 15:33:00-04:00;2.990000009536743;2.990000009536743;2.9800000190734863;2.9800000190734863;7573
2021-07-21 15:41:00-04:00;2.984999895095825;2.990000009536743;2.984999895095825;2.990000009536743;7556
2021-07-21 15:43:00-04:00;2.990000009536743;2.990000009536743;2.990000009536743;2.990000009536743;3996
2021-07-21 15:44:00-04:00;2.990000009536743;2.990000009536743;2.990000009536743;2.990000009536743;261
2021-07-21 15:46:00-04:00;3.0;3.0;3.0;3.0;600
2021-07-21 15:47:00-04:00;2.984999895095825;3.0;2.984999895095825;3.0;5524
2021-07-21 15:48:00-04:00;3.0;3.0;3.0;3.0;4041
2021-07-21 15:49:00-04:00;3.0;3.0;3.0;3.0;669
2021-07-21 15:51:00-04:00;3.0;3.0;2.990000009536743;3.0;1364
2021-07-21 15:52:00-04:00;3.009999990463257;3.009999990463257;3.0;3.0;686
2021-07-21 15:53:00-04:00;3.009999990463257;3.009999990463257;3.009999990463257;3.009999990463257;854
2021-07-21 15:54:00-04:00;3.009999990463257;3.009999990463257;3.009999990463257;3.009999990463257;1100
2021-07-21 15:55:00-04:00;3.009999990463257;3.009999990463257;3.0000998973846436;3.009999990463257;9199
2021-07-21 15:56:00-04:00;3.0099000930786133;3.0099000930786133;3.0;3.0;1299
2021-07-21 15:58:00-04:00;3.009999990463257;3.009999990463257;3.009999990463257;3.009999990463257;8771
2021-07-21 15:59:00-04:00;3.0199999809265137;3.0399999618530273;3.0199999809265137;3.0399999618530273;8024
2021-07-22 09:30:00-04:00;3.069999933242798;3.069999933242798;3.0450000762939453;3.0450000762939453;11759
2021-07-22 09:31:00-04:00;3.0399999618530273;3.0399999618530273;3.0199999809265137;3.0350000858306885;3305
2021-07-22 09:36:00-04:00;3.0;3.0;2.9700000286102295;2.9700000286102295;10384
2021-07-22 09:37:00-04:00;2.9800000190734863;3.029599905014038;2.9800000190734863;3.029599905014038;385
2021-07-22 09:38:00-04:00;3.0299999713897705;3.0399999618530273;3.0299999713897705;3.0299999713897705;1377
2021-07-22 09:39:00-04:00;3.0299999713897705;3.049999952316284;3.0272998809814453;3.049999952316284;2514
2021-07-22 09:40:00-04:00;3.049999952316284;3.0745999813079834;3.0399999618530273;3.0399999618530273;9952
2021-07-22 09:41:00-04:00;3.0399999618530273;3.0999999046325684;3.0399999618530273;3.0799999237060547;13168
2021-07-22 09:42:00-04:00;3.059999942779541;3.109999895095825;3.059999942779541;3.0899999141693115;20030
2021-07-22 09:43:00-04:00;3.0899999141693115;3.0899999141693115;3.0399999618530273;3.0399999618530273;15456
2021-07-22 09:44:00-04:00;3.0350000858306885;3.0399999618530273;3.0350000858306885;3.0399999618530273;2113
2021-07-22 09:45:00-04:00;3.055000066757202;3.055000066757202;3.055000066757202;3.055000066757202;510
2021-07-22 09:46:00-04:00;3.0399999618530273;3.0499000549316406;3.0399999618530273;3.0499000549316406;1100
2021-07-22 09:47:00-04:00;3.0220000743865967;3.0220000743865967;3.0220000743865967;3.0220000743865967;4237
2021-07-22 09:50:00-04:00;3.0199999809265137;3.0199999809265137;3.0199999809265137;3.0199999809265137;5097
2021-07-22 09:51:00-04:00;2.968400001525879;2.9800000190734863;2.968400001525879;2.9800000190734863;7626
2021-07-22 09:52:00-04:00;2.994999885559082;2.994999885559082;2.994999885559082;2.994999885559082;918
2021-07-22 09:53:00-04:00;3.0299999713897705;3.0299999713897705;2.9649999141693115;3.0299999713897705;2420
2021-07-22 09:59:00-04:00;3.021699905395508;3.021699905395508;3.021699905395508;3.021699905395508;302
2021-07-22 10:06:00-04:00;3.013700008392334;3.013700008392334;2.9600000381469727;2.9600000381469727;902
2021-07-22 10:12:00-04:00;2.9800000190734863;2.9800000190734863;2.9800000190734863;2.9800000190734863;250
2021-07-22 10:13:00-04:00;2.9700000286102295;2.9800000190734863;2.9700000286102295;2.9727001190185547;764
2021-07-22 10:14:00-04:00;2.984999895095825;2.990000009536743;2.961199998855591;2.961199998855591;1021
2021-07-22 10:15:00-04:00;2.9907000064849854;2.9907000064849854;2.9907000064849854;2.9907000064849854;250
2021-07-22 10:17:00-04:00;3.0;3.0;3.0;3.0;170
2021-07-22 10:21:00-04:00;2.9600000381469727;2.9600000381469727;2.9600000381469727;2.9600000381469727;1347
2021-07-22 10:22:00-04:00;2.950000047683716;2.950000047683716;2.950000047683716;2.950000047683716;2228
2021-07-22 10:23:00-04:00;2.9798998832702637;2.9798998832702637;2.9798998832702637;2.9798998832702637;10003
2021-07-22 10:26:00-04:00;2.97379994392395;2.97379994392395;2.97379994392395;2.97379994392395;165
2021-07-22 10:30:00-04:00;2.9649999141693115;2.9649999141693115;2.9649999141693115;2.9649999141693115;317
2021-07-22 10:33:00-04:00;2.9798998832702637;2.9798998832702637;2.9798998832702637;2.9798998832702637;200
2021-07-22 10:35:00-04:00;2.9800000190734863;2.9800000190734863;2.9800000190734863;2.9800000190734863;500
2021-07-22 10:38:00-04:00;2.9649999141693115;2.9649999141693115;2.9649999141693115;2.9649999141693115;507
2021-07-22 10:44:00-04:00;2.950000047683716;2.950000047683716;2.9300999641418457;2.9300999641418457;2631
2021-07-22 10:46:00-04:00;2.9540998935699463;2.9540998935699463;2.9540998935699463;2.9540998935699463;128
2021-07-22 10:50:00-04:00;2.930000066757202;2.9600000381469727;2.930000066757202;2.9600000381469727;3691
2021-07-22 10:51:00-04:00;2.930000066757202;2.930000066757202;2.930000066757202;2.930000066757202;1987
2021-07-22 10:54:00-04:00;2.950000047683716;2.950000047683716;2.950000047683716;2.950000047683716;168
2021-07-22 10:55:00-04:00;2.940000057220459;2.940000057220459;2.940000057220459;2.940000057220459;1213
2021-07-22 11:00:00-04:00;2.930000066757202;2.9337000846862793;2.930000066757202;2.9337000846862793;1200
2021-07-22 11:01:00-04:00;2.930000066757202;2.937000036239624;2.930000066757202;2.937000036239624;1801
2021-07-22 11:02:00-04:00;2.9379000663757324;2.938800096511841;2.930000066757202;2.930000066757202;1000
2021-07-22 11:03:00-04:00;2.940000057220459;2.950000047683716;2.940000057220459;2.950000047683716;320
2021-07-22 11:08:00-04:00;2.9384000301361084;2.9384000301361084;2.9384000301361084;2.9384000301361084;101
2021-07-22 11:09:00-04:00;2.9700000286102295;2.9700000286102295;2.9700000286102295;2.9700000286102295;365
2021-07-22 11:15:00-04:00;2.9600000381469727;2.9600000381469727;2.9600000381469727;2.9600000381469727;292
2021-07-22 11:20:00-04:00;2.930000066757202;2.930000066757202;2.930000066757202;2.930000066757202;201
2021-07-22 11:21:00-04:00;2.950000047683716;2.950000047683716;2.950000047683716;2.950000047683716;576
2021-07-22 11:22:00-04:00;2.936000108718872;2.936000108718872;2.936000108718872;2.936000108718872;550
2021-07-22 11:23:00-04:00;2.930000066757202;2.930000066757202;2.930000066757202;2.930000066757202;272
2021-07-22 11:26:00-04:00;2.930000066757202;2.930000066757202;2.930000066757202;2.930000066757202;1178
2021-07-22 11:27:00-04:00;2.930000066757202;2.930000066757202;2.930000066757202;2.930000066757202;1372
2021-07-22 11:28:00-04:00;2.930000066757202;2.930000066757202;2.930000066757202;2.930000066757202;451
2021-07-22 11:32:00-04:00;2.930000066757202;2.950000047683716;2.930000066757202;2.950000047683716;1002
2021-07-22 11:33:00-04:00;2.940000057220459;2.940000057220459;2.940000057220459;2.940000057220459;971
2021-07-22 11:37:00-04:00;2.9618000984191895;2.9618000984191895;2.9618000984191895;2.9618000984191895;225
2021-07-22 11:41:00-04:00;2.940000057220459;2.940000057220459;2.940000057220459;2.940000057220459;100
2021-07-22 11:42:00-04:00;2.940000057220459;2.940000057220459;2.940000057220459;2.940000057220459;896
2021-07-22 11:45:00-04:00;2.930000066757202;2.930000066757202;2.9200000762939453;2.9200000762939453;2396
2021-07-22 11:49:00-04:00;2.9600000381469727;2.9600000381469727;2.950000047683716;2.950000047683716;1575
2021-07-22 11:57:00-04:00;2.930000066757202;2.930000066757202;2.930000066757202;2.930000066757202;1241
2021-07-22 11:59:00-04:00;2.930000066757202;2.930000066757202;2.930000066757202;2.930000066757202;130
2021-07-22 12:02:00-04:00;2.930000066757202;2.930000066757202;2.930000066757202;2.930000066757202;2217
2021-07-22 12:12:00-04:00;2.934999942779541;2.934999942779541;2.934999942779541;2.934999942779541;211
2021-07-22 12:17:00-04:00;2.937700033187866;2.9679999351501465;2.937700033187866;2.9679999351501465;2619
2021-07-22 12:21:00-04:00;2.930000066757202;2.930000066757202;2.930000066757202;2.930000066757202;200
2021-07-22 12:29:00-04:00;2.9600000381469727;2.9600000381469727;2.9600000381469727;2.9600000381469727;168
2021-07-22 12:30:00-04:00;2.9516000747680664;2.9516000747680664;2.9516000747680664;2.9516000747680664;474
2021-07-22 12:32:00-04:00;2.9600000381469727;2.9600000381469727;2.9600000381469727;2.9600000381469727;4000
2021-07-22 12:33:00-04:00;2.930000066757202;2.930000066757202;2.930000066757202;2.930000066757202;117
2021-07-22 12:37:00-04:00;2.9700000286102295;2.9700000286102295;2.9700000286102295;2.9700000286102295;604
2021-07-22 12:39:00-04:00;2.950000047683716;2.950000047683716;2.950000047683716;2.950000047683716;300
2021-07-22 12:40:00-04:00;2.940000057220459;2.9800000190734863;2.940000057220459;2.9700000286102295;13859
2021-07-22 12:41:00-04:00;2.9800000190734863;3.0199999809265137;2.9600000381469727;3.009999990463257;27677
2021-07-22 12:42:00-04:00;3.009999990463257;3.0199999809265137;2.990000009536743;2.99399995803833;16892
2021-07-22 12:43:00-04:00;2.9800000190734863;2.9800000190734863;2.9700000286102295;2.9800000190734863;868
2021-07-22 12:44:00-04:00;2.9800000190734863;3.0299999713897705;2.950000047683716;3.0299999713897705;17045
2021-07-22 12:45:00-04:00;3.0199999809265137;3.0199999809265137;3.009999990463257;3.009999990463257;1358
2021-07-22 12:46:00-04:00;3.0;3.0;2.9800000190734863;2.9804999828338623;1208
2021-07-22 12:48:00-04:00;2.9800000190734863;3.0099000930786133;2.9800000190734863;3.0099000930786133;330
2021-07-22 12:51:00-04:00;2.9700000286102295;2.990000009536743;2.9700000286102295;2.990000009536743;5023
2021-07-22 12:52:00-04:00;2.990000009536743;3.0058999061584473;2.990000009536743;3.0058999061584473;830
2021-07-22 12:54:00-04:00;3.009999990463257;3.009999990463257;3.009999990463257;3.009999990463257;138
2021-07-22 13:03:00-04:00;2.990000009536743;2.990000009536743;2.9700000286102295;2.9700000286102295;632
2021-07-22 13:04:00-04:00;3.0099000930786133;3.0099000930786133;3.0099000930786133;3.0099000930786133;250
2021-07-22 13:07:00-04:00;2.9500999450683594;2.9500999450683594;2.9500999450683594;2.9500999450683594;1299
2021-07-22 13:08:00-04:00;2.993000030517578;2.993000030517578;2.993000030517578;2.993000030517578;3570
2021-07-22 13:14:00-04:00;2.9800000190734863;2.9800000190734863;2.950000047683716;2.9600000381469727;1100
2021-07-22 13:15:00-04:00;2.9800000190734863;2.9800000190734863;2.9800000190734863;2.9800000190734863;272
2021-07-22 13:18:00-04:00;2.9800000190734863;2.9800000190734863;2.9800000190734863;2.9800000190734863;300
2021-07-22 13:19:00-04:00;2.9700000286102295;2.9700000286102295;2.9600000381469727;2.9700000286102295;361
2021-07-22 13:20:00-04:00;2.97979998588562;2.97979998588562;2.97979998588562;2.97979998588562;256
2021-07-22 13:29:00-04:00;2.9800000190734863;2.9800000190734863;2.9800000190734863;2.9800000190734863;274
2021-07-22 13:31:00-04:00;2.9700000286102295;2.9700000286102295;2.9658000469207764;2.9658000469207764;1107
2021-07-22 13:37:00-04:00;2.9700000286102295;2.9700000286102295;2.9656999111175537;2.9656999111175537;6417
2021-07-22 13:44:00-04:00;2.990000009536743;2.990000009536743;2.9800000190734863;2.9800000190734863;610
2021-07-22 13:49:00-04:00;2.9600000381469727;2.9600000381469727;2.9600000381469727;2.9600000381469727;200
2021-07-22 13:59:00-04:00;2.990000009536743;2.990000009536743;2.990000009536743;2.990000009536743;328
2021-07-22 14:05:00-04:00;2.9600000381469727;2.9600000381469727;2.9600000381469727;2.9600000381469727;2000
2021-07-22 14:07:00-04:00;2.960099935531616;2.9862000942230225;2.960099935531616;2.9800000190734863;833
2021-07-22 14:11:00-04:00;2.9700000286102295;2.9700000286102295;2.9700000286102295;2.9700000286102295;235
2021-07-22 14:16:00-04:00;2.9941999912261963;2.995800018310547;2.9941999912261963;2.995800018310547;8942
2021-07-22 14:17:00-04:00;2.994999885559082;2.994999885559082;2.994999885559082;2.994999885559082;200
2021-07-22 14:18:00-04:00;3.009999990463257;3.009999990463257;3.0;3.0;400
2021-07-22 14:20:00-04:00;3.0053999423980713;3.0053999423980713;3.0053999423980713;3.0053999423980713;170
2021-07-22 14:21:00-04:00;3.0;3.0;3.0;3.0;356
2021-07-22 14:28:00-04:00;2.990000009536743;2.990000009536743;2.990000009536743;2.990000009536743;300
2021-07-22 14:30:00-04:00;2.994999885559082;2.994999885559082;2.994999885559082;2.994999885559082;424
2021-07-22 14:31:00-04:00;3.0;3.0;3.0;3.0;400
2021-07-22 14:33:00-04:00;2.9951000213623047;2.9951000213623047;2.9951000213623047;2.9951000213623047;100
2021-07-22 14:34:00-04:00;2.994999885559082;2.994999885559082;2.994999885559082;2.994999885559082;483
2021-07-22 14:37:00-04:00;2.9983999729156494;2.9983999729156494;2.9983999729156494;2.9983999729156494;335
2021-07-22 14:40:00-04:00;3.0;3.0;3.0;3.0;725
2021-07-22 14:44:00-04:00;2.994999885559082;2.994999885559082;2.9800000190734863;2.994999885559082;1641
2021-07-22 14:49:00-04:00;2.994999885559082;2.994999885559082;2.994999885559082;2.994999885559082;100
2021-07-22 14:50:00-04:00;2.990000009536743;2.994999885559082;2.990000009536743;2.994999885559082;5600
2021-07-22 14:55:00-04:00;2.9999001026153564;2.9999001026153564;2.9999001026153564;2.9999001026153564;1982
2021-07-22 14:58:00-04:00;2.998500108718872;2.998500108718872;2.998500108718872;2.998500108718872;298
2021-07-22 15:07:00-04:00;2.991300106048584;2.994999885559082;2.990000009536743;2.994999885559082;835
2021-07-22 15:10:00-04:00;2.9900999069213867;3.0;2.990000009536743;3.0;2911
2021-07-22 15:11:00-04:00;2.994999885559082;2.994999885559082;2.9935998916625977;2.9935998916625977;8130
2021-07-22 15:17:00-04:00;2.990000009536743;2.994999885559082;2.990000009536743;2.994999885559082;5882
2021-07-22 15:19:00-04:00;3.0;3.0;2.999500036239624;3.0;3156
2021-07-22 15:20:00-04:00;3.0;3.0;3.0;3.0;930
2021-07-22 15:24:00-04:00;2.990999937057495;3.0;2.990999937057495;3.0;3903
2021-07-22 15:29:00-04:00;3.009999990463257;3.012399911880493;3.00600004196167;3.012399911880493;3151
2021-07-22 15:32:00-04:00;3.009999990463257;3.009999990463257;3.009999990463257;3.009999990463257;323
2021-07-22 15:36:00-04:00;3.009999990463257;3.0199999809265137;3.0;3.009999990463257;9802
2021-07-22 15:37:00-04:00;3.015000104904175;3.015000104904175;3.009999990463257;3.009999990463257;901
2021-07-22 15:38:00-04:00;3.009999990463257;3.009999990463257;3.009999990463257;3.009999990463257;1162
2021-07-22 15:40:00-04:00;3.009999990463257;3.009999990463257;3.009999990463257;3.009999990463257;214
2021-07-22 15:42:00-04:00;3.013000011444092;3.013000011444092;3.013000011444092;3.013000011444092;580
2021-07-22 15:43:00-04:00;3.0199999809265137;3.0199999809265137;3.0199999809265137;3.0199999809265137;113
2021-07-22 15:44:00-04:00;3.0199999809265137;3.0199999809265137;3.0199999809265137;3.0199999809265137;206
2021-07-22 15:50:00-04:00;3.0199999809265137;3.0199999809265137;3.0199999809265137;3.0199999809265137;388
2021-07-22 15:51:00-04:00;3.0199999809265137;3.0199999809265137;3.009999990463257;3.009999990463257;2000
2021-07-22 15:53:00-04:00;3.009999990463257;3.009999990463257;3.009999990463257;3.009999990463257;220
2021-07-22 15:54:00-04:00;3.015000104904175;3.015000104904175;3.015000104904175;3.015000104904175;849
2021-07-22 15:57:00-04:00;3.0199999809265137;3.0199999809265137;3.0199999809265137;3.0199999809265137;420
2021-07-22 15:58:00-04:00;3.0299999713897705;3.0299999713897705;3.009999990463257;3.009999990463257;14516
2021-07-22 15:59:00-04:00;3.016200065612793;3.0199999809265137;3.009999990463257;3.0199999809265137;2237
2021-07-23 09:30:00-04:00;2.960400104522705;3.0399999618530273;2.960400104522705;3.0299999713897705;6182
2021-07-23 09:31:00-04:00;3.0299999713897705;3.0299999713897705;3.0299999713897705;3.0299999713897705;732
2021-07-23 09:32:00-04:00;3.049999952316284;3.065000057220459;3.049999952316284;3.063699960708618;7433
2021-07-23 09:33:00-04:00;3.059999942779541;3.059999942779541;3.0299999713897705;3.0299999713897705;13149
2021-07-23 09:34:00-04:00;3.0299999713897705;3.049999952316284;3.0299999713897705;3.049999952316284;1299
2021-07-23 09:35:00-04:00;3.049999952316284;3.049999952316284;3.009999990463257;3.009999990463257;24962
2021-07-23 09:36:00-04:00;3.0;3.009999990463257;3.0;3.009999990463257;13717
2021-07-23 09:37:00-04:00;3.0299999713897705;3.0299999713897705;3.009999990463257;3.009999990463257;6400
2021-07-23 09:38:00-04:00;3.0299999713897705;3.0299999713897705;3.0199999809265137;3.0199999809265137;6516
2021-07-23 09:39:00-04:00;3.0199999809265137;3.0199999809265137;3.0199999809265137;3.0199999809265137;3000
2021-07-23 09:40:00-04:00;3.006200075149536;3.0199999809265137;3.006200075149536;3.0199999809265137;647
2021-07-23 09:41:00-04:00;3.0190000534057617;3.0190000534057617;3.0190000534057617;3.0190000534057617;294
2021-07-23 09:42:00-04:00;3.0;3.0199999809265137;3.0;3.0;3220
2021-07-23 09:44:00-04:00;3.005000114440918;3.009999990463257;3.0006000995635986;3.0020999908447266;4546
2021-07-23 09:48:00-04:00;3.0199999809265137;3.0199999809265137;3.0199999809265137;3.0199999809265137;500
2021-07-23 09:50:00-04:00;3.0102999210357666;3.0102999210357666;3.005000114440918;3.005000114440918;1654
2021-07-23 09:52:00-04:00;3.0;3.0;3.0;3.0;2499
2021-07-23 09:53:00-04:00;2.984999895095825;2.984999895095825;2.9800000190734863;2.9800000190734863;725
2021-07-23 09:56:00-04:00;2.970099925994873;2.970099925994873;2.970099925994873;2.970099925994873;2201
2021-07-23 09:57:00-04:00;2.990000009536743;2.990000009536743;2.990000009536743;2.990000009536743;1828
2021-07-23 09:59:00-04:00;2.9999001026153564;2.9999001026153564;2.9999001026153564;2.9999001026153564;1015
2021-07-23 10:03:00-04:00;2.9800000190734863;2.9800000190734863;2.9800000190734863;2.9800000190734863;1564
2021-07-23 10:04:00-04:00;2.9700000286102295;2.9800000190734863;2.9700000286102295;2.9800000190734863;4319
2021-07-23 10:05:00-04:00;2.988800048828125;2.988800048828125;2.988800048828125;2.988800048828125;325
2021-07-23 10:08:00-04:00;2.9709999561309814;2.9800000190734863;2.9700000286102295;2.9700000286102295;2600
2021-07-23 10:12:00-04:00;2.990000009536743;3.0;2.990000009536743;3.0;1236
2021-07-23 10:15:00-04:00;2.99429988861084;2.99429988861084;2.99429988861084;2.99429988861084;130
2021-07-23 10:16:00-04:00;2.970599889755249;2.970599889755249;2.930000066757202;2.930000066757202;15567
2021-07-23 10:17:00-04:00;2.950000047683716;2.950000047683716;2.940000057220459;2.940000057220459;1200
2021-07-23 10:18:00-04:00;2.940000057220459;2.950000047683716;2.940000057220459;2.9472999572753906;6197
2021-07-23 10:21:00-04:00;2.950000047683716;2.950000047683716;2.950000047683716;2.950000047683716;1210
2021-07-23 10:23:00-04:00;2.9472999572753906;2.9472999572753906;2.946899890899658;2.946899890899658;1766
2021-07-23 10:28:00-04:00;2.930000066757202;2.930000066757202;2.930000066757202;2.930000066757202;100
2021-07-23 10:29:00-04:00;2.940000057220459;2.940000057220459;2.933799982070923;2.933799982070923;543
2021-07-23 10:31:00-04:00;2.9453999996185303;2.9453999996185303;2.9453999996185303;2.9453999996185303;100
2021-07-23 10:33:00-04:00;2.9337000846862793;2.9482998847961426;2.9337000846862793;2.9482998847961426;932
2021-07-23 10:37:00-04:00;2.940000057220459;2.940000057220459;2.940000057220459;2.940000057220459;585
2021-07-23 10:38:00-04:00;2.940000057220459;2.940000057220459;2.930000066757202;2.9388999938964844;4170
2021-07-23 10:39:00-04:00;2.9398999214172363;2.9398999214172363;2.9398999214172363;2.9398999214172363;229
2021-07-23 10:48:00-04:00;2.934999942779541;2.934999942779541;2.934999942779541;2.934999942779541;105
2021-07-23 10:49:00-04:00;2.938999891281128;2.938999891281128;2.938999891281128;2.938999891281128;1000
2021-07-23 10:50:00-04:00;2.938699960708618;2.938699960708618;2.938699960708618;2.938699960708618;120
2021-07-23 10:52:00-04:00;2.930000066757202;2.930000066757202;2.930000066757202;2.930000066757202;157
2021-07-23 10:54:00-04:00;2.9298999309539795;2.9298999309539795;2.9230000972747803;2.9260001182556152;3102
2021-07-23 10:55:00-04:00;2.9298999309539795;2.930000066757202;2.9298999309539795;2.930000066757202;2180
2021-07-23 10:56:00-04:00;2.930000066757202;2.930000066757202;2.930000066757202;2.930000066757202;241
2021-07-23 10:59:00-04:00;2.9475998878479004;2.9475998878479004;2.9475998878479004;2.9475998878479004;1224
2021-07-23 11:00:00-04:00;2.950000047683716;2.950000047683716;2.950000047683716;2.950000047683716;5945
2021-07-23 11:07:00-04:00;2.9672999382019043;2.9672999382019043;2.9672999382019043;2.9672999382019043;400
2021-07-23 11:10:00-04:00;2.9600000381469727;2.9649999141693115;2.9600000381469727;2.9600000381469727;853
2021-07-23 11:11:00-04:00;2.9600000381469727;2.9649999141693115;2.9560000896453857;2.9560000896453857;3044
2021-07-23 11:17:00-04:00;2.9509999752044678;2.9509999752044678;2.930000066757202;2.930000066757202;13008
2021-07-23 11:20:00-04:00;2.95989990234375;2.95989990234375;2.95989990234375;2.95989990234375;400
2021-07-23 11:24:00-04:00;2.950000047683716;2.950000047683716;2.950000047683716;2.950000047683716;123
2021-07-23 11:25:00-04:00;2.9300999641418457;2.9300999641418457;2.9300999641418457;2.9300999641418457;4005
2021-07-23 11:27:00-04:00;2.950000047683716;2.9600000381469727;2.950000047683716;2.9600000381469727;775
2021-07-23 11:28:00-04:00;2.9600000381469727;2.9600000381469727;2.950000047683716;2.950000047683716;5673
2021-07-23 11:30:00-04:00;2.950000047683716;2.9600000381469727;2.950000047683716;2.950000047683716;1165
2021-07-23 11:36:00-04:00;2.9600000381469727;2.9700000286102295;2.9600000381469727;2.9700000286102295;1290
2021-07-23 11:37:00-04:00;2.9763998985290527;2.9763998985290527;2.9763998985290527;2.9763998985290527;300
2021-07-23 11:43:00-04:00;2.9800000190734863;2.9800000190734863;2.9800000190734863;2.9800000190734863;1000
2021-07-23 11:45:00-04:00;2.9637999534606934;2.9637999534606934;2.9637999534606934;2.9637999534606934;1267
2021-07-23 11:51:00-04:00;2.9700000286102295;2.9700000286102295;2.9600000381469727;2.9600000381469727;313
2021-07-23 11:52:00-04:00;2.9611001014709473;2.9611001014709473;2.9611001014709473;2.9611001014709473;309
2021-07-23 12:00:00-04:00;2.960099935531616;2.960099935531616;2.960099935531616;2.960099935531616;500
2021-07-23 12:01:00-04:00;2.9600000381469727;2.9600000381469727;2.9600000381469727;2.9600000381469727;450
2021-07-23 12:23:00-04:00;2.9800000190734863;2.9800000190734863;2.9600000381469727;2.9600000381469727;912
2021-07-23 12:24:00-04:00;2.9800000190734863;2.9800000190734863;2.9800000190734863;2.9800000190734863;293
2021-07-23 12:25:00-04:00;2.9600000381469727;2.9800000190734863;2.9600000381469727;2.9800000190734863;450
2021-07-23 12:26:00-04:00;2.9700000286102295;2.9700000286102295;2.9700000286102295;2.9700000286102295;1580
2021-07-23 12:27:00-04:00;2.9700000286102295;2.9700000286102295;2.9700000286102295;2.9700000286102295;422
2021-07-23 12:29:00-04:00;2.96370005607605;2.96370005607605;2.96370005607605;2.96370005607605;159
2021-07-23 12:31:00-04:00;2.950000047683716;2.950000047683716;2.950000047683716;2.950000047683716;8346
2021-07-23 12:37:00-04:00;2.950000047683716;2.950000047683716;2.950000047683716;2.950000047683716;660
2021-07-23 12:54:00-04:00;2.950000047683716;2.950000047683716;2.950000047683716;2.950000047683716;1162
2021-07-23 12:55:00-04:00;2.950000047683716;2.9549999237060547;2.950000047683716;2.9549999237060547;3471
2021-07-23 12:56:00-04:00;2.9549999237060547;2.9549999237060547;2.9549999237060547;2.9549999237060547;1060
2021-07-23 12:59:00-04:00;2.967400074005127;2.967400074005127;2.967400074005127;2.967400074005127;202
2021-07-23 13:02:00-04:00;2.9600000381469727;2.9600000381469727;2.9600000381469727;2.9600000381469727;115
2021-07-23 13:03:00-04:00;2.9509999752044678;2.9600000381469727;2.950000047683716;2.950000047683716;3070
2021-07-23 13:08:00-04:00;2.950000047683716;2.950000047683716;2.950000047683716;2.950000047683716;324
2021-07-23 13:11:00-04:00;2.9405999183654785;2.950000047683716;2.9405999183654785;2.950000047683716;819
2021-07-23 13:16:00-04:00;2.940000057220459;2.940000057220459;2.940000057220459;2.940000057220459;1147
2021-07-23 13:19:00-04:00;2.9426000118255615;2.9426000118255615;2.9426000118255615;2.9426000118255615;1147
2021-07-23 13:25:00-04:00;2.950000047683716;2.950000047683716;2.950000047683716;2.950000047683716;200
2021-07-23 13:29:00-04:00;2.932800054550171;2.932800054550171;2.932800054550171;2.932800054550171;368
2021-07-23 13:33:00-04:00;2.950000047683716;2.950000047683716;2.950000047683716;2.950000047683716;205
2021-07-23 13:38:00-04:00;2.943700075149536;2.943700075149536;2.943700075149536;2.943700075149536;326
2021-07-23 13:39:00-04:00;2.940000057220459;2.950000047683716;2.940000057220459;2.940000057220459;549
2021-07-23 13:46:00-04:00;2.950000047683716;2.950000047683716;2.950000047683716;2.950000047683716;1363
2021-07-23 14:02:00-04:00;2.944999933242798;2.944999933242798;2.940000057220459;2.940000057220459;500
2021-07-23 14:03:00-04:00;2.949899911880493;2.949899911880493;2.944999933242798;2.944999933242798;1700
2021-07-23 14:04:00-04:00;2.950000047683716;2.950000047683716;2.949899911880493;2.949899911880493;2480
2021-07-23 14:06:00-04:00;2.953000068664551;2.953000068664551;2.953000068664551;2.953000068664551;1100
2021-07-23 14:15:00-04:00;2.9549999237060547;2.9549999237060547;2.950000047683716;2.950000047683716;480
2021-07-23 14:19:00-04:00;2.9600000381469727;2.9600000381469727;2.9600000381469727;2.9600000381469727;346
2021-07-23 14:20:00-04:00;2.950000047683716;2.950000047683716;2.950000047683716;2.950000047683716;377
2021-07-23 14:30:00-04:00;2.950000047683716;2.950000047683716;2.950000047683716;2.950000047683716;700
2021-07-23 14:31:00-04:00;2.9560000896453857;2.9600000381469727;2.9560000896453857;2.9600000381469727;779
2021-07-23 14:32:00-04:00;2.9600000381469727;2.9600000381469727;2.9600000381469727;2.9600000381469727;400
2021-07-23 14:35:00-04:00;2.9600000381469727;2.9600000381469727;2.950000047683716;2.950000047683716;747
2021-07-23 14:36:00-04:00;2.9600000381469727;2.9600000381469727;2.9600000381469727;2.9600000381469727;617
2021-07-23 14:37:00-04:00;2.9649999141693115;2.9649999141693115;2.9649999141693115;2.9649999141693115;240
2021-07-23 14:41:00-04:00;2.9700000286102295;2.9700000286102295;2.9700000286102295;2.9700000286102295;157
2021-07-23 14:47:00-04:00;2.9500999450683594;2.9500999450683594;2.9500999450683594;2.9500999450683594;1739
2021-07-23 14:55:00-04:00;2.9500999450683594;2.9500999450683594;2.9500999450683594;2.9500999450683594;306
2021-07-23 14:57:00-04:00;2.9593000411987305;2.9593000411987305;2.9593000411987305;2.9593000411987305;12026
2021-07-23 15:01:00-04:00;2.9749999046325684;2.9749999046325684;2.9749999046325684;2.9749999046325684;4
2021-07-23 15:15:00-04:00;2.971100091934204;2.9749999046325684;2.971100091934204;2.9749999046325684;3000
2021-07-23 15:18:00-04:00;2.9800000190734863;2.9800000190734863;2.9800000190734863;2.9800000190734863;463
2021-07-23 15:19:00-04:00;2.9800000190734863;2.9800000190734863;2.9800000190734863;2.9800000190734863;604
2021-07-23 15:21:00-04:00;3.0;3.0;3.0;3.0;731
2021-07-23 15:24:00-04:00;3.0;3.0;3.0;3.0;2500
2021-07-23 15:25:00-04:00;2.990000009536743;2.990000009536743;2.9800000190734863;2.9800000190734863;452
2021-07-23 15:28:00-04:00;2.9800000190734863;2.9800000190734863;2.9749999046325684;2.9749999046325684;3009
2021-07-23 15:34:00-04:00;2.9798998832702637;2.9798998832702637;2.9749999046325684;2.9749999046325684;3324
2021-07-23 15:36:00-04:00;2.9749999046325684;2.9749999046325684;2.9749999046325684;2.9749999046325684;1342
2021-07-23 15:39:00-04:00;2.9793999195098877;2.9793999195098877;2.9793999195098877;2.9793999195098877;1050
2021-07-23 15:41:00-04:00;2.9798998832702637;2.9798998832702637;2.9798998832702637;2.9798998832702637;100
2021-07-23 15:43:00-04:00;2.9800000190734863;2.9800000190734863;2.9800000190734863;2.9800000190734863;375
2021-07-23 15:44:00-04:00;2.9725000858306885;2.9749999046325684;2.9725000858306885;2.9749999046325684;7113
2021-07-23 15:46:00-04:00;2.9749999046325684;2.9749999046325684;2.9749999046325684;2.9749999046325684;187
2021-07-23 15:51:00-04:00;2.9749999046325684;2.9800000190734863;2.9749999046325684;2.9749999046325684;5300
2021-07-23 15:53:00-04:00;2.9730000495910645;2.9800000190734863;2.9730000495910645;2.9800000190734863;652
2021-07-23 15:56:00-04:00;2.9704999923706055;2.9749999046325684;2.9700000286102295;2.9749999046325684;1053
2021-07-23 15:57:00-04:00;2.9700000286102295;2.9700000286102295;2.9700000286102295;2.9700000286102295;743
2021-07-23 15:59:00-04:00;2.9749999046325684;2.9800000190734863;2.9600000381469727;2.9700000286102295;11270
