Datetime;Open;High;Low;Close;Volume
2021-07-19 09:30:00-04:00;4.810200214385986;4.810200214385986;4.673500061035156;4.789999961853027;39293
2021-07-19 09:32:00-04:00;4.690000057220459;4.739999771118164;4.690000057220459;4.739999771118164;477
2021-07-19 09:34:00-04:00;4.746099948883057;4.746099948883057;4.746099948883057;4.746099948883057;129
2021-07-19 09:35:00-04:00;4.789999961853027;4.789999961853027;4.789999961853027;4.789999961853027;402
2021-07-19 09:36:00-04:00;4.739999771118164;4.739999771118164;4.739999771118164;4.739999771118164;910
2021-07-19 09:37:00-04:00;4.701000213623047;4.701000213623047;4.699999809265137;4.699999809265137;4439
2021-07-19 09:39:00-04:00;4.71999979019165;4.71999979019165;4.71999979019165;4.71999979019165;321
2021-07-19 09:40:00-04:00;4.71999979019165;4.71999979019165;4.71999979019165;4.71999979019165;310
2021-07-19 09:43:00-04:00;4.769999980926514;4.769999980926514;4.769999980926514;4.769999980926514;278
2021-07-19 09:44:00-04:00;4.744999885559082;4.744999885559082;4.744999885559082;4.744999885559082;313
2021-07-19 09:45:00-04:00;4.744999885559082;4.744999885559082;4.744999885559082;4.744999885559082;632
2021-07-19 09:47:00-04:00;4.735000133514404;4.735000133514404;4.735000133514404;4.735000133514404;200
2021-07-19 09:48:00-04:00;4.71999979019165;4.71999979019165;4.71999979019165;4.71999979019165;995
2021-07-19 09:49:00-04:00;4.749000072479248;4.749000072479248;4.7469000816345215;4.7469000816345215;517
2021-07-19 09:51:00-04:00;4.749899864196777;4.749899864196777;4.749899864196777;4.749899864196777;530
2021-07-19 09:52:00-04:00;4.730000019073486;4.730000019073486;4.724999904632568;4.724999904632568;1083
2021-07-19 09:54:00-04:00;4.699999809265137;4.699999809265137;4.679999828338623;4.679999828338623;1746
2021-07-19 09:57:00-04:00;4.650000095367432;4.65310001373291;4.650000095367432;4.65310001373291;1920
2021-07-19 09:58:00-04:00;4.635000228881836;4.653600215911865;4.619999885559082;4.635000228881836;6655
2021-07-19 09:59:00-04:00;4.635000228881836;4.635000228881836;4.635000228881836;4.635000228881836;221
2021-07-19 10:00:00-04:00;4.619999885559082;4.626500129699707;4.619999885559082;4.626500129699707;4345
2021-07-19 10:02:00-04:00;4.670000076293945;4.670000076293945;4.6519999504089355;4.6519999504089355;1150
2021-07-19 10:03:00-04:00;4.6641998291015625;4.690000057220459;4.6641998291015625;4.690000057220459;800
2021-07-19 10:04:00-04:00;4.670000076293945;4.670000076293945;4.670000076293945;4.670000076293945;165
2021-07-19 10:05:00-04:00;4.650000095367432;4.655600070953369;4.650000095367432;4.655600070953369;700
2021-07-19 10:06:00-04:00;4.650000095367432;4.650000095367432;4.650000095367432;4.650000095367432;936
2021-07-19 10:07:00-04:00;4.621500015258789;4.621500015258789;4.621500015258789;4.621500015258789;2000
2021-07-19 10:08:00-04:00;4.620100021362305;4.670000076293945;4.620100021362305;4.670000076293945;2953
2021-07-19 10:11:00-04:00;4.670000076293945;4.670000076293945;4.610000133514404;4.635000228881836;2608
2021-07-19 10:12:00-04:00;4.635000228881836;4.635000228881836;4.635000228881836;4.635000228881836;189
2021-07-19 10:14:00-04:00;4.610000133514404;4.610000133514404;4.610000133514404;4.610000133514404;2045
2021-07-19 10:15:00-04:00;4.610099792480469;4.610099792480469;4.610099792480469;4.610099792480469;650
2021-07-19 10:16:00-04:00;4.625;4.625;4.610000133514404;4.610000133514404;200
2021-07-19 10:17:00-04:00;4.610099792480469;4.639999866485596;4.610099792480469;4.639999866485596;472
2021-07-19 10:18:00-04:00;4.625;4.639999866485596;4.610000133514404;4.639999866485596;1008
2021-07-19 10:20:00-04:00;4.650000095367432;4.650000095367432;4.650000095367432;4.650000095367432;1109
2021-07-19 10:23:00-04:00;4.699999809265137;4.699999809265137;4.659999847412109;4.67579984664917;1444
2021-07-19 10:24:00-04:00;4.672900199890137;4.699999809265137;4.672900199890137;4.699999809265137;3534
2021-07-19 10:25:00-04:00;4.75;4.75;4.730000019073486;4.730000019073486;840
2021-07-19 10:27:00-04:00;4.769899845123291;4.769899845123291;4.769899845123291;4.769899845123291;326
2021-07-19 10:29:00-04:00;4.739999771118164;4.739999771118164;4.739999771118164;4.739999771118164;300
2021-07-19 10:31:00-04:00;4.71999979019165;4.71999979019165;4.699999809265137;4.699999809265137;1552
2021-07-19 10:32:00-04:00;4.682499885559082;4.699999809265137;4.682499885559082;4.699999809265137;266
2021-07-19 10:33:00-04:00;4.699999809265137;4.769899845123291;4.69950008392334;4.769899845123291;5803
2021-07-19 10:35:00-04:00;4.723499774932861;4.73199987411499;4.723499774932861;4.73199987411499;2265
2021-07-19 10:36:00-04:00;4.739999771118164;4.760000228881836;4.739999771118164;4.739999771118164;1756
2021-07-19 10:39:00-04:00;4.749899864196777;4.75;4.735000133514404;4.735000133514404;897
2021-07-19 10:40:00-04:00;4.745699882507324;4.745699882507324;4.720099925994873;4.720099925994873;458
2021-07-19 10:43:00-04:00;4.720099925994873;4.75;4.720099925994873;4.75;1341
2021-07-19 10:44:00-04:00;4.750999927520752;4.809999942779541;4.741199970245361;4.741199970245361;8819
2021-07-19 10:45:00-04:00;4.788899898529053;4.809999942779541;4.788899898529053;4.809999942779541;562
2021-07-19 10:46:00-04:00;4.803100109100342;4.803100109100342;4.803100109100342;4.803100109100342;469
2021-07-19 10:48:00-04:00;4.790599822998047;4.790599822998047;4.790599822998047;4.790599822998047;120
2021-07-19 10:53:00-04:00;4.75;4.75;4.75;4.75;254
2021-07-19 10:54:00-04:00;4.792300224304199;4.792300224304199;4.775000095367432;4.775000095367432;300
2021-07-19 10:56:00-04:00;4.795499801635742;4.800000190734863;4.775000095367432;4.800000190734863;2100
2021-07-19 10:57:00-04:00;4.78000020980835;4.78000020980835;4.78000020980835;4.78000020980835;305
2021-07-19 11:00:00-04:00;4.775000095367432;4.799900054931641;4.775000095367432;4.799900054931641;1623
2021-07-19 11:06:00-04:00;4.788000106811523;4.788000106811523;4.78000020980835;4.78000020980835;700
2021-07-19 11:07:00-04:00;4.78000020980835;4.800000190734863;4.78000020980835;4.800000190734863;463
2021-07-19 11:10:00-04:00;4.78000020980835;4.809999942779541;4.78000020980835;4.800000190734863;1914
2021-07-19 11:11:00-04:00;4.815700054168701;4.815700054168701;4.800000190734863;4.800000190734863;670
2021-07-19 11:12:00-04:00;4.800000190734863;4.800000190734863;4.800000190734863;4.800000190734863;538
2021-07-19 11:14:00-04:00;4.800000190734863;4.800000190734863;4.800000190734863;4.800000190734863;100
2021-07-19 11:16:00-04:00;4.795000076293945;4.795000076293945;4.795000076293945;4.795000076293945;106
2021-07-19 11:17:00-04:00;4.795000076293945;4.795000076293945;4.795000076293945;4.795000076293945;200
2021-07-19 11:18:00-04:00;4.795000076293945;4.800000190734863;4.791100025177002;4.800000190734863;1420
2021-07-19 11:19:00-04:00;4.800000190734863;4.800099849700928;4.800000190734863;4.800099849700928;1000
2021-07-19 11:20:00-04:00;4.800000190734863;4.800000190734863;4.795000076293945;4.795000076293945;277
2021-07-19 11:24:00-04:00;4.789999961853027;4.789999961853027;4.789999961853027;4.789999961853027;100
2021-07-19 11:25:00-04:00;4.78000020980835;4.78000020980835;4.78000020980835;4.78000020980835;200
2021-07-19 11:27:00-04:00;4.789999961853027;4.789999961853027;4.78000020980835;4.789999961853027;1562
2021-07-19 11:29:00-04:00;4.789999961853027;4.789999961853027;4.789999961853027;4.789999961853027;106
2021-07-19 11:30:00-04:00;4.789999961853027;4.789999961853027;4.789999961853027;4.789999961853027;746
2021-07-19 11:31:00-04:00;4.789999961853027;4.789999961853027;4.789999961853027;4.789999961853027;185
2021-07-19 11:32:00-04:00;4.800000190734863;4.800000190734863;4.800000190734863;4.800000190734863;521
2021-07-19 11:33:00-04:00;4.809999942779541;4.829999923706055;4.809999942779541;4.829999923706055;1150
2021-07-19 11:34:00-04:00;4.829999923706055;4.829999923706055;4.829999923706055;4.829999923706055;3017
2021-07-19 11:36:00-04:00;4.829999923706055;4.829999923706055;4.815000057220459;4.826499938964844;805
2021-07-19 11:37:00-04:00;4.829999923706055;4.829999923706055;4.829999923706055;4.829999923706055;888
2021-07-19 11:38:00-04:00;4.829999923706055;4.829999923706055;4.829999923706055;4.829999923706055;284
2021-07-19 11:45:00-04:00;4.829500198364258;4.840000152587891;4.800000190734863;4.840000152587891;1315
2021-07-19 11:47:00-04:00;4.833799839019775;4.833799839019775;4.833799839019775;4.833799839019775;142
2021-07-19 11:48:00-04:00;4.840000152587891;4.840000152587891;4.840000152587891;4.840000152587891;500
2021-07-19 11:49:00-04:00;4.840000152587891;4.840000152587891;4.838500022888184;4.840000152587891;585
2021-07-19 11:50:00-04:00;4.852399826049805;4.852399826049805;4.852399826049805;4.852399826049805;103
2021-07-19 11:51:00-04:00;4.860000133514404;4.860000133514404;4.860000133514404;4.860000133514404;1898
2021-07-19 11:52:00-04:00;4.894999980926514;4.894999980926514;4.894999980926514;4.894999980926514;295
2021-07-19 11:54:00-04:00;4.860000133514404;4.860000133514404;4.840000152587891;4.840000152587891;954
2021-07-19 11:59:00-04:00;4.869999885559082;4.869999885559082;4.840000152587891;4.840000152587891;226
2021-07-19 12:00:00-04:00;4.860000133514404;4.860000133514404;4.860000133514404;4.860000133514404;200
2021-07-19 12:03:00-04:00;4.860000133514404;4.860000133514404;4.860000133514404;4.860000133514404;3240
2021-07-19 12:06:00-04:00;4.809999942779541;4.809999942779541;4.809999942779541;4.809999942779541;600
2021-07-19 12:09:00-04:00;4.809999942779541;4.809999942779541;4.789999961853027;4.789999961853027;780
2021-07-19 12:10:00-04:00;4.750899791717529;4.764999866485596;4.750899791717529;4.764999866485596;2113
2021-07-19 12:15:00-04:00;4.809999942779541;4.820000171661377;4.809999942779541;4.820000171661377;991
2021-07-19 12:20:00-04:00;4.784999847412109;4.784999847412109;4.784999847412109;4.784999847412109;438
2021-07-19 12:23:00-04:00;4.789999961853027;4.789999961853027;4.789999961853027;4.789999961853027;125
2021-07-19 12:25:00-04:00;4.800000190734863;4.800000190734863;4.800000190734863;4.800000190734863;1016
2021-07-19 12:28:00-04:00;4.800000190734863;4.800000190734863;4.800000190734863;4.800000190734863;344
2021-07-19 12:36:00-04:00;4.800000190734863;4.800000190734863;4.800000190734863;4.800000190734863;174
2021-07-19 12:45:00-04:00;4.795000076293945;4.809999942779541;4.795000076293945;4.809999942779541;3529
2021-07-19 12:50:00-04:00;4.800000190734863;4.800000190734863;4.760000228881836;4.760000228881836;3211
2021-07-19 12:52:00-04:00;4.809899806976318;4.809899806976318;4.809899806976318;4.809899806976318;1000
2021-07-19 12:53:00-04:00;4.800000190734863;4.800000190734863;4.800000190734863;4.800000190734863;1044
2021-07-19 12:57:00-04:00;4.803899765014648;4.803899765014648;4.789999961853027;4.789999961853027;536
2021-07-19 13:01:00-04:00;4.795000076293945;4.795000076293945;4.795000076293945;4.795000076293945;0
2021-07-19 13:16:00-04:00;4.760000228881836;4.760000228881836;4.760000228881836;4.760000228881836;160911
2021-07-19 13:19:00-04:00;4.809999942779541;4.809999942779541;4.809999942779541;4.809999942779541;1705
2021-07-19 13:20:00-04:00;4.76639986038208;4.76639986038208;4.76639986038208;4.76639986038208;147
2021-07-19 13:24:00-04:00;4.809999942779541;4.809999942779541;4.809999942779541;4.809999942779541;175
2021-07-19 13:25:00-04:00;4.769999980926514;4.769999980926514;4.769999980926514;4.769999980926514;489
2021-07-19 13:35:00-04:00;4.793000221252441;4.793000221252441;4.793000221252441;4.793000221252441;200
2021-07-19 13:37:00-04:00;4.783999919891357;4.783999919891357;4.769999980926514;4.769999980926514;373
2021-07-19 13:38:00-04:00;4.789999961853027;4.789999961853027;4.789999961853027;4.789999961853027;521
2021-07-19 13:40:00-04:00;4.759900093078613;4.759900093078613;4.759900093078613;4.759900093078613;129
2021-07-19 13:47:00-04:00;4.809899806976318;4.809899806976318;4.80649995803833;4.80649995803833;302
2021-07-19 13:54:00-04:00;4.789999961853027;4.789999961853027;4.789999961853027;4.789999961853027;970
2021-07-19 14:08:00-04:00;4.809999942779541;4.809999942779541;4.809999942779541;4.809999942779541;850
2021-07-19 14:09:00-04:00;4.809999942779541;4.809999942779541;4.769999980926514;4.769999980926514;1605
2021-07-19 14:10:00-04:00;4.800000190734863;4.800000190734863;4.769999980926514;4.769999980926514;325
2021-07-19 14:11:00-04:00;4.760000228881836;4.789999961853027;4.760000228881836;4.789999961853027;1105
2021-07-19 14:12:00-04:00;4.789999961853027;4.789999961853027;4.789999961853027;4.789999961853027;513
2021-07-19 14:14:00-04:00;4.760000228881836;4.760000228881836;4.760000228881836;4.760000228881836;402
2021-07-19 14:19:00-04:00;4.766200065612793;4.766200065612793;4.766200065612793;4.766200065612793;300
2021-07-19 14:20:00-04:00;4.760000228881836;4.760000228881836;4.760000228881836;4.760000228881836;350
2021-07-19 14:22:00-04:00;4.789999961853027;4.789999961853027;4.789999961853027;4.789999961853027;806
2021-07-19 14:23:00-04:00;4.789999961853027;4.789999961853027;4.789999961853027;4.789999961853027;971
2021-07-19 14:26:00-04:00;4.75;4.75;4.75;4.75;527
2021-07-19 14:37:00-04:00;4.75;4.75;4.739999771118164;4.739999771118164;1399
2021-07-19 14:38:00-04:00;4.735000133514404;4.735000133514404;4.735000133514404;4.735000133514404;700
2021-07-19 14:39:00-04:00;4.739999771118164;4.760000228881836;4.739999771118164;4.739999771118164;1056
2021-07-19 14:40:00-04:00;4.739999771118164;4.739999771118164;4.739999771118164;4.739999771118164;233
2021-07-19 14:48:00-04:00;4.725900173187256;4.725900173187256;4.725900173187256;4.725900173187256;242
2021-07-19 14:56:00-04:00;4.735000133514404;4.735000133514404;4.735000133514404;4.735000133514404;800
2021-07-19 14:57:00-04:00;4.75;4.75;4.75;4.75;368
2021-07-19 14:59:00-04:00;4.74459981918335;4.74459981918335;4.74459981918335;4.74459981918335;132
2021-07-19 15:03:00-04:00;4.75;4.75;4.75;4.75;587
2021-07-19 15:04:00-04:00;4.739999771118164;4.739999771118164;4.739999771118164;4.739999771118164;325
2021-07-19 15:06:00-04:00;4.753399848937988;4.753399848937988;4.753399848937988;4.753399848937988;100
2021-07-19 15:07:00-04:00;4.75;4.75;4.75;4.75;800
2021-07-19 15:09:00-04:00;4.735000133514404;4.735000133514404;4.735000133514404;4.735000133514404;550
2021-07-19 15:11:00-04:00;4.735000133514404;4.75;4.735000133514404;4.75;800
2021-07-19 15:12:00-04:00;4.75;4.75;4.739999771118164;4.739999771118164;959
2021-07-19 15:13:00-04:00;4.739999771118164;4.739999771118164;4.739999771118164;4.739999771118164;828
2021-07-19 15:21:00-04:00;4.730000019073486;4.730000019073486;4.730000019073486;4.730000019073486;1064
2021-07-19 15:25:00-04:00;4.744999885559082;4.744999885559082;4.744999885559082;4.744999885559082;153
2021-07-19 15:28:00-04:00;4.75;4.75;4.75;4.75;1201
2021-07-19 15:30:00-04:00;4.744999885559082;4.75;4.739999771118164;4.739999771118164;3282
2021-07-19 15:31:00-04:00;4.75;4.75;4.739999771118164;4.739999771118164;516
2021-07-19 15:32:00-04:00;4.75;4.75;4.75;4.75;200
2021-07-19 15:34:00-04:00;4.75;4.75;4.739999771118164;4.739999771118164;4088
2021-07-19 15:35:00-04:00;4.739999771118164;4.748199939727783;4.739999771118164;4.739999771118164;1940
2021-07-19 15:36:00-04:00;4.739999771118164;4.739999771118164;4.739999771118164;4.739999771118164;455
2021-07-19 15:37:00-04:00;4.739999771118164;4.739999771118164;4.739999771118164;4.739999771118164;120
2021-07-19 15:38:00-04:00;4.739999771118164;4.739999771118164;4.739999771118164;4.739999771118164;103
2021-07-19 15:40:00-04:00;4.739999771118164;4.760000228881836;4.739999771118164;4.75;6387
2021-07-19 15:41:00-04:00;4.760000228881836;4.760000228881836;4.739999771118164;4.760000228881836;3584
2021-07-19 15:42:00-04:00;4.75;4.75;4.75;4.75;502
2021-07-19 15:43:00-04:00;4.75;4.760000228881836;4.730000019073486;4.739999771118164;3698
2021-07-19 15:44:00-04:00;4.739999771118164;4.739999771118164;4.739999771118164;4.739999771118164;108
2021-07-19 15:46:00-04:00;4.739999771118164;4.75;4.730000019073486;4.75;1493
2021-07-19 15:47:00-04:00;4.735000133514404;4.75;4.735000133514404;4.75;349
2021-07-19 15:48:00-04:00;4.75;4.75;4.735000133514404;4.75;1924
2021-07-19 15:49:00-04:00;4.744999885559082;4.744999885559082;4.744999885559082;4.744999885559082;100
2021-07-19 15:50:00-04:00;4.744999885559082;4.744999885559082;4.744999885559082;4.744999885559082;1153
2021-07-19 15:51:00-04:00;4.769999980926514;4.769999980926514;4.739999771118164;4.755000114440918;4369
2021-07-19 15:52:00-04:00;4.755000114440918;4.769999980926514;4.755000114440918;4.769999980926514;428
2021-07-19 15:53:00-04:00;4.755000114440918;4.755000114440918;4.755000114440918;4.755000114440918;705
2021-07-19 15:54:00-04:00;4.755000114440918;4.755000114440918;4.755000114440918;4.755000114440918;2985
2021-07-19 15:55:00-04:00;4.769999980926514;4.769999980926514;4.75;4.760000228881836;3348
2021-07-19 15:56:00-04:00;4.75;4.760000228881836;4.75;4.75;926
2021-07-19 15:57:00-04:00;4.760000228881836;4.760000228881836;4.7459001541137695;4.7459001541137695;3072
2021-07-19 15:58:00-04:00;4.760000228881836;4.760000228881836;4.760000228881836;4.760000228881836;611
2021-07-19 15:59:00-04:00;4.760000228881836;4.78000020980835;4.75;4.78000020980835;6571
2021-07-20 09:30:00-04:00;4.690000057220459;4.699999809265137;4.630000114440918;4.630000114440918;4828
2021-07-20 09:31:00-04:00;4.675000190734863;4.675000190734863;4.630000114440918;4.630000114440918;1190
2021-07-20 09:32:00-04:00;4.714300155639648;4.714300155639648;4.712800025939941;4.712800025939941;365
2021-07-20 09:33:00-04:00;4.656300067901611;4.656300067901611;4.656300067901611;4.656300067901611;1441
2021-07-20 09:34:00-04:00;4.630000114440918;4.630000114440918;4.630000114440918;4.630000114440918;1554
2021-07-20 09:35:00-04:00;4.719900131225586;4.719900131225586;4.719900131225586;4.719900131225586;272
2021-07-20 09:36:00-04:00;4.675000190734863;4.675000190734863;4.675000190734863;4.675000190734863;530
2021-07-20 09:37:00-04:00;4.638700008392334;4.71999979019165;4.638700008392334;4.700200080871582;1016
2021-07-20 09:38:00-04:00;4.675000190734863;4.675000190734863;4.675000190734863;4.675000190734863;1570
2021-07-20 09:39:00-04:00;4.713900089263916;4.713900089263916;4.630099773406982;4.630099773406982;1380
2021-07-20 09:41:00-04:00;4.667399883270264;4.667399883270264;4.667399883270264;4.667399883270264;1040
2021-07-20 09:42:00-04:00;4.638700008392334;4.710000038146973;4.638700008392334;4.710000038146973;903
2021-07-20 09:44:00-04:00;4.65500020980835;4.65500020980835;4.65500020980835;4.65500020980835;1565
2021-07-20 09:46:00-04:00;4.650000095367432;4.650000095367432;4.650000095367432;4.650000095367432;525
2021-07-20 09:47:00-04:00;4.630000114440918;4.630000114440918;4.630000114440918;4.630000114440918;1000
2021-07-20 09:48:00-04:00;4.676199913024902;4.676199913024902;4.676199913024902;4.676199913024902;656
2021-07-20 09:49:00-04:00;4.690000057220459;4.690000057220459;4.690000057220459;4.690000057220459;458
2021-07-20 09:55:00-04:00;4.710000038146973;4.710000038146973;4.670000076293945;4.690000057220459;1500
2021-07-20 09:56:00-04:00;4.654799938201904;4.654799938201904;4.654799938201904;4.654799938201904;505
2021-07-20 09:57:00-04:00;4.650000095367432;4.690000057220459;4.650000095367432;4.690000057220459;14264
2021-07-20 09:58:00-04:00;4.699999809265137;4.710000038146973;4.695000171661377;4.699999809265137;1800
2021-07-20 09:59:00-04:00;4.710000038146973;4.71999979019165;4.710000038146973;4.715000152587891;4726
2021-07-20 10:00:00-04:00;4.71999979019165;4.739999771118164;4.710000038146973;4.739999771118164;14344
2021-07-20 10:02:00-04:00;4.71999979019165;4.730000019073486;4.710000038146973;4.715000152587891;2553
2021-07-20 10:03:00-04:00;4.710000038146973;4.715000152587891;4.710000038146973;4.715000152587891;948
2021-07-20 10:04:00-04:00;4.715000152587891;4.715000152587891;4.715000152587891;4.715000152587891;1000
2021-07-20 10:05:00-04:00;4.715000152587891;4.718100070953369;4.715000152587891;4.715000152587891;3746
2021-07-20 10:06:00-04:00;4.715000152587891;4.71999979019165;4.710000038146973;4.71999979019165;516
2021-07-20 10:07:00-04:00;4.715000152587891;4.715000152587891;4.715000152587891;4.715000152587891;200
2021-07-20 10:09:00-04:00;4.71999979019165;4.75;4.715000152587891;4.75;1349
2021-07-20 10:12:00-04:00;4.75;4.764999866485596;4.730000019073486;4.730000019073486;998
2021-07-20 10:13:00-04:00;4.75;4.75;4.75;4.75;149
2021-07-20 10:19:00-04:00;4.75;4.75;4.75;4.75;1369
2021-07-20 10:22:00-04:00;4.78000020980835;4.78000020980835;4.78000020980835;4.78000020980835;100
2021-07-20 10:24:00-04:00;4.78000020980835;4.78000020980835;4.78000020980835;4.78000020980835;706
2021-07-20 10:25:00-04:00;4.78000020980835;4.78000020980835;4.773499965667725;4.773499965667725;3881
2021-07-20 10:27:00-04:00;4.760000228881836;4.760000228881836;4.760000228881836;4.760000228881836;300
2021-07-20 10:28:00-04:00;4.760000228881836;4.769999980926514;4.760000228881836;4.769999980926514;1274
2021-07-20 10:32:00-04:00;4.800000190734863;4.800000190734863;4.800000190734863;4.800000190734863;300
2021-07-20 10:33:00-04:00;4.794600009918213;4.794600009918213;4.769999980926514;4.769999980926514;772
2021-07-20 10:34:00-04:00;4.78000020980835;4.78000020980835;4.769999980926514;4.769999980926514;547
2021-07-20 10:36:00-04:00;4.784999847412109;4.784999847412109;4.784999847412109;4.784999847412109;178
2021-07-20 10:42:00-04:00;4.776000022888184;4.776000022888184;4.776000022888184;4.776000022888184;361
2021-07-20 10:46:00-04:00;4.800000190734863;4.800000190734863;4.800000190734863;4.800000190734863;1320
2021-07-20 10:54:00-04:00;4.809999942779541;4.809999942779541;4.809999942779541;4.809999942779541;241
2021-07-20 11:02:00-04:00;4.869999885559082;4.869999885559082;4.869999885559082;4.869999885559082;484
2021-07-20 11:09:00-04:00;4.849999904632568;4.849999904632568;4.849999904632568;4.849999904632568;309
2021-07-20 11:14:00-04:00;4.849999904632568;4.849999904632568;4.849999904632568;4.849999904632568;350
2021-07-20 11:16:00-04:00;4.859000205993652;4.859000205993652;4.859000205993652;4.859000205993652;224
2021-07-20 11:21:00-04:00;4.853499889373779;4.853499889373779;4.853499889373779;4.853499889373779;102
2021-07-20 11:22:00-04:00;4.849999904632568;4.860000133514404;4.84499979019165;4.860000133514404;2304
2021-07-20 11:23:00-04:00;4.829999923706055;4.84499979019165;4.820000171661377;4.820000171661377;2976
2021-07-20 11:29:00-04:00;4.789999961853027;4.8140997886657715;4.789999961853027;4.8140997886657715;1098
2021-07-20 11:32:00-04:00;4.789999961853027;4.809999942779541;4.789999961853027;4.809999942779541;4034
2021-07-20 11:39:00-04:00;4.809999942779541;4.8196001052856445;4.809999942779541;4.8196001052856445;910
2021-07-20 11:41:00-04:00;4.804200172424316;4.820000171661377;4.804200172424316;4.820000171661377;1100
2021-07-20 11:42:00-04:00;4.800000190734863;4.802700042724609;4.789999961853027;4.800000190734863;2041
2021-07-20 11:43:00-04:00;4.75;4.75;4.75;4.75;2051
2021-07-20 11:57:00-04:00;4.789999961853027;4.789999961853027;4.78000020980835;4.789999961853027;3715
2021-07-20 11:58:00-04:00;4.784999847412109;4.784999847412109;4.784999847412109;4.784999847412109;125
2021-07-20 12:09:00-04:00;4.78000020980835;4.789999961853027;4.774899959564209;4.774899959564209;1327
2021-07-20 12:12:00-04:00;4.784999847412109;4.784999847412109;4.784999847412109;4.784999847412109;151
2021-07-20 12:18:00-04:00;4.78000020980835;4.789999961853027;4.78000020980835;4.789999961853027;1552
2021-07-20 12:22:00-04:00;4.78000020980835;4.78000020980835;4.78000020980835;4.78000020980835;1205
2021-07-20 12:23:00-04:00;4.779799938201904;4.779799938201904;4.779799938201904;4.779799938201904;288
2021-07-20 12:31:00-04:00;4.78000020980835;4.78000020980835;4.769999980926514;4.78000020980835;2569
2021-07-20 12:32:00-04:00;4.769999980926514;4.769999980926514;4.769999980926514;4.769999980926514;110
2021-07-20 12:36:00-04:00;4.770999908447266;4.770999908447266;4.770999908447266;4.770999908447266;400
2021-07-20 12:38:00-04:00;4.78000020980835;4.78000020980835;4.769999980926514;4.78000020980835;2060
2021-07-20 12:45:00-04:00;4.784999847412109;4.784999847412109;4.784999847412109;4.784999847412109;105
2021-07-20 12:46:00-04:00;4.78000020980835;4.78000020980835;4.78000020980835;4.78000020980835;1576
2021-07-20 12:48:00-04:00;4.764999866485596;4.764999866485596;4.764999866485596;4.764999866485596;205
2021-07-20 12:50:00-04:00;4.760000228881836;4.760000228881836;4.760000228881836;4.760000228881836;790
2021-07-20 12:51:00-04:00;4.760000228881836;4.760000228881836;4.760000228881836;4.760000228881836;212
2021-07-20 12:57:00-04:00;4.760000228881836;4.760000228881836;4.75;4.75;923
2021-07-20 13:04:00-04:00;4.739999771118164;4.739999771118164;4.739999771118164;4.739999771118164;1490
2021-07-20 13:09:00-04:00;4.789999961853027;4.789999961853027;4.789999961853027;4.789999961853027;842
2021-07-20 13:11:00-04:00;4.766600131988525;4.789999961853027;4.766600131988525;4.789999961853027;200
2021-07-20 13:13:00-04:00;4.789999961853027;4.789999961853027;4.789999961853027;4.789999961853027;1445
2021-07-20 13:20:00-04:00;4.760000228881836;4.760000228881836;4.760000228881836;4.760000228881836;301
2021-07-20 13:28:00-04:00;4.760000228881836;4.760000228881836;4.760000228881836;4.760000228881836;366
2021-07-20 13:31:00-04:00;4.7743000984191895;4.7743000984191895;4.7743000984191895;4.7743000984191895;225
2021-07-20 13:35:00-04:00;4.739999771118164;4.739999771118164;4.739999771118164;4.739999771118164;484
2021-07-20 13:42:00-04:00;4.769999980926514;4.769999980926514;4.755000114440918;4.755000114440918;800
2021-07-20 13:43:00-04:00;4.765600204467773;4.765600204467773;4.765600204467773;4.765600204467773;105
2021-07-20 13:48:00-04:00;4.769999980926514;4.769999980926514;4.769999980926514;4.769999980926514;410
2021-07-20 14:00:00-04:00;4.769999980926514;4.769999980926514;4.769999980926514;4.769999980926514;509
2021-07-20 14:04:00-04:00;4.760000228881836;4.760000228881836;4.760000228881836;4.760000228881836;410
2021-07-20 14:07:00-04:00;4.769999980926514;4.769999980926514;4.769999980926514;4.769999980926514;700
2021-07-20 14:11:00-04:00;4.769999980926514;4.769999980926514;4.769999980926514;4.769999980926514;287
2021-07-20 14:12:00-04:00;4.785099983215332;4.785099983215332;4.775000095367432;4.775000095367432;1692
2021-07-20 14:13:00-04:00;4.794899940490723;4.794899940490723;4.794899940490723;4.794899940490723;305
2021-07-20 14:14:00-04:00;4.793799877166748;4.793799877166748;4.793799877166748;4.793799877166748;219
2021-07-20 14:22:00-04:00;4.775000095367432;4.775000095367432;4.775000095367432;4.775000095367432;189
2021-07-20 14:29:00-04:00;4.7733001708984375;4.78000020980835;4.7733001708984375;4.78000020980835;1864
2021-07-20 14:30:00-04:00;4.78000020980835;4.78000020980835;4.78000020980835;4.78000020980835;230
2021-07-20 14:34:00-04:00;4.78000020980835;4.78000020980835;4.78000020980835;4.78000020980835;495
2021-07-20 14:38:00-04:00;4.769999980926514;4.769999980926514;4.769999980926514;4.769999980926514;100
2021-07-20 14:41:00-04:00;4.78000020980835;4.78000020980835;4.78000020980835;4.78000020980835;480
2021-07-20 14:48:00-04:00;4.740099906921387;4.740099906921387;4.740099906921387;4.740099906921387;520
2021-07-20 14:55:00-04:00;4.769999980926514;4.769999980926514;4.769999980926514;4.769999980926514;1255
2021-07-20 14:57:00-04:00;4.78000020980835;4.78000020980835;4.78000020980835;4.78000020980835;288
2021-07-20 14:58:00-04:00;4.789999961853027;4.789999961853027;4.789999961853027;4.789999961853027;248
2021-07-20 15:03:00-04:00;4.795499801635742;4.795499801635742;4.795499801635742;4.795499801635742;525
2021-07-20 15:04:00-04:00;4.788899898529053;4.788899898529053;4.788899898529053;4.788899898529053;2085
2021-07-20 15:05:00-04:00;4.820000171661377;4.820000171661377;4.800000190734863;4.800000190734863;736
2021-07-20 15:10:00-04:00;4.800000190734863;4.800000190734863;4.800000190734863;4.800000190734863;108
2021-07-20 15:12:00-04:00;4.801700115203857;4.809999942779541;4.801700115203857;4.809999942779541;209
2021-07-20 15:13:00-04:00;4.809999942779541;4.809999942779541;4.800000190734863;4.800000190734863;660
2021-07-20 15:17:00-04:00;4.809999942779541;4.809999942779541;4.809999942779541;4.809999942779541;640
2021-07-20 15:18:00-04:00;4.804999828338623;4.809999942779541;4.804999828338623;4.809999942779541;2304
2021-07-20 15:19:00-04:00;4.809999942779541;4.809999942779541;4.809999942779541;4.809999942779541;454
2021-07-20 15:28:00-04:00;4.816500186920166;4.829999923706055;4.816500186920166;4.829999923706055;2000
2021-07-20 15:29:00-04:00;4.829999923706055;4.840000152587891;4.810100078582764;4.810100078582764;3336
2021-07-20 15:31:00-04:00;4.840000152587891;4.840000152587891;4.840000152587891;4.840000152587891;305
2021-07-20 15:33:00-04:00;4.840000152587891;4.848800182342529;4.840000152587891;4.848800182342529;621
2021-07-20 15:34:00-04:00;4.849999904632568;4.849999904632568;4.8404998779296875;4.8404998779296875;360
2021-07-20 15:36:00-04:00;4.840000152587891;4.849999904632568;4.829999923706055;4.837299823760986;2569
2021-07-20 15:45:00-04:00;4.829999923706055;4.829999923706055;4.820000171661377;4.820000171661377;1187
2021-07-20 15:49:00-04:00;4.829999923706055;4.829999923706055;4.829999923706055;4.829999923706055;905
2021-07-20 15:50:00-04:00;4.831399917602539;4.831399917602539;4.831399917602539;4.831399917602539;717
2021-07-20 15:52:00-04:00;4.829999923706055;4.829999923706055;4.809999942779541;4.820000171661377;1942
2021-07-20 15:53:00-04:00;4.820000171661377;4.849999904632568;4.820000171661377;4.849999904632568;3613
2021-07-20 15:54:00-04:00;4.849999904632568;4.849999904632568;4.849999904632568;4.849999904632568;307
2021-07-20 15:57:00-04:00;4.840000152587891;4.849999904632568;4.829999923706055;4.829999923706055;2911
2021-07-20 15:59:00-04:00;4.840000152587891;4.849999904632568;4.820000171661377;4.849999904632568;1532
2021-07-21 09:30:00-04:00;4.809999942779541;4.809999942779541;4.789999961853027;4.789999961853027;2102
2021-07-21 09:33:00-04:00;4.829899787902832;4.829899787902832;4.789999961853027;4.789999961853027;1111
2021-07-21 09:34:00-04:00;4.789999961853027;4.800000190734863;4.789999961853027;4.789999961853027;700
2021-07-21 09:36:00-04:00;4.769999980926514;4.809999942779541;4.769999980926514;4.809999942779541;3451
2021-07-21 09:37:00-04:00;4.849999904632568;4.849999904632568;4.840000152587891;4.849999904632568;6092
2021-07-21 09:38:00-04:00;4.893199920654297;4.893199920654297;4.789999961853027;4.789999961853027;1864
2021-07-21 09:42:00-04:00;4.860000133514404;4.877999782562256;4.860000133514404;4.877999782562256;423
2021-07-21 09:46:00-04:00;4.8196001052856445;4.8196001052856445;4.8196001052856445;4.8196001052856445;357
2021-07-21 09:49:00-04:00;4.840000152587891;4.840000152587891;4.840000152587891;4.840000152587891;400
2021-07-21 09:50:00-04:00;4.849999904632568;4.8805999755859375;4.849999904632568;4.8805999755859375;3467
2021-07-21 09:51:00-04:00;4.900000095367432;4.909999847412109;4.900000095367432;4.909999847412109;1581
2021-07-21 09:53:00-04:00;4.920000076293945;4.920000076293945;4.920000076293945;4.920000076293945;220
2021-07-21 09:57:00-04:00;4.887599945068359;4.887599945068359;4.880000114440918;4.880000114440918;1780
2021-07-21 09:58:00-04:00;4.894999980926514;4.894999980926514;4.894999980926514;4.894999980926514;110
2021-07-21 09:59:00-04:00;4.90369987487793;4.909999847412109;4.90369987487793;4.909999847412109;1627
2021-07-21 10:02:00-04:00;4.900000095367432;4.920000076293945;4.898499965667725;4.920000076293945;2339
2021-07-21 10:03:00-04:00;4.916100025177002;4.916100025177002;4.916100025177002;4.916100025177002;310
2021-07-21 10:07:00-04:00;4.920000076293945;4.920000076293945;4.920000076293945;4.920000076293945;1337
2021-07-21 10:08:00-04:00;4.920000076293945;4.920000076293945;4.920000076293945;4.920000076293945;228
2021-07-21 10:10:00-04:00;4.920899868011475;4.929999828338623;4.912499904632568;4.912499904632568;2854
2021-07-21 10:11:00-04:00;4.9253997802734375;4.9253997802734375;4.9253997802734375;4.9253997802734375;100
2021-07-21 10:12:00-04:00;4.920000076293945;4.920000076293945;4.920000076293945;4.920000076293945;150
2021-07-21 10:13:00-04:00;4.929999828338623;4.929999828338623;4.929999828338623;4.929999828338623;200
2021-07-21 10:14:00-04:00;4.929999828338623;4.929999828338623;4.929999828338623;4.929999828338623;186
2021-07-21 10:18:00-04:00;4.929999828338623;4.989999771118164;4.929999828338623;4.974699974060059;711
2021-07-21 10:19:00-04:00;4.987100124359131;4.989999771118164;4.960000038146973;4.960000038146973;680
2021-07-21 10:20:00-04:00;4.949999809265137;4.949999809265137;4.949999809265137;4.949999809265137;1403
2021-07-21 10:23:00-04:00;4.940000057220459;4.940000057220459;4.940000057220459;4.940000057220459;103
2021-07-21 10:24:00-04:00;4.929999828338623;4.929999828338623;4.902699947357178;4.929999828338623;2669
2021-07-21 10:28:00-04:00;4.929999828338623;4.929999828338623;4.929999828338623;4.929999828338623;212
2021-07-21 10:35:00-04:00;4.936699867248535;4.936699867248535;4.936699867248535;4.936699867248535;401
2021-07-21 10:37:00-04:00;4.960000038146973;4.960000038146973;4.960000038146973;4.960000038146973;3478
2021-07-21 10:40:00-04:00;4.989999771118164;4.989999771118164;4.989999771118164;4.989999771118164;1073
2021-07-21 10:44:00-04:00;4.954899787902832;4.954899787902832;4.954899787902832;4.954899787902832;100
2021-07-21 10:45:00-04:00;4.9475998878479;4.9475998878479;4.945000171661377;4.945000171661377;1332
2021-07-21 10:46:00-04:00;4.945099830627441;4.945099830627441;4.945099830627441;4.945099830627441;800
2021-07-21 10:47:00-04:00;4.945000171661377;4.945000171661377;4.945000171661377;4.945000171661377;1000
2021-07-21 10:48:00-04:00;4.960000038146973;4.960000038146973;4.958499908447266;4.960000038146973;2847
2021-07-21 10:55:00-04:00;4.940000057220459;4.940000057220459;4.940000057220459;4.940000057220459;840
2021-07-21 10:58:00-04:00;4.940000057220459;4.940000057220459;4.940000057220459;4.940000057220459;900
2021-07-21 10:59:00-04:00;4.936399936676025;4.936399936676025;4.936399936676025;4.936399936676025;377
2021-07-21 11:04:00-04:00;4.920000076293945;4.940000057220459;4.920000076293945;4.940000057220459;858
2021-07-21 11:05:00-04:00;4.940000057220459;4.940000057220459;4.900000095367432;4.900000095367432;1500
2021-07-21 11:07:00-04:00;4.909299850463867;4.909299850463867;4.900000095367432;4.900000095367432;988
2021-07-21 11:08:00-04:00;4.857999801635742;4.857999801635742;4.857999801635742;4.857999801635742;689
2021-07-21 11:20:00-04:00;4.920000076293945;4.920000076293945;4.920000076293945;4.920000076293945;550
2021-07-21 11:21:00-04:00;4.920000076293945;4.920000076293945;4.90500020980835;4.920000076293945;1601
2021-07-21 11:24:00-04:00;4.943399906158447;4.943399906158447;4.943399906158447;4.943399906158447;240
2021-07-21 11:25:00-04:00;4.915200233459473;4.915200233459473;4.915200233459473;4.915200233459473;150
2021-07-21 11:27:00-04:00;4.942500114440918;4.942500114440918;4.942500114440918;4.942500114440918;370
2021-07-21 11:30:00-04:00;4.935500144958496;4.935500144958496;4.935500144958496;4.935500144958496;364
2021-07-21 11:31:00-04:00;4.933899879455566;4.933899879455566;4.933899879455566;4.933899879455566;250
2021-07-21 11:32:00-04:00;4.924099922180176;4.924099922180176;4.924099922180176;4.924099922180176;100
2021-07-21 11:33:00-04:00;4.925000190734863;4.925000190734863;4.925000190734863;4.925000190734863;200
2021-07-21 11:38:00-04:00;4.914999961853027;4.914999961853027;4.914999961853027;4.914999961853027;152
2021-07-21 11:41:00-04:00;4.914999961853027;4.914999961853027;4.914999961853027;4.914999961853027;250
2021-07-21 11:45:00-04:00;4.927999973297119;4.927999973297119;4.927999973297119;4.927999973297119;537
2021-07-21 11:46:00-04:00;4.914999961853027;4.932400226593018;4.914999961853027;4.932400226593018;746
2021-07-21 11:55:00-04:00;4.920000076293945;4.920000076293945;4.900000095367432;4.920000076293945;1427
2021-07-21 11:56:00-04:00;4.920000076293945;4.949999809265137;4.920000076293945;4.949999809265137;2981
2021-07-21 11:59:00-04:00;4.930099964141846;4.930099964141846;4.930099964141846;4.930099964141846;331
2021-07-21 12:06:00-04:00;4.949999809265137;4.980000019073486;4.949999809265137;4.949999809265137;1623
2021-07-21 12:09:00-04:00;4.980000019073486;4.980000019073486;4.980000019073486;4.980000019073486;253
2021-07-21 12:11:00-04:00;4.973800182342529;4.973800182342529;4.973800182342529;4.973800182342529;100
2021-07-21 12:12:00-04:00;4.980000019073486;4.980000019073486;4.980000019073486;4.980000019073486;1000
2021-07-21 12:14:00-04:00;4.940000057220459;4.940000057220459;4.940000057220459;4.940000057220459;1874
2021-07-21 12:15:00-04:00;4.923500061035156;4.923500061035156;4.923500061035156;4.923500061035156;557
2021-07-21 12:18:00-04:00;4.940000057220459;4.940000057220459;4.940000057220459;4.940000057220459;514
2021-07-21 12:24:00-04:00;4.965000152587891;4.965000152587891;4.965000152587891;4.965000152587891;101
2021-07-21 12:26:00-04:00;4.949999809265137;4.9822001457214355;4.949999809265137;4.9822001457214355;1308
2021-07-21 12:31:00-04:00;4.981200218200684;4.981200218200684;4.961900234222412;4.961900234222412;441
2021-07-21 12:32:00-04:00;4.960000038146973;4.960000038146973;4.960000038146973;4.960000038146973;102
2021-07-21 12:34:00-04:00;4.940199851989746;4.940199851989746;4.940199851989746;4.940199851989746;704
2021-07-21 12:35:00-04:00;4.940000057220459;4.949999809265137;4.940000057220459;4.949999809265137;400
2021-07-21 12:36:00-04:00;4.944300174713135;4.944300174713135;4.944300174713135;4.944300174713135;100
2021-07-21 12:37:00-04:00;4.933700084686279;4.933700084686279;4.933700084686279;4.933700084686279;100
2021-07-21 12:39:00-04:00;4.929999828338623;4.929999828338623;4.929999828338623;4.929999828338623;302
2021-07-21 12:45:00-04:00;4.909999847412109;4.909999847412109;4.909999847412109;4.909999847412109;100
2021-07-21 12:47:00-04:00;4.940700054168701;4.940700054168701;4.940700054168701;4.940700054168701;100
2021-07-21 12:48:00-04:00;4.929999828338623;4.929999828338623;4.929999828338623;4.929999828338623;203
2021-07-21 12:57:00-04:00;4.944499969482422;4.944499969482422;4.944499969482422;4.944499969482422;100
2021-07-21 12:59:00-04:00;4.949999809265137;4.949999809265137;4.948999881744385;4.949999809265137;1655
2021-07-21 13:01:00-04:00;4.969399929046631;4.969399929046631;4.969399929046631;4.969399929046631;300
2021-07-21 13:06:00-04:00;4.960000038146973;4.960000038146973;4.909999847412109;4.940000057220459;1528
2021-07-21 13:07:00-04:00;4.96999979019165;4.96999979019165;4.940000057220459;4.940000057220459;700
2021-07-21 13:08:00-04:00;4.940100193023682;4.960000038146973;4.940100193023682;4.960000038146973;300
2021-07-21 13:09:00-04:00;4.940000057220459;4.940000057220459;4.940000057220459;4.940000057220459;200
2021-07-21 13:11:00-04:00;4.951600074768066;4.951600074768066;4.951600074768066;4.951600074768066;100
2021-07-21 13:12:00-04:00;4.940000057220459;4.956299781799316;4.940000057220459;4.956299781799316;400
2021-07-21 13:13:00-04:00;4.969399929046631;4.969399929046631;4.969399929046631;4.969399929046631;112
2021-07-21 13:16:00-04:00;4.934999942779541;4.949999809265137;4.920000076293945;4.949999809265137;520
2021-07-21 13:17:00-04:00;4.957499980926514;4.960000038146973;4.957499980926514;4.960000038146973;717
2021-07-21 13:18:00-04:00;4.960000038146973;4.960000038146973;4.960000038146973;4.960000038146973;225
2021-07-21 13:20:00-04:00;4.954999923706055;4.954999923706055;4.954999923706055;4.954999923706055;180
2021-07-21 13:21:00-04:00;4.930099964141846;4.981800079345703;4.930099964141846;4.981800079345703;760
2021-07-21 13:22:00-04:00;4.974599838256836;4.974599838256836;4.974599838256836;4.974599838256836;1113
2021-07-21 13:30:00-04:00;4.966000080108643;4.966000080108643;4.966000080108643;4.966000080108643;298
2021-07-21 13:33:00-04:00;4.966400146484375;4.980000019073486;4.949999809265137;4.949999809265137;7311
2021-07-21 13:34:00-04:00;4.960000038146973;4.960000038146973;4.940000057220459;4.940000057220459;5417
2021-07-21 13:38:00-04:00;4.950099945068359;4.950099945068359;4.950099945068359;4.950099945068359;508
2021-07-21 13:39:00-04:00;4.925000190734863;4.925000190734863;4.925000190734863;4.925000190734863;208
2021-07-21 13:40:00-04:00;4.949999809265137;4.949999809265137;4.920000076293945;4.949999809265137;1884
2021-07-21 13:41:00-04:00;4.949999809265137;4.949999809265137;4.949999809265137;4.949999809265137;115
2021-07-21 13:43:00-04:00;4.949999809265137;4.949999809265137;4.949999809265137;4.949999809265137;130
2021-07-21 13:46:00-04:00;4.947299957275391;4.949999809265137;4.947299957275391;4.949999809265137;912
2021-07-21 13:50:00-04:00;4.980000019073486;4.980000019073486;4.980000019073486;4.980000019073486;206
2021-07-21 13:55:00-04:00;4.949999809265137;4.949999809265137;4.949999809265137;4.949999809265137;308
2021-07-21 13:56:00-04:00;4.929999828338623;4.929999828338623;4.929999828338623;4.929999828338623;300
2021-07-21 13:57:00-04:00;4.96999979019165;4.96999979019165;4.945000171661377;4.945000171661377;712
2021-07-21 13:59:00-04:00;4.945400238037109;4.945400238037109;4.945400238037109;4.945400238037109;100
2021-07-21 14:04:00-04:00;4.960000038146973;4.960000038146973;4.960000038146973;4.960000038146973;301
2021-07-21 14:05:00-04:00;4.960000038146973;4.960000038146973;4.960000038146973;4.960000038146973;150
2021-07-21 14:06:00-04:00;4.960000038146973;4.960000038146973;4.960000038146973;4.960000038146973;300
2021-07-21 14:07:00-04:00;4.979599952697754;4.979599952697754;4.979599952697754;4.979599952697754;104
2021-07-21 14:10:00-04:00;4.960000038146973;4.960000038146973;4.960000038146973;4.960000038146973;100
2021-07-21 14:13:00-04:00;4.979599952697754;4.979599952697754;4.979599952697754;4.979599952697754;103
2021-07-21 14:14:00-04:00;4.960000038146973;4.960000038146973;4.960000038146973;4.960000038146973;165
2021-07-21 14:16:00-04:00;4.949999809265137;4.949999809265137;4.949999809265137;4.949999809265137;260
2021-07-21 14:18:00-04:00;4.949999809265137;4.960000038146973;4.949999809265137;4.960000038146973;200
2021-07-21 14:19:00-04:00;4.949900150299072;4.949999809265137;4.949900150299072;4.949999809265137;5399
2021-07-21 14:20:00-04:00;4.96999979019165;4.980000019073486;4.96999979019165;4.9791998863220215;6187
2021-07-21 14:21:00-04:00;4.985000133514404;4.987100124359131;4.974999904632568;4.974999904632568;1150
2021-07-21 14:22:00-04:00;4.980000019073486;5.050000190734863;4.980000019073486;5.050000190734863;6167
2021-07-21 14:23:00-04:00;5.055500030517578;5.055500030517578;5.034999847412109;5.034999847412109;1100
2021-07-21 14:24:00-04:00;5.037399768829346;5.037399768829346;5.037399768829346;5.037399768829346;334
2021-07-21 14:26:00-04:00;5.03000020980835;5.039999961853027;5.03000020980835;5.039999961853027;4091
2021-07-21 14:27:00-04:00;5.03000020980835;5.03000020980835;4.860000133514404;5.028800010681152;22062
2021-07-21 14:28:00-04:00;4.9191999435424805;4.9191999435424805;4.9191999435424805;4.9191999435424805;216
2021-07-21 14:29:00-04:00;5.0;5.0;5.0;5.0;402
2021-07-21 14:31:00-04:00;5.010000228881836;5.039999961853027;5.010000228881836;5.039999961853027;203
2021-07-21 14:32:00-04:00;5.039899826049805;5.039999961853027;5.010000228881836;5.03879976272583;4240
2021-07-21 14:33:00-04:00;5.010000228881836;5.010000228881836;5.010000228881836;5.010000228881836;100
2021-07-21 14:35:00-04:00;5.003300189971924;5.003300189971924;5.003300189971924;5.003300189971924;206
2021-07-21 14:37:00-04:00;5.031899929046631;5.031899929046631;5.031899929046631;5.031899929046631;300
2021-07-21 14:39:00-04:00;5.0;5.0;5.0;5.0;100
2021-07-21 14:40:00-04:00;5.029900074005127;5.029900074005127;5.029900074005127;5.029900074005127;1000
2021-07-21 14:41:00-04:00;5.010000228881836;5.03000020980835;5.010000228881836;5.029200077056885;1300
2021-07-21 14:43:00-04:00;5.010000228881836;5.019999980926514;5.010000228881836;5.019999980926514;1100
2021-07-21 14:46:00-04:00;5.010000228881836;5.010000228881836;5.010000228881836;5.010000228881836;306
2021-07-21 14:48:00-04:00;5.03000020980835;5.03000020980835;5.03000020980835;5.03000020980835;140
2021-07-21 14:49:00-04:00;5.019999980926514;5.019999980926514;5.019999980926514;5.019999980926514;1071
2021-07-21 14:50:00-04:00;5.002799987792969;5.019999980926514;5.002799987792969;5.019999980926514;811
2021-07-21 14:51:00-04:00;4.996200084686279;4.996200084686279;4.996200084686279;4.996200084686279;500
2021-07-21 14:53:00-04:00;5.019000053405762;5.03000020980835;5.019000053405762;5.019999980926514;6452
2021-07-21 14:54:00-04:00;5.03000020980835;5.03000020980835;5.03000020980835;5.03000020980835;770
2021-07-21 14:55:00-04:00;5.019999980926514;5.039999961853027;5.019999980926514;5.031400203704834;11305
2021-07-21 14:56:00-04:00;5.034999847412109;5.039999961853027;5.031499862670898;5.031499862670898;2137
2021-07-21 14:57:00-04:00;5.034999847412109;5.050000190734863;5.034999847412109;5.050000190734863;4404
2021-07-21 15:00:00-04:00;5.04010009765625;5.050000190734863;5.04010009765625;5.050000190734863;1284
2021-07-21 15:03:00-04:00;5.079999923706055;5.079999923706055;5.065000057220459;5.065000057220459;1206
2021-07-21 15:05:00-04:00;5.079999923706055;5.079999923706055;5.079999923706055;5.079999923706055;185
2021-07-21 15:10:00-04:00;5.078999996185303;5.078999996185303;5.078999996185303;5.078999996185303;1500
2021-07-21 15:11:00-04:00;5.059999942779541;5.059999942779541;5.050000190734863;5.050000190734863;1242
2021-07-21 15:15:00-04:00;5.019999980926514;5.019999980926514;5.019999980926514;5.019999980926514;117
2021-07-21 15:18:00-04:00;5.000100135803223;5.000100135803223;5.0;5.0;2600
2021-07-21 15:19:00-04:00;5.035099983215332;5.035099983215332;5.035099983215332;5.035099983215332;168
2021-07-21 15:21:00-04:00;5.025000095367432;5.025000095367432;5.025000095367432;5.025000095367432;100
2021-07-21 15:23:00-04:00;5.03000020980835;5.03000020980835;5.010000228881836;5.010000228881836;931
2021-07-21 15:24:00-04:00;5.050000190734863;5.050000190734863;5.010499954223633;5.03000020980835;2180
2021-07-21 15:25:00-04:00;5.010000228881836;5.019999980926514;5.010000228881836;5.010000228881836;2202
2021-07-21 15:27:00-04:00;5.005000114440918;5.005000114440918;5.005000114440918;5.005000114440918;1255
2021-07-21 15:29:00-04:00;5.019999980926514;5.019999980926514;5.019999980926514;5.019999980926514;113
2021-07-21 15:30:00-04:00;4.989999771118164;5.0;4.96999979019165;4.96999979019165;3128
2021-07-21 15:35:00-04:00;4.994999885559082;4.994999885559082;4.994999885559082;4.994999885559082;152
2021-07-21 15:36:00-04:00;4.980000019073486;4.980000019073486;4.980000019073486;4.980000019073486;300
2021-07-21 15:37:00-04:00;4.980000019073486;4.980000019073486;4.980000019073486;4.980000019073486;702
2021-07-21 15:38:00-04:00;4.96999979019165;4.96999979019165;4.960000038146973;4.960000038146973;1601
2021-07-21 15:40:00-04:00;5.0;5.039999961853027;5.0;5.039999961853027;3150
2021-07-21 15:41:00-04:00;5.026599884033203;5.026599884033203;5.026599884033203;5.026599884033203;428
2021-07-21 15:45:00-04:00;5.0;5.0;4.989999771118164;4.989999771118164;1153
2021-07-21 15:47:00-04:00;4.949999809265137;4.949999809265137;4.949999809265137;4.949999809265137;453
2021-07-21 15:51:00-04:00;4.960000038146973;4.960000038146973;4.960000038146973;4.960000038146973;539
2021-07-21 15:52:00-04:00;4.954999923706055;4.954999923706055;4.954999923706055;4.954999923706055;1000
2021-07-21 15:55:00-04:00;4.96999979019165;4.96999979019165;4.940000057220459;4.960000038146973;3467
2021-07-21 15:56:00-04:00;4.949999809265137;4.949999809265137;4.949999809265137;4.949999809265137;634
2021-07-21 15:57:00-04:00;4.929999828338623;4.940000057220459;4.929999828338623;4.940000057220459;1145
2021-07-21 15:58:00-04:00;4.939599990844727;4.989999771118164;4.929999828338623;4.989999771118164;1600
2021-07-21 15:59:00-04:00;5.0;5.010000228881836;4.979800224304199;5.010000228881836;8811
2021-07-22 09:30:00-04:00;4.889999866485596;4.889999866485596;4.889999866485596;4.889999866485596;5796
2021-07-22 09:31:00-04:00;4.90500020980835;4.960000038146973;4.873700141906738;4.960000038146973;1898
2021-07-22 09:32:00-04:00;4.945899963378906;4.959199905395508;4.880099773406982;4.880099773406982;2652
2021-07-22 09:34:00-04:00;4.960000038146973;4.960000038146973;4.960000038146973;4.960000038146973;281
2021-07-22 09:37:00-04:00;4.934000015258789;4.940000057220459;4.934000015258789;4.940000057220459;348
2021-07-22 09:38:00-04:00;4.880000114440918;4.8892998695373535;4.880000114440918;4.8892998695373535;1567
2021-07-22 09:39:00-04:00;4.920000076293945;4.920000076293945;4.906099796295166;4.906099796295166;628
2021-07-22 09:42:00-04:00;4.900000095367432;4.900000095367432;4.900000095367432;4.900000095367432;2547
2021-07-22 09:43:00-04:00;4.912199974060059;4.912199974060059;4.912199974060059;4.912199974060059;500
2021-07-22 09:44:00-04:00;4.919000148773193;4.919000148773193;4.919000148773193;4.919000148773193;342
2021-07-22 09:45:00-04:00;4.900000095367432;4.900000095367432;4.900000095367432;4.900000095367432;229
2021-07-22 09:46:00-04:00;4.920000076293945;4.920000076293945;4.920000076293945;4.920000076293945;216
2021-07-22 09:49:00-04:00;4.900000095367432;4.920000076293945;4.900000095367432;4.920000076293945;817
2021-07-22 09:53:00-04:00;4.880000114440918;4.880000114440918;4.880000114440918;4.880000114440918;1020
2021-07-22 09:54:00-04:00;4.883200168609619;4.883200168609619;4.883200168609619;4.883200168609619;1500
2021-07-22 09:55:00-04:00;4.940000057220459;4.940000057220459;4.940000057220459;4.940000057220459;100
2021-07-22 09:56:00-04:00;4.940000057220459;4.940000057220459;4.909999847412109;4.940000057220459;519
2021-07-22 09:57:00-04:00;4.949999809265137;4.949999809265137;4.949999809265137;4.949999809265137;3455
2021-07-22 09:58:00-04:00;4.940000057220459;4.96999979019165;4.940000057220459;4.96999979019165;2081
2021-07-22 09:59:00-04:00;4.954999923706055;4.954999923706055;4.954999923706055;4.954999923706055;104
2021-07-22 10:06:00-04:00;4.969900131225586;4.969900131225586;4.969900131225586;4.969900131225586;100
2021-07-22 10:08:00-04:00;4.96999979019165;4.96999979019165;4.940000057220459;4.960999965667725;2711
2021-07-22 10:09:00-04:00;4.960000038146973;4.96999979019165;4.945000171661377;4.96999979019165;2500
2021-07-22 10:10:00-04:00;4.960000038146973;4.960000038146973;4.949999809265137;4.949999809265137;261
2021-07-22 10:12:00-04:00;4.949999809265137;4.949999809265137;4.949999809265137;4.949999809265137;160
2021-07-22 10:14:00-04:00;4.942699909210205;4.942699909210205;4.942699909210205;4.942699909210205;538
2021-07-22 10:19:00-04:00;4.960000038146973;4.960000038146973;4.949999809265137;4.949999809265137;2250
2021-07-22 10:20:00-04:00;4.9475998878479;4.9475998878479;4.9475998878479;4.9475998878479;203
2021-07-22 10:24:00-04:00;4.929999828338623;4.940000057220459;4.929999828338623;4.940000057220459;300
2021-07-22 10:27:00-04:00;4.900100231170654;4.900100231170654;4.900100231170654;4.900100231170654;126
2021-07-22 10:35:00-04:00;4.907700061798096;4.907700061798096;4.907700061798096;4.907700061798096;200
2021-07-22 10:36:00-04:00;4.925000190734863;4.925000190734863;4.925000190734863;4.925000190734863;202
2021-07-22 10:38:00-04:00;4.949999809265137;4.960000038146973;4.949999809265137;4.960000038146973;2611
2021-07-22 10:41:00-04:00;4.96999979019165;4.96999979019165;4.96999979019165;4.96999979019165;305
2021-07-22 10:43:00-04:00;4.96999979019165;4.96999979019165;4.96999979019165;4.96999979019165;118
2021-07-22 10:44:00-04:00;4.96999979019165;4.96999979019165;4.96999979019165;4.96999979019165;787
2021-07-22 10:56:00-04:00;4.949100017547607;4.949100017547607;4.949100017547607;4.949100017547607;102
2021-07-22 10:57:00-04:00;4.961400032043457;4.961400032043457;4.961400032043457;4.961400032043457;101
2021-07-22 10:58:00-04:00;4.96120023727417;4.96120023727417;4.96120023727417;4.96120023727417;152
2021-07-22 10:59:00-04:00;4.949999809265137;4.957399845123291;4.949999809265137;4.957399845123291;450
2021-07-22 11:01:00-04:00;4.953999996185303;4.953999996185303;4.953999996185303;4.953999996185303;274
2021-07-22 11:02:00-04:00;4.957399845123291;4.960000038146973;4.957399845123291;4.960000038146973;1532
2021-07-22 11:04:00-04:00;4.955999851226807;4.96999979019165;4.955999851226807;4.969900131225586;409
2021-07-22 11:11:00-04:00;4.960000038146973;4.960000038146973;4.940000057220459;4.946400165557861;2711
2021-07-22 11:12:00-04:00;4.939899921417236;4.939899921417236;4.939899921417236;4.939899921417236;200
2021-07-22 11:13:00-04:00;4.949999809265137;4.960000038146973;4.940000057220459;4.960000038146973;5698
2021-07-22 11:15:00-04:00;4.960000038146973;4.960000038146973;4.949999809265137;4.949999809265137;2605
2021-07-22 11:16:00-04:00;4.952499866485596;4.952499866485596;4.952499866485596;4.952499866485596;200
2021-07-22 11:18:00-04:00;4.96999979019165;4.96999979019165;4.96999979019165;4.96999979019165;881
2021-07-22 11:22:00-04:00;4.989999771118164;4.989999771118164;4.989999771118164;4.989999771118164;1704
2021-07-22 11:23:00-04:00;4.989999771118164;4.989999771118164;4.989999771118164;4.989999771118164;153
2021-07-22 11:24:00-04:00;4.98799991607666;4.989999771118164;4.98799991607666;4.989999771118164;283
2021-07-22 11:27:00-04:00;4.988999843597412;4.988999843597412;4.96999979019165;4.96999979019165;1415
2021-07-22 11:28:00-04:00;4.980000019073486;4.980000019073486;4.980000019073486;4.980000019073486;1168
2021-07-22 11:29:00-04:00;4.989999771118164;4.989999771118164;4.989999771118164;4.989999771118164;213
2021-07-22 11:30:00-04:00;4.988800048828125;4.988800048828125;4.988800048828125;4.988800048828125;123
2021-07-22 11:32:00-04:00;4.989999771118164;4.989999771118164;4.96999979019165;4.980000019073486;600
2021-07-22 11:33:00-04:00;4.96999979019165;4.980000019073486;4.96999979019165;4.96999979019165;470
2021-07-22 11:34:00-04:00;4.965000152587891;4.973999977111816;4.949999809265137;4.960000038146973;987
2021-07-22 11:35:00-04:00;4.96999979019165;5.039999961853027;4.955999851226807;5.039999961853027;2299
2021-07-22 11:37:00-04:00;5.047500133514404;5.047500133514404;5.047500133514404;5.047500133514404;613
2021-07-22 11:40:00-04:00;5.050000190734863;5.050000190734863;5.050000190734863;5.050000190734863;1055
2021-07-22 11:42:00-04:00;5.046999931335449;5.048999786376953;5.046999931335449;5.048999786376953;1000
2021-07-22 11:43:00-04:00;5.0;5.000999927520752;5.0;5.000999927520752;2300
2021-07-22 11:44:00-04:00;5.044000148773193;5.044000148773193;5.044000148773193;5.044000148773193;151
2021-07-22 11:46:00-04:00;5.010000228881836;5.010000228881836;5.010000228881836;5.010000228881836;405
2021-07-22 11:50:00-04:00;5.039999961853027;5.039999961853027;5.039999961853027;5.039999961853027;101
2021-07-22 11:51:00-04:00;5.034200191497803;5.034200191497803;5.034200191497803;5.034200191497803;203
2021-07-22 11:53:00-04:00;5.039999961853027;5.039999961853027;5.001299858093262;5.0279998779296875;1801
2021-07-22 11:54:00-04:00;5.039999961853027;5.039999961853027;5.000999927520752;5.012400150299072;3502
2021-07-22 11:55:00-04:00;5.0279998779296875;5.039999961853027;5.000100135803223;5.001800060272217;3901
2021-07-22 11:56:00-04:00;5.0131001472473145;5.039999961853027;5.0131001472473145;5.039999961853027;1454
2021-07-22 11:59:00-04:00;5.019999980926514;5.019999980926514;5.019999980926514;5.019999980926514;138
2021-07-22 12:05:00-04:00;5.0;5.0;5.0;5.0;211
2021-07-22 12:06:00-04:00;4.989999771118164;4.989999771118164;4.989999771118164;4.989999771118164;589
2021-07-22 12:07:00-04:00;4.96999979019165;4.96999979019165;4.96999979019165;4.96999979019165;259
2021-07-22 12:09:00-04:00;4.940100193023682;4.940100193023682;4.940100193023682;4.940100193023682;221
2021-07-22 12:13:00-04:00;4.965000152587891;4.965000152587891;4.965000152587891;4.965000152587891;243
2021-07-22 12:14:00-04:00;4.976399898529053;4.979899883270264;4.976399898529053;4.979899883270264;1201
2021-07-22 12:15:00-04:00;4.965000152587891;4.969799995422363;4.965000152587891;4.969799995422363;201
2021-07-22 12:16:00-04:00;4.965000152587891;4.965000152587891;4.965000152587891;4.965000152587891;112
2021-07-22 12:17:00-04:00;4.965000152587891;5.024199962615967;4.965000152587891;5.024199962615967;5990
2021-07-22 12:18:00-04:00;5.039999961853027;5.039999961853027;5.039999961853027;5.039999961853027;189
2021-07-22 12:19:00-04:00;4.981800079345703;5.005000114440918;4.981800079345703;5.005000114440918;300
2021-07-22 12:20:00-04:00;5.039899826049805;5.039899826049805;5.039899826049805;5.039899826049805;886
2021-07-22 12:30:00-04:00;4.978400230407715;4.978400230407715;4.978400230407715;4.978400230407715;4450
2021-07-22 12:31:00-04:00;4.9710001945495605;4.989999771118164;4.960000038146973;4.989999771118164;5950
2021-07-22 12:32:00-04:00;4.968500137329102;5.013599872589111;4.968500137329102;5.013599872589111;404
2021-07-22 12:33:00-04:00;4.989999771118164;4.989999771118164;4.989999771118164;4.989999771118164;115
2021-07-22 12:34:00-04:00;4.989999771118164;4.989999771118164;4.989999771118164;4.989999771118164;100
2021-07-22 12:36:00-04:00;4.989999771118164;4.989999771118164;4.989999771118164;4.989999771118164;102
2021-07-22 12:41:00-04:00;4.96999979019165;4.96999979019165;4.96999979019165;4.96999979019165;1000
2021-07-22 12:45:00-04:00;4.970200061798096;4.985000133514404;4.970099925994873;4.985000133514404;18035
2021-07-22 12:46:00-04:00;4.985000133514404;4.985000133514404;4.96999979019165;4.96999979019165;12007
2021-07-22 12:47:00-04:00;4.974999904632568;4.974999904632568;4.974999904632568;4.974999904632568;300
2021-07-22 12:48:00-04:00;4.9899001121521;4.989999771118164;4.974999904632568;4.974999904632568;1500
2021-07-22 12:49:00-04:00;4.989999771118164;4.989999771118164;4.974999904632568;4.989999771118164;1587
2021-07-22 12:58:00-04:00;4.980000019073486;4.980000019073486;4.96999979019165;4.96999979019165;791
2021-07-22 13:04:00-04:00;4.980000019073486;4.980000019073486;4.980000019073486;4.980000019073486;170
2021-07-22 13:09:00-04:00;4.979899883270264;4.979899883270264;4.979899883270264;4.979899883270264;810
2021-07-22 13:11:00-04:00;4.960000038146973;4.960000038146973;4.960000038146973;4.960000038146973;512
2021-07-22 13:12:00-04:00;4.96999979019165;4.96999979019165;4.96999979019165;4.96999979019165;655
2021-07-22 13:15:00-04:00;4.965000152587891;4.965000152587891;4.960100173950195;4.965000152587891;2000
2021-07-22 13:17:00-04:00;4.965000152587891;4.965000152587891;4.965000152587891;4.965000152587891;107
2021-07-22 13:20:00-04:00;4.967299938201904;4.967299938201904;4.967299938201904;4.967299938201904;122
2021-07-22 13:26:00-04:00;4.960100173950195;4.960100173950195;4.960100173950195;4.960100173950195;221
2021-07-22 13:28:00-04:00;4.960000038146973;4.960000038146973;4.940000057220459;4.940000057220459;2018
2021-07-22 13:32:00-04:00;4.960000038146973;4.960000038146973;4.950099945068359;4.960000038146973;1433
2021-07-22 13:37:00-04:00;4.974999904632568;4.974999904632568;4.974999904632568;4.974999904632568;380
2021-07-22 13:38:00-04:00;4.999899864196777;4.999899864196777;4.999899864196777;4.999899864196777;1602
2021-07-22 13:39:00-04:00;5.0;5.0;5.0;5.0;283
2021-07-22 13:48:00-04:00;4.982500076293945;4.982500076293945;4.982500076293945;4.982500076293945;562
2021-07-22 14:06:00-04:00;4.969900131225586;4.969900131225586;4.969900131225586;4.969900131225586;950
2021-07-22 14:09:00-04:00;4.96999979019165;4.96999979019165;4.96999979019165;4.96999979019165;534
2021-07-22 14:16:00-04:00;4.974999904632568;4.974999904632568;4.974999904632568;4.974999904632568;256
2021-07-22 14:20:00-04:00;4.96999979019165;4.96999979019165;4.96999979019165;4.96999979019165;2371
2021-07-22 14:22:00-04:00;4.9527997970581055;4.9527997970581055;4.9527997970581055;4.9527997970581055;894
2021-07-22 14:25:00-04:00;4.989999771118164;4.989999771118164;4.989999771118164;4.989999771118164;300
2021-07-22 14:26:00-04:00;4.989699840545654;4.989699840545654;4.989699840545654;4.989699840545654;1100
2021-07-22 14:31:00-04:00;4.96999979019165;4.980000019073486;4.96999979019165;4.980000019073486;1700
2021-07-22 14:35:00-04:00;4.950099945068359;4.950099945068359;4.950099945068359;4.950099945068359;161
2021-07-22 14:40:00-04:00;4.980000019073486;4.980000019073486;4.980000019073486;4.980000019073486;715
2021-07-22 14:42:00-04:00;4.960000038146973;4.960000038146973;4.960000038146973;4.960000038146973;599
2021-07-22 14:44:00-04:00;4.96560001373291;4.96560001373291;4.96560001373291;4.96560001373291;500
2021-07-22 14:46:00-04:00;4.9899001121521;4.9899001121521;4.9899001121521;4.9899001121521;1000
2021-07-22 14:52:00-04:00;4.964000225067139;4.964000225067139;4.964000225067139;4.964000225067139;254
2021-07-22 15:00:00-04:00;4.9816999435424805;4.9816999435424805;4.960000038146973;4.960000038146973;923
2021-07-22 15:01:00-04:00;4.96999979019165;4.96999979019165;4.96999979019165;4.96999979019165;300
2021-07-22 15:02:00-04:00;4.980000019073486;4.980000019073486;4.980000019073486;4.980000019073486;441
2021-07-22 15:11:00-04:00;4.960000038146973;4.960000038146973;4.960000038146973;4.960000038146973;104
2021-07-22 15:21:00-04:00;4.984600067138672;4.984600067138672;4.949999809265137;4.96999979019165;1079
2021-07-22 15:24:00-04:00;4.960100173950195;4.960100173950195;4.960100173950195;4.960100173950195;584
2021-07-22 15:33:00-04:00;4.96999979019165;4.96999979019165;4.96999979019165;4.96999979019165;500
2021-07-22 15:34:00-04:00;4.96999979019165;4.96999979019165;4.96999979019165;4.96999979019165;200
2021-07-22 15:35:00-04:00;4.96999979019165;4.96999979019165;4.960000038146973;4.96999979019165;2857
2021-07-22 15:36:00-04:00;4.965000152587891;4.965000152587891;4.965000152587891;4.965000152587891;455
2021-07-22 15:39:00-04:00;4.965000152587891;4.965000152587891;4.965000152587891;4.965000152587891;193
2021-07-22 15:42:00-04:00;4.965000152587891;4.965000152587891;4.965000152587891;4.965000152587891;110
2021-07-22 15:47:00-04:00;4.974100112915039;4.974100112915039;4.960000038146973;4.960000038146973;561
2021-07-22 15:50:00-04:00;4.949999809265137;4.960000038146973;4.949999809265137;4.949999809265137;3027
2021-07-22 15:51:00-04:00;4.954999923706055;4.954999923706055;4.940000057220459;4.945000171661377;3645
2021-07-22 15:52:00-04:00;4.949999809265137;4.949999809265137;4.94920015335083;4.94920015335083;994
2021-07-22 15:55:00-04:00;4.949999809265137;4.949999809265137;4.949999809265137;4.949999809265137;454
2021-07-22 15:56:00-04:00;4.945000171661377;4.945000171661377;4.940000057220459;4.940000057220459;1427
2021-07-22 15:57:00-04:00;4.949999809265137;4.949999809265137;4.949999809265137;4.949999809265137;198
2021-07-22 15:58:00-04:00;4.949999809265137;4.949999809265137;4.940000057220459;4.949999809265137;4303
2021-07-22 15:59:00-04:00;4.96999979019165;4.96999979019165;4.960000038146973;4.96999979019165;2089
2021-07-23 09:30:00-04:00;4.920000076293945;4.920000076293945;4.900000095367432;4.906799793243408;9225
2021-07-23 09:31:00-04:00;4.929999828338623;4.929999828338623;4.929999828338623;4.929999828338623;118
2021-07-23 09:32:00-04:00;4.929999828338623;4.949999809265137;4.869999885559082;4.949999809265137;1899
2021-07-23 09:33:00-04:00;4.95989990234375;4.95989990234375;4.949999809265137;4.949999809265137;373
2021-07-23 09:34:00-04:00;4.912399768829346;4.912399768829346;4.860000133514404;4.860000133514404;1249
2021-07-23 09:35:00-04:00;4.894999980926514;4.894999980926514;4.860000133514404;4.860000133514404;3288
2021-07-23 09:36:00-04:00;4.854000091552734;4.854000091552734;4.854000091552734;4.854000091552734;200
2021-07-23 09:37:00-04:00;4.869999885559082;4.869999885559082;4.829999923706055;4.829999923706055;997
2021-07-23 09:38:00-04:00;4.901000022888184;4.901000022888184;4.869999885559082;4.900700092315674;555
2021-07-23 09:39:00-04:00;4.888800144195557;4.90310001373291;4.869999885559082;4.90310001373291;1795
2021-07-23 09:40:00-04:00;4.882699966430664;4.909999847412109;4.882699966430664;4.898099899291992;901
2021-07-23 09:41:00-04:00;4.888700008392334;4.888700008392334;4.829999923706055;4.888500213623047;538
2021-07-23 09:42:00-04:00;4.864999771118164;4.880000114440918;4.864999771118164;4.880000114440918;300
2021-07-23 09:43:00-04:00;4.880000114440918;4.899600028991699;4.880000114440918;4.899600028991699;900
2021-07-23 09:44:00-04:00;4.889999866485596;4.920000076293945;4.889999866485596;4.920000076293945;520
2021-07-23 09:46:00-04:00;4.920000076293945;4.920000076293945;4.920000076293945;4.920000076293945;201
2021-07-23 09:47:00-04:00;4.90500020980835;4.90500020980835;4.883500099182129;4.883500099182129;1761
2021-07-23 09:48:00-04:00;4.8765997886657715;4.880000114440918;4.864999771118164;4.864999771118164;3801
2021-07-23 09:49:00-04:00;4.860000133514404;4.880000114440918;4.860000133514404;4.880000114440918;2376
2021-07-23 09:50:00-04:00;4.869999885559082;4.875;4.860000133514404;4.860000133514404;2346
2021-07-23 09:51:00-04:00;4.849999904632568;4.867000102996826;4.849999904632568;4.849999904632568;10915
2021-07-23 09:52:00-04:00;4.849999904632568;4.860000133514404;4.849999904632568;4.860000133514404;5425
2021-07-23 09:53:00-04:00;4.849999904632568;4.860000133514404;4.849999904632568;4.849999904632568;2572
2021-07-23 09:54:00-04:00;4.849999904632568;4.849999904632568;4.849999904632568;4.849999904632568;1303
2021-07-23 09:55:00-04:00;4.849999904632568;4.889999866485596;4.849999904632568;4.889999866485596;2376
2021-07-23 09:56:00-04:00;4.900000095367432;4.900000095367432;4.889999866485596;4.900000095367432;14052
2021-07-23 09:59:00-04:00;4.900000095367432;4.900000095367432;4.900000095367432;4.900000095367432;1130
2021-07-23 10:00:00-04:00;4.900100231170654;4.900100231170654;4.900100231170654;4.900100231170654;100
2021-07-23 10:01:00-04:00;4.929999828338623;4.929999828338623;4.929999828338623;4.929999828338623;1258
2021-07-23 10:02:00-04:00;4.929999828338623;4.929999828338623;4.929999828338623;4.929999828338623;205
2021-07-23 10:03:00-04:00;4.949999809265137;4.949999809265137;4.949999809265137;4.949999809265137;375
2021-07-23 10:04:00-04:00;4.960000038146973;4.989999771118164;4.960000038146973;4.989999771118164;1185
2021-07-23 10:05:00-04:00;4.989999771118164;5.0;4.989999771118164;4.989999771118164;745
2021-07-23 10:06:00-04:00;4.960000038146973;4.960000038146973;4.949999809265137;4.949999809265137;1338
2021-07-23 10:09:00-04:00;4.914999961853027;4.92579984664917;4.914999961853027;4.92579984664917;322
2021-07-23 10:10:00-04:00;4.929999828338623;4.929999828338623;4.929999828338623;4.929999828338623;465
2021-07-23 10:12:00-04:00;4.929999828338623;4.929999828338623;4.929999828338623;4.929999828338623;101
2021-07-23 10:13:00-04:00;4.929999828338623;4.929999828338623;4.929999828338623;4.929999828338623;100
2021-07-23 10:14:00-04:00;4.900000095367432;4.900000095367432;4.900000095367432;4.900000095367432;341
2021-07-23 10:17:00-04:00;4.927299976348877;4.927299976348877;4.927299976348877;4.927299976348877;1045
2021-07-23 10:20:00-04:00;4.929999828338623;4.929999828338623;4.929999828338623;4.929999828338623;912
2021-07-23 10:25:00-04:00;4.920000076293945;4.920000076293945;4.920000076293945;4.920000076293945;1300
2021-07-23 10:26:00-04:00;4.922999858856201;4.940000057220459;4.920000076293945;4.920000076293945;1016
2021-07-23 10:27:00-04:00;4.940000057220459;4.940000057220459;4.940000057220459;4.940000057220459;993
2021-07-23 10:31:00-04:00;4.960000038146973;4.960000038146973;4.960000038146973;4.960000038146973;805
2021-07-23 10:32:00-04:00;4.989999771118164;4.989999771118164;4.989999771118164;4.989999771118164;108
2021-07-23 10:33:00-04:00;4.989999771118164;4.989999771118164;4.989999771118164;4.989999771118164;239
2021-07-23 10:36:00-04:00;4.984399795532227;4.984399795532227;4.984399795532227;4.984399795532227;170
2021-07-23 10:42:00-04:00;4.980000019073486;4.980000019073486;4.980000019073486;4.980000019073486;205
2021-07-23 10:47:00-04:00;4.980000019073486;4.980000019073486;4.980000019073486;4.980000019073486;1020
2021-07-23 10:48:00-04:00;4.965000152587891;4.965000152587891;4.965000152587891;4.965000152587891;940
2021-07-23 10:49:00-04:00;4.965000152587891;4.965000152587891;4.965000152587891;4.965000152587891;171
2021-07-23 10:51:00-04:00;4.980000019073486;4.980000019073486;4.980000019073486;4.980000019073486;138
2021-07-23 10:53:00-04:00;4.965000152587891;4.965000152587891;4.965000152587891;4.965000152587891;893
2021-07-23 10:57:00-04:00;4.956099987030029;4.980000019073486;4.956099987030029;4.980000019073486;822
2021-07-23 10:58:00-04:00;4.950099945068359;4.950099945068359;4.950099945068359;4.950099945068359;137
2021-07-23 10:59:00-04:00;4.949999809265137;4.965000152587891;4.949999809265137;4.965000152587891;2951
2021-07-23 11:08:00-04:00;4.980000019073486;4.980000019073486;4.980000019073486;4.980000019073486;102
2021-07-23 11:14:00-04:00;4.965000152587891;4.965000152587891;4.965000152587891;4.965000152587891;250
2021-07-23 11:18:00-04:00;4.980000019073486;4.980000019073486;4.980000019073486;4.980000019073486;949
2021-07-23 11:23:00-04:00;4.980000019073486;4.980000019073486;4.965000152587891;4.965000152587891;600
2021-07-23 11:24:00-04:00;4.961400032043457;4.9756999015808105;4.961400032043457;4.9756999015808105;1330
2021-07-23 11:27:00-04:00;4.979000091552734;4.980000019073486;4.96999979019165;4.96999979019165;1817
2021-07-23 11:33:00-04:00;4.989999771118164;4.989999771118164;4.980000019073486;4.980000019073486;2300
2021-07-23 11:34:00-04:00;4.9899001121521;4.9899001121521;4.9899001121521;4.9899001121521;100
2021-07-23 11:38:00-04:00;4.980000019073486;4.980000019073486;4.980000019073486;4.980000019073486;114
2021-07-23 11:43:00-04:00;4.980000019073486;4.980000019073486;4.980000019073486;4.980000019073486;360
2021-07-23 11:45:00-04:00;4.962500095367432;4.962500095367432;4.962500095367432;4.962500095367432;100
2021-07-23 11:47:00-04:00;4.976500034332275;4.976500034332275;4.976500034332275;4.976500034332275;200
2021-07-23 11:48:00-04:00;4.96999979019165;4.979899883270264;4.96999979019165;4.979899883270264;221
2021-07-23 11:49:00-04:00;4.960000038146973;4.960000038146973;4.960000038146973;4.960000038146973;197
2021-07-23 11:54:00-04:00;4.980000019073486;4.980000019073486;4.980000019073486;4.980000019073486;500
2021-07-23 11:56:00-04:00;4.980000019073486;4.980000019073486;4.980000019073486;4.980000019073486;7513
2021-07-23 11:57:00-04:00;4.980000019073486;4.980000019073486;4.980000019073486;4.980000019073486;323
2021-07-23 12:02:00-04:00;4.965000152587891;4.965000152587891;4.965000152587891;4.965000152587891;863
2021-07-23 12:06:00-04:00;4.980000019073486;4.980000019073486;4.9618000984191895;4.9618000984191895;1150
2021-07-23 12:12:00-04:00;4.979800224304199;4.979800224304199;4.979800224304199;4.979800224304199;2200
2021-07-23 12:13:00-04:00;4.971499919891357;4.980000019073486;4.971499919891357;4.980000019073486;201
2021-07-23 12:14:00-04:00;4.96999979019165;4.96999979019165;4.96999979019165;4.96999979019165;906
2021-07-23 12:16:00-04:00;4.980000019073486;5.0;4.980000019073486;5.0;652
2021-07-23 12:17:00-04:00;4.994500160217285;4.994500160217285;4.994500160217285;4.994500160217285;200
2021-07-23 12:19:00-04:00;5.0;5.0;5.0;5.0;202
2021-07-23 12:20:00-04:00;5.0;5.0;5.0;5.0;106
2021-07-23 12:22:00-04:00;4.989999771118164;4.989999771118164;4.989999771118164;4.989999771118164;144
2021-07-23 12:27:00-04:00;5.0;5.0;5.0;5.0;110
2021-07-23 12:29:00-04:00;4.998000144958496;4.998000144958496;4.998000144958496;4.998000144958496;550
2021-07-23 12:30:00-04:00;4.980000019073486;4.980100154876709;4.965000152587891;4.968400001525879;16816
2021-07-23 12:31:00-04:00;4.960000038146973;4.960000038146973;4.949999809265137;4.949999809265137;1467
2021-07-23 12:32:00-04:00;4.940000057220459;4.940000057220459;4.940000057220459;4.940000057220459;702
2021-07-23 12:35:00-04:00;4.95989990234375;4.95989990234375;4.95989990234375;4.95989990234375;7030
2021-07-23 12:36:00-04:00;4.940000057220459;4.940000057220459;4.940000057220459;4.940000057220459;429
2021-07-23 12:38:00-04:00;4.949999809265137;4.949999809265137;4.949999809265137;4.949999809265137;635
2021-07-23 12:40:00-04:00;4.940000057220459;4.940000057220459;4.940000057220459;4.940000057220459;300
2021-07-23 12:41:00-04:00;4.949999809265137;4.949999809265137;4.949999809265137;4.949999809265137;403
2021-07-23 12:43:00-04:00;4.957900047302246;4.957900047302246;4.957900047302246;4.957900047302246;225
2021-07-23 12:44:00-04:00;4.960000038146973;4.960000038146973;4.960000038146973;4.960000038146973;1280
2021-07-23 12:45:00-04:00;4.960000038146973;4.960000038146973;4.960000038146973;4.960000038146973;276
2021-07-23 12:48:00-04:00;4.960000038146973;4.989999771118164;4.960000038146973;4.989999771118164;200
2021-07-23 12:49:00-04:00;4.96999979019165;4.982900142669678;4.96999979019165;4.982900142669678;880
2021-07-23 12:51:00-04:00;4.96999979019165;4.96999979019165;4.96999979019165;4.96999979019165;2550
2021-07-23 12:52:00-04:00;4.989999771118164;4.989999771118164;4.989999771118164;4.989999771118164;675
2021-07-23 12:53:00-04:00;4.986000061035156;4.989999771118164;4.986000061035156;4.989999771118164;782
2021-07-23 12:54:00-04:00;4.97760009765625;4.97760009765625;4.97760009765625;4.97760009765625;1381
2021-07-23 12:55:00-04:00;4.980000019073486;4.989999771118164;4.980000019073486;4.980000019073486;400
2021-07-23 12:56:00-04:00;4.958000183105469;4.958000183105469;4.958000183105469;4.958000183105469;100
2021-07-23 13:00:00-04:00;4.950099945068359;4.950099945068359;4.950099945068359;4.950099945068359;300
2021-07-23 13:02:00-04:00;4.989999771118164;4.989999771118164;4.989999771118164;4.989999771118164;283
2021-07-23 13:10:00-04:00;4.980000019073486;4.980000019073486;4.980000019073486;4.980000019073486;507
2021-07-23 13:12:00-04:00;4.985199928283691;4.985199928283691;4.985199928283691;4.985199928283691;500
2021-07-23 13:13:00-04:00;4.974999904632568;4.974999904632568;4.974999904632568;4.974999904632568;311
2021-07-23 13:22:00-04:00;4.974999904632568;4.974999904632568;4.960000038146973;4.960000038146973;863
2021-07-23 13:23:00-04:00;4.965000152587891;4.980000019073486;4.965000152587891;4.980000019073486;449
2021-07-23 13:30:00-04:00;4.950099945068359;4.950099945068359;4.950099945068359;4.950099945068359;1595
2021-07-23 13:31:00-04:00;4.949999809265137;4.96999979019165;4.949999809265137;4.96999979019165;3000
2021-07-23 13:32:00-04:00;4.949999809265137;4.949999809265137;4.949999809265137;4.949999809265137;2529
2021-07-23 13:33:00-04:00;4.954999923706055;4.954999923706055;4.954999923706055;4.954999923706055;155
2021-07-23 13:34:00-04:00;4.949999809265137;4.949999809265137;4.949999809265137;4.949999809265137;2501
2021-07-23 13:36:00-04:00;4.949999809265137;4.949999809265137;4.949999809265137;4.949999809265137;100
2021-07-23 13:37:00-04:00;4.942800045013428;4.942800045013428;4.942800045013428;4.942800045013428;245
2021-07-23 13:41:00-04:00;4.960000038146973;4.960000038146973;4.960000038146973;4.960000038146973;123
2021-07-23 13:43:00-04:00;4.949999809265137;4.949999809265137;4.940000057220459;4.940000057220459;728
2021-07-23 13:45:00-04:00;4.949999809265137;4.949999809265137;4.949999809265137;4.949999809265137;129
2021-07-23 13:47:00-04:00;4.940000057220459;4.940000057220459;4.929999828338623;4.934999942779541;3697
2021-07-23 13:52:00-04:00;4.929999828338623;4.940000057220459;4.929999828338623;4.929999828338623;4177
2021-07-23 13:54:00-04:00;4.934999942779541;4.934999942779541;4.934999942779541;4.934999942779541;152
2021-07-23 13:56:00-04:00;4.929999828338623;4.929999828338623;4.929999828338623;4.929999828338623;516
2021-07-23 14:04:00-04:00;4.960000038146973;4.960000038146973;4.960000038146973;4.960000038146973;540
2021-07-23 14:05:00-04:00;4.954999923706055;4.954999923706055;4.954999923706055;4.954999923706055;500
2021-07-23 14:06:00-04:00;4.940000057220459;4.940000057220459;4.940000057220459;4.940000057220459;115
2021-07-23 14:13:00-04:00;4.940000057220459;4.940000057220459;4.927700042724609;4.927700042724609;1100
2021-07-23 14:14:00-04:00;4.9583001136779785;4.9583001136779785;4.9583001136779785;4.9583001136779785;151
2021-07-23 14:21:00-04:00;4.956999778747559;4.960000038146973;4.945000171661377;4.945000171661377;5300
2021-07-23 14:24:00-04:00;4.934599876403809;4.960000038146973;4.934599876403809;4.960000038146973;1700
2021-07-23 14:26:00-04:00;4.957600116729736;4.957600116729736;4.957600116729736;4.957600116729736;500
2021-07-23 14:27:00-04:00;4.96999979019165;4.96999979019165;4.96999979019165;4.96999979019165;800
2021-07-23 14:30:00-04:00;4.957200050354004;4.980000019073486;4.957200050354004;4.980000019073486;814
2021-07-23 14:32:00-04:00;4.984799861907959;4.989999771118164;4.984799861907959;4.989999771118164;391
2021-07-23 14:37:00-04:00;4.96999979019165;4.96999979019165;4.960000038146973;4.960000038146973;1671
2021-07-23 14:42:00-04:00;4.96999979019165;4.96999979019165;4.96999979019165;4.96999979019165;121
2021-07-23 14:47:00-04:00;4.960100173950195;4.960100173950195;4.960100173950195;4.960100173950195;100
2021-07-23 14:48:00-04:00;4.965000152587891;4.965000152587891;4.965000152587891;4.965000152587891;523
2021-07-23 14:49:00-04:00;4.960000038146973;4.960000038146973;4.960000038146973;4.960000038146973;944
2021-07-23 14:50:00-04:00;4.940000057220459;4.940000057220459;4.940000057220459;4.940000057220459;255
2021-07-23 14:51:00-04:00;4.940000057220459;4.940000057220459;4.940000057220459;4.940000057220459;142
2021-07-23 14:52:00-04:00;4.9542999267578125;4.9542999267578125;4.9542999267578125;4.9542999267578125;334
2021-07-23 15:06:00-04:00;4.9328999519348145;4.9328999519348145;4.9328999519348145;4.9328999519348145;263
2021-07-23 15:08:00-04:00;4.9232001304626465;4.9232001304626465;4.9232001304626465;4.9232001304626465;250
2021-07-23 15:10:00-04:00;4.920000076293945;4.920000076293945;4.920000076293945;4.920000076293945;500
2021-07-23 15:11:00-04:00;4.92519998550415;4.92519998550415;4.92519998550415;4.92519998550415;1013
2021-07-23 15:12:00-04:00;4.940000057220459;4.940000057220459;4.940000057220459;4.940000057220459;137
2021-07-23 15:15:00-04:00;4.949999809265137;4.949999809265137;4.949999809265137;4.949999809265137;738
2021-07-23 15:16:00-04:00;4.949999809265137;4.949999809265137;4.949999809265137;4.949999809265137;300
2021-07-23 15:17:00-04:00;4.949900150299072;4.949900150299072;4.949900150299072;4.949900150299072;105
2021-07-23 15:18:00-04:00;4.934999942779541;4.934999942779541;4.934999942779541;4.934999942779541;500
2021-07-23 15:22:00-04:00;4.946400165557861;4.946400165557861;4.946400165557861;4.946400165557861;500
2021-07-23 15:23:00-04:00;4.940000057220459;4.940000057220459;4.940000057220459;4.940000057220459;401
2021-07-23 15:27:00-04:00;4.940000057220459;4.949999809265137;4.940000057220459;4.945000171661377;1782
2021-07-23 15:28:00-04:00;4.949999809265137;4.989999771118164;4.949999809265137;4.949999809265137;1178
2021-07-23 15:29:00-04:00;4.965000152587891;4.965000152587891;4.965000152587891;4.965000152587891;100
2021-07-23 15:33:00-04:00;4.950099945068359;4.950099945068359;4.950099945068359;4.950099945068359;500
2021-07-23 15:34:00-04:00;4.960000038146973;4.968999862670898;4.954999923706055;4.955699920654297;5100
2021-07-23 15:35:00-04:00;4.951300144195557;4.951300144195557;4.930099964141846;4.930099964141846;2314
2021-07-23 15:36:00-04:00;4.945000171661377;4.949999809265137;4.940000057220459;4.949999809265137;750
2021-07-23 15:37:00-04:00;4.945000171661377;4.945000171661377;4.940100193023682;4.945000171661377;4200
2021-07-23 15:38:00-04:00;4.945000171661377;4.945000171661377;4.945000171661377;4.945000171661377;500
2021-07-23 15:39:00-04:00;4.945000171661377;4.945000171661377;4.945000171661377;4.945000171661377;120
2021-07-23 15:43:00-04:00;4.949900150299072;4.949900150299072;4.914999961853027;4.920000076293945;3155
2021-07-23 15:46:00-04:00;4.919899940490723;4.919899940490723;4.919899940490723;4.919899940490723;165
2021-07-23 15:47:00-04:00;4.920000076293945;4.920000076293945;4.920000076293945;4.920000076293945;290
2021-07-23 15:49:00-04:00;4.920100212097168;4.920100212097168;4.920100212097168;4.920100212097168;739
2021-07-23 15:50:00-04:00;4.929999828338623;4.929999828338623;4.920000076293945;4.920000076293945;1658
2021-07-23 15:52:00-04:00;4.940000057220459;4.940000057220459;4.934999942779541;4.940000057220459;3010
2021-07-23 15:55:00-04:00;4.949999809265137;4.949999809265137;4.949999809265137;4.949999809265137;591
2021-07-23 15:56:00-04:00;4.940000057220459;4.940000057220459;4.940000057220459;4.940000057220459;445
2021-07-23 15:57:00-04:00;4.940000057220459;4.949999809265137;4.940000057220459;4.949999809265137;618
2021-07-23 15:58:00-04:00;4.949999809265137;4.949999809265137;4.949999809265137;4.949999809265137;1450
2021-07-23 15:59:00-04:00;4.960000038146973;4.96999979019165;4.954999923706055;4.960000038146973;2954
